"trial_type","rt","stimulus","response","trial_index","plugin_version","time_elapsed","subject_id","experimental_order","consent_response","consent_timestamp","task","mandarin_english_bilingual","native_language","english_age_of_acquisition","years_in_us","english_proficiency_score","mandarin_proficiency","english_proficiency","normal_or_corrected_vision","character","pinyin","ink_color","correct_key","response_color","correct","block","item_id","translation","source_condition","source_ink_color","is_filler","condition","is_critical","repetition"
"html-button-response","12264","<div class=""consent-text""> <h2>Consent Agreement</h2> <p> Please read this consent agreement carefully before deciding whether to participate in this experiment. </p> <p> <strong>Description:</strong> You are invited to participate in a research study about language and language learning. The purpose of the research is to understand how people learn new words. This research will be conducted through the Prolific platform, including participants from the US, UK, and Canada. If you decide to participate in this research, you will learn and use new words. </p> <p> <strong>Time Involvement:</strong> The task will last the amount of time advertised on Prolific. You are free to withdraw from the study at any time. </p> <p> <strong>Risks and Benefits:</strong> Study data will be stored securely, in compliance with Stanford University standards, minimizing the risk of confiden-tiality breach. This study advances our scientific understanding of how people learn new languages. We cannot and do not guarantee or promise that you will receive any benefits from this study. </p> <p> <strong>Compensation:</strong> You will receive payment in the amount advertised on Prolific. If you do not complete this study, you will receive prorated payment based on the time that you have spent. Additionally, you may be eligible for bonus payments as described in the instructions. </p> <p> <strong>Participant's Rights:</strong> If you have read this form and have decided to participate in this project, please understand your participation is voluntary and you have the right to withdraw your consent or discontinue participation at any time without penalty or loss of benefits to which you are otherwise entitled. The alternative is not to participate. You have the right to refuse to answer particular questions. The results of this research study may be presented at scientific or professional meetings or published in scientific journals. Your individual privacy will be maintained in all published and writ-ten data resulting from the study. In accordance with scientific norms, the data from this study may be used or shared with other researchers for future research (after removing personally identifying information) without additional consent from you. </p> <p> <strong>Contact Information:</strong> If you have any questions, concerns or complaints about this research, its procedures, risks and benefits, contact the Protocol Director, Robert Hawkins (<a href=""mailto:rdhawkins@stanford.edu"">rdhawkins@stanford.edu</a>, 217-549-6923). </p> <p> <strong>Independent Contact:</strong> If you are not satisfied with how this study is being conducted, or if you have any concerns, com-plaints, or general questions about the research or your rights as a participant, please contact the Stanford Institutional Review Board (IRB) to speak to someone independent of the research team at 650-723-2480 or toll free at 1-866-680-2906, or email at irbnonmed@stanford.edu. You can also write to the Stanford IRB, Stanford University, 1705 El Camino Real, Palo Alto, CA 94306. Please save or print a copy of this page for your records. </p> <p> <strong>If you agree to participate in this research, please click ""I agree""</strong> </p></br> </div>","0","0","2.1.0","12269","5mjomaw0pk","block1_then_block2","agree","2026-05-18T06:10:49.469Z","","","","","","","","","","","","","","","","","","","","","","","",""
"html-keyboard-response","19257","
    <div class=""instructions"">
      <h2>Welcome</h2>
      <p>Thank you for participating in this experiment.</p>
      <p>This study has two kinds of tasks:</p>
      <ol>
        <li>Read Chinese characters aloud in Mandarin.</li>
        <li>Name the ink color of Chinese characters in English.</li>
      </ol>
      <p>Press <strong>Space</strong> to continue.</p>
    </div>
  "," ","1","2.1.0","31528","5mjomaw0pk","block1_then_block2","","","","","","","","","","","","","","","","","","","","","","","","","",""
"survey-html-form","56982","","{""mandarin_english_bilingual"":""yes"",""native_language"":""Chinese"",""english_age_of_acquisition"":""6"",""years_in_us"":""1"",""english_proficiency_score"":""B1"",""mandarin_proficiency"":""native"",""english_proficiency"":""advanced"",""normal_or_corrected_vision"":""yes""}","2","2.1.0","88511","5mjomaw0pk","block1_then_block2","","","participant_information","yes","Chinese","6","1","B1","native","advanced","yes","","","","","","","","","","","","","","",""
"html-keyboard-response","19911","
    <div class=""instructions"">
      <h2>Color Response Keys</h2>
      <p>In the color-naming task, respond to the <strong>ink color</strong>, not the meaning of the character.</p>
      <ul>
        <li><strong>R</strong> = red</li>
        <li><strong>Y</strong> = yellow</li>
        <li><strong>B</strong> = blue</li>
        <li><strong>G</strong> = green</li>
      </ul>
      <p>Respond as quickly and accurately as possible.</p>
      <p>Press <strong>Space</strong> to continue.</p>
    </div>
  "," ","3","2.1.0","108423","5mjomaw0pk","block1_then_block2","","","","","","","","","","","","","","","","","","","","","","","","","",""
"html-keyboard-response","2831","
      <div class=""instructions"">
        <h2>Practice</h2>
        <p>First, you will practice reading Chinese characters aloud.</p>
        <p>Press <strong>Space</strong> to start.</p>
      </div>
    "," ","4","2.1.0","111254","5mjomaw0pk","block1_then_block2","","","","","","","","","","","","","","","","","","","","","","","","","",""
"html-keyboard-response","null","<div class=""fixation"">+</div>","null","5","2.1.0","111764","5mjomaw0pk","block1_then_block2","","","fixation","","","","","","","","","","","","","","","","","","","","","","",""
"html-keyboard-response","null","<div class=""chinese-character"" style=""color:#000000;"">日</div>","null","6","2.1.0","114770","5mjomaw0pk","block1_then_block2","","","practice_character_naming","","","","","","","","","日","ri4","","","","","","","","","","","","",""
"html-keyboard-response","null","","null","7","2.1.0","115785","5mjomaw0pk","block1_then_block2","","","inter_trial_interval","","","","","","","","","","","","","","","","","","","","","","",""
"html-keyboard-response","null","<div class=""fixation"">+</div>","null","8","2.1.0","116293","5mjomaw0pk","block1_then_block2","","","fixation","","","","","","","","","","","","","","","","","","","","","","",""
"html-keyboard-response","null","<div class=""chinese-character"" style=""color:#000000;"">木</div>","null","9","2.1.0","119300","5mjomaw0pk","block1_then_block2","","","practice_character_naming","","","","","","","","","木","mu4","","","","","","","","","","","","",""
"html-keyboard-response","null","","null","10","2.1.0","120303","5mjomaw0pk","block1_then_block2","","","inter_trial_interval","","","","","","","","","","","","","","","","","","","","","","",""
"html-keyboard-response","null","<div class=""fixation"">+</div>","null","11","2.1.0","120811","5mjomaw0pk","block1_then_block2","","","fixation","","","","","","","","","","","","","","","","","","","","","","",""
"html-keyboard-response","null","<div class=""chinese-character"" style=""color:#000000;"">人</div>","null","12","2.1.0","123818","5mjomaw0pk","block1_then_block2","","","practice_character_naming","","","","","","","","","人","ren2","","","","","","","","","","","","",""
"html-keyboard-response","null","","null","13","2.1.0","124821","5mjomaw0pk","block1_then_block2","","","inter_trial_interval","","","","","","","","","","","","","","","","","","","","","","",""
"html-keyboard-response","null","<div class=""fixation"">+</div>","null","14","2.1.0","125329","5mjomaw0pk","block1_then_block2","","","fixation","","","","","","","","","","","","","","","","","","","","","","",""
"html-keyboard-response","null","<div class=""chinese-character"" style=""color:#000000;"">火</div>","null","15","2.1.0","128335","5mjomaw0pk","block1_then_block2","","","practice_character_naming","","","","","","","","","火","huo3","","","","","","","","","","","","",""
"html-keyboard-response","null","","null","16","2.1.0","129338","5mjomaw0pk","block1_then_block2","","","inter_trial_interval","","","","","","","","","","","","","","","","","","","","","","",""
"html-keyboard-response","10555","
      <div class=""instructions"">
        <h2>Color Practice</h2>
        <p>Now practice naming the ink color in English using the keyboard.</p>
        <p><strong>R</strong> = red, <strong>Y</strong> = yellow, <strong>B</strong> = blue, <strong>G</strong> = green.</p>
        <p>Press <strong>Space</strong> to start.</p>
      </div>
    "," ","17","2.1.0","139893","5mjomaw0pk","block1_then_block2","","","","","","","","","","","","","","","","","","","","","","","","","",""
"html-keyboard-response","null","<div class=""fixation"">+</div>","null","18","2.1.0","140403","5mjomaw0pk","block1_then_block2","","","fixation","","","","","","","","","","","","","","","","","","","","","","",""
"html-keyboard-response","null","<div class=""chinese-character"" style=""color:#d62728;"">日</div>","null","19","2.1.0","143405","5mjomaw0pk","block1_then_block2","","","practice_color_naming","","","","","","","","","日","","red","r","null","false","","","","","","","","",""
"html-keyboard-response","null","","null","20","2.1.0","144409","5mjomaw0pk","block1_then_block2","","","inter_trial_interval","","","","","","","","","","","","","","","","","","","","","","",""
"html-keyboard-response","null","<div class=""fixation"">+</div>","null","21","2.1.0","144917","5mjomaw0pk","block1_then_block2","","","fixation","","","","","","","","","","","","","","","","","","","","","","",""
"html-keyboard-response","2694","<div class=""chinese-character"" style=""color:#2ca02c;"">木</div>","g","22","2.1.0","147611","5mjomaw0pk","block1_then_block2","","","practice_color_naming","","","","","","","","","木","","green","g","green","true","","","","","","","","",""
"html-keyboard-response","null","","null","23","2.1.0","148620","5mjomaw0pk","block1_then_block2","","","inter_trial_interval","","","","","","","","","","","","","","","","","","","","","","",""
"html-keyboard-response","null","<div class=""fixation"">+</div>","null","24","2.1.0","149127","5mjomaw0pk","block1_then_block2","","","fixation","","","","","","","","","","","","","","","","","","","","","","",""
"html-keyboard-response","1497","<div class=""chinese-character"" style=""color:#d6b300;"">人</div>","y","25","2.1.0","150624","5mjomaw0pk","block1_then_block2","","","practice_color_naming","","","","","","","","","人","","yellow","y","yellow","true","","","","","","","","",""
"html-keyboard-response","null","","null","26","2.1.0","151640","5mjomaw0pk","block1_then_block2","","","inter_trial_interval","","","","","","","","","","","","","","","","","","","","","","",""
"html-keyboard-response","null","<div class=""fixation"">+</div>","null","27","2.1.0","152149","5mjomaw0pk","block1_then_block2","","","fixation","","","","","","","","","","","","","","","","","","","","","","",""
"html-keyboard-response","1135","<div class=""chinese-character"" style=""color:#1f77b4;"">火</div>","b","28","2.1.0","153284","5mjomaw0pk","block1_then_block2","","","practice_color_naming","","","","","","","","","火","","blue","b","blue","true","","","","","","","","",""
"html-keyboard-response","null","","null","29","2.1.0","154292","5mjomaw0pk","block1_then_block2","","","inter_trial_interval","","","","","","","","","","","","","","","","","","","","","","",""
"html-keyboard-response","7347","
      <div class=""instructions"">
        <h2>End of Practice</h2>
        <p>The practice is over. The experiment will now begin.</p>
        <p>Press <strong>Space</strong> to continue.</p>
      </div>
    "," ","30","2.1.0","161639","5mjomaw0pk","block1_then_block2","","","","","","","","","","","","","","","","","","","","","","","","","",""
"html-keyboard-response","13950","
      <div class=""instructions"">
        <h2>Chinese Character Naming Block 1</h2>
        <p>You will see Chinese characters printed in black.</p>
        <p>Please read each character aloud in Mandarin as quickly and accurately as possible.</p>
        <p>After saying the character, press <strong>Space</strong> to continue.</p>
        <p>Press <strong>Space</strong> to begin.</p>
      </div>
    "," ","31","2.1.0","175589","5mjomaw0pk","block1_then_block2","","","","","","","","","","","","","","","","","","","","","","","","","",""
"html-keyboard-response","null","<div class=""fixation"">+</div>","null","32","2.1.0","176092","5mjomaw0pk","block1_then_block2","","","fixation","","","","","","","","","","","","","","","","","","","","","","",""
"html-keyboard-response","null","<div class=""chinese-character"" style=""color:#000000;"">黄</div>","null","33","2.1.0","179100","5mjomaw0pk","block1_then_block2","","","character_naming","","","","","","","","","黄","huang2","","","","","1","yellow","yellow","congruent_color_character","yellow","false","","",""
"html-keyboard-response","null","","null","34","2.1.0","180102","5mjomaw0pk","block1_then_block2","","","inter_trial_interval","","","","","","","","","","","","","","","","","","","","","","",""
"html-keyboard-response","null","<div class=""fixation"">+</div>","null","35","2.1.0","180609","5mjomaw0pk","block1_then_block2","","","fixation","","","","","","","","","","","","","","","","","","","","","","",""
"html-keyboard-response","null","<div class=""chinese-character"" style=""color:#000000;"">晃</div>","null","36","2.1.0","183614","5mjomaw0pk","block1_then_block2","","","character_naming","","","","","","","","","晃","huang4","","","","","1","yellow","sway","congruent_S_plus_T_minus","yellow","false","","",""
"html-keyboard-response","null","","null","37","2.1.0","184615","5mjomaw0pk","block1_then_block2","","","inter_trial_interval","","","","","","","","","","","","","","","","","","","","","","",""
"html-keyboard-response","null","<div class=""fixation"">+</div>","null","38","2.1.0","185123","5mjomaw0pk","block1_then_block2","","","fixation","","","","","","","","","","","","","","","","","","","","","","",""
"html-keyboard-response","903","<div class=""chinese-character"" style=""color:#000000;"">婪</div>"," ","39","2.1.0","186026","5mjomaw0pk","block1_then_block2","","","character_naming","","","","","","","","","婪","lan2","","","","","1","blue","greedy","congruent_S_T_plus","blue","false","","",""
"html-keyboard-response","null","","null","40","2.1.0","187036","5mjomaw0pk","block1_then_block2","","","inter_trial_interval","","","","","","","","","","","","","","","","","","","","","","",""
"html-keyboard-response","null","<div class=""fixation"">+</div>","null","41","2.1.0","187544","5mjomaw0pk","block1_then_block2","","","fixation","","","","","","","","","","","","","","","","","","","","","","",""
"html-keyboard-response","null","<div class=""chinese-character"" style=""color:#000000;"">红</div>","null","42","2.1.0","190551","5mjomaw0pk","block1_then_block2","","","character_naming","","","","","","","","","红","hong2","","","","","1","red","red","congruent_color_character","red","false","","",""
"html-keyboard-response","null","","null","43","2.1.0","191554","5mjomaw0pk","block1_then_block2","","","inter_trial_interval","","","","","","","","","","","","","","","","","","","","","","",""
"html-keyboard-response","null","<div class=""fixation"">+</div>","null","44","2.1.0","192063","5mjomaw0pk","block1_then_block2","","","fixation","","","","","","","","","","","","","","","","","","","","","","",""
"html-keyboard-response","null","<div class=""chinese-character"" style=""color:#000000;"">花</div>","null","45","2.1.0","195067","5mjomaw0pk","block1_then_block2","","","character_naming","","","","","","","","","花","hua1","","","","","1","f1_6","flower","filler","yellow","true","","",""
"html-keyboard-response","null","","null","46","2.1.0","196071","5mjomaw0pk","block1_then_block2","","","inter_trial_interval","","","","","","","","","","","","","","","","","","","","","","",""
"html-keyboard-response","null","<div class=""fixation"">+</div>","null","47","2.1.0","196578","5mjomaw0pk","block1_then_block2","","","fixation","","","","","","","","","","","","","","","","","","","","","","",""
"html-keyboard-response","null","<div class=""chinese-character"" style=""color:#000000;"">皇</div>","null","48","2.1.0","199585","5mjomaw0pk","block1_then_block2","","","character_naming","","","","","","","","","皇","huang2","","","","","1","yellow","emperor","congruent_S_T_plus","yellow","false","","",""
"html-keyboard-response","null","","null","49","2.1.0","200587","5mjomaw0pk","block1_then_block2","","","inter_trial_interval","","","","","","","","","","","","","","","","","","","","","","",""
"html-keyboard-response","null","<div class=""fixation"">+</div>","null","50","2.1.0","201096","5mjomaw0pk","block1_then_block2","","","fixation","","","","","","","","","","","","","","","","","","","","","","",""
"html-keyboard-response","911","<div class=""chinese-character"" style=""color:#000000;"">车</div>"," ","51","2.1.0","202007","5mjomaw0pk","block1_then_block2","","","character_naming","","","","","","","","","车","che1","","","","","1","f1_5","car","filler","red","true","","",""
"html-keyboard-response","null","","null","52","2.1.0","203020","5mjomaw0pk","block1_then_block2","","","inter_trial_interval","","","","","","","","","","","","","","","","","","","","","","",""
"html-keyboard-response","null","<div class=""fixation"">+</div>","null","53","2.1.0","203530","5mjomaw0pk","block1_then_block2","","","fixation","","","","","","","","","","","","","","","","","","","","","","",""
"html-keyboard-response","2966","<div class=""chinese-character"" style=""color:#000000;"">黄</div>"," ","54","2.1.0","206496","5mjomaw0pk","block1_then_block2","","","character_naming","","","","","","","","","黄","huang2","","","","","1","yellow","yellow","incongruent_color_character","green","false","","",""
"html-keyboard-response","null","","null","55","2.1.0","207512","5mjomaw0pk","block1_then_block2","","","inter_trial_interval","","","","","","","","","","","","","","","","","","","","","","",""
"html-keyboard-response","null","<div class=""fixation"">+</div>","null","56","2.1.0","208021","5mjomaw0pk","block1_then_block2","","","fixation","","","","","","","","","","","","","","","","","","","","","","",""
"html-keyboard-response","996","<div class=""chinese-character"" style=""color:#000000;"">瓶</div>"," ","57","2.1.0","209018","5mjomaw0pk","block1_then_block2","","","character_naming","","","","","","","","","瓶","ping2","","","","","1","red","bottle","congruent_S_minus_T_plus","red","false","","",""
"html-keyboard-response","null","","null","58","2.1.0","210023","5mjomaw0pk","block1_then_block2","","","inter_trial_interval","","","","","","","","","","","","","","","","","","","","","","",""
"html-keyboard-response","null","<div class=""fixation"">+</div>","null","59","2.1.0","210531","5mjomaw0pk","block1_then_block2","","","fixation","","","","","","","","","","","","","","","","","","","","","","",""
"html-keyboard-response","609","<div class=""chinese-character"" style=""color:#000000;"">牵</div>"," ","60","2.1.0","211140","5mjomaw0pk","block1_then_block2","","","character_naming","","","","","","","","","牵","qian1","","","","","1","red","lead along","neutral","red","false","","",""
"html-keyboard-response","null","","null","61","2.1.0","212146","5mjomaw0pk","block1_then_block2","","","inter_trial_interval","","","","","","","","","","","","","","","","","","","","","","",""
"html-keyboard-response","null","<div class=""fixation"">+</div>","null","62","2.1.0","212655","5mjomaw0pk","block1_then_block2","","","fixation","","","","","","","","","","","","","","","","","","","","","","",""
"html-keyboard-response","726","<div class=""chinese-character"" style=""color:#000000;"">鱼</div>"," ","63","2.1.0","213381","5mjomaw0pk","block1_then_block2","","","character_naming","","","","","","","","","鱼","yu2","","","","","1","f1_12","fish","filler","green","true","","",""
"html-keyboard-response","null","","null","64","2.1.0","214397","5mjomaw0pk","block1_then_block2","","","inter_trial_interval","","","","","","","","","","","","","","","","","","","","","","",""
"html-keyboard-response","null","<div class=""fixation"">+</div>","null","65","2.1.0","214906","5mjomaw0pk","block1_then_block2","","","fixation","","","","","","","","","","","","","","","","","","","","","","",""
"html-keyboard-response","908","<div class=""chinese-character"" style=""color:#000000;"">水</div>"," ","66","2.1.0","215814","5mjomaw0pk","block1_then_block2","","","character_naming","","","","","","","","","水","shui3","","","","","1","f1_3","water","filler","blue","true","","",""
"html-keyboard-response","null","","null","67","2.1.0","216818","5mjomaw0pk","block1_then_block2","","","inter_trial_interval","","","","","","","","","","","","","","","","","","","","","","",""
"html-keyboard-response","null","<div class=""fixation"">+</div>","null","68","2.1.0","217328","5mjomaw0pk","block1_then_block2","","","fixation","","","","","","","","","","","","","","","","","","","","","","",""
"html-keyboard-response","null","<div class=""chinese-character"" style=""color:#000000;"">洞</div>","null","69","2.1.0","220339","5mjomaw0pk","block1_then_block2","","","character_naming","","","","","","","","","洞","dong4","","","","","1","green","hole","congruent_S_minus_T_plus","green","false","","",""
"html-keyboard-response","null","","null","70","2.1.0","221341","5mjomaw0pk","block1_then_block2","","","inter_trial_interval","","","","","","","","","","","","","","","","","","","","","","",""
"html-keyboard-response","null","<div class=""fixation"">+</div>","null","71","2.1.0","221850","5mjomaw0pk","block1_then_block2","","","fixation","","","","","","","","","","","","","","","","","","","","","","",""
"html-keyboard-response","744","<div class=""chinese-character"" style=""color:#000000;"">云</div>"," ","72","2.1.0","222594","5mjomaw0pk","block1_then_block2","","","character_naming","","","","","","","","","云","yun2","","","","","1","f1_9","cloud","filler","red","true","","",""
"html-keyboard-response","null","","null","73","2.1.0","223604","5mjomaw0pk","block1_then_block2","","","inter_trial_interval","","","","","","","","","","","","","","","","","","","","","","",""
"html-keyboard-response","null","<div class=""fixation"">+</div>","null","74","2.1.0","224113","5mjomaw0pk","block1_then_block2","","","fixation","","","","","","","","","","","","","","","","","","","","","","",""
"html-keyboard-response","553","<div class=""chinese-character"" style=""color:#000000;"">树</div>"," ","75","2.1.0","224666","5mjomaw0pk","block1_then_block2","","","character_naming","","","","","","","","","树","shu4","","","","","1","f1_16","tree","filler","green","true","","",""
"html-keyboard-response","null","","null","76","2.1.0","225668","5mjomaw0pk","block1_then_block2","","","inter_trial_interval","","","","","","","","","","","","","","","","","","","","","","",""
"html-keyboard-response","null","<div class=""fixation"">+</div>","null","77","2.1.0","226177","5mjomaw0pk","block1_then_block2","","","fixation","","","","","","","","","","","","","","","","","","","","","","",""
"html-keyboard-response","749","<div class=""chinese-character"" style=""color:#000000;"">书</div>"," ","78","2.1.0","226926","5mjomaw0pk","block1_then_block2","","","character_naming","","","","","","","","","书","shu1","","","","","1","f1_1","book","filler","red","true","","",""
"html-keyboard-response","null","","null","79","2.1.0","227932","5mjomaw0pk","block1_then_block2","","","inter_trial_interval","","","","","","","","","","","","","","","","","","","","","","",""
"html-keyboard-response","null","<div class=""fixation"">+</div>","null","80","2.1.0","228441","5mjomaw0pk","block1_then_block2","","","fixation","","","","","","","","","","","","","","","","","","","","","","",""
"html-keyboard-response","807","<div class=""chinese-character"" style=""color:#000000;"">旅</div>"," ","81","2.1.0","229248","5mjomaw0pk","block1_then_block2","","","character_naming","","","","","","","","","旅","lv3","","","","","1","green","travel","congruent_S_plus_T_minus","green","false","","",""
"html-keyboard-response","null","","null","82","2.1.0","230259","5mjomaw0pk","block1_then_block2","","","inter_trial_interval","","","","","","","","","","","","","","","","","","","","","","",""
"html-keyboard-response","null","<div class=""fixation"">+</div>","null","83","2.1.0","230768","5mjomaw0pk","block1_then_block2","","","fixation","","","","","","","","","","","","","","","","","","","","","","",""
"html-keyboard-response","403","<div class=""chinese-character"" style=""color:#000000;"">纸</div>"," ","84","2.1.0","231171","5mjomaw0pk","block1_then_block2","","","character_naming","","","","","","","","","纸","zhi3","","","","","1","f1_19","paper","filler","blue","true","","",""
"html-keyboard-response","null","","null","85","2.1.0","232183","5mjomaw0pk","block1_then_block2","","","inter_trial_interval","","","","","","","","","","","","","","","","","","","","","","",""
"html-keyboard-response","null","<div class=""fixation"">+</div>","null","86","2.1.0","232693","5mjomaw0pk","block1_then_block2","","","fixation","","","","","","","","","","","","","","","","","","","","","","",""
"html-keyboard-response","657","<div class=""chinese-character"" style=""color:#000000;"">鸟</div>"," ","87","2.1.0","233350","5mjomaw0pk","block1_then_block2","","","character_naming","","","","","","","","","鸟","niao3","","","","","1","f1_11","bird","filler","blue","true","","",""
"html-keyboard-response","null","","null","88","2.1.0","234359","5mjomaw0pk","block1_then_block2","","","inter_trial_interval","","","","","","","","","","","","","","","","","","","","","","",""
"html-keyboard-response","null","<div class=""fixation"">+</div>","null","89","2.1.0","234867","5mjomaw0pk","block1_then_block2","","","fixation","","","","","","","","","","","","","","","","","","","","","","",""
"html-keyboard-response","725","<div class=""chinese-character"" style=""color:#000000;"">窗</div>"," ","90","2.1.0","235592","5mjomaw0pk","block1_then_block2","","","character_naming","","","","","","","","","窗","chuang1","","","","","1","f1_15","window","filler","blue","true","","",""
"html-keyboard-response","null","","null","91","2.1.0","236608","5mjomaw0pk","block1_then_block2","","","inter_trial_interval","","","","","","","","","","","","","","","","","","","","","","",""
"html-keyboard-response","null","<div class=""fixation"">+</div>","null","92","2.1.0","237115","5mjomaw0pk","block1_then_block2","","","fixation","","","","","","","","","","","","","","","","","","","","","","",""
"html-keyboard-response","880","<div class=""chinese-character"" style=""color:#000000;"">涂</div>"," ","93","2.1.0","237996","5mjomaw0pk","block1_then_block2","","","character_naming","","","","","","","","","涂","tu2","","","","","1","green","paint","neutral","green","false","","",""
"html-keyboard-response","null","","null","94","2.1.0","238997","5mjomaw0pk","block1_then_block2","","","inter_trial_interval","","","","","","","","","","","","","","","","","","","","","","",""
"html-keyboard-response","null","<div class=""fixation"">+</div>","null","95","2.1.0","239506","5mjomaw0pk","block1_then_block2","","","fixation","","","","","","","","","","","","","","","","","","","","","","",""
"html-keyboard-response","812","<div class=""chinese-character"" style=""color:#000000;"">桥</div>"," ","96","2.1.0","240318","5mjomaw0pk","block1_then_block2","","","character_naming","","","","","","","","","桥","qiao2","","","","","1","f1_18","bridge","filler","yellow","true","","",""
"html-keyboard-response","null","","null","97","2.1.0","241326","5mjomaw0pk","block1_then_block2","","","inter_trial_interval","","","","","","","","","","","","","","","","","","","","","","",""
"html-keyboard-response","null","<div class=""fixation"">+</div>","null","98","2.1.0","241835","5mjomaw0pk","block1_then_block2","","","fixation","","","","","","","","","","","","","","","","","","","","","","",""
"html-keyboard-response","433","<div class=""chinese-character"" style=""color:#000000;"">雨</div>"," ","99","2.1.0","242268","5mjomaw0pk","block1_then_block2","","","character_naming","","","","","","","","","雨","yu3","","","","","1","f1_17","rain","filler","red","true","","",""
"html-keyboard-response","null","","null","100","2.1.0","243284","5mjomaw0pk","block1_then_block2","","","inter_trial_interval","","","","","","","","","","","","","","","","","","","","","","",""
"html-keyboard-response","null","<div class=""fixation"">+</div>","null","101","2.1.0","243794","5mjomaw0pk","block1_then_block2","","","fixation","","","","","","","","","","","","","","","","","","","","","","",""
"html-keyboard-response","397","<div class=""chinese-character"" style=""color:#000000;"">灯</div>"," ","102","2.1.0","244191","5mjomaw0pk","block1_then_block2","","","character_naming","","","","","","","","","灯","deng1","","","","","1","f1_21","lamp","filler","red","true","","",""
"html-keyboard-response","null","","null","103","2.1.0","245199","5mjomaw0pk","block1_then_block2","","","inter_trial_interval","","","","","","","","","","","","","","","","","","","","","","",""
"html-keyboard-response","null","<div class=""fixation"">+</div>","null","104","2.1.0","245707","5mjomaw0pk","block1_then_block2","","","fixation","","","","","","","","","","","","","","","","","","","","","","",""
"html-keyboard-response","382","<div class=""chinese-character"" style=""color:#000000;"">趁</div>"," ","105","2.1.0","246090","5mjomaw0pk","block1_then_block2","","","character_naming","","","","","","","","","趁","chen4","","","","","1","yellow","take advantage of","neutral","yellow","false","","",""
"html-keyboard-response","null","","null","106","2.1.0","247094","5mjomaw0pk","block1_then_block2","","","inter_trial_interval","","","","","","","","","","","","","","","","","","","","","","",""
"html-keyboard-response","null","<div class=""fixation"">+</div>","null","107","2.1.0","247601","5mjomaw0pk","block1_then_block2","","","fixation","","","","","","","","","","","","","","","","","","","","","","",""
"html-keyboard-response","576","<div class=""chinese-character"" style=""color:#000000;"">城</div>"," ","108","2.1.0","248178","5mjomaw0pk","block1_then_block2","","","character_naming","","","","","","","","","城","cheng2","","","","","1","f1_22","city","filler","yellow","true","","",""
"html-keyboard-response","null","","null","109","2.1.0","249187","5mjomaw0pk","block1_then_block2","","","inter_trial_interval","","","","","","","","","","","","","","","","","","","","","","",""
"html-keyboard-response","null","<div class=""fixation"">+</div>","null","110","2.1.0","249695","5mjomaw0pk","block1_then_block2","","","fixation","","","","","","","","","","","","","","","","","","","","","","",""
"html-keyboard-response","349","<div class=""chinese-character"" style=""color:#000000;"">山</div>"," ","111","2.1.0","250044","5mjomaw0pk","block1_then_block2","","","character_naming","","","","","","","","","山","shan1","","","","","1","f1_2","mountain","filler","yellow","true","","",""
"html-keyboard-response","null","","null","112","2.1.0","251050","5mjomaw0pk","block1_then_block2","","","inter_trial_interval","","","","","","","","","","","","","","","","","","","","","","",""
"html-keyboard-response","null","<div class=""fixation"">+</div>","null","113","2.1.0","251560","5mjomaw0pk","block1_then_block2","","","fixation","","","","","","","","","","","","","","","","","","","","","","",""
"html-keyboard-response","349","<div class=""chinese-character"" style=""color:#000000;"">蓝</div>"," ","114","2.1.0","251909","5mjomaw0pk","block1_then_block2","","","character_naming","","","","","","","","","蓝","lan2","","","","","1","blue","blue","congruent_color_character","blue","false","","",""
"html-keyboard-response","null","","null","115","2.1.0","252916","5mjomaw0pk","block1_then_block2","","","inter_trial_interval","","","","","","","","","","","","","","","","","","","","","","",""
"html-keyboard-response","null","<div class=""fixation"">+</div>","null","116","2.1.0","253425","5mjomaw0pk","block1_then_block2","","","fixation","","","","","","","","","","","","","","","","","","","","","","",""
"html-keyboard-response","521","<div class=""chinese-character"" style=""color:#000000;"">手</div>"," ","117","2.1.0","253946","5mjomaw0pk","block1_then_block2","","","character_naming","","","","","","","","","手","shou3","","","","","1","f1_8","hand","filler","green","true","","",""
"html-keyboard-response","null","","null","118","2.1.0","254951","5mjomaw0pk","block1_then_block2","","","inter_trial_interval","","","","","","","","","","","","","","","","","","","","","","",""
"html-keyboard-response","null","<div class=""fixation"">+</div>","null","119","2.1.0","255459","5mjomaw0pk","block1_then_block2","","","fixation","","","","","","","","","","","","","","","","","","","","","","",""
"html-keyboard-response","438","<div class=""chinese-character"" style=""color:#000000;"">月</div>"," ","120","2.1.0","255897","5mjomaw0pk","block1_then_block2","","","character_naming","","","","","","","","","月","yue4","","","","","1","f1_7","moon","filler","blue","true","","",""
"html-keyboard-response","null","","null","121","2.1.0","256910","5mjomaw0pk","block1_then_block2","","","inter_trial_interval","","","","","","","","","","","","","","","","","","","","","","",""
"html-keyboard-response","null","<div class=""fixation"">+</div>","null","122","2.1.0","257419","5mjomaw0pk","block1_then_block2","","","fixation","","","","","","","","","","","","","","","","","","","","","","",""
"html-keyboard-response","463","<div class=""chinese-character"" style=""color:#000000;"">览</div>"," ","123","2.1.0","257882","5mjomaw0pk","block1_then_block2","","","character_naming","","","","","","","","","览","lan3","","","","","1","blue","view","congruent_S_plus_T_minus","blue","false","","",""
"html-keyboard-response","null","","null","124","2.1.0","258898","5mjomaw0pk","block1_then_block2","","","inter_trial_interval","","","","","","","","","","","","","","","","","","","","","","",""
"html-keyboard-response","null","<div class=""fixation"">+</div>","null","125","2.1.0","259406","5mjomaw0pk","block1_then_block2","","","fixation","","","","","","","","","","","","","","","","","","","","","","",""
"html-keyboard-response","393","<div class=""chinese-character"" style=""color:#000000;"">家</div>"," ","126","2.1.0","259799","5mjomaw0pk","block1_then_block2","","","character_naming","","","","","","","","","家","jia1","","","","","1","f1_13","home","filler","red","true","","",""
"html-keyboard-response","null","","null","127","2.1.0","260807","5mjomaw0pk","block1_then_block2","","","inter_trial_interval","","","","","","","","","","","","","","","","","","","","","","",""
"html-keyboard-response","null","<div class=""fixation"">+</div>","null","128","2.1.0","261318","5mjomaw0pk","block1_then_block2","","","fixation","","","","","","","","","","","","","","","","","","","","","","",""
"html-keyboard-response","489","<div class=""chinese-character"" style=""color:#000000;"">风</div>"," ","129","2.1.0","261807","5mjomaw0pk","block1_then_block2","","","character_naming","","","","","","","","","风","feng1","","","","","1","f1_10","wind","filler","yellow","true","","",""
"html-keyboard-response","null","","null","130","2.1.0","262813","5mjomaw0pk","block1_then_block2","","","inter_trial_interval","","","","","","","","","","","","","","","","","","","","","","",""
"html-keyboard-response","null","<div class=""fixation"">+</div>","null","131","2.1.0","263321","5mjomaw0pk","block1_then_block2","","","fixation","","","","","","","","","","","","","","","","","","","","","","",""
"html-keyboard-response","437","<div class=""chinese-character"" style=""color:#000000;"">蓝</div>"," ","132","2.1.0","263758","5mjomaw0pk","block1_then_block2","","","character_naming","","","","","","","","","蓝","lan2","","","","","1","blue","blue","incongruent_color_character","red","false","","",""
"html-keyboard-response","null","","null","133","2.1.0","264772","5mjomaw0pk","block1_then_block2","","","inter_trial_interval","","","","","","","","","","","","","","","","","","","","","","",""
"html-keyboard-response","null","<div class=""fixation"">+</div>","null","134","2.1.0","265280","5mjomaw0pk","block1_then_block2","","","fixation","","","","","","","","","","","","","","","","","","","","","","",""
"html-keyboard-response","1171","<div class=""chinese-character"" style=""color:#000000;"">红</div>"," ","135","2.1.0","266451","5mjomaw0pk","block1_then_block2","","","character_naming","","","","","","","","","红","hong2","","","","","1","red","red","incongruent_color_character","blue","false","","",""
"html-keyboard-response","null","","null","136","2.1.0","267454","5mjomaw0pk","block1_then_block2","","","inter_trial_interval","","","","","","","","","","","","","","","","","","","","","","",""
"html-keyboard-response","null","<div class=""fixation"">+</div>","null","137","2.1.0","267964","5mjomaw0pk","block1_then_block2","","","fixation","","","","","","","","","","","","","","","","","","","","","","",""
"html-keyboard-response","null","<div class=""chinese-character"" style=""color:#000000;"">路</div>","null","138","2.1.0","270968","5mjomaw0pk","block1_then_block2","","","character_naming","","","","","","","","","路","lu4","","","","","1","f1_14","road","filler","yellow","true","","",""
"html-keyboard-response","null","","null","139","2.1.0","271971","5mjomaw0pk","block1_then_block2","","","inter_trial_interval","","","","","","","","","","","","","","","","","","","","","","",""
"html-keyboard-response","null","<div class=""fixation"">+</div>","null","140","2.1.0","272481","5mjomaw0pk","block1_then_block2","","","fixation","","","","","","","","","","","","","","","","","","","","","","",""
"html-keyboard-response","null","<div class=""chinese-character"" style=""color:#000000;"">缠</div>","null","141","2.1.0","275484","5mjomaw0pk","block1_then_block2","","","character_naming","","","","","","","","","缠","chan2","","","","","1","yellow","wrap around","congruent_S_minus_T_plus","yellow","false","","",""
"html-keyboard-response","null","","null","142","2.1.0","276486","5mjomaw0pk","block1_then_block2","","","inter_trial_interval","","","","","","","","","","","","","","","","","","","","","","",""
"html-keyboard-response","null","<div class=""fixation"">+</div>","null","143","2.1.0","276995","5mjomaw0pk","block1_then_block2","","","fixation","","","","","","","","","","","","","","","","","","","","","","",""
"html-keyboard-response","null","<div class=""chinese-character"" style=""color:#000000;"">虑</div>","null","144","2.1.0","280004","5mjomaw0pk","block1_then_block2","","","character_naming","","","","","","","","","虑","lv4","","","","","1","green","ponder","congruent_S_T_plus","green","false","","",""
"html-keyboard-response","null","","null","145","2.1.0","281005","5mjomaw0pk","block1_then_block2","","","inter_trial_interval","","","","","","","","","","","","","","","","","","","","","","",""
"html-keyboard-response","null","<div class=""fixation"">+</div>","null","146","2.1.0","281513","5mjomaw0pk","block1_then_block2","","","fixation","","","","","","","","","","","","","","","","","","","","","","",""
"html-keyboard-response","null","<div class=""chinese-character"" style=""color:#000000;"">船</div>","null","147","2.1.0","284519","5mjomaw0pk","block1_then_block2","","","character_naming","","","","","","","","","船","chuan2","","","","","1","f1_23","boat","filler","blue","true","","",""
"html-keyboard-response","null","","null","148","2.1.0","285524","5mjomaw0pk","block1_then_block2","","","inter_trial_interval","","","","","","","","","","","","","","","","","","","","","","",""
"html-keyboard-response","null","<div class=""fixation"">+</div>","null","149","2.1.0","286034","5mjomaw0pk","block1_then_block2","","","fixation","","","","","","","","","","","","","","","","","","","","","","",""
"html-keyboard-response","null","<div class=""chinese-character"" style=""color:#000000;"">轰</div>","null","150","2.1.0","289037","5mjomaw0pk","block1_then_block2","","","character_naming","","","","","","","","","轰","hong1","","","","","1","red","boom","congruent_S_plus_T_minus","red","false","","",""
"html-keyboard-response","null","","null","151","2.1.0","290040","5mjomaw0pk","block1_then_block2","","","inter_trial_interval","","","","","","","","","","","","","","","","","","","","","","",""
"html-keyboard-response","null","<div class=""fixation"">+</div>","null","152","2.1.0","290550","5mjomaw0pk","block1_then_block2","","","fixation","","","","","","","","","","","","","","","","","","","","","","",""
"html-keyboard-response","null","<div class=""chinese-character"" style=""color:#000000;"">门</div>","null","153","2.1.0","293556","5mjomaw0pk","block1_then_block2","","","character_naming","","","","","","","","","门","men2","","","","","1","f1_4","door","filler","green","true","","",""
"html-keyboard-response","null","","null","154","2.1.0","294571","5mjomaw0pk","block1_then_block2","","","inter_trial_interval","","","","","","","","","","","","","","","","","","","","","","",""
"html-keyboard-response","null","<div class=""fixation"">+</div>","null","155","2.1.0","295081","5mjomaw0pk","block1_then_block2","","","fixation","","","","","","","","","","","","","","","","","","","","","","",""
"html-keyboard-response","null","<div class=""chinese-character"" style=""color:#000000;"">宫</div>","null","156","2.1.0","298087","5mjomaw0pk","block1_then_block2","","","character_naming","","","","","","","","","宫","gong1","","","","","1","blue","palace","neutral","blue","false","","",""
"html-keyboard-response","null","","null","157","2.1.0","299104","5mjomaw0pk","block1_then_block2","","","inter_trial_interval","","","","","","","","","","","","","","","","","","","","","","",""
"html-keyboard-response","null","<div class=""fixation"">+</div>","null","158","2.1.0","299612","5mjomaw0pk","block1_then_block2","","","fixation","","","","","","","","","","","","","","","","","","","","","","",""
"html-keyboard-response","2026","<div class=""chinese-character"" style=""color:#000000;"">绿</div>"," ","159","2.1.0","301638","5mjomaw0pk","block1_then_block2","","","character_naming","","","","","","","","","绿","lv4","","","","","1","green","green","incongruent_color_character","yellow","false","","",""
"html-keyboard-response","null","","null","160","2.1.0","302652","5mjomaw0pk","block1_then_block2","","","inter_trial_interval","","","","","","","","","","","","","","","","","","","","","","",""
"html-keyboard-response","null","<div class=""fixation"">+</div>","null","161","2.1.0","303160","5mjomaw0pk","block1_then_block2","","","fixation","","","","","","","","","","","","","","","","","","","","","","",""
"html-keyboard-response","null","<div class=""chinese-character"" style=""color:#000000;"">尝</div>","null","162","2.1.0","306167","5mjomaw0pk","block1_then_block2","","","character_naming","","","","","","","","","尝","chang2","","","","","1","blue","taste","congruent_S_minus_T_plus","blue","false","","",""
"html-keyboard-response","null","","null","163","2.1.0","307170","5mjomaw0pk","block1_then_block2","","","inter_trial_interval","","","","","","","","","","","","","","","","","","","","","","",""
"html-keyboard-response","null","<div class=""fixation"">+</div>","null","164","2.1.0","307677","5mjomaw0pk","block1_then_block2","","","fixation","","","","","","","","","","","","","","","","","","","","","","",""
"html-keyboard-response","null","<div class=""chinese-character"" style=""color:#000000;"">洪</div>","null","165","2.1.0","310681","5mjomaw0pk","block1_then_block2","","","character_naming","","","","","","","","","洪","hong2","","","","","1","red","flood","congruent_S_T_plus","red","false","","",""
"html-keyboard-response","null","","null","166","2.1.0","311683","5mjomaw0pk","block1_then_block2","","","inter_trial_interval","","","","","","","","","","","","","","","","","","","","","","",""
"html-keyboard-response","null","<div class=""fixation"">+</div>","null","167","2.1.0","312192","5mjomaw0pk","block1_then_block2","","","fixation","","","","","","","","","","","","","","","","","","","","","","",""
"html-keyboard-response","null","<div class=""chinese-character"" style=""color:#000000;"">石</div>","null","168","2.1.0","315198","5mjomaw0pk","block1_then_block2","","","character_naming","","","","","","","","","石","shi2","","","","","1","f1_24","stone","filler","green","true","","",""
"html-keyboard-response","null","","null","169","2.1.0","316213","5mjomaw0pk","block1_then_block2","","","inter_trial_interval","","","","","","","","","","","","","","","","","","","","","","",""
"html-keyboard-response","null","<div class=""fixation"">+</div>","null","170","2.1.0","316720","5mjomaw0pk","block1_then_block2","","","fixation","","","","","","","","","","","","","","","","","","","","","","",""
"html-keyboard-response","null","<div class=""chinese-character"" style=""color:#000000;"">茶</div>","null","171","2.1.0","319839","5mjomaw0pk","block1_then_block2","","","character_naming","","","","","","","","","茶","cha2","","","","","1","f1_20","tea","filler","green","true","","",""
"html-keyboard-response","null","","null","172","2.1.0","320842","5mjomaw0pk","block1_then_block2","","","inter_trial_interval","","","","","","","","","","","","","","","","","","","","","","",""
"html-keyboard-response","null","<div class=""fixation"">+</div>","null","173","2.1.0","321843","5mjomaw0pk","block1_then_block2","","","fixation","","","","","","","","","","","","","","","","","","","","","","",""
"html-keyboard-response","null","<div class=""chinese-character"" style=""color:#000000;"">绿</div>","null","174","2.1.0","325835","5mjomaw0pk","block1_then_block2","","","character_naming","","","","","","","","","绿","lv4","","","","","1","green","green","congruent_color_character","green","false","","",""
"html-keyboard-response","null","","null","175","2.1.0","327838","5mjomaw0pk","block1_then_block2","","","inter_trial_interval","","","","","","","","","","","","","","","","","","","","","","",""
"html-keyboard-response","20402","
      <div class=""instructions"">
        <h2>English Color-Naming Block 1</h2>
        <p>You will see Chinese characters printed in color.</p>
        <p>Your task is to identify the <strong>ink color in English</strong>.</p>
        <p>Ignore the character itself.</p>
        <p><strong>R</strong> = red, <strong>Y</strong> = yellow, <strong>B</strong> = blue, <strong>G</strong> = green.</p>
        <p>Press <strong>Space</strong> to begin.</p>
      </div>
    "," ","176","2.1.0","348240","5mjomaw0pk","block1_then_block2","","","","","","","","","","","","","","","","","","","","","","","","","",""
"html-keyboard-response","null","<div class=""fixation"">+</div>","null","177","2.1.0","348748","5mjomaw0pk","block1_then_block2","","","fixation","","","","","","","","","","","","","","","","","","","","","","",""
"html-keyboard-response","1266","<div class=""chinese-character"" style=""color:#1f77b4;"">月</div>","b","178","2.1.0","350014","5mjomaw0pk","block1_then_block2","","","color_naming","","","","","","","","","月","yue4","blue","b","blue","true","1","f1_7","moon","","","true","filler","false","null"
"html-keyboard-response","null","","null","179","2.1.0","351027","5mjomaw0pk","block1_then_block2","","","inter_trial_interval","","","","","","","","","","","","","","","","","","","","","","",""
"html-keyboard-response","null","<div class=""fixation"">+</div>","null","180","2.1.0","351535","5mjomaw0pk","block1_then_block2","","","fixation","","","","","","","","","","","","","","","","","","","","","","",""
"html-keyboard-response","714","<div class=""chinese-character"" style=""color:#1f77b4;"">窗</div>","b","181","2.1.0","352250","5mjomaw0pk","block1_then_block2","","","color_naming","","","","","","","","","窗","chuang1","blue","b","blue","true","1","f1_15","window","","","true","filler","false","null"
"html-keyboard-response","null","","null","182","2.1.0","353260","5mjomaw0pk","block1_then_block2","","","inter_trial_interval","","","","","","","","","","","","","","","","","","","","","","",""
"html-keyboard-response","null","<div class=""fixation"">+</div>","null","183","2.1.0","353770","5mjomaw0pk","block1_then_block2","","","fixation","","","","","","","","","","","","","","","","","","","","","","",""
"html-keyboard-response","1027","<div class=""chinese-character"" style=""color:#2ca02c;"">虑</div>","g","184","2.1.0","354797","5mjomaw0pk","block1_then_block2","","","color_naming","","","","","","","","","虑","lv4","green","g","green","true","1","green","ponder","","","false","congruent_S_T_plus","true","1"
"html-keyboard-response","null","","null","185","2.1.0","355803","5mjomaw0pk","block1_then_block2","","","inter_trial_interval","","","","","","","","","","","","","","","","","","","","","","",""
"html-keyboard-response","null","<div class=""fixation"">+</div>","null","186","2.1.0","356312","5mjomaw0pk","block1_then_block2","","","fixation","","","","","","","","","","","","","","","","","","","","","","",""
"html-keyboard-response","807","<div class=""chinese-character"" style=""color:#1f77b4;"">婪</div>","b","187","2.1.0","357119","5mjomaw0pk","block1_then_block2","","","color_naming","","","","","","","","","婪","lan2","blue","b","blue","true","1","blue","greedy","","","false","congruent_S_T_plus","true","1"
"html-keyboard-response","null","","null","188","2.1.0","358131","5mjomaw0pk","block1_then_block2","","","inter_trial_interval","","","","","","","","","","","","","","","","","","","","","","",""
"html-keyboard-response","null","<div class=""fixation"">+</div>","null","189","2.1.0","358640","5mjomaw0pk","block1_then_block2","","","fixation","","","","","","","","","","","","","","","","","","","","","","",""
"html-keyboard-response","1034","<div class=""chinese-character"" style=""color:#d6b300;"">桥</div>","y","190","2.1.0","359674","5mjomaw0pk","block1_then_block2","","","color_naming","","","","","","","","","桥","qiao2","yellow","y","yellow","true","1","f1_18","bridge","","","true","filler","false","null"
"html-keyboard-response","null","","null","191","2.1.0","360690","5mjomaw0pk","block1_then_block2","","","inter_trial_interval","","","","","","","","","","","","","","","","","","","","","","",""
"html-keyboard-response","null","<div class=""fixation"">+</div>","null","192","2.1.0","361198","5mjomaw0pk","block1_then_block2","","","fixation","","","","","","","","","","","","","","","","","","","","","","",""
"html-keyboard-response","1331","<div class=""chinese-character"" style=""color:#2ca02c;"">树</div>","g","193","2.1.0","362530","5mjomaw0pk","block1_then_block2","","","color_naming","","","","","","","","","树","shu4","green","g","green","true","1","f1_16","tree","","","true","filler","false","null"
"html-keyboard-response","null","","null","194","2.1.0","363542","5mjomaw0pk","block1_then_block2","","","inter_trial_interval","","","","","","","","","","","","","","","","","","","","","","",""
"html-keyboard-response","null","<div class=""fixation"">+</div>","null","195","2.1.0","364051","5mjomaw0pk","block1_then_block2","","","fixation","","","","","","","","","","","","","","","","","","","","","","",""
"html-keyboard-response","1228","<div class=""chinese-character"" style=""color:#d62728;"">蓝</div>","r","196","2.1.0","365279","5mjomaw0pk","block1_then_block2","","","color_naming","","","","","","","","","蓝","lan2","red","r","red","true","1","blue","blue","","","false","incongruent_color_character","true","1"
"html-keyboard-response","null","","null","197","2.1.0","366286","5mjomaw0pk","block1_then_block2","","","inter_trial_interval","","","","","","","","","","","","","","","","","","","","","","",""
"html-keyboard-response","null","<div class=""fixation"">+</div>","null","198","2.1.0","366794","5mjomaw0pk","block1_then_block2","","","fixation","","","","","","","","","","","","","","","","","","","","","","",""
"html-keyboard-response","777","<div class=""chinese-character"" style=""color:#2ca02c;"">涂</div>","g","199","2.1.0","367571","5mjomaw0pk","block1_then_block2","","","color_naming","","","","","","","","","涂","tu2","green","g","green","true","1","green","paint","","","false","neutral","true","1"
"html-keyboard-response","null","","null","200","2.1.0","368584","5mjomaw0pk","block1_then_block2","","","inter_trial_interval","","","","","","","","","","","","","","","","","","","","","","",""
"html-keyboard-response","null","<div class=""fixation"">+</div>","null","201","2.1.0","369092","5mjomaw0pk","block1_then_block2","","","fixation","","","","","","","","","","","","","","","","","","","","","","",""
"html-keyboard-response","1289","<div class=""chinese-character"" style=""color:#d62728;"">瓶</div>","r","202","2.1.0","370381","5mjomaw0pk","block1_then_block2","","","color_naming","","","","","","","","","瓶","ping2","red","r","red","true","1","red","bottle","","","false","congruent_S_minus_T_plus","true","1"
"html-keyboard-response","null","","null","203","2.1.0","371389","5mjomaw0pk","block1_then_block2","","","inter_trial_interval","","","","","","","","","","","","","","","","","","","","","","",""
"html-keyboard-response","null","<div class=""fixation"">+</div>","null","204","2.1.0","371899","5mjomaw0pk","block1_then_block2","","","fixation","","","","","","","","","","","","","","","","","","","","","","",""
"html-keyboard-response","802","<div class=""chinese-character"" style=""color:#1f77b4;"">尝</div>","b","205","2.1.0","372701","5mjomaw0pk","block1_then_block2","","","color_naming","","","","","","","","","尝","chang2","blue","b","blue","true","1","blue","taste","","","false","congruent_S_minus_T_plus","true","1"
"html-keyboard-response","null","","null","206","2.1.0","373703","5mjomaw0pk","block1_then_block2","","","inter_trial_interval","","","","","","","","","","","","","","","","","","","","","","",""
"html-keyboard-response","null","<div class=""fixation"">+</div>","null","207","2.1.0","374210","5mjomaw0pk","block1_then_block2","","","fixation","","","","","","","","","","","","","","","","","","","","","","",""
"html-keyboard-response","1493","<div class=""chinese-character"" style=""color:#d62728;"">牵</div>","r","208","2.1.0","375704","5mjomaw0pk","block1_then_block2","","","color_naming","","","","","","","","","牵","qian1","red","r","red","true","1","red","lead along","","","false","neutral","true","1"
"html-keyboard-response","null","","null","209","2.1.0","376710","5mjomaw0pk","block1_then_block2","","","inter_trial_interval","","","","","","","","","","","","","","","","","","","","","","",""
"html-keyboard-response","null","<div class=""fixation"">+</div>","null","210","2.1.0","377219","5mjomaw0pk","block1_then_block2","","","fixation","","","","","","","","","","","","","","","","","","","","","","",""
"html-keyboard-response","1119","<div class=""chinese-character"" style=""color:#d62728;"">车</div>","r","211","2.1.0","378338","5mjomaw0pk","block1_then_block2","","","color_naming","","","","","","","","","车","che1","red","r","red","true","1","f1_5","car","","","true","filler","false","null"
"html-keyboard-response","null","","null","212","2.1.0","379348","5mjomaw0pk","block1_then_block2","","","inter_trial_interval","","","","","","","","","","","","","","","","","","","","","","",""
"html-keyboard-response","null","<div class=""fixation"">+</div>","null","213","2.1.0","379856","5mjomaw0pk","block1_then_block2","","","fixation","","","","","","","","","","","","","","","","","","","","","","",""
"html-keyboard-response","488","<div class=""chinese-character"" style=""color:#d62728;"">洪</div>","r","214","2.1.0","380345","5mjomaw0pk","block1_then_block2","","","color_naming","","","","","","","","","洪","hong2","red","r","red","true","1","red","flood","","","false","congruent_S_T_plus","true","1"
"html-keyboard-response","null","","null","215","2.1.0","381352","5mjomaw0pk","block1_then_block2","","","inter_trial_interval","","","","","","","","","","","","","","","","","","","","","","",""
"html-keyboard-response","null","<div class=""fixation"">+</div>","null","216","2.1.0","381861","5mjomaw0pk","block1_then_block2","","","fixation","","","","","","","","","","","","","","","","","","","","","","",""
"html-keyboard-response","926","<div class=""chinese-character"" style=""color:#1f77b4;"">宫</div>","b","217","2.1.0","382787","5mjomaw0pk","block1_then_block2","","","color_naming","","","","","","","","","宫","gong1","blue","b","blue","true","1","blue","palace","","","false","neutral","true","1"
"html-keyboard-response","null","","null","218","2.1.0","383802","5mjomaw0pk","block1_then_block2","","","inter_trial_interval","","","","","","","","","","","","","","","","","","","","","","",""
"html-keyboard-response","null","<div class=""fixation"">+</div>","null","219","2.1.0","384310","5mjomaw0pk","block1_then_block2","","","fixation","","","","","","","","","","","","","","","","","","","","","","",""
"html-keyboard-response","448","<div class=""chinese-character"" style=""color:#2ca02c;"">黄</div>","g","220","2.1.0","384758","5mjomaw0pk","block1_then_block2","","","color_naming","","","","","","","","","黄","huang2","green","g","green","true","1","yellow","yellow","","","false","incongruent_color_character","true","1"
"html-keyboard-response","null","","null","221","2.1.0","385760","5mjomaw0pk","block1_then_block2","","","inter_trial_interval","","","","","","","","","","","","","","","","","","","","","","",""
"html-keyboard-response","null","<div class=""fixation"">+</div>","null","222","2.1.0","386268","5mjomaw0pk","block1_then_block2","","","fixation","","","","","","","","","","","","","","","","","","","","","","",""
"html-keyboard-response","839","<div class=""chinese-character"" style=""color:#1f77b4;"">红</div>","b","223","2.1.0","387108","5mjomaw0pk","block1_then_block2","","","color_naming","","","","","","","","","红","hong2","blue","b","blue","true","1","red","red","","","false","incongruent_color_character","true","1"
"html-keyboard-response","null","","null","224","2.1.0","388118","5mjomaw0pk","block1_then_block2","","","inter_trial_interval","","","","","","","","","","","","","","","","","","","","","","",""
"html-keyboard-response","null","<div class=""fixation"">+</div>","null","225","2.1.0","388628","5mjomaw0pk","block1_then_block2","","","fixation","","","","","","","","","","","","","","","","","","","","","","",""
"html-keyboard-response","1255","<div class=""chinese-character"" style=""color:#d62728;"">书</div>","r","226","2.1.0","389883","5mjomaw0pk","block1_then_block2","","","color_naming","","","","","","","","","书","shu1","red","r","red","true","1","f1_1","book","","","true","filler","false","null"
"html-keyboard-response","null","","null","227","2.1.0","390893","5mjomaw0pk","block1_then_block2","","","inter_trial_interval","","","","","","","","","","","","","","","","","","","","","","",""
"html-keyboard-response","null","<div class=""fixation"">+</div>","null","228","2.1.0","391402","5mjomaw0pk","block1_then_block2","","","fixation","","","","","","","","","","","","","","","","","","","","","","",""
"html-keyboard-response","661","<div class=""chinese-character"" style=""color:#1f77b4;"">船</div>","b","229","2.1.0","392063","5mjomaw0pk","block1_then_block2","","","color_naming","","","","","","","","","船","chuan2","blue","b","blue","true","1","f1_23","boat","","","true","filler","false","null"
"html-keyboard-response","null","","null","230","2.1.0","393064","5mjomaw0pk","block1_then_block2","","","inter_trial_interval","","","","","","","","","","","","","","","","","","","","","","",""
"html-keyboard-response","null","<div class=""fixation"">+</div>","null","231","2.1.0","393574","5mjomaw0pk","block1_then_block2","","","fixation","","","","","","","","","","","","","","","","","","","","","","",""
"html-keyboard-response","415","<div class=""chinese-character"" style=""color:#1f77b4;"">纸</div>","b","232","2.1.0","393989","5mjomaw0pk","block1_then_block2","","","color_naming","","","","","","","","","纸","zhi3","blue","b","blue","true","1","f1_19","paper","","","true","filler","false","null"
"html-keyboard-response","null","","null","233","2.1.0","395004","5mjomaw0pk","block1_then_block2","","","inter_trial_interval","","","","","","","","","","","","","","","","","","","","","","",""
"html-keyboard-response","null","<div class=""fixation"">+</div>","null","234","2.1.0","395513","5mjomaw0pk","block1_then_block2","","","fixation","","","","","","","","","","","","","","","","","","","","","","",""
"html-keyboard-response","646","<div class=""chinese-character"" style=""color:#d62728;"">红</div>","r","235","2.1.0","396159","5mjomaw0pk","block1_then_block2","","","color_naming","","","","","","","","","红","hong2","red","r","red","true","1","red","red","","","false","congruent_color_character","true","1"
"html-keyboard-response","null","","null","236","2.1.0","397176","5mjomaw0pk","block1_then_block2","","","inter_trial_interval","","","","","","","","","","","","","","","","","","","","","","",""
"html-keyboard-response","null","<div class=""fixation"">+</div>","null","237","2.1.0","397685","5mjomaw0pk","block1_then_block2","","","fixation","","","","","","","","","","","","","","","","","","","","","","",""
"html-keyboard-response","739","<div class=""chinese-character"" style=""color:#2ca02c;"">洞</div>","g","238","2.1.0","398424","5mjomaw0pk","block1_then_block2","","","color_naming","","","","","","","","","洞","dong4","green","g","green","true","1","green","hole","","","false","congruent_S_minus_T_plus","true","1"
"html-keyboard-response","null","","null","239","2.1.0","399427","5mjomaw0pk","block1_then_block2","","","inter_trial_interval","","","","","","","","","","","","","","","","","","","","","","",""
"html-keyboard-response","null","<div class=""fixation"">+</div>","null","240","2.1.0","399934","5mjomaw0pk","block1_then_block2","","","fixation","","","","","","","","","","","","","","","","","","","","","","",""
"html-keyboard-response","1151","<div class=""chinese-character"" style=""color:#d62728;"">灯</div>","r","241","2.1.0","401085","5mjomaw0pk","block1_then_block2","","","color_naming","","","","","","","","","灯","deng1","red","r","red","true","1","f1_21","lamp","","","true","filler","false","null"
"html-keyboard-response","null","","null","242","2.1.0","402090","5mjomaw0pk","block1_then_block2","","","inter_trial_interval","","","","","","","","","","","","","","","","","","","","","","",""
"html-keyboard-response","null","<div class=""fixation"">+</div>","null","243","2.1.0","402598","5mjomaw0pk","block1_then_block2","","","fixation","","","","","","","","","","","","","","","","","","","","","","",""
"html-keyboard-response","982","<div class=""chinese-character"" style=""color:#1f77b4;"">蓝</div>","b","244","2.1.0","403580","5mjomaw0pk","block1_then_block2","","","color_naming","","","","","","","","","蓝","lan2","blue","b","blue","true","1","blue","blue","","","false","congruent_color_character","true","1"
"html-keyboard-response","null","","null","245","2.1.0","404589","5mjomaw0pk","block1_then_block2","","","inter_trial_interval","","","","","","","","","","","","","","","","","","","","","","",""
"html-keyboard-response","null","<div class=""fixation"">+</div>","null","246","2.1.0","405098","5mjomaw0pk","block1_then_block2","","","fixation","","","","","","","","","","","","","","","","","","","","","","",""
"html-keyboard-response","720","<div class=""chinese-character"" style=""color:#2ca02c;"">石</div>","g","247","2.1.0","405818","5mjomaw0pk","block1_then_block2","","","color_naming","","","","","","","","","石","shi2","green","g","green","true","1","f1_24","stone","","","true","filler","false","null"
"html-keyboard-response","null","","null","248","2.1.0","406824","5mjomaw0pk","block1_then_block2","","","inter_trial_interval","","","","","","","","","","","","","","","","","","","","","","",""
"html-keyboard-response","null","<div class=""fixation"">+</div>","null","249","2.1.0","407334","5mjomaw0pk","block1_then_block2","","","fixation","","","","","","","","","","","","","","","","","","","","","","",""
"html-keyboard-response","771","<div class=""chinese-character"" style=""color:#2ca02c;"">旅</div>","g","250","2.1.0","408105","5mjomaw0pk","block1_then_block2","","","color_naming","","","","","","","","","旅","lv3","green","g","green","true","1","green","travel","","","false","congruent_S_plus_T_minus","true","1"
"html-keyboard-response","null","","null","251","2.1.0","409121","5mjomaw0pk","block1_then_block2","","","inter_trial_interval","","","","","","","","","","","","","","","","","","","","","","",""
"html-keyboard-response","null","<div class=""fixation"">+</div>","null","252","2.1.0","409629","5mjomaw0pk","block1_then_block2","","","fixation","","","","","","","","","","","","","","","","","","","","","","",""
"html-keyboard-response","683","<div class=""chinese-character"" style=""color:#d6b300;"">花</div>","y","253","2.1.0","410313","5mjomaw0pk","block1_then_block2","","","color_naming","","","","","","","","","花","hua1","yellow","y","yellow","true","1","f1_6","flower","","","true","filler","false","null"
"html-keyboard-response","null","","null","254","2.1.0","411325","5mjomaw0pk","block1_then_block2","","","inter_trial_interval","","","","","","","","","","","","","","","","","","","","","","",""
"html-keyboard-response","null","<div class=""fixation"">+</div>","null","255","2.1.0","411835","5mjomaw0pk","block1_then_block2","","","fixation","","","","","","","","","","","","","","","","","","","","","","",""
"html-keyboard-response","651","<div class=""chinese-character"" style=""color:#d62728;"">家</div>","r","256","2.1.0","412486","5mjomaw0pk","block1_then_block2","","","color_naming","","","","","","","","","家","jia1","red","r","red","true","1","f1_13","home","","","true","filler","false","null"
"html-keyboard-response","null","","null","257","2.1.0","413501","5mjomaw0pk","block1_then_block2","","","inter_trial_interval","","","","","","","","","","","","","","","","","","","","","","",""
"html-keyboard-response","null","<div class=""fixation"">+</div>","null","258","2.1.0","414009","5mjomaw0pk","block1_then_block2","","","fixation","","","","","","","","","","","","","","","","","","","","","","",""
"html-keyboard-response","1028","<div class=""chinese-character"" style=""color:#d6b300;"">绿</div>","y","259","2.1.0","415038","5mjomaw0pk","block1_then_block2","","","color_naming","","","","","","","","","绿","lv4","yellow","y","yellow","true","1","green","green","","","false","incongruent_color_character","true","1"
"html-keyboard-response","null","","null","260","2.1.0","416043","5mjomaw0pk","block1_then_block2","","","inter_trial_interval","","","","","","","","","","","","","","","","","","","","","","",""
"html-keyboard-response","null","<div class=""fixation"">+</div>","null","261","2.1.0","416550","5mjomaw0pk","block1_then_block2","","","fixation","","","","","","","","","","","","","","","","","","","","","","",""
"html-keyboard-response","842","<div class=""chinese-character"" style=""color:#d6b300;"">皇</div>","y","262","2.1.0","417392","5mjomaw0pk","block1_then_block2","","","color_naming","","","","","","","","","皇","huang2","yellow","y","yellow","true","1","yellow","emperor","","","false","congruent_S_T_plus","true","1"
"html-keyboard-response","null","","null","263","2.1.0","418400","5mjomaw0pk","block1_then_block2","","","inter_trial_interval","","","","","","","","","","","","","","","","","","","","","","",""
"html-keyboard-response","null","<div class=""fixation"">+</div>","null","264","2.1.0","418908","5mjomaw0pk","block1_then_block2","","","fixation","","","","","","","","","","","","","","","","","","","","","","",""
"html-keyboard-response","657","<div class=""chinese-character"" style=""color:#1f77b4;"">水</div>","b","265","2.1.0","419565","5mjomaw0pk","block1_then_block2","","","color_naming","","","","","","","","","水","shui3","blue","b","blue","true","1","f1_3","water","","","true","filler","false","null"
"html-keyboard-response","null","","null","266","2.1.0","420572","5mjomaw0pk","block1_then_block2","","","inter_trial_interval","","","","","","","","","","","","","","","","","","","","","","",""
"html-keyboard-response","null","<div class=""fixation"">+</div>","null","267","2.1.0","421081","5mjomaw0pk","block1_then_block2","","","fixation","","","","","","","","","","","","","","","","","","","","","","",""
"html-keyboard-response","574","<div class=""chinese-character"" style=""color:#d6b300;"">黄</div>","y","268","2.1.0","421656","5mjomaw0pk","block1_then_block2","","","color_naming","","","","","","","","","黄","huang2","yellow","y","yellow","true","1","yellow","yellow","","","false","congruent_color_character","true","1"
"html-keyboard-response","null","","null","269","2.1.0","422668","5mjomaw0pk","block1_then_block2","","","inter_trial_interval","","","","","","","","","","","","","","","","","","","","","","",""
"html-keyboard-response","null","<div class=""fixation"">+</div>","null","270","2.1.0","423178","5mjomaw0pk","block1_then_block2","","","fixation","","","","","","","","","","","","","","","","","","","","","","",""
"html-keyboard-response","485","<div class=""chinese-character"" style=""color:#d6b300;"">城</div>","y","271","2.1.0","423663","5mjomaw0pk","block1_then_block2","","","color_naming","","","","","","","","","城","cheng2","yellow","y","yellow","true","1","f1_22","city","","","true","filler","false","null"
"html-keyboard-response","null","","null","272","2.1.0","424672","5mjomaw0pk","block1_then_block2","","","inter_trial_interval","","","","","","","","","","","","","","","","","","","","","","",""
"html-keyboard-response","null","<div class=""fixation"">+</div>","null","273","2.1.0","425181","5mjomaw0pk","block1_then_block2","","","fixation","","","","","","","","","","","","","","","","","","","","","","",""
"html-keyboard-response","628","<div class=""chinese-character"" style=""color:#d62728;"">轰</div>","r","274","2.1.0","425809","5mjomaw0pk","block1_then_block2","","","color_naming","","","","","","","","","轰","hong1","red","r","red","true","1","red","boom","","","false","congruent_S_plus_T_minus","true","1"
"html-keyboard-response","null","","null","275","2.1.0","426814","5mjomaw0pk","block1_then_block2","","","inter_trial_interval","","","","","","","","","","","","","","","","","","","","","","",""
"html-keyboard-response","null","<div class=""fixation"">+</div>","null","276","2.1.0","427322","5mjomaw0pk","block1_then_block2","","","fixation","","","","","","","","","","","","","","","","","","","","","","",""
"html-keyboard-response","1270","<div class=""chinese-character"" style=""color:#2ca02c;"">鱼</div>","g","277","2.1.0","428592","5mjomaw0pk","block1_then_block2","","","color_naming","","","","","","","","","鱼","yu2","green","g","green","true","1","f1_12","fish","","","true","filler","false","null"
"html-keyboard-response","null","","null","278","2.1.0","429602","5mjomaw0pk","block1_then_block2","","","inter_trial_interval","","","","","","","","","","","","","","","","","","","","","","",""
"html-keyboard-response","null","<div class=""fixation"">+</div>","null","279","2.1.0","430111","5mjomaw0pk","block1_then_block2","","","fixation","","","","","","","","","","","","","","","","","","","","","","",""
"html-keyboard-response","1053","<div class=""chinese-character"" style=""color:#d6b300;"">山</div>","y","280","2.1.0","431165","5mjomaw0pk","block1_then_block2","","","color_naming","","","","","","","","","山","shan1","yellow","y","yellow","true","1","f1_2","mountain","","","true","filler","false","null"
"html-keyboard-response","null","","null","281","2.1.0","432179","5mjomaw0pk","block1_then_block2","","","inter_trial_interval","","","","","","","","","","","","","","","","","","","","","","",""
"html-keyboard-response","null","<div class=""fixation"">+</div>","null","282","2.1.0","432687","5mjomaw0pk","block1_then_block2","","","fixation","","","","","","","","","","","","","","","","","","","","","","",""
"html-keyboard-response","683","<div class=""chinese-character"" style=""color:#2ca02c;"">绿</div>","g","283","2.1.0","433370","5mjomaw0pk","block1_then_block2","","","color_naming","","","","","","","","","绿","lv4","green","g","green","true","1","green","green","","","false","congruent_color_character","true","1"
"html-keyboard-response","null","","null","284","2.1.0","434383","5mjomaw0pk","block1_then_block2","","","inter_trial_interval","","","","","","","","","","","","","","","","","","","","","","",""
"html-keyboard-response","null","<div class=""fixation"">+</div>","null","285","2.1.0","434892","5mjomaw0pk","block1_then_block2","","","fixation","","","","","","","","","","","","","","","","","","","","","","",""
"html-keyboard-response","542","<div class=""chinese-character"" style=""color:#1f77b4;"">览</div>","b","286","2.1.0","435434","5mjomaw0pk","block1_then_block2","","","color_naming","","","","","","","","","览","lan3","blue","b","blue","true","1","blue","view","","","false","congruent_S_plus_T_minus","true","1"
"html-keyboard-response","null","","null","287","2.1.0","436448","5mjomaw0pk","block1_then_block2","","","inter_trial_interval","","","","","","","","","","","","","","","","","","","","","","",""
"html-keyboard-response","null","<div class=""fixation"">+</div>","null","288","2.1.0","436957","5mjomaw0pk","block1_then_block2","","","fixation","","","","","","","","","","","","","","","","","","","","","","",""
"html-keyboard-response","1110","<div class=""chinese-character"" style=""color:#2ca02c;"">手</div>","g","289","2.1.0","438068","5mjomaw0pk","block1_then_block2","","","color_naming","","","","","","","","","手","shou3","green","g","green","true","1","f1_8","hand","","","true","filler","false","null"
"html-keyboard-response","null","","null","290","2.1.0","439084","5mjomaw0pk","block1_then_block2","","","inter_trial_interval","","","","","","","","","","","","","","","","","","","","","","",""
"html-keyboard-response","null","<div class=""fixation"">+</div>","null","291","2.1.0","439592","5mjomaw0pk","block1_then_block2","","","fixation","","","","","","","","","","","","","","","","","","","","","","",""
"html-keyboard-response","741","<div class=""chinese-character"" style=""color:#d62728;"">云</div>","r","292","2.1.0","440334","5mjomaw0pk","block1_then_block2","","","color_naming","","","","","","","","","云","yun2","red","r","red","true","1","f1_9","cloud","","","true","filler","false","null"
"html-keyboard-response","null","","null","293","2.1.0","441350","5mjomaw0pk","block1_then_block2","","","inter_trial_interval","","","","","","","","","","","","","","","","","","","","","","",""
"html-keyboard-response","null","<div class=""fixation"">+</div>","null","294","2.1.0","441857","5mjomaw0pk","block1_then_block2","","","fixation","","","","","","","","","","","","","","","","","","","","","","",""
"html-keyboard-response","823","<div class=""chinese-character"" style=""color:#d6b300;"">缠</div>","y","295","2.1.0","442680","5mjomaw0pk","block1_then_block2","","","color_naming","","","","","","","","","缠","chan2","yellow","y","yellow","true","1","yellow","wrap around","","","false","congruent_S_minus_T_plus","true","1"
"html-keyboard-response","null","","null","296","2.1.0","443691","5mjomaw0pk","block1_then_block2","","","inter_trial_interval","","","","","","","","","","","","","","","","","","","","","","",""
"html-keyboard-response","null","<div class=""fixation"">+</div>","null","297","2.1.0","444200","5mjomaw0pk","block1_then_block2","","","fixation","","","","","","","","","","","","","","","","","","","","","","",""
"html-keyboard-response","1027","<div class=""chinese-character"" style=""color:#d6b300;"">趁</div>","y","298","2.1.0","445228","5mjomaw0pk","block1_then_block2","","","color_naming","","","","","","","","","趁","chen4","yellow","y","yellow","true","1","yellow","take advantage of","","","false","neutral","true","1"
"html-keyboard-response","null","","null","299","2.1.0","446234","5mjomaw0pk","block1_then_block2","","","inter_trial_interval","","","","","","","","","","","","","","","","","","","","","","",""
"html-keyboard-response","null","<div class=""fixation"">+</div>","null","300","2.1.0","446743","5mjomaw0pk","block1_then_block2","","","fixation","","","","","","","","","","","","","","","","","","","","","","",""
"html-keyboard-response","574","<div class=""chinese-character"" style=""color:#d62728;"">雨</div>","r","301","2.1.0","447318","5mjomaw0pk","block1_then_block2","","","color_naming","","","","","","","","","雨","yu3","red","r","red","true","1","f1_17","rain","","","true","filler","false","null"
"html-keyboard-response","null","","null","302","2.1.0","448332","5mjomaw0pk","block1_then_block2","","","inter_trial_interval","","","","","","","","","","","","","","","","","","","","","","",""
"html-keyboard-response","null","<div class=""fixation"">+</div>","null","303","2.1.0","448840","5mjomaw0pk","block1_then_block2","","","fixation","","","","","","","","","","","","","","","","","","","","","","",""
"html-keyboard-response","542","<div class=""chinese-character"" style=""color:#d6b300;"">路</div>","y","304","2.1.0","449383","5mjomaw0pk","block1_then_block2","","","color_naming","","","","","","","","","路","lu4","yellow","y","yellow","true","1","f1_14","road","","","true","filler","false","null"
"html-keyboard-response","null","","null","305","2.1.0","450397","5mjomaw0pk","block1_then_block2","","","inter_trial_interval","","","","","","","","","","","","","","","","","","","","","","",""
"html-keyboard-response","null","<div class=""fixation"">+</div>","null","306","2.1.0","450905","5mjomaw0pk","block1_then_block2","","","fixation","","","","","","","","","","","","","","","","","","","","","","",""
"html-keyboard-response","1287","<div class=""chinese-character"" style=""color:#2ca02c;"">门</div>","g","307","2.1.0","452192","5mjomaw0pk","block1_then_block2","","","color_naming","","","","","","","","","门","men2","green","g","green","true","1","f1_4","door","","","true","filler","false","null"
"html-keyboard-response","null","","null","308","2.1.0","453202","5mjomaw0pk","block1_then_block2","","","inter_trial_interval","","","","","","","","","","","","","","","","","","","","","","",""
"html-keyboard-response","null","<div class=""fixation"">+</div>","null","309","2.1.0","453713","5mjomaw0pk","block1_then_block2","","","fixation","","","","","","","","","","","","","","","","","","","","","","",""
"html-keyboard-response","null","<div class=""chinese-character"" style=""color:#d6b300;"">风</div>","null","310","2.1.0","456725","5mjomaw0pk","block1_then_block2","","","color_naming","","","","","","","","","风","feng1","yellow","y","null","false","1","f1_10","wind","","","true","filler","false","null"
"html-keyboard-response","null","","null","311","2.1.0","457726","5mjomaw0pk","block1_then_block2","","","inter_trial_interval","","","","","","","","","","","","","","","","","","","","","","",""
"html-keyboard-response","null","<div class=""fixation"">+</div>","null","312","2.1.0","458234","5mjomaw0pk","block1_then_block2","","","fixation","","","","","","","","","","","","","","","","","","","","","","",""
"html-keyboard-response","899","<div class=""chinese-character"" style=""color:#1f77b4;"">鸟</div>","b","313","2.1.0","459134","5mjomaw0pk","block1_then_block2","","","color_naming","","","","","","","","","鸟","niao3","blue","b","blue","true","1","f1_11","bird","","","true","filler","false","null"
"html-keyboard-response","null","","null","314","2.1.0","460142","5mjomaw0pk","block1_then_block2","","","inter_trial_interval","","","","","","","","","","","","","","","","","","","","","","",""
"html-keyboard-response","null","<div class=""fixation"">+</div>","null","315","2.1.0","460651","5mjomaw0pk","block1_then_block2","","","fixation","","","","","","","","","","","","","","","","","","","","","","",""
"html-keyboard-response","545","<div class=""chinese-character"" style=""color:#2ca02c;"">茶</div>","g","316","2.1.0","461196","5mjomaw0pk","block1_then_block2","","","color_naming","","","","","","","","","茶","cha2","green","g","green","true","1","f1_20","tea","","","true","filler","false","null"
"html-keyboard-response","null","","null","317","2.1.0","462210","5mjomaw0pk","block1_then_block2","","","inter_trial_interval","","","","","","","","","","","","","","","","","","","","","","",""
"html-keyboard-response","null","<div class=""fixation"">+</div>","null","318","2.1.0","462718","5mjomaw0pk","block1_then_block2","","","fixation","","","","","","","","","","","","","","","","","","","","","","",""
"html-keyboard-response","1685","<div class=""chinese-character"" style=""color:#d6b300;"">晃</div>","y","319","2.1.0","464403","5mjomaw0pk","block1_then_block2","","","color_naming","","","","","","","","","晃","huang4","yellow","y","yellow","true","1","yellow","sway","","","false","congruent_S_plus_T_minus","true","1"
"html-keyboard-response","null","","null","320","2.1.0","465411","5mjomaw0pk","block1_then_block2","","","inter_trial_interval","","","","","","","","","","","","","","","","","","","","","","",""
"html-keyboard-response","16790","
    <div class=""instructions"">
      <h2>Short Break</h2>
      <p>You have completed the first half of the experiment.</p>
      <p>Press <strong>Space</strong> when you are ready to continue.</p>
    </div>
  "," ","321","2.1.0","482201","5mjomaw0pk","block1_then_block2","","","","","","","","","","","","","","","","","","","","","","","","","",""
"html-keyboard-response","16717","
      <div class=""instructions"">
        <h2>Chinese Character Naming Block 2</h2>
        <p>You will see Chinese characters printed in black.</p>
        <p>Please read each character aloud in Mandarin as quickly and accurately as possible.</p>
        <p>After saying the character, press <strong>Space</strong> to continue.</p>
        <p>Press <strong>Space</strong> to begin.</p>
      </div>
    "," ","322","2.1.0","498918","5mjomaw0pk","block1_then_block2","","","","","","","","","","","","","","","","","","","","","","","","","",""
"html-keyboard-response","null","<div class=""fixation"">+</div>","null","323","2.1.0","499419","5mjomaw0pk","block1_then_block2","","","fixation","","","","","","","","","","","","","","","","","","","","","","",""
"html-keyboard-response","987","<div class=""chinese-character"" style=""color:#000000;"">洞</div>"," ","324","2.1.0","500406","5mjomaw0pk","block1_then_block2","","","character_naming","","","","","","","","","洞","dong4","","","","","2","green","hole","congruent_S_minus_T_plus","green","false","","",""
"html-keyboard-response","null","","null","325","2.1.0","501422","5mjomaw0pk","block1_then_block2","","","inter_trial_interval","","","","","","","","","","","","","","","","","","","","","","",""
"html-keyboard-response","null","<div class=""fixation"">+</div>","null","326","2.1.0","501930","5mjomaw0pk","block1_then_block2","","","fixation","","","","","","","","","","","","","","","","","","","","","","",""
"html-keyboard-response","596","<div class=""chinese-character"" style=""color:#000000;"">轰</div>"," ","327","2.1.0","502527","5mjomaw0pk","block1_then_block2","","","character_naming","","","","","","","","","轰","hong1","","","","","2","red","boom","congruent_S_plus_T_minus","red","false","","",""
"html-keyboard-response","null","","null","328","2.1.0","503533","5mjomaw0pk","block1_then_block2","","","inter_trial_interval","","","","","","","","","","","","","","","","","","","","","","",""
"html-keyboard-response","null","<div class=""fixation"">+</div>","null","329","2.1.0","504041","5mjomaw0pk","block1_then_block2","","","fixation","","","","","","","","","","","","","","","","","","","","","","",""
"html-keyboard-response","835","<div class=""chinese-character"" style=""color:#000000;"">婪</div>"," ","330","2.1.0","504876","5mjomaw0pk","block1_then_block2","","","character_naming","","","","","","","","","婪","lan2","","","","","2","blue","greedy","congruent_S_T_plus","blue","false","","",""
"html-keyboard-response","null","","null","331","2.1.0","505878","5mjomaw0pk","block1_then_block2","","","inter_trial_interval","","","","","","","","","","","","","","","","","","","","","","",""
"html-keyboard-response","null","<div class=""fixation"">+</div>","null","332","2.1.0","506386","5mjomaw0pk","block1_then_block2","","","fixation","","","","","","","","","","","","","","","","","","","","","","",""
"html-keyboard-response","525","<div class=""chinese-character"" style=""color:#000000;"">洪</div>"," ","333","2.1.0","506911","5mjomaw0pk","block1_then_block2","","","character_naming","","","","","","","","","洪","hong2","","","","","2","red","flood","congruent_S_T_plus","red","false","","",""
"html-keyboard-response","null","","null","334","2.1.0","507913","5mjomaw0pk","block1_then_block2","","","inter_trial_interval","","","","","","","","","","","","","","","","","","","","","","",""
"html-keyboard-response","null","<div class=""fixation"">+</div>","null","335","2.1.0","508423","5mjomaw0pk","block1_then_block2","","","fixation","","","","","","","","","","","","","","","","","","","","","","",""
"html-keyboard-response","556","<div class=""chinese-character"" style=""color:#000000;"">蓝</div>"," ","336","2.1.0","508980","5mjomaw0pk","block1_then_block2","","","character_naming","","","","","","","","","蓝","lan2","","","","","2","blue","blue","congruent_color_character","blue","false","","",""
"html-keyboard-response","null","","null","337","2.1.0","509994","5mjomaw0pk","block1_then_block2","","","inter_trial_interval","","","","","","","","","","","","","","","","","","","","","","",""
"html-keyboard-response","null","<div class=""fixation"">+</div>","null","338","2.1.0","510504","5mjomaw0pk","block1_then_block2","","","fixation","","","","","","","","","","","","","","","","","","","","","","",""
"html-keyboard-response","505","<div class=""chinese-character"" style=""color:#000000;"">房</div>"," ","339","2.1.0","511010","5mjomaw0pk","block1_then_block2","","","character_naming","","","","","","","","","房","fang2","","","","","2","f2_8","room","filler","green","true","","",""
"html-keyboard-response","null","","null","340","2.1.0","512015","5mjomaw0pk","block1_then_block2","","","inter_trial_interval","","","","","","","","","","","","","","","","","","","","","","",""
"html-keyboard-response","null","<div class=""fixation"">+</div>","null","341","2.1.0","512524","5mjomaw0pk","block1_then_block2","","","fixation","","","","","","","","","","","","","","","","","","","","","","",""
"html-keyboard-response","464","<div class=""chinese-character"" style=""color:#000000;"">笔</div>"," ","342","2.1.0","512988","5mjomaw0pk","block1_then_block2","","","character_naming","","","","","","","","","笔","bi3","","","","","2","f2_5","pen","filler","red","true","","",""
"html-keyboard-response","null","","null","343","2.1.0","514001","5mjomaw0pk","block1_then_block2","","","inter_trial_interval","","","","","","","","","","","","","","","","","","","","","","",""
"html-keyboard-response","null","<div class=""fixation"">+</div>","null","344","2.1.0","514510","5mjomaw0pk","block1_then_block2","","","fixation","","","","","","","","","","","","","","","","","","","","","","",""
"html-keyboard-response","484","<div class=""chinese-character"" style=""color:#000000;"">星</div>"," ","345","2.1.0","514994","5mjomaw0pk","block1_then_block2","","","character_naming","","","","","","","","","星","xing1","","","","","2","f2_18","star","filler","yellow","true","","",""
"html-keyboard-response","null","","null","346","2.1.0","516006","5mjomaw0pk","block1_then_block2","","","inter_trial_interval","","","","","","","","","","","","","","","","","","","","","","",""
"html-keyboard-response","null","<div class=""fixation"">+</div>","null","347","2.1.0","516514","5mjomaw0pk","block1_then_block2","","","fixation","","","","","","","","","","","","","","","","","","","","","","",""
"html-keyboard-response","485","<div class=""chinese-character"" style=""color:#000000;"">缠</div>"," ","348","2.1.0","517000","5mjomaw0pk","block1_then_block2","","","character_naming","","","","","","","","","缠","chan2","","","","","2","yellow","wrap around","congruent_S_minus_T_plus","yellow","false","","",""
"html-keyboard-response","null","","null","349","2.1.0","518007","5mjomaw0pk","block1_then_block2","","","inter_trial_interval","","","","","","","","","","","","","","","","","","","","","","",""
"html-keyboard-response","null","<div class=""fixation"">+</div>","null","350","2.1.0","518515","5mjomaw0pk","block1_then_block2","","","fixation","","","","","","","","","","","","","","","","","","","","","","",""
"html-keyboard-response","405","<div class=""chinese-character"" style=""color:#000000;"">涂</div>"," ","351","2.1.0","518921","5mjomaw0pk","block1_then_block2","","","character_naming","","","","","","","","","涂","tu2","","","","","2","green","paint","neutral","green","false","","",""
"html-keyboard-response","null","","null","352","2.1.0","519933","5mjomaw0pk","block1_then_block2","","","inter_trial_interval","","","","","","","","","","","","","","","","","","","","","","",""
"html-keyboard-response","null","<div class=""fixation"">+</div>","null","353","2.1.0","520443","5mjomaw0pk","block1_then_block2","","","fixation","","","","","","","","","","","","","","","","","","","","","","",""
"html-keyboard-response","490","<div class=""chinese-character"" style=""color:#000000;"">草</div>"," ","354","2.1.0","520933","5mjomaw0pk","block1_then_block2","","","character_naming","","","","","","","","","草","cao3","","","","","2","f2_19","grass","filler","blue","true","","",""
"html-keyboard-response","null","","null","355","2.1.0","521938","5mjomaw0pk","block1_then_block2","","","inter_trial_interval","","","","","","","","","","","","","","","","","","","","","","",""
"html-keyboard-response","null","<div class=""fixation"">+</div>","null","356","2.1.0","522446","5mjomaw0pk","block1_then_block2","","","fixation","","","","","","","","","","","","","","","","","","","","","","",""
"html-keyboard-response","492","<div class=""chinese-character"" style=""color:#000000;"">尝</div>"," ","357","2.1.0","522939","5mjomaw0pk","block1_then_block2","","","character_naming","","","","","","","","","尝","chang2","","","","","2","blue","taste","congruent_S_minus_T_plus","blue","false","","",""
"html-keyboard-response","null","","null","358","2.1.0","523943","5mjomaw0pk","block1_then_block2","","","inter_trial_interval","","","","","","","","","","","","","","","","","","","","","","",""
"html-keyboard-response","null","<div class=""fixation"">+</div>","null","359","2.1.0","524452","5mjomaw0pk","block1_then_block2","","","fixation","","","","","","","","","","","","","","","","","","","","","","",""
"html-keyboard-response","346","<div class=""chinese-character"" style=""color:#000000;"">脸</div>"," ","360","2.1.0","524799","5mjomaw0pk","block1_then_block2","","","character_naming","","","","","","","","","脸","lian3","","","","","2","f2_13","face","filler","red","true","","",""
"html-keyboard-response","null","","null","361","2.1.0","525806","5mjomaw0pk","block1_then_block2","","","inter_trial_interval","","","","","","","","","","","","","","","","","","","","","","",""
"html-keyboard-response","null","<div class=""fixation"">+</div>","null","362","2.1.0","526315","5mjomaw0pk","block1_then_block2","","","fixation","","","","","","","","","","","","","","","","","","","","","","",""
"html-keyboard-response","405","<div class=""chinese-character"" style=""color:#000000;"">狗</div>"," ","363","2.1.0","526720","5mjomaw0pk","block1_then_block2","","","character_naming","","","","","","","","","狗","gou3","","","","","2","f2_2","dog","filler","yellow","true","","",""
"html-keyboard-response","null","","null","364","2.1.0","527735","5mjomaw0pk","block1_then_block2","","","inter_trial_interval","","","","","","","","","","","","","","","","","","","","","","",""
"html-keyboard-response","null","<div class=""fixation"">+</div>","null","365","2.1.0","528245","5mjomaw0pk","block1_then_block2","","","fixation","","","","","","","","","","","","","","","","","","","","","","",""
"html-keyboard-response","538","<div class=""chinese-character"" style=""color:#000000;"">心</div>"," ","366","2.1.0","528784","5mjomaw0pk","block1_then_block2","","","character_naming","","","","","","","","","心","xin1","","","","","2","f2_23","heart","filler","blue","true","","",""
"html-keyboard-response","null","","null","367","2.1.0","529785","5mjomaw0pk","block1_then_block2","","","inter_trial_interval","","","","","","","","","","","","","","","","","","","","","","",""
"html-keyboard-response","null","<div class=""fixation"">+</div>","null","368","2.1.0","530294","5mjomaw0pk","block1_then_block2","","","fixation","","","","","","","","","","","","","","","","","","","","","","",""
"html-keyboard-response","383","<div class=""chinese-character"" style=""color:#000000;"">绿</div>"," ","369","2.1.0","530677","5mjomaw0pk","block1_then_block2","","","character_naming","","","","","","","","","绿","lv4","","","","","2","green","green","incongruent_color_character","yellow","false","","",""
"html-keyboard-response","null","","null","370","2.1.0","531682","5mjomaw0pk","block1_then_block2","","","inter_trial_interval","","","","","","","","","","","","","","","","","","","","","","",""
"html-keyboard-response","null","<div class=""fixation"">+</div>","null","371","2.1.0","532190","5mjomaw0pk","block1_then_block2","","","fixation","","","","","","","","","","","","","","","","","","","","","","",""
"html-keyboard-response","394","<div class=""chinese-character"" style=""color:#000000;"">米</div>"," ","372","2.1.0","532585","5mjomaw0pk","block1_then_block2","","","character_naming","","","","","","","","","米","mi3","","","","","2","f2_4","rice","filler","green","true","","",""
"html-keyboard-response","null","","null","373","2.1.0","533593","5mjomaw0pk","block1_then_block2","","","inter_trial_interval","","","","","","","","","","","","","","","","","","","","","","",""
"html-keyboard-response","null","<div class=""fixation"">+</div>","null","374","2.1.0","534100","5mjomaw0pk","block1_then_block2","","","fixation","","","","","","","","","","","","","","","","","","","","","","",""
"html-keyboard-response","360","<div class=""chinese-character"" style=""color:#000000;"">黄</div>"," ","375","2.1.0","534461","5mjomaw0pk","block1_then_block2","","","character_naming","","","","","","","","","黄","huang2","","","","","2","yellow","yellow","incongruent_color_character","green","false","","",""
"html-keyboard-response","null","","null","376","2.1.0","535473","5mjomaw0pk","block1_then_block2","","","inter_trial_interval","","","","","","","","","","","","","","","","","","","","","","",""
"html-keyboard-response","null","<div class=""fixation"">+</div>","null","377","2.1.0","535980","5mjomaw0pk","block1_then_block2","","","fixation","","","","","","","","","","","","","","","","","","","","","","",""
"html-keyboard-response","346","<div class=""chinese-character"" style=""color:#000000;"">虑</div>"," ","378","2.1.0","536326","5mjomaw0pk","block1_then_block2","","","character_naming","","","","","","","","","虑","lv4","","","","","2","green","ponder","congruent_S_T_plus","green","false","","",""
"html-keyboard-response","null","","null","379","2.1.0","537338","5mjomaw0pk","block1_then_block2","","","inter_trial_interval","","","","","","","","","","","","","","","","","","","","","","",""
"html-keyboard-response","null","<div class=""fixation"">+</div>","null","380","2.1.0","537846","5mjomaw0pk","block1_then_block2","","","fixation","","","","","","","","","","","","","","","","","","","","","","",""
"html-keyboard-response","343","<div class=""chinese-character"" style=""color:#000000;"">饭</div>"," ","381","2.1.0","538190","5mjomaw0pk","block1_then_block2","","","character_naming","","","","","","","","","饭","fan4","","","","","2","f2_14","meal","filler","yellow","true","","",""
"html-keyboard-response","null","","null","382","2.1.0","539205","5mjomaw0pk","block1_then_block2","","","inter_trial_interval","","","","","","","","","","","","","","","","","","","","","","",""
"html-keyboard-response","null","<div class=""fixation"">+</div>","null","383","2.1.0","539713","5mjomaw0pk","block1_then_block2","","","fixation","","","","","","","","","","","","","","","","","","","","","","",""
"html-keyboard-response","340","<div class=""chinese-character"" style=""color:#000000;"">桌</div>"," ","384","2.1.0","540053","5mjomaw0pk","block1_then_block2","","","character_naming","","","","","","","","","桌","zhuo1","","","","","2","f2_6","table","filler","yellow","true","","",""
"html-keyboard-response","null","","null","385","2.1.0","541069","5mjomaw0pk","block1_then_block2","","","inter_trial_interval","","","","","","","","","","","","","","","","","","","","","","",""
"html-keyboard-response","null","<div class=""fixation"">+</div>","null","386","2.1.0","541578","5mjomaw0pk","block1_then_block2","","","fixation","","","","","","","","","","","","","","","","","","","","","","",""
"html-keyboard-response","282","<div class=""chinese-character"" style=""color:#000000;"">影</div>"," ","387","2.1.0","541860","5mjomaw0pk","block1_then_block2","","","character_naming","","","","","","","","","影","ying3","","","","","2","f2_16","shadow/movie","filler","green","true","","",""
"html-keyboard-response","null","","null","388","2.1.0","542872","5mjomaw0pk","block1_then_block2","","","inter_trial_interval","","","","","","","","","","","","","","","","","","","","","","",""
"html-keyboard-response","null","<div class=""fixation"">+</div>","null","389","2.1.0","543380","5mjomaw0pk","block1_then_block2","","","fixation","","","","","","","","","","","","","","","","","","","","","","",""
"html-keyboard-response","292","<div class=""chinese-character"" style=""color:#000000;"">瓶</div>"," ","390","2.1.0","543673","5mjomaw0pk","block1_then_block2","","","character_naming","","","","","","","","","瓶","ping2","","","","","2","red","bottle","congruent_S_minus_T_plus","red","false","","",""
"html-keyboard-response","null","","null","391","2.1.0","544674","5mjomaw0pk","block1_then_block2","","","inter_trial_interval","","","","","","","","","","","","","","","","","","","","","","",""
"html-keyboard-response","null","<div class=""fixation"">+</div>","null","392","2.1.0","545182","5mjomaw0pk","block1_then_block2","","","fixation","","","","","","","","","","","","","","","","","","","","","","",""
"html-keyboard-response","321","<div class=""chinese-character"" style=""color:#000000;"">猫</div>"," ","393","2.1.0","545503","5mjomaw0pk","block1_then_block2","","","character_naming","","","","","","","","","猫","mao1","","","","","2","f2_1","cat","filler","red","true","","",""
"html-keyboard-response","null","","null","394","2.1.0","546509","5mjomaw0pk","block1_then_block2","","","inter_trial_interval","","","","","","","","","","","","","","","","","","","","","","",""
"html-keyboard-response","null","<div class=""fixation"">+</div>","null","395","2.1.0","547017","5mjomaw0pk","block1_then_block2","","","fixation","","","","","","","","","","","","","","","","","","","","","","",""
"html-keyboard-response","206","<div class=""chinese-character"" style=""color:#000000;"">海</div>"," ","396","2.1.0","547224","5mjomaw0pk","block1_then_block2","","","character_naming","","","","","","","","","海","hai3","","","","","2","f2_12","sea","filler","green","true","","",""
"html-keyboard-response","null","","null","397","2.1.0","548236","5mjomaw0pk","block1_then_block2","","","inter_trial_interval","","","","","","","","","","","","","","","","","","","","","","",""
"html-keyboard-response","null","<div class=""fixation"">+</div>","null","398","2.1.0","548745","5mjomaw0pk","block1_then_block2","","","fixation","","","","","","","","","","","","","","","","","","","","","","",""
"html-keyboard-response","285","<div class=""chinese-character"" style=""color:#000000;"">旅</div>"," ","399","2.1.0","549031","5mjomaw0pk","block1_then_block2","","","character_naming","","","","","","","","","旅","lv3","","","","","2","green","travel","congruent_S_plus_T_minus","green","false","","",""
"html-keyboard-response","null","","null","400","2.1.0","550041","5mjomaw0pk","block1_then_block2","","","inter_trial_interval","","","","","","","","","","","","","","","","","","","","","","",""
"html-keyboard-response","null","<div class=""fixation"">+</div>","null","401","2.1.0","550548","5mjomaw0pk","block1_then_block2","","","fixation","","","","","","","","","","","","","","","","","","","","","","",""
"html-keyboard-response","262","<div class=""chinese-character"" style=""color:#000000;"">黄</div>"," ","402","2.1.0","550810","5mjomaw0pk","block1_then_block2","","","character_naming","","","","","","","","","黄","huang2","","","","","2","yellow","yellow","congruent_color_character","yellow","false","","",""
"html-keyboard-response","null","","null","403","2.1.0","551812","5mjomaw0pk","block1_then_block2","","","inter_trial_interval","","","","","","","","","","","","","","","","","","","","","","",""
"html-keyboard-response","null","<div class=""fixation"">+</div>","null","404","2.1.0","552321","5mjomaw0pk","block1_then_block2","","","fixation","","","","","","","","","","","","","","","","","","","","","","",""
"html-keyboard-response","210","<div class=""chinese-character"" style=""color:#000000;"">椅</div>"," ","405","2.1.0","552532","5mjomaw0pk","block1_then_block2","","","character_naming","","","","","","","","","椅","yi3","","","","","2","f2_7","chair","filler","blue","true","","",""
"html-keyboard-response","null","","null","406","2.1.0","553538","5mjomaw0pk","block1_then_block2","","","inter_trial_interval","","","","","","","","","","","","","","","","","","","","","","",""
"html-keyboard-response","null","<div class=""fixation"">+</div>","null","407","2.1.0","554045","5mjomaw0pk","block1_then_block2","","","fixation","","","","","","","","","","","","","","","","","","","","","","",""
"html-keyboard-response","299","<div class=""chinese-character"" style=""color:#000000;"">晃</div>"," ","408","2.1.0","554344","5mjomaw0pk","block1_then_block2","","","character_naming","","","","","","","","","晃","huang4","","","","","2","yellow","sway","congruent_S_plus_T_minus","yellow","false","","",""
"html-keyboard-response","null","","null","409","2.1.0","555354","5mjomaw0pk","block1_then_block2","","","inter_trial_interval","","","","","","","","","","","","","","","","","","","","","","",""
"html-keyboard-response","null","<div class=""fixation"">+</div>","null","410","2.1.0","555865","5mjomaw0pk","block1_then_block2","","","fixation","","","","","","","","","","","","","","","","","","","","","","",""
"html-keyboard-response","252","<div class=""chinese-character"" style=""color:#000000;"">球</div>"," ","411","2.1.0","556117","5mjomaw0pk","block1_then_block2","","","character_naming","","","","","","","","","球","qiu2","","","","","2","f2_9","ball","filler","red","true","","",""
"html-keyboard-response","null","","null","412","2.1.0","557129","5mjomaw0pk","block1_then_block2","","","inter_trial_interval","","","","","","","","","","","","","","","","","","","","","","",""
"html-keyboard-response","null","<div class=""fixation"">+</div>","null","413","2.1.0","557637","5mjomaw0pk","block1_then_block2","","","fixation","","","","","","","","","","","","","","","","","","","","","","",""
"html-keyboard-response","257","<div class=""chinese-character"" style=""color:#000000;"">雪</div>"," ","414","2.1.0","557895","5mjomaw0pk","block1_then_block2","","","character_naming","","","","","","","","","雪","xue3","","","","","2","f2_20","snow","filler","green","true","","",""
"html-keyboard-response","null","","null","415","2.1.0","558902","5mjomaw0pk","block1_then_block2","","","inter_trial_interval","","","","","","","","","","","","","","","","","","","","","","",""
"html-keyboard-response","null","<div class=""fixation"">+</div>","null","416","2.1.0","559411","5mjomaw0pk","block1_then_block2","","","fixation","","","","","","","","","","","","","","","","","","","","","","",""
"html-keyboard-response","290","<div class=""chinese-character"" style=""color:#000000;"">皇</div>"," ","417","2.1.0","559702","5mjomaw0pk","block1_then_block2","","","character_naming","","","","","","","","","皇","huang2","","","","","2","yellow","emperor","congruent_S_T_plus","yellow","false","","",""
"html-keyboard-response","null","","null","418","2.1.0","560708","5mjomaw0pk","block1_then_block2","","","inter_trial_interval","","","","","","","","","","","","","","","","","","","","","","",""
"html-keyboard-response","null","<div class=""fixation"">+</div>","null","419","2.1.0","561216","5mjomaw0pk","block1_then_block2","","","fixation","","","","","","","","","","","","","","","","","","","","","","",""
"html-keyboard-response","321","<div class=""chinese-character"" style=""color:#000000;"">趁</div>"," ","420","2.1.0","561537","5mjomaw0pk","block1_then_block2","","","character_naming","","","","","","","","","趁","chen4","","","","","2","yellow","take advantage of","neutral","yellow","false","","",""
"html-keyboard-response","null","","null","421","2.1.0","562542","5mjomaw0pk","block1_then_block2","","","inter_trial_interval","","","","","","","","","","","","","","","","","","","","","","",""
"html-keyboard-response","null","<div class=""fixation"">+</div>","null","422","2.1.0","563051","5mjomaw0pk","block1_then_block2","","","fixation","","","","","","","","","","","","","","","","","","","","","","",""
"html-keyboard-response","350","<div class=""chinese-character"" style=""color:#000000;"">览</div>"," ","423","2.1.0","563401","5mjomaw0pk","block1_then_block2","","","character_naming","","","","","","","","","览","lan3","","","","","2","blue","view","congruent_S_plus_T_minus","blue","false","","",""
"html-keyboard-response","null","","null","424","2.1.0","564407","5mjomaw0pk","block1_then_block2","","","inter_trial_interval","","","","","","","","","","","","","","","","","","","","","","",""
"html-keyboard-response","null","<div class=""fixation"">+</div>","null","425","2.1.0","564916","5mjomaw0pk","block1_then_block2","","","fixation","","","","","","","","","","","","","","","","","","","","","","",""
"html-keyboard-response","325","<div class=""chinese-character"" style=""color:#000000;"">蓝</div>"," ","426","2.1.0","565241","5mjomaw0pk","block1_then_block2","","","character_naming","","","","","","","","","蓝","lan2","","","","","2","blue","blue","incongruent_color_character","red","false","","",""
"html-keyboard-response","null","","null","427","2.1.0","566257","5mjomaw0pk","block1_then_block2","","","inter_trial_interval","","","","","","","","","","","","","","","","","","","","","","",""
"html-keyboard-response","null","<div class=""fixation"">+</div>","null","428","2.1.0","566766","5mjomaw0pk","block1_then_block2","","","fixation","","","","","","","","","","","","","","","","","","","","","","",""
"html-keyboard-response","562","<div class=""chinese-character"" style=""color:#000000;"">绿</div>"," ","429","2.1.0","567329","5mjomaw0pk","block1_then_block2","","","character_naming","","","","","","","","","绿","lv4","","","","","2","green","green","congruent_color_character","green","false","","",""
"html-keyboard-response","null","","null","430","2.1.0","568336","5mjomaw0pk","block1_then_block2","","","inter_trial_interval","","","","","","","","","","","","","","","","","","","","","","",""
"html-keyboard-response","null","<div class=""fixation"">+</div>","null","431","2.1.0","568844","5mjomaw0pk","block1_then_block2","","","fixation","","","","","","","","","","","","","","","","","","","","","","",""
"html-keyboard-response","263","<div class=""chinese-character"" style=""color:#000000;"">牵</div>"," ","432","2.1.0","569108","5mjomaw0pk","block1_then_block2","","","character_naming","","","","","","","","","牵","qian1","","","","","2","red","lead along","neutral","red","false","","",""
"html-keyboard-response","null","","null","433","2.1.0","570122","5mjomaw0pk","block1_then_block2","","","inter_trial_interval","","","","","","","","","","","","","","","","","","","","","","",""
"html-keyboard-response","null","<div class=""fixation"">+</div>","null","434","2.1.0","570630","5mjomaw0pk","block1_then_block2","","","fixation","","","","","","","","","","","","","","","","","","","","","","",""
"html-keyboard-response","311","<div class=""chinese-character"" style=""color:#000000;"">衣</div>"," ","435","2.1.0","570942","5mjomaw0pk","block1_then_block2","","","character_naming","","","","","","","","","衣","yi1","","","","","2","f2_17","clothing","filler","red","true","","",""
"html-keyboard-response","null","","null","436","2.1.0","571956","5mjomaw0pk","block1_then_block2","","","inter_trial_interval","","","","","","","","","","","","","","","","","","","","","","",""
"html-keyboard-response","null","<div class=""fixation"">+</div>","null","437","2.1.0","572466","5mjomaw0pk","block1_then_block2","","","fixation","","","","","","","","","","","","","","","","","","","","","","",""
"html-keyboard-response","112","<div class=""chinese-character"" style=""color:#000000;"">红</div>"," ","438","2.1.0","572578","5mjomaw0pk","block1_then_block2","","","character_naming","","","","","","","","","红","hong2","","","","","2","red","red","congruent_color_character","red","false","","",""
"html-keyboard-response","null","","null","439","2.1.0","573588","5mjomaw0pk","block1_then_block2","","","inter_trial_interval","","","","","","","","","","","","","","","","","","","","","","",""
"html-keyboard-response","null","<div class=""fixation"">+</div>","null","440","2.1.0","574097","5mjomaw0pk","block1_then_block2","","","fixation","","","","","","","","","","","","","","","","","","","","","","",""
"html-keyboard-response","288","<div class=""chinese-character"" style=""color:#000000;"">马</div>"," ","441","2.1.0","574386","5mjomaw0pk","block1_then_block2","","","character_naming","","","","","","","","","马","ma3","","","","","2","f2_3","horse","filler","blue","true","","",""
"html-keyboard-response","null","","null","442","2.1.0","575392","5mjomaw0pk","block1_then_block2","","","inter_trial_interval","","","","","","","","","","","","","","","","","","","","","","",""
"html-keyboard-response","null","<div class=""fixation"">+</div>","null","443","2.1.0","575900","5mjomaw0pk","block1_then_block2","","","fixation","","","","","","","","","","","","","","","","","","","","","","",""
"html-keyboard-response","326","<div class=""chinese-character"" style=""color:#000000;"">钟</div>"," ","444","2.1.0","576226","5mjomaw0pk","block1_then_block2","","","character_naming","","","","","","","","","钟","zhong1","","","","","2","f2_10","clock","filler","yellow","true","","",""
"html-keyboard-response","null","","null","445","2.1.0","577240","5mjomaw0pk","block1_then_block2","","","inter_trial_interval","","","","","","","","","","","","","","","","","","","","","","",""
"html-keyboard-response","null","<div class=""fixation"">+</div>","null","446","2.1.0","577748","5mjomaw0pk","block1_then_block2","","","fixation","","","","","","","","","","","","","","","","","","","","","","",""
"html-keyboard-response","308","<div class=""chinese-character"" style=""color:#000000;"">河</div>"," ","447","2.1.0","578056","5mjomaw0pk","block1_then_block2","","","character_naming","","","","","","","","","河","he2","","","","","2","f2_11","river","filler","blue","true","","",""
"html-keyboard-response","null","","null","448","2.1.0","579059","5mjomaw0pk","block1_then_block2","","","inter_trial_interval","","","","","","","","","","","","","","","","","","","","","","",""
"html-keyboard-response","null","<div class=""fixation"">+</div>","null","449","2.1.0","579568","5mjomaw0pk","block1_then_block2","","","fixation","","","","","","","","","","","","","","","","","","","","","","",""
"html-keyboard-response","380","<div class=""chinese-character"" style=""color:#000000;"">电</div>"," ","450","2.1.0","579948","5mjomaw0pk","block1_then_block2","","","character_naming","","","","","","","","","电","dian4","","","","","2","f2_15","electricity","filler","blue","true","","",""
"html-keyboard-response","null","","null","451","2.1.0","580954","5mjomaw0pk","block1_then_block2","","","inter_trial_interval","","","","","","","","","","","","","","","","","","","","","","",""
"html-keyboard-response","null","<div class=""fixation"">+</div>","null","452","2.1.0","581460","5mjomaw0pk","block1_then_block2","","","fixation","","","","","","","","","","","","","","","","","","","","","","",""
"html-keyboard-response","380","<div class=""chinese-character"" style=""color:#000000;"">口</div>"," ","453","2.1.0","581840","5mjomaw0pk","block1_then_block2","","","character_naming","","","","","","","","","口","kou3","","","","","2","f2_22","mouth","filler","yellow","true","","",""
"html-keyboard-response","null","","null","454","2.1.0","582846","5mjomaw0pk","block1_then_block2","","","inter_trial_interval","","","","","","","","","","","","","","","","","","","","","","",""
"html-keyboard-response","null","<div class=""fixation"">+</div>","null","455","2.1.0","583356","5mjomaw0pk","block1_then_block2","","","fixation","","","","","","","","","","","","","","","","","","","","","","",""
"html-keyboard-response","320","<div class=""chinese-character"" style=""color:#000000;"">红</div>"," ","456","2.1.0","583676","5mjomaw0pk","block1_then_block2","","","character_naming","","","","","","","","","红","hong2","","","","","2","red","red","incongruent_color_character","blue","false","","",""
"html-keyboard-response","null","","null","457","2.1.0","584683","5mjomaw0pk","block1_then_block2","","","inter_trial_interval","","","","","","","","","","","","","","","","","","","","","","",""
"html-keyboard-response","null","<div class=""fixation"">+</div>","null","458","2.1.0","585192","5mjomaw0pk","block1_then_block2","","","fixation","","","","","","","","","","","","","","","","","","","","","","",""
"html-keyboard-response","318","<div class=""chinese-character"" style=""color:#000000;"">宫</div>"," ","459","2.1.0","585511","5mjomaw0pk","block1_then_block2","","","character_naming","","","","","","","","","宫","gong1","","","","","2","blue","palace","neutral","blue","false","","",""
"html-keyboard-response","null","","null","460","2.1.0","586519","5mjomaw0pk","block1_then_block2","","","inter_trial_interval","","","","","","","","","","","","","","","","","","","","","","",""
"html-keyboard-response","null","<div class=""fixation"">+</div>","null","461","2.1.0","587027","5mjomaw0pk","block1_then_block2","","","fixation","","","","","","","","","","","","","","","","","","","","","","",""
"html-keyboard-response","325","<div class=""chinese-character"" style=""color:#000000;"">田</div>"," ","462","2.1.0","587352","5mjomaw0pk","block1_then_block2","","","character_naming","","","","","","","","","田","tian2","","","","","2","f2_24","field","filler","green","true","","",""
"html-keyboard-response","null","","null","463","2.1.0","588357","5mjomaw0pk","block1_then_block2","","","inter_trial_interval","","","","","","","","","","","","","","","","","","","","","","",""
"html-keyboard-response","null","<div class=""fixation"">+</div>","null","464","2.1.0","588866","5mjomaw0pk","block1_then_block2","","","fixation","","","","","","","","","","","","","","","","","","","","","","",""
"html-keyboard-response","403","<div class=""chinese-character"" style=""color:#000000;"">耳</div>"," ","465","2.1.0","589269","5mjomaw0pk","block1_then_block2","","","character_naming","","","","","","","","","耳","er3","","","","","2","f2_21","ear","filler","red","true","","",""
"html-keyboard-response","null","","null","466","2.1.0","590281","5mjomaw0pk","block1_then_block2","","","inter_trial_interval","","","","","","","","","","","","","","","","","","","","","","",""
"html-keyboard-response","7965","
      <div class=""instructions"">
        <h2>English Color-Naming Block 2</h2>
        <p>You will see Chinese characters printed in color.</p>
        <p>Your task is to identify the <strong>ink color in English</strong>.</p>
        <p>Ignore the character itself.</p>
        <p><strong>R</strong> = red, <strong>Y</strong> = yellow, <strong>B</strong> = blue, <strong>G</strong> = green.</p>
        <p>Press <strong>Space</strong> to begin.</p>
      </div>
    "," ","467","2.1.0","598247","5mjomaw0pk","block1_then_block2","","","","","","","","","","","","","","","","","","","","","","","","","",""
"html-keyboard-response","null","<div class=""fixation"">+</div>","null","468","2.1.0","598758","5mjomaw0pk","block1_then_block2","","","fixation","","","","","","","","","","","","","","","","","","","","","","",""
"html-keyboard-response","1688","<div class=""chinese-character"" style=""color:#d62728;"">球</div>","r","469","2.1.0","600446","5mjomaw0pk","block1_then_block2","","","color_naming","","","","","","","","","球","qiu2","red","r","red","true","2","f2_9","ball","","","true","filler","false","null"
"html-keyboard-response","null","","null","470","2.1.0","601458","5mjomaw0pk","block1_then_block2","","","inter_trial_interval","","","","","","","","","","","","","","","","","","","","","","",""
"html-keyboard-response","null","<div class=""fixation"">+</div>","null","471","2.1.0","601966","5mjomaw0pk","block1_then_block2","","","fixation","","","","","","","","","","","","","","","","","","","","","","",""
"html-keyboard-response","1260","<div class=""chinese-character"" style=""color:#d6b300;"">皇</div>","y","472","2.1.0","603226","5mjomaw0pk","block1_then_block2","","","color_naming","","","","","","","","","皇","huang2","yellow","y","yellow","true","2","yellow","emperor","","","false","congruent_S_T_plus","true","2"
"html-keyboard-response","null","","null","473","2.1.0","604230","5mjomaw0pk","block1_then_block2","","","inter_trial_interval","","","","","","","","","","","","","","","","","","","","","","",""
"html-keyboard-response","null","<div class=""fixation"">+</div>","null","474","2.1.0","604739","5mjomaw0pk","block1_then_block2","","","fixation","","","","","","","","","","","","","","","","","","","","","","",""
"html-keyboard-response","780","<div class=""chinese-character"" style=""color:#d6b300;"">狗</div>","y","475","2.1.0","605519","5mjomaw0pk","block1_then_block2","","","color_naming","","","","","","","","","狗","gou3","yellow","y","yellow","true","2","f2_2","dog","","","true","filler","false","null"
"html-keyboard-response","null","","null","476","2.1.0","606528","5mjomaw0pk","block1_then_block2","","","inter_trial_interval","","","","","","","","","","","","","","","","","","","","","","",""
"html-keyboard-response","null","<div class=""fixation"">+</div>","null","477","2.1.0","607036","5mjomaw0pk","block1_then_block2","","","fixation","","","","","","","","","","","","","","","","","","","","","","",""
"html-keyboard-response","718","<div class=""chinese-character"" style=""color:#1f77b4;"">红</div>","b","478","2.1.0","607754","5mjomaw0pk","block1_then_block2","","","color_naming","","","","","","","","","红","hong2","blue","b","blue","true","2","red","red","","","false","incongruent_color_character","true","2"
"html-keyboard-response","null","","null","479","2.1.0","608759","5mjomaw0pk","block1_then_block2","","","inter_trial_interval","","","","","","","","","","","","","","","","","","","","","","",""
"html-keyboard-response","null","<div class=""fixation"">+</div>","null","480","2.1.0","609268","5mjomaw0pk","block1_then_block2","","","fixation","","","","","","","","","","","","","","","","","","","","","","",""
"html-keyboard-response","839","<div class=""chinese-character"" style=""color:#2ca02c;"">雪</div>","g","481","2.1.0","610107","5mjomaw0pk","block1_then_block2","","","color_naming","","","","","","","","","雪","xue3","green","g","green","true","2","f2_20","snow","","","true","filler","false","null"
"html-keyboard-response","null","","null","482","2.1.0","611119","5mjomaw0pk","block1_then_block2","","","inter_trial_interval","","","","","","","","","","","","","","","","","","","","","","",""
"html-keyboard-response","null","<div class=""fixation"">+</div>","null","483","2.1.0","611626","5mjomaw0pk","block1_then_block2","","","fixation","","","","","","","","","","","","","","","","","","","","","","",""
"html-keyboard-response","538","<div class=""chinese-character"" style=""color:#d62728;"">红</div>","r","484","2.1.0","612164","5mjomaw0pk","block1_then_block2","","","color_naming","","","","","","","","","红","hong2","red","r","red","true","2","red","red","","","false","congruent_color_character","true","2"
"html-keyboard-response","null","","null","485","2.1.0","613166","5mjomaw0pk","block1_then_block2","","","inter_trial_interval","","","","","","","","","","","","","","","","","","","","","","",""
"html-keyboard-response","null","<div class=""fixation"">+</div>","null","486","2.1.0","613677","5mjomaw0pk","block1_then_block2","","","fixation","","","","","","","","","","","","","","","","","","","","","","",""
"html-keyboard-response","668","<div class=""chinese-character"" style=""color:#d6b300;"">绿</div>","y","487","2.1.0","614345","5mjomaw0pk","block1_then_block2","","","color_naming","","","","","","","","","绿","lv4","yellow","y","yellow","true","2","green","green","","","false","incongruent_color_character","true","2"
"html-keyboard-response","null","","null","488","2.1.0","615356","5mjomaw0pk","block1_then_block2","","","inter_trial_interval","","","","","","","","","","","","","","","","","","","","","","",""
"html-keyboard-response","null","<div class=""fixation"">+</div>","null","489","2.1.0","615865","5mjomaw0pk","block1_then_block2","","","fixation","","","","","","","","","","","","","","","","","","","","","","",""
"html-keyboard-response","544","<div class=""chinese-character"" style=""color:#d6b300;"">钟</div>","y","490","2.1.0","616410","5mjomaw0pk","block1_then_block2","","","color_naming","","","","","","","","","钟","zhong1","yellow","y","yellow","true","2","f2_10","clock","","","true","filler","false","null"
"html-keyboard-response","null","","null","491","2.1.0","617423","5mjomaw0pk","block1_then_block2","","","inter_trial_interval","","","","","","","","","","","","","","","","","","","","","","",""
"html-keyboard-response","null","<div class=""fixation"">+</div>","null","492","2.1.0","617931","5mjomaw0pk","block1_then_block2","","","fixation","","","","","","","","","","","","","","","","","","","","","","",""
"html-keyboard-response","400","<div class=""chinese-character"" style=""color:#d6b300;"">口</div>","y","493","2.1.0","618331","5mjomaw0pk","block1_then_block2","","","color_naming","","","","","","","","","口","kou3","yellow","y","yellow","true","2","f2_22","mouth","","","true","filler","false","null"
"html-keyboard-response","null","","null","494","2.1.0","619332","5mjomaw0pk","block1_then_block2","","","inter_trial_interval","","","","","","","","","","","","","","","","","","","","","","",""
"html-keyboard-response","null","<div class=""fixation"">+</div>","null","495","2.1.0","619843","5mjomaw0pk","block1_then_block2","","","fixation","","","","","","","","","","","","","","","","","","","","","","",""
"html-keyboard-response","613","<div class=""chinese-character"" style=""color:#2ca02c;"">房</div>","g","496","2.1.0","620456","5mjomaw0pk","block1_then_block2","","","color_naming","","","","","","","","","房","fang2","green","g","green","true","2","f2_8","room","","","true","filler","false","null"
"html-keyboard-response","null","","null","497","2.1.0","621462","5mjomaw0pk","block1_then_block2","","","inter_trial_interval","","","","","","","","","","","","","","","","","","","","","","",""
"html-keyboard-response","null","<div class=""fixation"">+</div>","null","498","2.1.0","621970","5mjomaw0pk","block1_then_block2","","","fixation","","","","","","","","","","","","","","","","","","","","","","",""
"html-keyboard-response","714","<div class=""chinese-character"" style=""color:#d62728;"">牵</div>","r","499","2.1.0","622684","5mjomaw0pk","block1_then_block2","","","color_naming","","","","","","","","","牵","qian1","red","r","red","true","2","red","lead along","","","false","neutral","true","2"
"html-keyboard-response","null","","null","500","2.1.0","623697","5mjomaw0pk","block1_then_block2","","","inter_trial_interval","","","","","","","","","","","","","","","","","","","","","","",""
"html-keyboard-response","null","<div class=""fixation"">+</div>","null","501","2.1.0","624205","5mjomaw0pk","block1_then_block2","","","fixation","","","","","","","","","","","","","","","","","","","","","","",""
"html-keyboard-response","886","<div class=""chinese-character"" style=""color:#d62728;"">蓝</div>","r","502","2.1.0","625091","5mjomaw0pk","block1_then_block2","","","color_naming","","","","","","","","","蓝","lan2","red","r","red","true","2","blue","blue","","","false","incongruent_color_character","true","2"
"html-keyboard-response","null","","null","503","2.1.0","626099","5mjomaw0pk","block1_then_block2","","","inter_trial_interval","","","","","","","","","","","","","","","","","","","","","","",""
"html-keyboard-response","null","<div class=""fixation"">+</div>","null","504","2.1.0","626609","5mjomaw0pk","block1_then_block2","","","fixation","","","","","","","","","","","","","","","","","","","","","","",""
"html-keyboard-response","692","<div class=""chinese-character"" style=""color:#1f77b4;"">尝</div>","b","505","2.1.0","627301","5mjomaw0pk","block1_then_block2","","","color_naming","","","","","","","","","尝","chang2","blue","b","blue","true","2","blue","taste","","","false","congruent_S_minus_T_plus","true","2"
"html-keyboard-response","null","","null","506","2.1.0","628303","5mjomaw0pk","block1_then_block2","","","inter_trial_interval","","","","","","","","","","","","","","","","","","","","","","",""
"html-keyboard-response","null","<div class=""fixation"">+</div>","null","507","2.1.0","628811","5mjomaw0pk","block1_then_block2","","","fixation","","","","","","","","","","","","","","","","","","","","","","",""
"html-keyboard-response","524","<div class=""chinese-character"" style=""color:#d6b300;"">缠</div>","y","508","2.1.0","629336","5mjomaw0pk","block1_then_block2","","","color_naming","","","","","","","","","缠","chan2","yellow","y","yellow","true","2","yellow","wrap around","","","false","congruent_S_minus_T_plus","true","2"
"html-keyboard-response","null","","null","509","2.1.0","630337","5mjomaw0pk","block1_then_block2","","","inter_trial_interval","","","","","","","","","","","","","","","","","","","","","","",""
"html-keyboard-response","null","<div class=""fixation"">+</div>","null","510","2.1.0","630846","5mjomaw0pk","block1_then_block2","","","fixation","","","","","","","","","","","","","","","","","","","","","","",""
"html-keyboard-response","444","<div class=""chinese-character"" style=""color:#d6b300;"">星</div>","y","511","2.1.0","631291","5mjomaw0pk","block1_then_block2","","","color_naming","","","","","","","","","星","xing1","yellow","y","yellow","true","2","f2_18","star","","","true","filler","false","null"
"html-keyboard-response","null","","null","512","2.1.0","632297","5mjomaw0pk","block1_then_block2","","","inter_trial_interval","","","","","","","","","","","","","","","","","","","","","","",""
"html-keyboard-response","null","<div class=""fixation"">+</div>","null","513","2.1.0","632805","5mjomaw0pk","block1_then_block2","","","fixation","","","","","","","","","","","","","","","","","","","","","","",""
"html-keyboard-response","488","<div class=""chinese-character"" style=""color:#d6b300;"">黄</div>","y","514","2.1.0","633293","5mjomaw0pk","block1_then_block2","","","color_naming","","","","","","","","","黄","huang2","yellow","y","yellow","true","2","yellow","yellow","","","false","congruent_color_character","true","2"
"html-keyboard-response","null","","null","515","2.1.0","634299","5mjomaw0pk","block1_then_block2","","","inter_trial_interval","","","","","","","","","","","","","","","","","","","","","","",""
"html-keyboard-response","null","<div class=""fixation"">+</div>","null","516","2.1.0","634806","5mjomaw0pk","block1_then_block2","","","fixation","","","","","","","","","","","","","","","","","","","","","","",""
"html-keyboard-response","522","<div class=""chinese-character"" style=""color:#1f77b4;"">览</div>","b","517","2.1.0","635329","5mjomaw0pk","block1_then_block2","","","color_naming","","","","","","","","","览","lan3","blue","b","blue","true","2","blue","view","","","false","congruent_S_plus_T_minus","true","2"
"html-keyboard-response","null","","null","518","2.1.0","636331","5mjomaw0pk","block1_then_block2","","","inter_trial_interval","","","","","","","","","","","","","","","","","","","","","","",""
"html-keyboard-response","null","<div class=""fixation"">+</div>","null","519","2.1.0","636842","5mjomaw0pk","block1_then_block2","","","fixation","","","","","","","","","","","","","","","","","","","","","","",""
"html-keyboard-response","521","<div class=""chinese-character"" style=""color:#2ca02c;"">影</div>","g","520","2.1.0","637363","5mjomaw0pk","block1_then_block2","","","color_naming","","","","","","","","","影","ying3","green","g","green","true","2","f2_16","shadow/movie","","","true","filler","false","null"
"html-keyboard-response","null","","null","521","2.1.0","638367","5mjomaw0pk","block1_then_block2","","","inter_trial_interval","","","","","","","","","","","","","","","","","","","","","","",""
"html-keyboard-response","null","<div class=""fixation"">+</div>","null","522","2.1.0","638874","5mjomaw0pk","block1_then_block2","","","fixation","","","","","","","","","","","","","","","","","","","","","","",""
"html-keyboard-response","498","<div class=""chinese-character"" style=""color:#d6b300;"">趁</div>","y","523","2.1.0","639372","5mjomaw0pk","block1_then_block2","","","color_naming","","","","","","","","","趁","chen4","yellow","y","yellow","true","2","yellow","take advantage of","","","false","neutral","true","2"
"html-keyboard-response","null","","null","524","2.1.0","640386","5mjomaw0pk","block1_then_block2","","","inter_trial_interval","","","","","","","","","","","","","","","","","","","","","","",""
"html-keyboard-response","null","<div class=""fixation"">+</div>","null","525","2.1.0","640894","5mjomaw0pk","block1_then_block2","","","fixation","","","","","","","","","","","","","","","","","","","","","","",""
"html-keyboard-response","633","<div class=""chinese-character"" style=""color:#d6b300;"">桌</div>","y","526","2.1.0","641527","5mjomaw0pk","block1_then_block2","","","color_naming","","","","","","","","","桌","zhuo1","yellow","y","yellow","true","2","f2_6","table","","","true","filler","false","null"
"html-keyboard-response","null","","null","527","2.1.0","642531","5mjomaw0pk","block1_then_block2","","","inter_trial_interval","","","","","","","","","","","","","","","","","","","","","","",""
"html-keyboard-response","null","<div class=""fixation"">+</div>","null","528","2.1.0","643039","5mjomaw0pk","block1_then_block2","","","fixation","","","","","","","","","","","","","","","","","","","","","","",""
"html-keyboard-response","546","<div class=""chinese-character"" style=""color:#2ca02c;"">洞</div>","g","529","2.1.0","643585","5mjomaw0pk","block1_then_block2","","","color_naming","","","","","","","","","洞","dong4","green","g","green","true","2","green","hole","","","false","congruent_S_minus_T_plus","true","2"
"html-keyboard-response","null","","null","530","2.1.0","644597","5mjomaw0pk","block1_then_block2","","","inter_trial_interval","","","","","","","","","","","","","","","","","","","","","","",""
"html-keyboard-response","null","<div class=""fixation"">+</div>","null","531","2.1.0","645105","5mjomaw0pk","block1_then_block2","","","fixation","","","","","","","","","","","","","","","","","","","","","","",""
"html-keyboard-response","659","<div class=""chinese-character"" style=""color:#1f77b4;"">椅</div>","b","532","2.1.0","645764","5mjomaw0pk","block1_then_block2","","","color_naming","","","","","","","","","椅","yi3","blue","b","blue","true","2","f2_7","chair","","","true","filler","false","null"
"html-keyboard-response","null","","null","533","2.1.0","646768","5mjomaw0pk","block1_then_block2","","","inter_trial_interval","","","","","","","","","","","","","","","","","","","","","","",""
"html-keyboard-response","null","<div class=""fixation"">+</div>","null","534","2.1.0","647277","5mjomaw0pk","block1_then_block2","","","fixation","","","","","","","","","","","","","","","","","","","","","","",""
"html-keyboard-response","637","<div class=""chinese-character"" style=""color:#1f77b4;"">婪</div>","b","535","2.1.0","647914","5mjomaw0pk","block1_then_block2","","","color_naming","","","","","","","","","婪","lan2","blue","b","blue","true","2","blue","greedy","","","false","congruent_S_T_plus","true","2"
"html-keyboard-response","null","","null","536","2.1.0","648925","5mjomaw0pk","block1_then_block2","","","inter_trial_interval","","","","","","","","","","","","","","","","","","","","","","",""
"html-keyboard-response","null","<div class=""fixation"">+</div>","null","537","2.1.0","649434","5mjomaw0pk","block1_then_block2","","","fixation","","","","","","","","","","","","","","","","","","","","","","",""
"html-keyboard-response","598","<div class=""chinese-character"" style=""color:#d62728;"">轰</div>","r","538","2.1.0","650032","5mjomaw0pk","block1_then_block2","","","color_naming","","","","","","","","","轰","hong1","red","r","red","true","2","red","boom","","","false","congruent_S_plus_T_minus","true","2"
"html-keyboard-response","null","","null","539","2.1.0","651038","5mjomaw0pk","block1_then_block2","","","inter_trial_interval","","","","","","","","","","","","","","","","","","","","","","",""
"html-keyboard-response","null","<div class=""fixation"">+</div>","null","540","2.1.0","651547","5mjomaw0pk","block1_then_block2","","","fixation","","","","","","","","","","","","","","","","","","","","","","",""
"html-keyboard-response","698","<div class=""chinese-character"" style=""color:#1f77b4;"">宫</div>","b","541","2.1.0","652246","5mjomaw0pk","block1_then_block2","","","color_naming","","","","","","","","","宫","gong1","blue","b","blue","true","2","blue","palace","","","false","neutral","true","2"
"html-keyboard-response","null","","null","542","2.1.0","653258","5mjomaw0pk","block1_then_block2","","","inter_trial_interval","","","","","","","","","","","","","","","","","","","","","","",""
"html-keyboard-response","null","<div class=""fixation"">+</div>","null","543","2.1.0","653767","5mjomaw0pk","block1_then_block2","","","fixation","","","","","","","","","","","","","","","","","","","","","","",""
"html-keyboard-response","395","<div class=""chinese-character"" style=""color:#1f77b4;"">草</div>","b","544","2.1.0","654163","5mjomaw0pk","block1_then_block2","","","color_naming","","","","","","","","","草","cao3","blue","b","blue","true","2","f2_19","grass","","","true","filler","false","null"
"html-keyboard-response","null","","null","545","2.1.0","655172","5mjomaw0pk","block1_then_block2","","","inter_trial_interval","","","","","","","","","","","","","","","","","","","","","","",""
"html-keyboard-response","null","<div class=""fixation"">+</div>","null","546","2.1.0","655680","5mjomaw0pk","block1_then_block2","","","fixation","","","","","","","","","","","","","","","","","","","","","","",""
"html-keyboard-response","603","<div class=""chinese-character"" style=""color:#2ca02c;"">黄</div>","g","547","2.1.0","656283","5mjomaw0pk","block1_then_block2","","","color_naming","","","","","","","","","黄","huang2","green","g","green","true","2","yellow","yellow","","","false","incongruent_color_character","true","2"
"html-keyboard-response","null","","null","548","2.1.0","657297","5mjomaw0pk","block1_then_block2","","","inter_trial_interval","","","","","","","","","","","","","","","","","","","","","","",""
"html-keyboard-response","null","<div class=""fixation"">+</div>","null","549","2.1.0","657804","5mjomaw0pk","block1_then_block2","","","fixation","","","","","","","","","","","","","","","","","","","","","","",""
"html-keyboard-response","742","<div class=""chinese-character"" style=""color:#d62728;"">洪</div>","r","550","2.1.0","658546","5mjomaw0pk","block1_then_block2","","","color_naming","","","","","","","","","洪","hong2","red","r","red","true","2","red","flood","","","false","congruent_S_T_plus","true","2"
"html-keyboard-response","null","","null","551","2.1.0","659557","5mjomaw0pk","block1_then_block2","","","inter_trial_interval","","","","","","","","","","","","","","","","","","","","","","",""
"html-keyboard-response","null","<div class=""fixation"">+</div>","null","552","2.1.0","660066","5mjomaw0pk","block1_then_block2","","","fixation","","","","","","","","","","","","","","","","","","","","","","",""
"html-keyboard-response","658","<div class=""chinese-character"" style=""color:#d62728;"">脸</div>","r","553","2.1.0","660724","5mjomaw0pk","block1_then_block2","","","color_naming","","","","","","","","","脸","lian3","red","r","red","true","2","f2_13","face","","","true","filler","false","null"
"html-keyboard-response","null","","null","554","2.1.0","661730","5mjomaw0pk","block1_then_block2","","","inter_trial_interval","","","","","","","","","","","","","","","","","","","","","","",""
"html-keyboard-response","null","<div class=""fixation"">+</div>","null","555","2.1.0","662237","5mjomaw0pk","block1_then_block2","","","fixation","","","","","","","","","","","","","","","","","","","","","","",""
"html-keyboard-response","700","<div class=""chinese-character"" style=""color:#1f77b4;"">心</div>","b","556","2.1.0","662938","5mjomaw0pk","block1_then_block2","","","color_naming","","","","","","","","","心","xin1","blue","b","blue","true","2","f2_23","heart","","","true","filler","false","null"
"html-keyboard-response","null","","null","557","2.1.0","663949","5mjomaw0pk","block1_then_block2","","","inter_trial_interval","","","","","","","","","","","","","","","","","","","","","","",""
"html-keyboard-response","null","<div class=""fixation"">+</div>","null","558","2.1.0","664458","5mjomaw0pk","block1_then_block2","","","fixation","","","","","","","","","","","","","","","","","","","","","","",""
"html-keyboard-response","738","<div class=""chinese-character"" style=""color:#d6b300;"">晃</div>","y","559","2.1.0","665196","5mjomaw0pk","block1_then_block2","","","color_naming","","","","","","","","","晃","huang4","yellow","y","yellow","true","2","yellow","sway","","","false","congruent_S_plus_T_minus","true","2"
"html-keyboard-response","null","","null","560","2.1.0","666201","5mjomaw0pk","block1_then_block2","","","inter_trial_interval","","","","","","","","","","","","","","","","","","","","","","",""
"html-keyboard-response","null","<div class=""fixation"">+</div>","null","561","2.1.0","666710","5mjomaw0pk","block1_then_block2","","","fixation","","","","","","","","","","","","","","","","","","","","","","",""
"html-keyboard-response","836","<div class=""chinese-character"" style=""color:#1f77b4;"">马</div>","b","562","2.1.0","667546","5mjomaw0pk","block1_then_block2","","","color_naming","","","","","","","","","马","ma3","blue","b","blue","true","2","f2_3","horse","","","true","filler","false","null"
"html-keyboard-response","null","","null","563","2.1.0","668557","5mjomaw0pk","block1_then_block2","","","inter_trial_interval","","","","","","","","","","","","","","","","","","","","","","",""
"html-keyboard-response","null","<div class=""fixation"">+</div>","null","564","2.1.0","669065","5mjomaw0pk","block1_then_block2","","","fixation","","","","","","","","","","","","","","","","","","","","","","",""
"html-keyboard-response","543","<div class=""chinese-character"" style=""color:#2ca02c;"">米</div>","g","565","2.1.0","669608","5mjomaw0pk","block1_then_block2","","","color_naming","","","","","","","","","米","mi3","green","g","green","true","2","f2_4","rice","","","true","filler","false","null"
"html-keyboard-response","null","","null","566","2.1.0","670620","5mjomaw0pk","block1_then_block2","","","inter_trial_interval","","","","","","","","","","","","","","","","","","","","","","",""
"html-keyboard-response","null","<div class=""fixation"">+</div>","null","567","2.1.0","671128","5mjomaw0pk","block1_then_block2","","","fixation","","","","","","","","","","","","","","","","","","","","","","",""
"html-keyboard-response","745","<div class=""chinese-character"" style=""color:#1f77b4;"">电</div>","b","568","2.1.0","671873","5mjomaw0pk","block1_then_block2","","","color_naming","","","","","","","","","电","dian4","blue","b","blue","true","2","f2_15","electricity","","","true","filler","false","null"
"html-keyboard-response","null","","null","569","2.1.0","672882","5mjomaw0pk","block1_then_block2","","","inter_trial_interval","","","","","","","","","","","","","","","","","","","","","","",""
"html-keyboard-response","null","<div class=""fixation"">+</div>","null","570","2.1.0","673390","5mjomaw0pk","block1_then_block2","","","fixation","","","","","","","","","","","","","","","","","","","","","","",""
"html-keyboard-response","606","<div class=""chinese-character"" style=""color:#d62728;"">瓶</div>","r","571","2.1.0","673996","5mjomaw0pk","block1_then_block2","","","color_naming","","","","","","","","","瓶","ping2","red","r","red","true","2","red","bottle","","","false","congruent_S_minus_T_plus","true","2"
"html-keyboard-response","null","","null","572","2.1.0","675006","5mjomaw0pk","block1_then_block2","","","inter_trial_interval","","","","","","","","","","","","","","","","","","","","","","",""
"html-keyboard-response","null","<div class=""fixation"">+</div>","null","573","2.1.0","675516","5mjomaw0pk","block1_then_block2","","","fixation","","","","","","","","","","","","","","","","","","","","","","",""
"html-keyboard-response","653","<div class=""chinese-character"" style=""color:#2ca02c;"">涂</div>","g","574","2.1.0","676170","5mjomaw0pk","block1_then_block2","","","color_naming","","","","","","","","","涂","tu2","green","g","green","true","2","green","paint","","","false","neutral","true","2"
"html-keyboard-response","null","","null","575","2.1.0","677180","5mjomaw0pk","block1_then_block2","","","inter_trial_interval","","","","","","","","","","","","","","","","","","","","","","",""
"html-keyboard-response","null","<div class=""fixation"">+</div>","null","576","2.1.0","677690","5mjomaw0pk","block1_then_block2","","","fixation","","","","","","","","","","","","","","","","","","","","","","",""
"html-keyboard-response","657","<div class=""chinese-character"" style=""color:#d62728;"">衣</div>","r","577","2.1.0","678348","5mjomaw0pk","block1_then_block2","","","color_naming","","","","","","","","","衣","yi1","red","r","red","true","2","f2_17","clothing","","","true","filler","false","null"
"html-keyboard-response","null","","null","578","2.1.0","679354","5mjomaw0pk","block1_then_block2","","","inter_trial_interval","","","","","","","","","","","","","","","","","","","","","","",""
"html-keyboard-response","null","<div class=""fixation"">+</div>","null","579","2.1.0","679863","5mjomaw0pk","block1_then_block2","","","fixation","","","","","","","","","","","","","","","","","","","","","","",""
"html-keyboard-response","549","<div class=""chinese-character"" style=""color:#2ca02c;"">海</div>","g","580","2.1.0","680412","5mjomaw0pk","block1_then_block2","","","color_naming","","","","","","","","","海","hai3","green","g","green","true","2","f2_12","sea","","","true","filler","false","null"
"html-keyboard-response","null","","null","581","2.1.0","681421","5mjomaw0pk","block1_then_block2","","","inter_trial_interval","","","","","","","","","","","","","","","","","","","","","","",""
"html-keyboard-response","null","<div class=""fixation"">+</div>","null","582","2.1.0","681928","5mjomaw0pk","block1_then_block2","","","fixation","","","","","","","","","","","","","","","","","","","","","","",""
"html-keyboard-response","777","<div class=""chinese-character"" style=""color:#1f77b4;"">河</div>","b","583","2.1.0","682706","5mjomaw0pk","block1_then_block2","","","color_naming","","","","","","","","","河","he2","blue","b","blue","true","2","f2_11","river","","","true","filler","false","null"
"html-keyboard-response","null","","null","584","2.1.0","683718","5mjomaw0pk","block1_then_block2","","","inter_trial_interval","","","","","","","","","","","","","","","","","","","","","","",""
"html-keyboard-response","null","<div class=""fixation"">+</div>","null","585","2.1.0","684226","5mjomaw0pk","block1_then_block2","","","fixation","","","","","","","","","","","","","","","","","","","","","","",""
"html-keyboard-response","547","<div class=""chinese-character"" style=""color:#d6b300;"">饭</div>","y","586","2.1.0","684774","5mjomaw0pk","block1_then_block2","","","color_naming","","","","","","","","","饭","fan4","yellow","y","yellow","true","2","f2_14","meal","","","true","filler","false","null"
"html-keyboard-response","null","","null","587","2.1.0","685785","5mjomaw0pk","block1_then_block2","","","inter_trial_interval","","","","","","","","","","","","","","","","","","","","","","",""
"html-keyboard-response","null","<div class=""fixation"">+</div>","null","588","2.1.0","686295","5mjomaw0pk","block1_then_block2","","","fixation","","","","","","","","","","","","","","","","","","","","","","",""
"html-keyboard-response","508","<div class=""chinese-character"" style=""color:#2ca02c;"">旅</div>","g","589","2.1.0","686803","5mjomaw0pk","block1_then_block2","","","color_naming","","","","","","","","","旅","lv3","green","g","green","true","2","green","travel","","","false","congruent_S_plus_T_minus","true","2"
"html-keyboard-response","null","","null","590","2.1.0","687819","5mjomaw0pk","block1_then_block2","","","inter_trial_interval","","","","","","","","","","","","","","","","","","","","","","",""
"html-keyboard-response","null","<div class=""fixation"">+</div>","null","591","2.1.0","688327","5mjomaw0pk","block1_then_block2","","","fixation","","","","","","","","","","","","","","","","","","","","","","",""
"html-keyboard-response","567","<div class=""chinese-character"" style=""color:#d62728;"">笔</div>","r","592","2.1.0","688894","5mjomaw0pk","block1_then_block2","","","color_naming","","","","","","","","","笔","bi3","red","r","red","true","2","f2_5","pen","","","true","filler","false","null"
"html-keyboard-response","null","","null","593","2.1.0","689898","5mjomaw0pk","block1_then_block2","","","inter_trial_interval","","","","","","","","","","","","","","","","","","","","","","",""
"html-keyboard-response","null","<div class=""fixation"">+</div>","null","594","2.1.0","690408","5mjomaw0pk","block1_then_block2","","","fixation","","","","","","","","","","","","","","","","","","","","","","",""
"html-keyboard-response","551","<div class=""chinese-character"" style=""color:#2ca02c;"">虑</div>","g","595","2.1.0","690960","5mjomaw0pk","block1_then_block2","","","color_naming","","","","","","","","","虑","lv4","green","g","green","true","2","green","ponder","","","false","congruent_S_T_plus","true","2"
"html-keyboard-response","null","","null","596","2.1.0","691965","5mjomaw0pk","block1_then_block2","","","inter_trial_interval","","","","","","","","","","","","","","","","","","","","","","",""
"html-keyboard-response","null","<div class=""fixation"">+</div>","null","597","2.1.0","692473","5mjomaw0pk","block1_then_block2","","","fixation","","","","","","","","","","","","","","","","","","","","","","",""
"html-keyboard-response","436","<div class=""chinese-character"" style=""color:#2ca02c;"">绿</div>","g","598","2.1.0","692910","5mjomaw0pk","block1_then_block2","","","color_naming","","","","","","","","","绿","lv4","green","g","green","true","2","green","green","","","false","congruent_color_character","true","2"
"html-keyboard-response","null","","null","599","2.1.0","693923","5mjomaw0pk","block1_then_block2","","","inter_trial_interval","","","","","","","","","","","","","","","","","","","","","","",""
"html-keyboard-response","null","<div class=""fixation"">+</div>","null","600","2.1.0","694432","5mjomaw0pk","block1_then_block2","","","fixation","","","","","","","","","","","","","","","","","","","","","","",""
"html-keyboard-response","546","<div class=""chinese-character"" style=""color:#d62728;"">猫</div>","r","601","2.1.0","694978","5mjomaw0pk","block1_then_block2","","","color_naming","","","","","","","","","猫","mao1","red","r","red","true","2","f2_1","cat","","","true","filler","false","null"
"html-keyboard-response","null","","null","602","2.1.0","695988","5mjomaw0pk","block1_then_block2","","","inter_trial_interval","","","","","","","","","","","","","","","","","","","","","","",""
"html-keyboard-response","null","<div class=""fixation"">+</div>","null","603","2.1.0","696498","5mjomaw0pk","block1_then_block2","","","fixation","","","","","","","","","","","","","","","","","","","","","","",""
"html-keyboard-response","454","<div class=""chinese-character"" style=""color:#d62728;"">耳</div>","r","604","2.1.0","696951","5mjomaw0pk","block1_then_block2","","","color_naming","","","","","","","","","耳","er3","red","r","red","true","2","f2_21","ear","","","true","filler","false","null"
"html-keyboard-response","null","","null","605","2.1.0","697961","5mjomaw0pk","block1_then_block2","","","inter_trial_interval","","","","","","","","","","","","","","","","","","","","","","",""
"html-keyboard-response","null","<div class=""fixation"">+</div>","null","606","2.1.0","698470","5mjomaw0pk","block1_then_block2","","","fixation","","","","","","","","","","","","","","","","","","","","","","",""
"html-keyboard-response","518","<div class=""chinese-character"" style=""color:#1f77b4;"">蓝</div>","b","607","2.1.0","698989","5mjomaw0pk","block1_then_block2","","","color_naming","","","","","","","","","蓝","lan2","blue","b","blue","true","2","blue","blue","","","false","congruent_color_character","true","2"
"html-keyboard-response","null","","null","608","2.1.0","699996","5mjomaw0pk","block1_then_block2","","","inter_trial_interval","","","","","","","","","","","","","","","","","","","","","","",""
"html-keyboard-response","null","<div class=""fixation"">+</div>","null","609","2.1.0","700506","5mjomaw0pk","block1_then_block2","","","fixation","","","","","","","","","","","","","","","","","","","","","","",""
"html-keyboard-response","745","<div class=""chinese-character"" style=""color:#2ca02c;"">田</div>","g","610","2.1.0","701251","5mjomaw0pk","block1_then_block2","","","color_naming","","","","","","","","","田","tian2","green","g","green","true","2","f2_24","field","","","true","filler","false","null"
"html-keyboard-response","null","","null","611","2.1.0","702266","5mjomaw0pk","block1_then_block2","","","inter_trial_interval","","","","","","","","","","","","","","","","","","","","","","",""
"html-keyboard-response","4624","
      <div class=""instructions"">
        <h2>Experiment Complete</h2>
        <p>Thank you for participating!</p>
        <p>Your keyboard color-naming accuracy was <strong>95</strong> out of <strong>96</strong> trials (99%).</p>
        <p>Press <strong>Space</strong> to view the data.</p>
      </div>
    "," ","612","2.1.0","706890","5mjomaw0pk","block1_then_block2","","","","","","","","","","","","","","","","","","","","","","","","","",""
