"trial_type","rt","stimulus","response","trial_index","plugin_version","time_elapsed","subject_id","experimental_order","consent_response","consent_timestamp","task","mandarin_english_bilingual","native_language","english_age_of_acquisition","years_in_us","english_proficiency_score","mandarin_proficiency","english_proficiency","normal_or_corrected_vision","character","pinyin","ink_color","correct_key","response_color","correct","block","item_id","translation","source_condition","source_ink_color","is_filler","condition","is_critical","repetition"
"html-button-response","12254","<div class=""consent-text""> <h2>Consent Agreement</h2> <p> Please read this consent agreement carefully before deciding whether to participate in this experiment. </p> <p> <strong>Description:</strong> You are invited to participate in a research study about language and language learning. The purpose of the research is to understand how people learn new words. This research will be conducted through the Prolific platform, including participants from the US, UK, and Canada. If you decide to participate in this research, you will learn and use new words. </p> <p> <strong>Time Involvement:</strong> The task will last the amount of time advertised on Prolific. You are free to withdraw from the study at any time. </p> <p> <strong>Risks and Benefits:</strong> Study data will be stored securely, in compliance with Stanford University standards, minimizing the risk of confiden-tiality breach. This study advances our scientific understanding of how people learn new languages. We cannot and do not guarantee or promise that you will receive any benefits from this study. </p> <p> <strong>Compensation:</strong> You will receive payment in the amount advertised on Prolific. If you do not complete this study, you will receive prorated payment based on the time that you have spent. Additionally, you may be eligible for bonus payments as described in the instructions. </p> <p> <strong>Participant's Rights:</strong> If you have read this form and have decided to participate in this project, please understand your participation is voluntary and you have the right to withdraw your consent or discontinue participation at any time without penalty or loss of benefits to which you are otherwise entitled. The alternative is not to participate. You have the right to refuse to answer particular questions. The results of this research study may be presented at scientific or professional meetings or published in scientific journals. Your individual privacy will be maintained in all published and writ-ten data resulting from the study. In accordance with scientific norms, the data from this study may be used or shared with other researchers for future research (after removing personally identifying information) without additional consent from you. </p> <p> <strong>Contact Information:</strong> If you have any questions, concerns or complaints about this research, its procedures, risks and benefits, contact the Protocol Director, Robert Hawkins (<a href=""mailto:rdhawkins@stanford.edu"">rdhawkins@stanford.edu</a>, 217-549-6923). </p> <p> <strong>Independent Contact:</strong> If you are not satisfied with how this study is being conducted, or if you have any concerns, com-plaints, or general questions about the research or your rights as a participant, please contact the Stanford Institutional Review Board (IRB) to speak to someone independent of the research team at 650-723-2480 or toll free at 1-866-680-2906, or email at irbnonmed@stanford.edu. You can also write to the Stanford IRB, Stanford University, 1705 El Camino Real, Palo Alto, CA 94306. Please save or print a copy of this page for your records. </p> <p> <strong>If you agree to participate in this research, please click ""I agree""</strong> </p></br> </div>","0","0","2.1.0","12257","7e9hlcdkks","block2_then_block1","agree","2026-05-18T06:18:21.085Z","","","","","","","","","","","","","","","","","","","","","","","",""
"html-keyboard-response","1933","
    <div class=""instructions"">
      <h2>Welcome</h2>
      <p>Thank you for participating in this experiment.</p>
      <p>This study has two kinds of tasks:</p>
      <ol>
        <li>Read Chinese characters aloud in Mandarin.</li>
        <li>Name the ink color of Chinese characters in English.</li>
      </ol>
      <p>Press <strong>Space</strong> to continue.</p>
    </div>
  "," ","1","2.1.0","14193","7e9hlcdkks","block2_then_block1","","","","","","","","","","","","","","","","","","","","","","","","","",""
"survey-html-form","36986","","{""mandarin_english_bilingual"":""yes"",""native_language"":""Mandarin"",""english_age_of_acquisition"":""5"",""years_in_us"":""0"",""english_proficiency_score"":""na"",""mandarin_proficiency"":""native"",""english_proficiency"":""advanced"",""normal_or_corrected_vision"":""yes""}","2","2.1.0","51181","7e9hlcdkks","block2_then_block1","","","participant_information","yes","Mandarin","5","0","na","native","advanced","yes","","","","","","","","","","","","","","",""
"html-keyboard-response","33184","
    <div class=""instructions"">
      <h2>Color Response Keys</h2>
      <p>In the color-naming task, respond to the <strong>ink color</strong>, not the meaning of the character.</p>
      <ul>
        <li><strong>R</strong> = red</li>
        <li><strong>Y</strong> = yellow</li>
        <li><strong>B</strong> = blue</li>
        <li><strong>G</strong> = green</li>
      </ul>
      <p>Respond as quickly and accurately as possible.</p>
      <p>Press <strong>Space</strong> to continue.</p>
    </div>
  "," ","3","2.1.0","84368","7e9hlcdkks","block2_then_block1","","","","","","","","","","","","","","","","","","","","","","","","","",""
"html-keyboard-response","3771","
      <div class=""instructions"">
        <h2>Practice</h2>
        <p>First, you will practice reading Chinese characters aloud.</p>
        <p>Press <strong>Space</strong> to start.</p>
      </div>
    "," ","4","2.1.0","88140","7e9hlcdkks","block2_then_block1","","","","","","","","","","","","","","","","","","","","","","","","","",""
"html-keyboard-response","null","<div class=""fixation"">+</div>","null","5","2.1.0","88646","7e9hlcdkks","block2_then_block1","","","fixation","","","","","","","","","","","","","","","","","","","","","","",""
"html-keyboard-response","null","<div class=""chinese-character"" style=""color:#000000;"">日</div>","null","6","2.1.0","91663","7e9hlcdkks","block2_then_block1","","","practice_character_naming","","","","","","","","","日","ri4","","","","","","","","","","","","",""
"html-keyboard-response","null","","null","7","2.1.0","92676","7e9hlcdkks","block2_then_block1","","","inter_trial_interval","","","","","","","","","","","","","","","","","","","","","","",""
"html-keyboard-response","null","<div class=""fixation"">+</div>","null","8","2.1.0","93191","7e9hlcdkks","block2_then_block1","","","fixation","","","","","","","","","","","","","","","","","","","","","","",""
"html-keyboard-response","null","<div class=""chinese-character"" style=""color:#000000;"">木</div>","null","9","2.1.0","96205","7e9hlcdkks","block2_then_block1","","","practice_character_naming","","","","","","","","","木","mu4","","","","","","","","","","","","",""
"html-keyboard-response","null","","null","10","2.1.0","97208","7e9hlcdkks","block2_then_block1","","","inter_trial_interval","","","","","","","","","","","","","","","","","","","","","","",""
"html-keyboard-response","null","<div class=""fixation"">+</div>","null","11","2.1.0","97714","7e9hlcdkks","block2_then_block1","","","fixation","","","","","","","","","","","","","","","","","","","","","","",""
"html-keyboard-response","null","<div class=""chinese-character"" style=""color:#000000;"">人</div>","null","12","2.1.0","100723","7e9hlcdkks","block2_then_block1","","","practice_character_naming","","","","","","","","","人","ren2","","","","","","","","","","","","",""
"html-keyboard-response","null","","null","13","2.1.0","101732","7e9hlcdkks","block2_then_block1","","","inter_trial_interval","","","","","","","","","","","","","","","","","","","","","","",""
"html-keyboard-response","null","<div class=""fixation"">+</div>","null","14","2.1.0","102247","7e9hlcdkks","block2_then_block1","","","fixation","","","","","","","","","","","","","","","","","","","","","","",""
"html-keyboard-response","null","<div class=""chinese-character"" style=""color:#000000;"">火</div>","null","15","2.1.0","105250","7e9hlcdkks","block2_then_block1","","","practice_character_naming","","","","","","","","","火","huo3","","","","","","","","","","","","",""
"html-keyboard-response","null","","null","16","2.1.0","106262","7e9hlcdkks","block2_then_block1","","","inter_trial_interval","","","","","","","","","","","","","","","","","","","","","","",""
"html-keyboard-response","3997","
      <div class=""instructions"">
        <h2>Color Practice</h2>
        <p>Now practice naming the ink color in English using the keyboard.</p>
        <p><strong>R</strong> = red, <strong>Y</strong> = yellow, <strong>B</strong> = blue, <strong>G</strong> = green.</p>
        <p>Press <strong>Space</strong> to start.</p>
      </div>
    "," ","17","2.1.0","110260","7e9hlcdkks","block2_then_block1","","","","","","","","","","","","","","","","","","","","","","","","","",""
"html-keyboard-response","null","<div class=""fixation"">+</div>","null","18","2.1.0","110774","7e9hlcdkks","block2_then_block1","","","fixation","","","","","","","","","","","","","","","","","","","","","","",""
"html-keyboard-response","null","<div class=""chinese-character"" style=""color:#d62728;"">日</div>","null","19","2.1.0","113785","7e9hlcdkks","block2_then_block1","","","practice_color_naming","","","","","","","","","日","","red","r","null","false","","","","","","","","",""
"html-keyboard-response","null","","null","20","2.1.0","114797","7e9hlcdkks","block2_then_block1","","","inter_trial_interval","","","","","","","","","","","","","","","","","","","","","","",""
"html-keyboard-response","null","<div class=""fixation"">+</div>","null","21","2.1.0","115312","7e9hlcdkks","block2_then_block1","","","fixation","","","","","","","","","","","","","","","","","","","","","","",""
"html-keyboard-response","2203","<div class=""chinese-character"" style=""color:#2ca02c;"">木</div>","g","22","2.1.0","117517","7e9hlcdkks","block2_then_block1","","","practice_color_naming","","","","","","","","","木","","green","g","green","true","","","","","","","","",""
"html-keyboard-response","null","","null","23","2.1.0","118519","7e9hlcdkks","block2_then_block1","","","inter_trial_interval","","","","","","","","","","","","","","","","","","","","","","",""
"html-keyboard-response","null","<div class=""fixation"">+</div>","null","24","2.1.0","119023","7e9hlcdkks","block2_then_block1","","","fixation","","","","","","","","","","","","","","","","","","","","","","",""
"html-keyboard-response","null","<div class=""chinese-character"" style=""color:#d6b300;"">人</div>","null","25","2.1.0","122025","7e9hlcdkks","block2_then_block1","","","practice_color_naming","","","","","","","","","人","","yellow","y","null","false","","","","","","","","",""
"html-keyboard-response","null","","null","26","2.1.0","123028","7e9hlcdkks","block2_then_block1","","","inter_trial_interval","","","","","","","","","","","","","","","","","","","","","","",""
"html-keyboard-response","null","<div class=""fixation"">+</div>","null","27","2.1.0","123538","7e9hlcdkks","block2_then_block1","","","fixation","","","","","","","","","","","","","","","","","","","","","","",""
"html-keyboard-response","1405","<div class=""chinese-character"" style=""color:#1f77b4;"">火</div>","b","28","2.1.0","124944","7e9hlcdkks","block2_then_block1","","","practice_color_naming","","","","","","","","","火","","blue","b","blue","true","","","","","","","","",""
"html-keyboard-response","null","","null","29","2.1.0","125947","7e9hlcdkks","block2_then_block1","","","inter_trial_interval","","","","","","","","","","","","","","","","","","","","","","",""
"html-keyboard-response","4164","
      <div class=""instructions"">
        <h2>End of Practice</h2>
        <p>The practice is over. The experiment will now begin.</p>
        <p>Press <strong>Space</strong> to continue.</p>
      </div>
    "," ","30","2.1.0","130112","7e9hlcdkks","block2_then_block1","","","","","","","","","","","","","","","","","","","","","","","","","",""
"html-keyboard-response","9223","
      <div class=""instructions"">
        <h2>Chinese Character Naming Block 2</h2>
        <p>You will see Chinese characters printed in black.</p>
        <p>Please read each character aloud in Mandarin as quickly and accurately as possible.</p>
        <p>After saying the character, press <strong>Space</strong> to continue.</p>
        <p>Press <strong>Space</strong> to begin.</p>
      </div>
    "," ","31","2.1.0","139336","7e9hlcdkks","block2_then_block1","","","","","","","","","","","","","","","","","","","","","","","","","",""
"html-keyboard-response","null","<div class=""fixation"">+</div>","null","32","2.1.0","139849","7e9hlcdkks","block2_then_block1","","","fixation","","","","","","","","","","","","","","","","","","","","","","",""
"html-keyboard-response","null","<div class=""chinese-character"" style=""color:#000000;"">皇</div>","null","33","2.1.0","142866","7e9hlcdkks","block2_then_block1","","","character_naming","","","","","","","","","皇","huang2","","","","","2","yellow","emperor","congruent_S_T_plus","yellow","false","","",""
"html-keyboard-response","null","","null","34","2.1.0","143871","7e9hlcdkks","block2_then_block1","","","inter_trial_interval","","","","","","","","","","","","","","","","","","","","","","",""
"html-keyboard-response","null","<div class=""fixation"">+</div>","null","35","2.1.0","144387","7e9hlcdkks","block2_then_block1","","","fixation","","","","","","","","","","","","","","","","","","","","","","",""
"html-keyboard-response","null","<div class=""chinese-character"" style=""color:#000000;"">马</div>","null","36","2.1.0","147397","7e9hlcdkks","block2_then_block1","","","character_naming","","","","","","","","","马","ma3","","","","","2","f2_3","horse","filler","blue","true","","",""
"html-keyboard-response","null","","null","37","2.1.0","148408","7e9hlcdkks","block2_then_block1","","","inter_trial_interval","","","","","","","","","","","","","","","","","","","","","","",""
"html-keyboard-response","null","<div class=""fixation"">+</div>","null","38","2.1.0","148923","7e9hlcdkks","block2_then_block1","","","fixation","","","","","","","","","","","","","","","","","","","","","","",""
"html-keyboard-response","null","<div class=""chinese-character"" style=""color:#000000;"">衣</div>","null","39","2.1.0","151938","7e9hlcdkks","block2_then_block1","","","character_naming","","","","","","","","","衣","yi1","","","","","2","f2_17","clothing","filler","red","true","","",""
"html-keyboard-response","null","","null","40","2.1.0","152940","7e9hlcdkks","block2_then_block1","","","inter_trial_interval","","","","","","","","","","","","","","","","","","","","","","",""
"html-keyboard-response","null","<div class=""fixation"">+</div>","null","41","2.1.0","153454","7e9hlcdkks","block2_then_block1","","","fixation","","","","","","","","","","","","","","","","","","","","","","",""
"html-keyboard-response","null","<div class=""chinese-character"" style=""color:#000000;"">缠</div>","null","42","2.1.0","156469","7e9hlcdkks","block2_then_block1","","","character_naming","","","","","","","","","缠","chan2","","","","","2","yellow","wrap around","congruent_S_minus_T_plus","yellow","false","","",""
"html-keyboard-response","null","","null","43","2.1.0","157474","7e9hlcdkks","block2_then_block1","","","inter_trial_interval","","","","","","","","","","","","","","","","","","","","","","",""
"html-keyboard-response","null","<div class=""fixation"">+</div>","null","44","2.1.0","157982","7e9hlcdkks","block2_then_block1","","","fixation","","","","","","","","","","","","","","","","","","","","","","",""
"html-keyboard-response","null","<div class=""chinese-character"" style=""color:#000000;"">椅</div>","null","45","2.1.0","160997","7e9hlcdkks","block2_then_block1","","","character_naming","","","","","","","","","椅","yi3","","","","","2","f2_7","chair","filler","blue","true","","",""
"html-keyboard-response","null","","null","46","2.1.0","162000","7e9hlcdkks","block2_then_block1","","","inter_trial_interval","","","","","","","","","","","","","","","","","","","","","","",""
"html-keyboard-response","null","<div class=""fixation"">+</div>","null","47","2.1.0","162511","7e9hlcdkks","block2_then_block1","","","fixation","","","","","","","","","","","","","","","","","","","","","","",""
"html-keyboard-response","null","<div class=""chinese-character"" style=""color:#000000;"">米</div>","null","48","2.1.0","165526","7e9hlcdkks","block2_then_block1","","","character_naming","","","","","","","","","米","mi3","","","","","2","f2_4","rice","filler","green","true","","",""
"html-keyboard-response","null","","null","49","2.1.0","166539","7e9hlcdkks","block2_then_block1","","","inter_trial_interval","","","","","","","","","","","","","","","","","","","","","","",""
"html-keyboard-response","null","<div class=""fixation"">+</div>","null","50","2.1.0","167051","7e9hlcdkks","block2_then_block1","","","fixation","","","","","","","","","","","","","","","","","","","","","","",""
"html-keyboard-response","null","<div class=""chinese-character"" style=""color:#000000;"">绿</div>","null","51","2.1.0","170063","7e9hlcdkks","block2_then_block1","","","character_naming","","","","","","","","","绿","lv4","","","","","2","green","green","congruent_color_character","green","false","","",""
"html-keyboard-response","null","","null","52","2.1.0","171078","7e9hlcdkks","block2_then_block1","","","inter_trial_interval","","","","","","","","","","","","","","","","","","","","","","",""
"html-keyboard-response","null","<div class=""fixation"">+</div>","null","53","2.1.0","171593","7e9hlcdkks","block2_then_block1","","","fixation","","","","","","","","","","","","","","","","","","","","","","",""
"html-keyboard-response","null","<div class=""chinese-character"" style=""color:#000000;"">蓝</div>","null","54","2.1.0","174596","7e9hlcdkks","block2_then_block1","","","character_naming","","","","","","","","","蓝","lan2","","","","","2","blue","blue","congruent_color_character","blue","false","","",""
"html-keyboard-response","null","","null","55","2.1.0","175611","7e9hlcdkks","block2_then_block1","","","inter_trial_interval","","","","","","","","","","","","","","","","","","","","","","",""
"html-keyboard-response","null","<div class=""fixation"">+</div>","null","56","2.1.0","176118","7e9hlcdkks","block2_then_block1","","","fixation","","","","","","","","","","","","","","","","","","","","","","",""
"html-keyboard-response","null","<div class=""chinese-character"" style=""color:#000000;"">雪</div>","null","57","2.1.0","179127","7e9hlcdkks","block2_then_block1","","","character_naming","","","","","","","","","雪","xue3","","","","","2","f2_20","snow","filler","green","true","","",""
"html-keyboard-response","null","","null","58","2.1.0","180133","7e9hlcdkks","block2_then_block1","","","inter_trial_interval","","","","","","","","","","","","","","","","","","","","","","",""
"html-keyboard-response","null","<div class=""fixation"">+</div>","null","59","2.1.0","180636","7e9hlcdkks","block2_then_block1","","","fixation","","","","","","","","","","","","","","","","","","","","","","",""
"html-keyboard-response","null","<div class=""chinese-character"" style=""color:#000000;"">趁</div>","null","60","2.1.0","183643","7e9hlcdkks","block2_then_block1","","","character_naming","","","","","","","","","趁","chen4","","","","","2","yellow","take advantage of","neutral","yellow","false","","",""
"html-keyboard-response","null","","null","61","2.1.0","184649","7e9hlcdkks","block2_then_block1","","","inter_trial_interval","","","","","","","","","","","","","","","","","","","","","","",""
"html-keyboard-response","null","<div class=""fixation"">+</div>","null","62","2.1.0","185152","7e9hlcdkks","block2_then_block1","","","fixation","","","","","","","","","","","","","","","","","","","","","","",""
"html-keyboard-response","null","<div class=""chinese-character"" style=""color:#000000;"">宫</div>","null","63","2.1.0","188165","7e9hlcdkks","block2_then_block1","","","character_naming","","","","","","","","","宫","gong1","","","","","2","blue","palace","neutral","blue","false","","",""
"html-keyboard-response","null","","null","64","2.1.0","189179","7e9hlcdkks","block2_then_block1","","","inter_trial_interval","","","","","","","","","","","","","","","","","","","","","","",""
"html-keyboard-response","null","<div class=""fixation"">+</div>","null","65","2.1.0","189684","7e9hlcdkks","block2_then_block1","","","fixation","","","","","","","","","","","","","","","","","","","","","","",""
"html-keyboard-response","null","<div class=""chinese-character"" style=""color:#000000;"">洞</div>","null","66","2.1.0","192690","7e9hlcdkks","block2_then_block1","","","character_naming","","","","","","","","","洞","dong4","","","","","2","green","hole","congruent_S_minus_T_plus","green","false","","",""
"html-keyboard-response","null","","null","67","2.1.0","193696","7e9hlcdkks","block2_then_block1","","","inter_trial_interval","","","","","","","","","","","","","","","","","","","","","","",""
"html-keyboard-response","null","<div class=""fixation"">+</div>","null","68","2.1.0","194209","7e9hlcdkks","block2_then_block1","","","fixation","","","","","","","","","","","","","","","","","","","","","","",""
"html-keyboard-response","null","<div class=""chinese-character"" style=""color:#000000;"">心</div>","null","69","2.1.0","197224","7e9hlcdkks","block2_then_block1","","","character_naming","","","","","","","","","心","xin1","","","","","2","f2_23","heart","filler","blue","true","","",""
"html-keyboard-response","null","","null","70","2.1.0","198230","7e9hlcdkks","block2_then_block1","","","inter_trial_interval","","","","","","","","","","","","","","","","","","","","","","",""
"html-keyboard-response","null","<div class=""fixation"">+</div>","null","71","2.1.0","198734","7e9hlcdkks","block2_then_block1","","","fixation","","","","","","","","","","","","","","","","","","","","","","",""
"html-keyboard-response","null","<div class=""chinese-character"" style=""color:#000000;"">田</div>","null","72","2.1.0","201750","7e9hlcdkks","block2_then_block1","","","character_naming","","","","","","","","","田","tian2","","","","","2","f2_24","field","filler","green","true","","",""
"html-keyboard-response","null","","null","73","2.1.0","202766","7e9hlcdkks","block2_then_block1","","","inter_trial_interval","","","","","","","","","","","","","","","","","","","","","","",""
"html-keyboard-response","null","<div class=""fixation"">+</div>","null","74","2.1.0","203268","7e9hlcdkks","block2_then_block1","","","fixation","","","","","","","","","","","","","","","","","","","","","","",""
"html-keyboard-response","null","<div class=""chinese-character"" style=""color:#000000;"">红</div>","null","75","2.1.0","206276","7e9hlcdkks","block2_then_block1","","","character_naming","","","","","","","","","红","hong2","","","","","2","red","red","congruent_color_character","red","false","","",""
"html-keyboard-response","null","","null","76","2.1.0","207281","7e9hlcdkks","block2_then_block1","","","inter_trial_interval","","","","","","","","","","","","","","","","","","","","","","",""
"html-keyboard-response","null","<div class=""fixation"">+</div>","null","77","2.1.0","207794","7e9hlcdkks","block2_then_block1","","","fixation","","","","","","","","","","","","","","","","","","","","","","",""
"html-keyboard-response","null","<div class=""chinese-character"" style=""color:#000000;"">星</div>","null","78","2.1.0","210809","7e9hlcdkks","block2_then_block1","","","character_naming","","","","","","","","","星","xing1","","","","","2","f2_18","star","filler","yellow","true","","",""
"html-keyboard-response","null","","null","79","2.1.0","211827","7e9hlcdkks","block2_then_block1","","","inter_trial_interval","","","","","","","","","","","","","","","","","","","","","","",""
"html-keyboard-response","null","<div class=""fixation"">+</div>","null","80","2.1.0","212332","7e9hlcdkks","block2_then_block1","","","fixation","","","","","","","","","","","","","","","","","","","","","","",""
"html-keyboard-response","null","<div class=""chinese-character"" style=""color:#000000;"">虑</div>","null","81","2.1.0","215343","7e9hlcdkks","block2_then_block1","","","character_naming","","","","","","","","","虑","lv4","","","","","2","green","ponder","congruent_S_T_plus","green","false","","",""
"html-keyboard-response","null","","null","82","2.1.0","216349","7e9hlcdkks","block2_then_block1","","","inter_trial_interval","","","","","","","","","","","","","","","","","","","","","","",""
"html-keyboard-response","null","<div class=""fixation"">+</div>","null","83","2.1.0","216854","7e9hlcdkks","block2_then_block1","","","fixation","","","","","","","","","","","","","","","","","","","","","","",""
"html-keyboard-response","null","<div class=""chinese-character"" style=""color:#000000;"">钟</div>","null","84","2.1.0","219861","7e9hlcdkks","block2_then_block1","","","character_naming","","","","","","","","","钟","zhong1","","","","","2","f2_10","clock","filler","yellow","true","","",""
"html-keyboard-response","null","","null","85","2.1.0","220865","7e9hlcdkks","block2_then_block1","","","inter_trial_interval","","","","","","","","","","","","","","","","","","","","","","",""
"html-keyboard-response","null","<div class=""fixation"">+</div>","null","86","2.1.0","221375","7e9hlcdkks","block2_then_block1","","","fixation","","","","","","","","","","","","","","","","","","","","","","",""
"html-keyboard-response","null","<div class=""chinese-character"" style=""color:#000000;"">狗</div>","null","87","2.1.0","224386","7e9hlcdkks","block2_then_block1","","","character_naming","","","","","","","","","狗","gou3","","","","","2","f2_2","dog","filler","yellow","true","","",""
"html-keyboard-response","null","","null","88","2.1.0","225391","7e9hlcdkks","block2_then_block1","","","inter_trial_interval","","","","","","","","","","","","","","","","","","","","","","",""
"html-keyboard-response","null","<div class=""fixation"">+</div>","null","89","2.1.0","225908","7e9hlcdkks","block2_then_block1","","","fixation","","","","","","","","","","","","","","","","","","","","","","",""
"html-keyboard-response","null","<div class=""chinese-character"" style=""color:#000000;"">球</div>","null","90","2.1.0","228914","7e9hlcdkks","block2_then_block1","","","character_naming","","","","","","","","","球","qiu2","","","","","2","f2_9","ball","filler","red","true","","",""
"html-keyboard-response","null","","null","91","2.1.0","229928","7e9hlcdkks","block2_then_block1","","","inter_trial_interval","","","","","","","","","","","","","","","","","","","","","","",""
"html-keyboard-response","null","<div class=""fixation"">+</div>","null","92","2.1.0","230436","7e9hlcdkks","block2_then_block1","","","fixation","","","","","","","","","","","","","","","","","","","","","","",""
"html-keyboard-response","null","<div class=""chinese-character"" style=""color:#000000;"">黄</div>","null","93","2.1.0","233451","7e9hlcdkks","block2_then_block1","","","character_naming","","","","","","","","","黄","huang2","","","","","2","yellow","yellow","incongruent_color_character","green","false","","",""
"html-keyboard-response","null","","null","94","2.1.0","234466","7e9hlcdkks","block2_then_block1","","","inter_trial_interval","","","","","","","","","","","","","","","","","","","","","","",""
"html-keyboard-response","null","<div class=""fixation"">+</div>","null","95","2.1.0","234974","7e9hlcdkks","block2_then_block1","","","fixation","","","","","","","","","","","","","","","","","","","","","","",""
"html-keyboard-response","null","<div class=""chinese-character"" style=""color:#000000;"">红</div>","null","96","2.1.0","237985","7e9hlcdkks","block2_then_block1","","","character_naming","","","","","","","","","红","hong2","","","","","2","red","red","incongruent_color_character","blue","false","","",""
"html-keyboard-response","null","","null","97","2.1.0","238991","7e9hlcdkks","block2_then_block1","","","inter_trial_interval","","","","","","","","","","","","","","","","","","","","","","",""
"html-keyboard-response","null","<div class=""fixation"">+</div>","null","98","2.1.0","239492","7e9hlcdkks","block2_then_block1","","","fixation","","","","","","","","","","","","","","","","","","","","","","",""
"html-keyboard-response","null","<div class=""chinese-character"" style=""color:#000000;"">房</div>","null","99","2.1.0","242504","7e9hlcdkks","block2_then_block1","","","character_naming","","","","","","","","","房","fang2","","","","","2","f2_8","room","filler","green","true","","",""
"html-keyboard-response","null","","null","100","2.1.0","243513","7e9hlcdkks","block2_then_block1","","","inter_trial_interval","","","","","","","","","","","","","","","","","","","","","","",""
"html-keyboard-response","null","<div class=""fixation"">+</div>","null","101","2.1.0","244016","7e9hlcdkks","block2_then_block1","","","fixation","","","","","","","","","","","","","","","","","","","","","","",""
"html-keyboard-response","null","<div class=""chinese-character"" style=""color:#000000;"">涂</div>","null","102","2.1.0","247031","7e9hlcdkks","block2_then_block1","","","character_naming","","","","","","","","","涂","tu2","","","","","2","green","paint","neutral","green","false","","",""
"html-keyboard-response","null","","null","103","2.1.0","248035","7e9hlcdkks","block2_then_block1","","","inter_trial_interval","","","","","","","","","","","","","","","","","","","","","","",""
"html-keyboard-response","null","<div class=""fixation"">+</div>","null","104","2.1.0","248543","7e9hlcdkks","block2_then_block1","","","fixation","","","","","","","","","","","","","","","","","","","","","","",""
"html-keyboard-response","null","<div class=""chinese-character"" style=""color:#000000;"">桌</div>","null","105","2.1.0","251552","7e9hlcdkks","block2_then_block1","","","character_naming","","","","","","","","","桌","zhuo1","","","","","2","f2_6","table","filler","yellow","true","","",""
"html-keyboard-response","null","","null","106","2.1.0","252556","7e9hlcdkks","block2_then_block1","","","inter_trial_interval","","","","","","","","","","","","","","","","","","","","","","",""
"html-keyboard-response","null","<div class=""fixation"">+</div>","null","107","2.1.0","253071","7e9hlcdkks","block2_then_block1","","","fixation","","","","","","","","","","","","","","","","","","","","","","",""
"html-keyboard-response","null","<div class=""chinese-character"" style=""color:#000000;"">河</div>","null","108","2.1.0","256076","7e9hlcdkks","block2_then_block1","","","character_naming","","","","","","","","","河","he2","","","","","2","f2_11","river","filler","blue","true","","",""
"html-keyboard-response","null","","null","109","2.1.0","257085","7e9hlcdkks","block2_then_block1","","","inter_trial_interval","","","","","","","","","","","","","","","","","","","","","","",""
"html-keyboard-response","null","<div class=""fixation"">+</div>","null","110","2.1.0","257601","7e9hlcdkks","block2_then_block1","","","fixation","","","","","","","","","","","","","","","","","","","","","","",""
"html-keyboard-response","null","<div class=""chinese-character"" style=""color:#000000;"">脸</div>","null","111","2.1.0","260603","7e9hlcdkks","block2_then_block1","","","character_naming","","","","","","","","","脸","lian3","","","","","2","f2_13","face","filler","red","true","","",""
"html-keyboard-response","null","","null","112","2.1.0","261611","7e9hlcdkks","block2_then_block1","","","inter_trial_interval","","","","","","","","","","","","","","","","","","","","","","",""
"html-keyboard-response","null","<div class=""fixation"">+</div>","null","113","2.1.0","262116","7e9hlcdkks","block2_then_block1","","","fixation","","","","","","","","","","","","","","","","","","","","","","",""
"html-keyboard-response","null","<div class=""chinese-character"" style=""color:#000000;"">牵</div>","null","114","2.1.0","265125","7e9hlcdkks","block2_then_block1","","","character_naming","","","","","","","","","牵","qian1","","","","","2","red","lead along","neutral","red","false","","",""
"html-keyboard-response","null","","null","115","2.1.0","266131","7e9hlcdkks","block2_then_block1","","","inter_trial_interval","","","","","","","","","","","","","","","","","","","","","","",""
"html-keyboard-response","null","<div class=""fixation"">+</div>","null","116","2.1.0","266635","7e9hlcdkks","block2_then_block1","","","fixation","","","","","","","","","","","","","","","","","","","","","","",""
"html-keyboard-response","null","<div class=""chinese-character"" style=""color:#000000;"">海</div>","null","117","2.1.0","269649","7e9hlcdkks","block2_then_block1","","","character_naming","","","","","","","","","海","hai3","","","","","2","f2_12","sea","filler","green","true","","",""
"html-keyboard-response","null","","null","118","2.1.0","270661","7e9hlcdkks","block2_then_block1","","","inter_trial_interval","","","","","","","","","","","","","","","","","","","","","","",""
"html-keyboard-response","null","<div class=""fixation"">+</div>","null","119","2.1.0","271166","7e9hlcdkks","block2_then_block1","","","fixation","","","","","","","","","","","","","","","","","","","","","","",""
"html-keyboard-response","null","<div class=""chinese-character"" style=""color:#000000;"">影</div>","null","120","2.1.0","274176","7e9hlcdkks","block2_then_block1","","","character_naming","","","","","","","","","影","ying3","","","","","2","f2_16","shadow/movie","filler","green","true","","",""
"html-keyboard-response","null","","null","121","2.1.0","275188","7e9hlcdkks","block2_then_block1","","","inter_trial_interval","","","","","","","","","","","","","","","","","","","","","","",""
"html-keyboard-response","null","<div class=""fixation"">+</div>","null","122","2.1.0","275691","7e9hlcdkks","block2_then_block1","","","fixation","","","","","","","","","","","","","","","","","","","","","","",""
"html-keyboard-response","null","<div class=""chinese-character"" style=""color:#000000;"">瓶</div>","null","123","2.1.0","278694","7e9hlcdkks","block2_then_block1","","","character_naming","","","","","","","","","瓶","ping2","","","","","2","red","bottle","congruent_S_minus_T_plus","red","false","","",""
"html-keyboard-response","null","","null","124","2.1.0","279711","7e9hlcdkks","block2_then_block1","","","inter_trial_interval","","","","","","","","","","","","","","","","","","","","","","",""
"html-keyboard-response","null","<div class=""fixation"">+</div>","null","125","2.1.0","280222","7e9hlcdkks","block2_then_block1","","","fixation","","","","","","","","","","","","","","","","","","","","","","",""
"html-keyboard-response","null","<div class=""chinese-character"" style=""color:#000000;"">旅</div>","null","126","2.1.0","283232","7e9hlcdkks","block2_then_block1","","","character_naming","","","","","","","","","旅","lv3","","","","","2","green","travel","congruent_S_plus_T_minus","green","false","","",""
"html-keyboard-response","null","","null","127","2.1.0","284241","7e9hlcdkks","block2_then_block1","","","inter_trial_interval","","","","","","","","","","","","","","","","","","","","","","",""
"html-keyboard-response","null","<div class=""fixation"">+</div>","null","128","2.1.0","284747","7e9hlcdkks","block2_then_block1","","","fixation","","","","","","","","","","","","","","","","","","","","","","",""
"html-keyboard-response","null","<div class=""chinese-character"" style=""color:#000000;"">笔</div>","null","129","2.1.0","287749","7e9hlcdkks","block2_then_block1","","","character_naming","","","","","","","","","笔","bi3","","","","","2","f2_5","pen","filler","red","true","","",""
"html-keyboard-response","null","","null","130","2.1.0","288766","7e9hlcdkks","block2_then_block1","","","inter_trial_interval","","","","","","","","","","","","","","","","","","","","","","",""
"html-keyboard-response","null","<div class=""fixation"">+</div>","null","131","2.1.0","289282","7e9hlcdkks","block2_then_block1","","","fixation","","","","","","","","","","","","","","","","","","","","","","",""
"html-keyboard-response","null","<div class=""chinese-character"" style=""color:#000000;"">绿</div>","null","132","2.1.0","292295","7e9hlcdkks","block2_then_block1","","","character_naming","","","","","","","","","绿","lv4","","","","","2","green","green","incongruent_color_character","yellow","false","","",""
"html-keyboard-response","null","","null","133","2.1.0","293299","7e9hlcdkks","block2_then_block1","","","inter_trial_interval","","","","","","","","","","","","","","","","","","","","","","",""
"html-keyboard-response","null","<div class=""fixation"">+</div>","null","134","2.1.0","293813","7e9hlcdkks","block2_then_block1","","","fixation","","","","","","","","","","","","","","","","","","","","","","",""
"html-keyboard-response","null","<div class=""chinese-character"" style=""color:#000000;"">尝</div>","null","135","2.1.0","296817","7e9hlcdkks","block2_then_block1","","","character_naming","","","","","","","","","尝","chang2","","","","","2","blue","taste","congruent_S_minus_T_plus","blue","false","","",""
"html-keyboard-response","null","","null","136","2.1.0","297822","7e9hlcdkks","block2_then_block1","","","inter_trial_interval","","","","","","","","","","","","","","","","","","","","","","",""
"html-keyboard-response","null","<div class=""fixation"">+</div>","null","137","2.1.0","298333","7e9hlcdkks","block2_then_block1","","","fixation","","","","","","","","","","","","","","","","","","","","","","",""
"html-keyboard-response","null","<div class=""chinese-character"" style=""color:#000000;"">口</div>","null","138","2.1.0","301341","7e9hlcdkks","block2_then_block1","","","character_naming","","","","","","","","","口","kou3","","","","","2","f2_22","mouth","filler","yellow","true","","",""
"html-keyboard-response","null","","null","139","2.1.0","302356","7e9hlcdkks","block2_then_block1","","","inter_trial_interval","","","","","","","","","","","","","","","","","","","","","","",""
"html-keyboard-response","null","<div class=""fixation"">+</div>","null","140","2.1.0","302864","7e9hlcdkks","block2_then_block1","","","fixation","","","","","","","","","","","","","","","","","","","","","","",""
"html-keyboard-response","null","<div class=""chinese-character"" style=""color:#000000;"">晃</div>","null","141","2.1.0","305875","7e9hlcdkks","block2_then_block1","","","character_naming","","","","","","","","","晃","huang4","","","","","2","yellow","sway","congruent_S_plus_T_minus","yellow","false","","",""
"html-keyboard-response","null","","null","142","2.1.0","306889","7e9hlcdkks","block2_then_block1","","","inter_trial_interval","","","","","","","","","","","","","","","","","","","","","","",""
"html-keyboard-response","null","<div class=""fixation"">+</div>","null","143","2.1.0","307398","7e9hlcdkks","block2_then_block1","","","fixation","","","","","","","","","","","","","","","","","","","","","","",""
"html-keyboard-response","null","<div class=""chinese-character"" style=""color:#000000;"">览</div>","null","144","2.1.0","310403","7e9hlcdkks","block2_then_block1","","","character_naming","","","","","","","","","览","lan3","","","","","2","blue","view","congruent_S_plus_T_minus","blue","false","","",""
"html-keyboard-response","null","","null","145","2.1.0","311406","7e9hlcdkks","block2_then_block1","","","inter_trial_interval","","","","","","","","","","","","","","","","","","","","","","",""
"html-keyboard-response","null","<div class=""fixation"">+</div>","null","146","2.1.0","311919","7e9hlcdkks","block2_then_block1","","","fixation","","","","","","","","","","","","","","","","","","","","","","",""
"html-keyboard-response","null","<div class=""chinese-character"" style=""color:#000000;"">猫</div>","null","147","2.1.0","314932","7e9hlcdkks","block2_then_block1","","","character_naming","","","","","","","","","猫","mao1","","","","","2","f2_1","cat","filler","red","true","","",""
"html-keyboard-response","null","","null","148","2.1.0","315942","7e9hlcdkks","block2_then_block1","","","inter_trial_interval","","","","","","","","","","","","","","","","","","","","","","",""
"html-keyboard-response","null","<div class=""fixation"">+</div>","null","149","2.1.0","316449","7e9hlcdkks","block2_then_block1","","","fixation","","","","","","","","","","","","","","","","","","","","","","",""
"html-keyboard-response","null","<div class=""chinese-character"" style=""color:#000000;"">轰</div>","null","150","2.1.0","319456","7e9hlcdkks","block2_then_block1","","","character_naming","","","","","","","","","轰","hong1","","","","","2","red","boom","congruent_S_plus_T_minus","red","false","","",""
"html-keyboard-response","null","","null","151","2.1.0","320460","7e9hlcdkks","block2_then_block1","","","inter_trial_interval","","","","","","","","","","","","","","","","","","","","","","",""
"html-keyboard-response","null","<div class=""fixation"">+</div>","null","152","2.1.0","320975","7e9hlcdkks","block2_then_block1","","","fixation","","","","","","","","","","","","","","","","","","","","","","",""
"html-keyboard-response","null","<div class=""chinese-character"" style=""color:#000000;"">婪</div>","null","153","2.1.0","323985","7e9hlcdkks","block2_then_block1","","","character_naming","","","","","","","","","婪","lan2","","","","","2","blue","greedy","congruent_S_T_plus","blue","false","","",""
"html-keyboard-response","null","","null","154","2.1.0","324991","7e9hlcdkks","block2_then_block1","","","inter_trial_interval","","","","","","","","","","","","","","","","","","","","","","",""
"html-keyboard-response","null","<div class=""fixation"">+</div>","null","155","2.1.0","325496","7e9hlcdkks","block2_then_block1","","","fixation","","","","","","","","","","","","","","","","","","","","","","",""
"html-keyboard-response","null","<div class=""chinese-character"" style=""color:#000000;"">洪</div>","null","156","2.1.0","328513","7e9hlcdkks","block2_then_block1","","","character_naming","","","","","","","","","洪","hong2","","","","","2","red","flood","congruent_S_T_plus","red","false","","",""
"html-keyboard-response","null","","null","157","2.1.0","329516","7e9hlcdkks","block2_then_block1","","","inter_trial_interval","","","","","","","","","","","","","","","","","","","","","","",""
"html-keyboard-response","null","<div class=""fixation"">+</div>","null","158","2.1.0","330030","7e9hlcdkks","block2_then_block1","","","fixation","","","","","","","","","","","","","","","","","","","","","","",""
"html-keyboard-response","null","<div class=""chinese-character"" style=""color:#000000;"">耳</div>","null","159","2.1.0","333046","7e9hlcdkks","block2_then_block1","","","character_naming","","","","","","","","","耳","er3","","","","","2","f2_21","ear","filler","red","true","","",""
"html-keyboard-response","null","","null","160","2.1.0","334060","7e9hlcdkks","block2_then_block1","","","inter_trial_interval","","","","","","","","","","","","","","","","","","","","","","",""
"html-keyboard-response","null","<div class=""fixation"">+</div>","null","161","2.1.0","334563","7e9hlcdkks","block2_then_block1","","","fixation","","","","","","","","","","","","","","","","","","","","","","",""
"html-keyboard-response","null","<div class=""chinese-character"" style=""color:#000000;"">电</div>","null","162","2.1.0","337570","7e9hlcdkks","block2_then_block1","","","character_naming","","","","","","","","","电","dian4","","","","","2","f2_15","electricity","filler","blue","true","","",""
"html-keyboard-response","null","","null","163","2.1.0","338573","7e9hlcdkks","block2_then_block1","","","inter_trial_interval","","","","","","","","","","","","","","","","","","","","","","",""
"html-keyboard-response","null","<div class=""fixation"">+</div>","null","164","2.1.0","339082","7e9hlcdkks","block2_then_block1","","","fixation","","","","","","","","","","","","","","","","","","","","","","",""
"html-keyboard-response","null","<div class=""chinese-character"" style=""color:#000000;"">饭</div>","null","165","2.1.0","342088","7e9hlcdkks","block2_then_block1","","","character_naming","","","","","","","","","饭","fan4","","","","","2","f2_14","meal","filler","yellow","true","","",""
"html-keyboard-response","null","","null","166","2.1.0","343104","7e9hlcdkks","block2_then_block1","","","inter_trial_interval","","","","","","","","","","","","","","","","","","","","","","",""
"html-keyboard-response","null","<div class=""fixation"">+</div>","null","167","2.1.0","343619","7e9hlcdkks","block2_then_block1","","","fixation","","","","","","","","","","","","","","","","","","","","","","",""
"html-keyboard-response","null","<div class=""chinese-character"" style=""color:#000000;"">草</div>","null","168","2.1.0","346624","7e9hlcdkks","block2_then_block1","","","character_naming","","","","","","","","","草","cao3","","","","","2","f2_19","grass","filler","blue","true","","",""
"html-keyboard-response","null","","null","169","2.1.0","347632","7e9hlcdkks","block2_then_block1","","","inter_trial_interval","","","","","","","","","","","","","","","","","","","","","","",""
"html-keyboard-response","null","<div class=""fixation"">+</div>","null","170","2.1.0","348145","7e9hlcdkks","block2_then_block1","","","fixation","","","","","","","","","","","","","","","","","","","","","","",""
"html-keyboard-response","null","<div class=""chinese-character"" style=""color:#000000;"">黄</div>","null","171","2.1.0","351157","7e9hlcdkks","block2_then_block1","","","character_naming","","","","","","","","","黄","huang2","","","","","2","yellow","yellow","congruent_color_character","yellow","false","","",""
"html-keyboard-response","null","","null","172","2.1.0","352165","7e9hlcdkks","block2_then_block1","","","inter_trial_interval","","","","","","","","","","","","","","","","","","","","","","",""
"html-keyboard-response","null","<div class=""fixation"">+</div>","null","173","2.1.0","352680","7e9hlcdkks","block2_then_block1","","","fixation","","","","","","","","","","","","","","","","","","","","","","",""
"html-keyboard-response","null","<div class=""chinese-character"" style=""color:#000000;"">蓝</div>","null","174","2.1.0","355696","7e9hlcdkks","block2_then_block1","","","character_naming","","","","","","","","","蓝","lan2","","","","","2","blue","blue","incongruent_color_character","red","false","","",""
"html-keyboard-response","null","","null","175","2.1.0","356703","7e9hlcdkks","block2_then_block1","","","inter_trial_interval","","","","","","","","","","","","","","","","","","","","","","",""
"html-keyboard-response","22488","
      <div class=""instructions"">
        <h2>English Color-Naming Block 2</h2>
        <p>You will see Chinese characters printed in color.</p>
        <p>Your task is to identify the <strong>ink color in English</strong>.</p>
        <p>Ignore the character itself.</p>
        <p><strong>R</strong> = red, <strong>Y</strong> = yellow, <strong>B</strong> = blue, <strong>G</strong> = green.</p>
        <p>Press <strong>Space</strong> to begin.</p>
      </div>
    "," ","176","2.1.0","379193","7e9hlcdkks","block2_then_block1","","","","","","","","","","","","","","","","","","","","","","","","","",""
"html-keyboard-response","null","<div class=""fixation"">+</div>","null","177","2.1.0","379702","7e9hlcdkks","block2_then_block1","","","fixation","","","","","","","","","","","","","","","","","","","","","","",""
"html-keyboard-response","1039","<div class=""chinese-character"" style=""color:#d6b300;"">黄</div>","y","178","2.1.0","380743","7e9hlcdkks","block2_then_block1","","","color_naming","","","","","","","","","黄","huang2","yellow","y","yellow","true","2","yellow","yellow","","","false","congruent_color_character","true","2"
"html-keyboard-response","null","","null","179","2.1.0","381765","7e9hlcdkks","block2_then_block1","","","inter_trial_interval","","","","","","","","","","","","","","","","","","","","","","",""
"html-keyboard-response","null","<div class=""fixation"">+</div>","null","180","2.1.0","382270","7e9hlcdkks","block2_then_block1","","","fixation","","","","","","","","","","","","","","","","","","","","","","",""
"html-keyboard-response","745","<div class=""chinese-character"" style=""color:#d6b300;"">趁</div>","y","181","2.1.0","383016","7e9hlcdkks","block2_then_block1","","","color_naming","","","","","","","","","趁","chen4","yellow","y","yellow","true","2","yellow","take advantage of","","","false","neutral","true","2"
"html-keyboard-response","null","","null","182","2.1.0","384024","7e9hlcdkks","block2_then_block1","","","inter_trial_interval","","","","","","","","","","","","","","","","","","","","","","",""
"html-keyboard-response","null","<div class=""fixation"">+</div>","null","183","2.1.0","384539","7e9hlcdkks","block2_then_block1","","","fixation","","","","","","","","","","","","","","","","","","","","","","",""
"html-keyboard-response","899","<div class=""chinese-character"" style=""color:#d62728;"">球</div>","r","184","2.1.0","385439","7e9hlcdkks","block2_then_block1","","","color_naming","","","","","","","","","球","qiu2","red","r","red","true","2","f2_9","ball","","","true","filler","false","null"
"html-keyboard-response","null","","null","185","2.1.0","386464","7e9hlcdkks","block2_then_block1","","","inter_trial_interval","","","","","","","","","","","","","","","","","","","","","","",""
"html-keyboard-response","null","<div class=""fixation"">+</div>","null","186","2.1.0","386969","7e9hlcdkks","block2_then_block1","","","fixation","","","","","","","","","","","","","","","","","","","","","","",""
"html-keyboard-response","1055","<div class=""chinese-character"" style=""color:#2ca02c;"">米</div>","b","187","2.1.0","388025","7e9hlcdkks","block2_then_block1","","","color_naming","","","","","","","","","米","mi3","green","g","blue","false","2","f2_4","rice","","","true","filler","false","null"
"html-keyboard-response","null","","null","188","2.1.0","389037","7e9hlcdkks","block2_then_block1","","","inter_trial_interval","","","","","","","","","","","","","","","","","","","","","","",""
"html-keyboard-response","null","<div class=""fixation"">+</div>","null","189","2.1.0","389541","7e9hlcdkks","block2_then_block1","","","fixation","","","","","","","","","","","","","","","","","","","","","","",""
"html-keyboard-response","1409","<div class=""chinese-character"" style=""color:#d62728;"">轰</div>","r","190","2.1.0","390951","7e9hlcdkks","block2_then_block1","","","color_naming","","","","","","","","","轰","hong1","red","r","red","true","2","red","boom","","","false","congruent_S_plus_T_minus","true","2"
"html-keyboard-response","null","","null","191","2.1.0","391965","7e9hlcdkks","block2_then_block1","","","inter_trial_interval","","","","","","","","","","","","","","","","","","","","","","",""
"html-keyboard-response","null","<div class=""fixation"">+</div>","null","192","2.1.0","392474","7e9hlcdkks","block2_then_block1","","","fixation","","","","","","","","","","","","","","","","","","","","","","",""
"html-keyboard-response","1309","<div class=""chinese-character"" style=""color:#2ca02c;"">洞</div>","g","193","2.1.0","393783","7e9hlcdkks","block2_then_block1","","","color_naming","","","","","","","","","洞","dong4","green","g","green","true","2","green","hole","","","false","congruent_S_minus_T_plus","true","2"
"html-keyboard-response","null","","null","194","2.1.0","394785","7e9hlcdkks","block2_then_block1","","","inter_trial_interval","","","","","","","","","","","","","","","","","","","","","","",""
"html-keyboard-response","null","<div class=""fixation"">+</div>","null","195","2.1.0","395291","7e9hlcdkks","block2_then_block1","","","fixation","","","","","","","","","","","","","","","","","","","","","","",""
"html-keyboard-response","676","<div class=""chinese-character"" style=""color:#2ca02c;"">田</div>","g","196","2.1.0","395969","7e9hlcdkks","block2_then_block1","","","color_naming","","","","","","","","","田","tian2","green","g","green","true","2","f2_24","field","","","true","filler","false","null"
"html-keyboard-response","null","","null","197","2.1.0","396986","7e9hlcdkks","block2_then_block1","","","inter_trial_interval","","","","","","","","","","","","","","","","","","","","","","",""
"html-keyboard-response","null","<div class=""fixation"">+</div>","null","198","2.1.0","397500","7e9hlcdkks","block2_then_block1","","","fixation","","","","","","","","","","","","","","","","","","","","","","",""
"html-keyboard-response","632","<div class=""chinese-character"" style=""color:#d62728;"">红</div>","r","199","2.1.0","398133","7e9hlcdkks","block2_then_block1","","","color_naming","","","","","","","","","红","hong2","red","r","red","true","2","red","red","","","false","congruent_color_character","true","2"
"html-keyboard-response","null","","null","200","2.1.0","399141","7e9hlcdkks","block2_then_block1","","","inter_trial_interval","","","","","","","","","","","","","","","","","","","","","","",""
"html-keyboard-response","null","<div class=""fixation"">+</div>","null","201","2.1.0","399643","7e9hlcdkks","block2_then_block1","","","fixation","","","","","","","","","","","","","","","","","","","","","","",""
"html-keyboard-response","1778","<div class=""chinese-character"" style=""color:#1f77b4;"">红</div>","b","202","2.1.0","401422","7e9hlcdkks","block2_then_block1","","","color_naming","","","","","","","","","红","hong2","blue","b","blue","true","2","red","red","","","false","incongruent_color_character","true","2"
"html-keyboard-response","null","","null","203","2.1.0","402432","7e9hlcdkks","block2_then_block1","","","inter_trial_interval","","","","","","","","","","","","","","","","","","","","","","",""
"html-keyboard-response","null","<div class=""fixation"">+</div>","null","204","2.1.0","402939","7e9hlcdkks","block2_then_block1","","","fixation","","","","","","","","","","","","","","","","","","","","","","",""
"html-keyboard-response","769","<div class=""chinese-character"" style=""color:#1f77b4;"">心</div>","b","205","2.1.0","403709","7e9hlcdkks","block2_then_block1","","","color_naming","","","","","","","","","心","xin1","blue","b","blue","true","2","f2_23","heart","","","true","filler","false","null"
"html-keyboard-response","null","","null","206","2.1.0","404711","7e9hlcdkks","block2_then_block1","","","inter_trial_interval","","","","","","","","","","","","","","","","","","","","","","",""
"html-keyboard-response","null","<div class=""fixation"">+</div>","null","207","2.1.0","405225","7e9hlcdkks","block2_then_block1","","","fixation","","","","","","","","","","","","","","","","","","","","","","",""
"html-keyboard-response","2151","<div class=""chinese-character"" style=""color:#d6b300;"">饭</div>","g","208","2.1.0","407377","7e9hlcdkks","block2_then_block1","","","color_naming","","","","","","","","","饭","fan4","yellow","y","green","false","2","f2_14","meal","","","true","filler","false","null"
"html-keyboard-response","null","","null","209","2.1.0","408390","7e9hlcdkks","block2_then_block1","","","inter_trial_interval","","","","","","","","","","","","","","","","","","","","","","",""
"html-keyboard-response","null","<div class=""fixation"">+</div>","null","210","2.1.0","408900","7e9hlcdkks","block2_then_block1","","","fixation","","","","","","","","","","","","","","","","","","","","","","",""
"html-keyboard-response","1557","<div class=""chinese-character"" style=""color:#1f77b4;"">婪</div>","b","211","2.1.0","410458","7e9hlcdkks","block2_then_block1","","","color_naming","","","","","","","","","婪","lan2","blue","b","blue","true","2","blue","greedy","","","false","congruent_S_T_plus","true","2"
"html-keyboard-response","null","","null","212","2.1.0","411462","7e9hlcdkks","block2_then_block1","","","inter_trial_interval","","","","","","","","","","","","","","","","","","","","","","",""
"html-keyboard-response","null","<div class=""fixation"">+</div>","null","213","2.1.0","411974","7e9hlcdkks","block2_then_block1","","","fixation","","","","","","","","","","","","","","","","","","","","","","",""
"html-keyboard-response","1414","<div class=""chinese-character"" style=""color:#2ca02c;"">影</div>","g","214","2.1.0","413389","7e9hlcdkks","block2_then_block1","","","color_naming","","","","","","","","","影","ying3","green","g","green","true","2","f2_16","shadow/movie","","","true","filler","false","null"
"html-keyboard-response","null","","null","215","2.1.0","414398","7e9hlcdkks","block2_then_block1","","","inter_trial_interval","","","","","","","","","","","","","","","","","","","","","","",""
"html-keyboard-response","null","<div class=""fixation"">+</div>","null","216","2.1.0","414908","7e9hlcdkks","block2_then_block1","","","fixation","","","","","","","","","","","","","","","","","","","","","","",""
"html-keyboard-response","827","<div class=""chinese-character"" style=""color:#d62728;"">脸</div>","r","217","2.1.0","415736","7e9hlcdkks","block2_then_block1","","","color_naming","","","","","","","","","脸","lian3","red","r","red","true","2","f2_13","face","","","true","filler","false","null"
"html-keyboard-response","null","","null","218","2.1.0","416752","7e9hlcdkks","block2_then_block1","","","inter_trial_interval","","","","","","","","","","","","","","","","","","","","","","",""
"html-keyboard-response","null","<div class=""fixation"">+</div>","null","219","2.1.0","417258","7e9hlcdkks","block2_then_block1","","","fixation","","","","","","","","","","","","","","","","","","","","","","",""
"html-keyboard-response","524","<div class=""chinese-character"" style=""color:#d62728;"">衣</div>","r","220","2.1.0","417784","7e9hlcdkks","block2_then_block1","","","color_naming","","","","","","","","","衣","yi1","red","r","red","true","2","f2_17","clothing","","","true","filler","false","null"
"html-keyboard-response","null","","null","221","2.1.0","418799","7e9hlcdkks","block2_then_block1","","","inter_trial_interval","","","","","","","","","","","","","","","","","","","","","","",""
"html-keyboard-response","null","<div class=""fixation"">+</div>","null","222","2.1.0","419308","7e9hlcdkks","block2_then_block1","","","fixation","","","","","","","","","","","","","","","","","","","","","","",""
"html-keyboard-response","1298","<div class=""chinese-character"" style=""color:#2ca02c;"">绿</div>","g","223","2.1.0","420607","7e9hlcdkks","block2_then_block1","","","color_naming","","","","","","","","","绿","lv4","green","g","green","true","2","green","green","","","false","congruent_color_character","true","2"
"html-keyboard-response","null","","null","224","2.1.0","421616","7e9hlcdkks","block2_then_block1","","","inter_trial_interval","","","","","","","","","","","","","","","","","","","","","","",""
"html-keyboard-response","null","<div class=""fixation"">+</div>","null","225","2.1.0","422128","7e9hlcdkks","block2_then_block1","","","fixation","","","","","","","","","","","","","","","","","","","","","","",""
"html-keyboard-response","755","<div class=""chinese-character"" style=""color:#2ca02c;"">涂</div>","g","226","2.1.0","422883","7e9hlcdkks","block2_then_block1","","","color_naming","","","","","","","","","涂","tu2","green","g","green","true","2","green","paint","","","false","neutral","true","2"
"html-keyboard-response","null","","null","227","2.1.0","423900","7e9hlcdkks","block2_then_block1","","","inter_trial_interval","","","","","","","","","","","","","","","","","","","","","","",""
"html-keyboard-response","null","<div class=""fixation"">+</div>","null","228","2.1.0","424405","7e9hlcdkks","block2_then_block1","","","fixation","","","","","","","","","","","","","","","","","","","","","","",""
"html-keyboard-response","1525","<div class=""chinese-character"" style=""color:#d6b300;"">狗</div>","y","229","2.1.0","425931","7e9hlcdkks","block2_then_block1","","","color_naming","","","","","","","","","狗","gou3","yellow","y","yellow","true","2","f2_2","dog","","","true","filler","false","null"
"html-keyboard-response","null","","null","230","2.1.0","426941","7e9hlcdkks","block2_then_block1","","","inter_trial_interval","","","","","","","","","","","","","","","","","","","","","","",""
"html-keyboard-response","null","<div class=""fixation"">+</div>","null","231","2.1.0","427455","7e9hlcdkks","block2_then_block1","","","fixation","","","","","","","","","","","","","","","","","","","","","","",""
"html-keyboard-response","1402","<div class=""chinese-character"" style=""color:#1f77b4;"">马</div>","b","232","2.1.0","428859","7e9hlcdkks","block2_then_block1","","","color_naming","","","","","","","","","马","ma3","blue","b","blue","true","2","f2_3","horse","","","true","filler","false","null"
"html-keyboard-response","null","","null","233","2.1.0","429868","7e9hlcdkks","block2_then_block1","","","inter_trial_interval","","","","","","","","","","","","","","","","","","","","","","",""
"html-keyboard-response","null","<div class=""fixation"">+</div>","null","234","2.1.0","430379","7e9hlcdkks","block2_then_block1","","","fixation","","","","","","","","","","","","","","","","","","","","","","",""
"html-keyboard-response","951","<div class=""chinese-character"" style=""color:#1f77b4;"">河</div>","b","235","2.1.0","431330","7e9hlcdkks","block2_then_block1","","","color_naming","","","","","","","","","河","he2","blue","b","blue","true","2","f2_11","river","","","true","filler","false","null"
"html-keyboard-response","null","","null","236","2.1.0","432335","7e9hlcdkks","block2_then_block1","","","inter_trial_interval","","","","","","","","","","","","","","","","","","","","","","",""
"html-keyboard-response","null","<div class=""fixation"">+</div>","null","237","2.1.0","432840","7e9hlcdkks","block2_then_block1","","","fixation","","","","","","","","","","","","","","","","","","","","","","",""
"html-keyboard-response","2187","<div class=""chinese-character"" style=""color:#2ca02c;"">黄</div>","g","238","2.1.0","435029","7e9hlcdkks","block2_then_block1","","","color_naming","","","","","","","","","黄","huang2","green","g","green","true","2","yellow","yellow","","","false","incongruent_color_character","true","2"
"html-keyboard-response","null","","null","239","2.1.0","436041","7e9hlcdkks","block2_then_block1","","","inter_trial_interval","","","","","","","","","","","","","","","","","","","","","","",""
"html-keyboard-response","null","<div class=""fixation"">+</div>","null","240","2.1.0","436543","7e9hlcdkks","block2_then_block1","","","fixation","","","","","","","","","","","","","","","","","","","","","","",""
"html-keyboard-response","1002","<div class=""chinese-character"" style=""color:#d6b300;"">桌</div>","y","241","2.1.0","437546","7e9hlcdkks","block2_then_block1","","","color_naming","","","","","","","","","桌","zhuo1","yellow","y","yellow","true","2","f2_6","table","","","true","filler","false","null"
"html-keyboard-response","null","","null","242","2.1.0","438549","7e9hlcdkks","block2_then_block1","","","inter_trial_interval","","","","","","","","","","","","","","","","","","","","","","",""
"html-keyboard-response","null","<div class=""fixation"">+</div>","null","243","2.1.0","439061","7e9hlcdkks","block2_then_block1","","","fixation","","","","","","","","","","","","","","","","","","","","","","",""
"html-keyboard-response","867","<div class=""chinese-character"" style=""color:#d62728;"">笔</div>","r","244","2.1.0","439929","7e9hlcdkks","block2_then_block1","","","color_naming","","","","","","","","","笔","bi3","red","r","red","true","2","f2_5","pen","","","true","filler","false","null"
"html-keyboard-response","null","","null","245","2.1.0","440939","7e9hlcdkks","block2_then_block1","","","inter_trial_interval","","","","","","","","","","","","","","","","","","","","","","",""
"html-keyboard-response","null","<div class=""fixation"">+</div>","null","246","2.1.0","441448","7e9hlcdkks","block2_then_block1","","","fixation","","","","","","","","","","","","","","","","","","","","","","",""
"html-keyboard-response","1259","<div class=""chinese-character"" style=""color:#d6b300;"">缠</div>","y","247","2.1.0","442708","7e9hlcdkks","block2_then_block1","","","color_naming","","","","","","","","","缠","chan2","yellow","y","yellow","true","2","yellow","wrap around","","","false","congruent_S_minus_T_plus","true","2"
"html-keyboard-response","null","","null","248","2.1.0","443717","7e9hlcdkks","block2_then_block1","","","inter_trial_interval","","","","","","","","","","","","","","","","","","","","","","",""
"html-keyboard-response","null","<div class=""fixation"">+</div>","null","249","2.1.0","444231","7e9hlcdkks","block2_then_block1","","","fixation","","","","","","","","","","","","","","","","","","","","","","",""
"html-keyboard-response","711","<div class=""chinese-character"" style=""color:#d62728;"">洪</div>","r","250","2.1.0","444943","7e9hlcdkks","block2_then_block1","","","color_naming","","","","","","","","","洪","hong2","red","r","red","true","2","red","flood","","","false","congruent_S_T_plus","true","2"
"html-keyboard-response","null","","null","251","2.1.0","445954","7e9hlcdkks","block2_then_block1","","","inter_trial_interval","","","","","","","","","","","","","","","","","","","","","","",""
"html-keyboard-response","null","<div class=""fixation"">+</div>","null","252","2.1.0","446457","7e9hlcdkks","block2_then_block1","","","fixation","","","","","","","","","","","","","","","","","","","","","","",""
"html-keyboard-response","572","<div class=""chinese-character"" style=""color:#d62728;"">耳</div>","r","253","2.1.0","447030","7e9hlcdkks","block2_then_block1","","","color_naming","","","","","","","","","耳","er3","red","r","red","true","2","f2_21","ear","","","true","filler","false","null"
"html-keyboard-response","null","","null","254","2.1.0","448033","7e9hlcdkks","block2_then_block1","","","inter_trial_interval","","","","","","","","","","","","","","","","","","","","","","",""
"html-keyboard-response","null","<div class=""fixation"">+</div>","null","255","2.1.0","448538","7e9hlcdkks","block2_then_block1","","","fixation","","","","","","","","","","","","","","","","","","","","","","",""
"html-keyboard-response","1350","<div class=""chinese-character"" style=""color:#1f77b4;"">电</div>","b","256","2.1.0","449890","7e9hlcdkks","block2_then_block1","","","color_naming","","","","","","","","","电","dian4","blue","b","blue","true","2","f2_15","electricity","","","true","filler","false","null"
"html-keyboard-response","null","","null","257","2.1.0","450903","7e9hlcdkks","block2_then_block1","","","inter_trial_interval","","","","","","","","","","","","","","","","","","","","","","",""
"html-keyboard-response","null","<div class=""fixation"">+</div>","null","258","2.1.0","451412","7e9hlcdkks","block2_then_block1","","","fixation","","","","","","","","","","","","","","","","","","","","","","",""
"html-keyboard-response","854","<div class=""chinese-character"" style=""color:#d62728;"">瓶</div>","r","259","2.1.0","452267","7e9hlcdkks","block2_then_block1","","","color_naming","","","","","","","","","瓶","ping2","red","r","red","true","2","red","bottle","","","false","congruent_S_minus_T_plus","true","2"
"html-keyboard-response","null","","null","260","2.1.0","453270","7e9hlcdkks","block2_then_block1","","","inter_trial_interval","","","","","","","","","","","","","","","","","","","","","","",""
"html-keyboard-response","null","<div class=""fixation"">+</div>","null","261","2.1.0","453785","7e9hlcdkks","block2_then_block1","","","fixation","","","","","","","","","","","","","","","","","","","","","","",""
"html-keyboard-response","1422","<div class=""chinese-character"" style=""color:#2ca02c;"">海</div>","g","262","2.1.0","455208","7e9hlcdkks","block2_then_block1","","","color_naming","","","","","","","","","海","hai3","green","g","green","true","2","f2_12","sea","","","true","filler","false","null"
"html-keyboard-response","null","","null","263","2.1.0","456220","7e9hlcdkks","block2_then_block1","","","inter_trial_interval","","","","","","","","","","","","","","","","","","","","","","",""
"html-keyboard-response","null","<div class=""fixation"">+</div>","null","264","2.1.0","456729","7e9hlcdkks","block2_then_block1","","","fixation","","","","","","","","","","","","","","","","","","","","","","",""
"html-keyboard-response","1043","<div class=""chinese-character"" style=""color:#1f77b4;"">蓝</div>","b","265","2.1.0","457773","7e9hlcdkks","block2_then_block1","","","color_naming","","","","","","","","","蓝","lan2","blue","b","blue","true","2","blue","blue","","","false","congruent_color_character","true","2"
"html-keyboard-response","null","","null","266","2.1.0","458776","7e9hlcdkks","block2_then_block1","","","inter_trial_interval","","","","","","","","","","","","","","","","","","","","","","",""
"html-keyboard-response","null","<div class=""fixation"">+</div>","null","267","2.1.0","459290","7e9hlcdkks","block2_then_block1","","","fixation","","","","","","","","","","","","","","","","","","","","","","",""
"html-keyboard-response","689","<div class=""chinese-character"" style=""color:#d62728;"">猫</div>","r","268","2.1.0","459979","7e9hlcdkks","block2_then_block1","","","color_naming","","","","","","","","","猫","mao1","red","r","red","true","2","f2_1","cat","","","true","filler","false","null"
"html-keyboard-response","null","","null","269","2.1.0","460987","7e9hlcdkks","block2_then_block1","","","inter_trial_interval","","","","","","","","","","","","","","","","","","","","","","",""
"html-keyboard-response","null","<div class=""fixation"">+</div>","null","270","2.1.0","461503","7e9hlcdkks","block2_then_block1","","","fixation","","","","","","","","","","","","","","","","","","","","","","",""
"html-keyboard-response","865","<div class=""chinese-character"" style=""color:#d6b300;"">皇</div>","y","271","2.1.0","462368","7e9hlcdkks","block2_then_block1","","","color_naming","","","","","","","","","皇","huang2","yellow","y","yellow","true","2","yellow","emperor","","","false","congruent_S_T_plus","true","2"
"html-keyboard-response","null","","null","272","2.1.0","463381","7e9hlcdkks","block2_then_block1","","","inter_trial_interval","","","","","","","","","","","","","","","","","","","","","","",""
"html-keyboard-response","null","<div class=""fixation"">+</div>","null","273","2.1.0","463894","7e9hlcdkks","block2_then_block1","","","fixation","","","","","","","","","","","","","","","","","","","","","","",""
"html-keyboard-response","871","<div class=""chinese-character"" style=""color:#d6b300;"">晃</div>","y","274","2.1.0","464766","7e9hlcdkks","block2_then_block1","","","color_naming","","","","","","","","","晃","huang4","yellow","y","yellow","true","2","yellow","sway","","","false","congruent_S_plus_T_minus","true","2"
"html-keyboard-response","null","","null","275","2.1.0","465781","7e9hlcdkks","block2_then_block1","","","inter_trial_interval","","","","","","","","","","","","","","","","","","","","","","",""
"html-keyboard-response","null","<div class=""fixation"">+</div>","null","276","2.1.0","466288","7e9hlcdkks","block2_then_block1","","","fixation","","","","","","","","","","","","","","","","","","","","","","",""
"html-keyboard-response","706","<div class=""chinese-character"" style=""color:#d62728;"">蓝</div>","r","277","2.1.0","466994","7e9hlcdkks","block2_then_block1","","","color_naming","","","","","","","","","蓝","lan2","red","r","red","true","2","blue","blue","","","false","incongruent_color_character","true","2"
"html-keyboard-response","null","","null","278","2.1.0","468000","7e9hlcdkks","block2_then_block1","","","inter_trial_interval","","","","","","","","","","","","","","","","","","","","","","",""
"html-keyboard-response","null","<div class=""fixation"">+</div>","null","279","2.1.0","468507","7e9hlcdkks","block2_then_block1","","","fixation","","","","","","","","","","","","","","","","","","","","","","",""
"html-keyboard-response","1801","<div class=""chinese-character"" style=""color:#2ca02c;"">房</div>","g","280","2.1.0","470309","7e9hlcdkks","block2_then_block1","","","color_naming","","","","","","","","","房","fang2","green","g","green","true","2","f2_8","room","","","true","filler","false","null"
"html-keyboard-response","null","","null","281","2.1.0","471320","7e9hlcdkks","block2_then_block1","","","inter_trial_interval","","","","","","","","","","","","","","","","","","","","","","",""
"html-keyboard-response","null","<div class=""fixation"">+</div>","null","282","2.1.0","471824","7e9hlcdkks","block2_then_block1","","","fixation","","","","","","","","","","","","","","","","","","","","","","",""
"html-keyboard-response","946","<div class=""chinese-character"" style=""color:#1f77b4;"">椅</div>","b","283","2.1.0","472770","7e9hlcdkks","block2_then_block1","","","color_naming","","","","","","","","","椅","yi3","blue","b","blue","true","2","f2_7","chair","","","true","filler","false","null"
"html-keyboard-response","null","","null","284","2.1.0","473774","7e9hlcdkks","block2_then_block1","","","inter_trial_interval","","","","","","","","","","","","","","","","","","","","","","",""
"html-keyboard-response","null","<div class=""fixation"">+</div>","null","285","2.1.0","474282","7e9hlcdkks","block2_then_block1","","","fixation","","","","","","","","","","","","","","","","","","","","","","",""
"html-keyboard-response","900","<div class=""chinese-character"" style=""color:#d6b300;"">口</div>","y","286","2.1.0","475183","7e9hlcdkks","block2_then_block1","","","color_naming","","","","","","","","","口","kou3","yellow","y","yellow","true","2","f2_22","mouth","","","true","filler","false","null"
"html-keyboard-response","null","","null","287","2.1.0","476198","7e9hlcdkks","block2_then_block1","","","inter_trial_interval","","","","","","","","","","","","","","","","","","","","","","",""
"html-keyboard-response","null","<div class=""fixation"">+</div>","null","288","2.1.0","476709","7e9hlcdkks","block2_then_block1","","","fixation","","","","","","","","","","","","","","","","","","","","","","",""
"html-keyboard-response","800","<div class=""chinese-character"" style=""color:#d6b300;"">星</div>","y","289","2.1.0","477510","7e9hlcdkks","block2_then_block1","","","color_naming","","","","","","","","","星","xing1","yellow","y","yellow","true","2","f2_18","star","","","true","filler","false","null"
"html-keyboard-response","null","","null","290","2.1.0","478521","7e9hlcdkks","block2_then_block1","","","inter_trial_interval","","","","","","","","","","","","","","","","","","","","","","",""
"html-keyboard-response","null","<div class=""fixation"">+</div>","null","291","2.1.0","479032","7e9hlcdkks","block2_then_block1","","","fixation","","","","","","","","","","","","","","","","","","","","","","",""
"html-keyboard-response","1266","<div class=""chinese-character"" style=""color:#1f77b4;"">尝</div>","b","292","2.1.0","480300","7e9hlcdkks","block2_then_block1","","","color_naming","","","","","","","","","尝","chang2","blue","b","blue","true","2","blue","taste","","","false","congruent_S_minus_T_plus","true","2"
"html-keyboard-response","null","","null","293","2.1.0","481314","7e9hlcdkks","block2_then_block1","","","inter_trial_interval","","","","","","","","","","","","","","","","","","","","","","",""
"html-keyboard-response","null","<div class=""fixation"">+</div>","null","294","2.1.0","481822","7e9hlcdkks","block2_then_block1","","","fixation","","","","","","","","","","","","","","","","","","","","","","",""
"html-keyboard-response","728","<div class=""chinese-character"" style=""color:#d62728;"">牵</div>","r","295","2.1.0","482551","7e9hlcdkks","block2_then_block1","","","color_naming","","","","","","","","","牵","qian1","red","r","red","true","2","red","lead along","","","false","neutral","true","2"
"html-keyboard-response","null","","null","296","2.1.0","483552","7e9hlcdkks","block2_then_block1","","","inter_trial_interval","","","","","","","","","","","","","","","","","","","","","","",""
"html-keyboard-response","null","<div class=""fixation"">+</div>","null","297","2.1.0","484063","7e9hlcdkks","block2_then_block1","","","fixation","","","","","","","","","","","","","","","","","","","","","","",""
"html-keyboard-response","1632","<div class=""chinese-character"" style=""color:#2ca02c;"">雪</div>","g","298","2.1.0","485696","7e9hlcdkks","block2_then_block1","","","color_naming","","","","","","","","","雪","xue3","green","g","green","true","2","f2_20","snow","","","true","filler","false","null"
"html-keyboard-response","null","","null","299","2.1.0","486711","7e9hlcdkks","block2_then_block1","","","inter_trial_interval","","","","","","","","","","","","","","","","","","","","","","",""
"html-keyboard-response","null","<div class=""fixation"">+</div>","null","300","2.1.0","487220","7e9hlcdkks","block2_then_block1","","","fixation","","","","","","","","","","","","","","","","","","","","","","",""
"html-keyboard-response","1046","<div class=""chinese-character"" style=""color:#d6b300;"">钟</div>","y","301","2.1.0","488267","7e9hlcdkks","block2_then_block1","","","color_naming","","","","","","","","","钟","zhong1","yellow","y","yellow","true","2","f2_10","clock","","","true","filler","false","null"
"html-keyboard-response","null","","null","302","2.1.0","489276","7e9hlcdkks","block2_then_block1","","","inter_trial_interval","","","","","","","","","","","","","","","","","","","","","","",""
"html-keyboard-response","null","<div class=""fixation"">+</div>","null","303","2.1.0","489792","7e9hlcdkks","block2_then_block1","","","fixation","","","","","","","","","","","","","","","","","","","","","","",""
"html-keyboard-response","1052","<div class=""chinese-character"" style=""color:#1f77b4;"">草</div>","b","304","2.1.0","490845","7e9hlcdkks","block2_then_block1","","","color_naming","","","","","","","","","草","cao3","blue","b","blue","true","2","f2_19","grass","","","true","filler","false","null"
"html-keyboard-response","null","","null","305","2.1.0","491855","7e9hlcdkks","block2_then_block1","","","inter_trial_interval","","","","","","","","","","","","","","","","","","","","","","",""
"html-keyboard-response","null","<div class=""fixation"">+</div>","null","306","2.1.0","492358","7e9hlcdkks","block2_then_block1","","","fixation","","","","","","","","","","","","","","","","","","","","","","",""
"html-keyboard-response","1994","<div class=""chinese-character"" style=""color:#2ca02c;"">虑</div>","g","307","2.1.0","494354","7e9hlcdkks","block2_then_block1","","","color_naming","","","","","","","","","虑","lv4","green","g","green","true","2","green","ponder","","","false","congruent_S_T_plus","true","2"
"html-keyboard-response","null","","null","308","2.1.0","495366","7e9hlcdkks","block2_then_block1","","","inter_trial_interval","","","","","","","","","","","","","","","","","","","","","","",""
"html-keyboard-response","null","<div class=""fixation"">+</div>","null","309","2.1.0","495883","7e9hlcdkks","block2_then_block1","","","fixation","","","","","","","","","","","","","","","","","","","","","","",""
"html-keyboard-response","635","<div class=""chinese-character"" style=""color:#2ca02c;"">旅</div>","g","310","2.1.0","496519","7e9hlcdkks","block2_then_block1","","","color_naming","","","","","","","","","旅","lv3","green","g","green","true","2","green","travel","","","false","congruent_S_plus_T_minus","true","2"
"html-keyboard-response","null","","null","311","2.1.0","497524","7e9hlcdkks","block2_then_block1","","","inter_trial_interval","","","","","","","","","","","","","","","","","","","","","","",""
"html-keyboard-response","null","<div class=""fixation"">+</div>","null","312","2.1.0","498040","7e9hlcdkks","block2_then_block1","","","fixation","","","","","","","","","","","","","","","","","","","","","","",""
"html-keyboard-response","818","<div class=""chinese-character"" style=""color:#d6b300;"">绿</div>","y","313","2.1.0","498860","7e9hlcdkks","block2_then_block1","","","color_naming","","","","","","","","","绿","lv4","yellow","y","yellow","true","2","green","green","","","false","incongruent_color_character","true","2"
"html-keyboard-response","null","","null","314","2.1.0","499865","7e9hlcdkks","block2_then_block1","","","inter_trial_interval","","","","","","","","","","","","","","","","","","","","","","",""
"html-keyboard-response","null","<div class=""fixation"">+</div>","null","315","2.1.0","500370","7e9hlcdkks","block2_then_block1","","","fixation","","","","","","","","","","","","","","","","","","","","","","",""
"html-keyboard-response","1179","<div class=""chinese-character"" style=""color:#1f77b4;"">览</div>","b","316","2.1.0","501551","7e9hlcdkks","block2_then_block1","","","color_naming","","","","","","","","","览","lan3","blue","b","blue","true","2","blue","view","","","false","congruent_S_plus_T_minus","true","2"
"html-keyboard-response","null","","null","317","2.1.0","502554","7e9hlcdkks","block2_then_block1","","","inter_trial_interval","","","","","","","","","","","","","","","","","","","","","","",""
"html-keyboard-response","null","<div class=""fixation"">+</div>","null","318","2.1.0","503071","7e9hlcdkks","block2_then_block1","","","fixation","","","","","","","","","","","","","","","","","","","","","","",""
"html-keyboard-response","826","<div class=""chinese-character"" style=""color:#1f77b4;"">宫</div>","b","319","2.1.0","503898","7e9hlcdkks","block2_then_block1","","","color_naming","","","","","","","","","宫","gong1","blue","b","blue","true","2","blue","palace","","","false","neutral","true","2"
"html-keyboard-response","null","","null","320","2.1.0","504913","7e9hlcdkks","block2_then_block1","","","inter_trial_interval","","","","","","","","","","","","","","","","","","","","","","",""
"html-keyboard-response","3038","
    <div class=""instructions"">
      <h2>Short Break</h2>
      <p>You have completed the first half of the experiment.</p>
      <p>Press <strong>Space</strong> when you are ready to continue.</p>
    </div>
  "," ","321","2.1.0","507952","7e9hlcdkks","block2_then_block1","","","","","","","","","","","","","","","","","","","","","","","","","",""
"html-keyboard-response","6267","
      <div class=""instructions"">
        <h2>Chinese Character Naming Block 1</h2>
        <p>You will see Chinese characters printed in black.</p>
        <p>Please read each character aloud in Mandarin as quickly and accurately as possible.</p>
        <p>After saying the character, press <strong>Space</strong> to continue.</p>
        <p>Press <strong>Space</strong> to begin.</p>
      </div>
    "," ","322","2.1.0","514221","7e9hlcdkks","block2_then_block1","","","","","","","","","","","","","","","","","","","","","","","","","",""
"html-keyboard-response","null","<div class=""fixation"">+</div>","null","323","2.1.0","514737","7e9hlcdkks","block2_then_block1","","","fixation","","","","","","","","","","","","","","","","","","","","","","",""
"html-keyboard-response","null","<div class=""chinese-character"" style=""color:#000000;"">花</div>","null","324","2.1.0","517744","7e9hlcdkks","block2_then_block1","","","character_naming","","","","","","","","","花","hua1","","","","","1","f1_6","flower","filler","yellow","true","","",""
"html-keyboard-response","null","","null","325","2.1.0","518750","7e9hlcdkks","block2_then_block1","","","inter_trial_interval","","","","","","","","","","","","","","","","","","","","","","",""
"html-keyboard-response","null","<div class=""fixation"">+</div>","null","326","2.1.0","519267","7e9hlcdkks","block2_then_block1","","","fixation","","","","","","","","","","","","","","","","","","","","","","",""
"html-keyboard-response","null","<div class=""chinese-character"" style=""color:#000000;"">轰</div>","null","327","2.1.0","522273","7e9hlcdkks","block2_then_block1","","","character_naming","","","","","","","","","轰","hong1","","","","","1","red","boom","congruent_S_plus_T_minus","red","false","","",""
"html-keyboard-response","null","","null","328","2.1.0","523284","7e9hlcdkks","block2_then_block1","","","inter_trial_interval","","","","","","","","","","","","","","","","","","","","","","",""
"html-keyboard-response","null","<div class=""fixation"">+</div>","null","329","2.1.0","523802","7e9hlcdkks","block2_then_block1","","","fixation","","","","","","","","","","","","","","","","","","","","","","",""
"html-keyboard-response","null","<div class=""chinese-character"" style=""color:#000000;"">树</div>","null","330","2.1.0","526807","7e9hlcdkks","block2_then_block1","","","character_naming","","","","","","","","","树","shu4","","","","","1","f1_16","tree","filler","green","true","","",""
"html-keyboard-response","null","","null","331","2.1.0","527815","7e9hlcdkks","block2_then_block1","","","inter_trial_interval","","","","","","","","","","","","","","","","","","","","","","",""
"html-keyboard-response","null","<div class=""fixation"">+</div>","null","332","2.1.0","528329","7e9hlcdkks","block2_then_block1","","","fixation","","","","","","","","","","","","","","","","","","","","","","",""
"html-keyboard-response","null","<div class=""chinese-character"" style=""color:#000000;"">宫</div>","null","333","2.1.0","531332","7e9hlcdkks","block2_then_block1","","","character_naming","","","","","","","","","宫","gong1","","","","","1","blue","palace","neutral","blue","false","","",""
"html-keyboard-response","null","","null","334","2.1.0","532334","7e9hlcdkks","block2_then_block1","","","inter_trial_interval","","","","","","","","","","","","","","","","","","","","","","",""
"html-keyboard-response","null","<div class=""fixation"">+</div>","null","335","2.1.0","532844","7e9hlcdkks","block2_then_block1","","","fixation","","","","","","","","","","","","","","","","","","","","","","",""
"html-keyboard-response","null","<div class=""chinese-character"" style=""color:#000000;"">山</div>","null","336","2.1.0","535857","7e9hlcdkks","block2_then_block1","","","character_naming","","","","","","","","","山","shan1","","","","","1","f1_2","mountain","filler","yellow","true","","",""
"html-keyboard-response","null","","null","337","2.1.0","536860","7e9hlcdkks","block2_then_block1","","","inter_trial_interval","","","","","","","","","","","","","","","","","","","","","","",""
"html-keyboard-response","null","<div class=""fixation"">+</div>","null","338","2.1.0","537366","7e9hlcdkks","block2_then_block1","","","fixation","","","","","","","","","","","","","","","","","","","","","","",""
"html-keyboard-response","null","<div class=""chinese-character"" style=""color:#000000;"">红</div>","null","339","2.1.0","540374","7e9hlcdkks","block2_then_block1","","","character_naming","","","","","","","","","红","hong2","","","","","1","red","red","congruent_color_character","red","false","","",""
"html-keyboard-response","null","","null","340","2.1.0","541382","7e9hlcdkks","block2_then_block1","","","inter_trial_interval","","","","","","","","","","","","","","","","","","","","","","",""
"html-keyboard-response","null","<div class=""fixation"">+</div>","null","341","2.1.0","541892","7e9hlcdkks","block2_then_block1","","","fixation","","","","","","","","","","","","","","","","","","","","","","",""
"html-keyboard-response","null","<div class=""chinese-character"" style=""color:#000000;"">瓶</div>","null","342","2.1.0","544899","7e9hlcdkks","block2_then_block1","","","character_naming","","","","","","","","","瓶","ping2","","","","","1","red","bottle","congruent_S_minus_T_plus","red","false","","",""
"html-keyboard-response","null","","null","343","2.1.0","545911","7e9hlcdkks","block2_then_block1","","","inter_trial_interval","","","","","","","","","","","","","","","","","","","","","","",""
"html-keyboard-response","null","<div class=""fixation"">+</div>","null","344","2.1.0","546415","7e9hlcdkks","block2_then_block1","","","fixation","","","","","","","","","","","","","","","","","","","","","","",""
"html-keyboard-response","null","<div class=""chinese-character"" style=""color:#000000;"">城</div>","null","345","2.1.0","549419","7e9hlcdkks","block2_then_block1","","","character_naming","","","","","","","","","城","cheng2","","","","","1","f1_22","city","filler","yellow","true","","",""
"html-keyboard-response","null","","null","346","2.1.0","550428","7e9hlcdkks","block2_then_block1","","","inter_trial_interval","","","","","","","","","","","","","","","","","","","","","","",""
"html-keyboard-response","null","<div class=""fixation"">+</div>","null","347","2.1.0","550932","7e9hlcdkks","block2_then_block1","","","fixation","","","","","","","","","","","","","","","","","","","","","","",""
"html-keyboard-response","null","<div class=""chinese-character"" style=""color:#000000;"">婪</div>","null","348","2.1.0","553948","7e9hlcdkks","block2_then_block1","","","character_naming","","","","","","","","","婪","lan2","","","","","1","blue","greedy","congruent_S_T_plus","blue","false","","",""
"html-keyboard-response","null","","null","349","2.1.0","554953","7e9hlcdkks","block2_then_block1","","","inter_trial_interval","","","","","","","","","","","","","","","","","","","","","","",""
"html-keyboard-response","null","<div class=""fixation"">+</div>","null","350","2.1.0","555470","7e9hlcdkks","block2_then_block1","","","fixation","","","","","","","","","","","","","","","","","","","","","","",""
"html-keyboard-response","null","<div class=""chinese-character"" style=""color:#000000;"">览</div>","null","351","2.1.0","558474","7e9hlcdkks","block2_then_block1","","","character_naming","","","","","","","","","览","lan3","","","","","1","blue","view","congruent_S_plus_T_minus","blue","false","","",""
"html-keyboard-response","null","","null","352","2.1.0","559483","7e9hlcdkks","block2_then_block1","","","inter_trial_interval","","","","","","","","","","","","","","","","","","","","","","",""
"html-keyboard-response","null","<div class=""fixation"">+</div>","null","353","2.1.0","559991","7e9hlcdkks","block2_then_block1","","","fixation","","","","","","","","","","","","","","","","","","","","","","",""
"html-keyboard-response","null","<div class=""chinese-character"" style=""color:#000000;"">云</div>","null","354","2.1.0","563007","7e9hlcdkks","block2_then_block1","","","character_naming","","","","","","","","","云","yun2","","","","","1","f1_9","cloud","filler","red","true","","",""
"html-keyboard-response","null","","null","355","2.1.0","564012","7e9hlcdkks","block2_then_block1","","","inter_trial_interval","","","","","","","","","","","","","","","","","","","","","","",""
"html-keyboard-response","null","<div class=""fixation"">+</div>","null","356","2.1.0","564515","7e9hlcdkks","block2_then_block1","","","fixation","","","","","","","","","","","","","","","","","","","","","","",""
"html-keyboard-response","null","<div class=""chinese-character"" style=""color:#000000;"">绿</div>","null","357","2.1.0","567523","7e9hlcdkks","block2_then_block1","","","character_naming","","","","","","","","","绿","lv4","","","","","1","green","green","incongruent_color_character","yellow","false","","",""
"html-keyboard-response","null","","null","358","2.1.0","568535","7e9hlcdkks","block2_then_block1","","","inter_trial_interval","","","","","","","","","","","","","","","","","","","","","","",""
"html-keyboard-response","null","<div class=""fixation"">+</div>","null","359","2.1.0","569050","7e9hlcdkks","block2_then_block1","","","fixation","","","","","","","","","","","","","","","","","","","","","","",""
"html-keyboard-response","null","<div class=""chinese-character"" style=""color:#000000;"">门</div>","null","360","2.1.0","572063","7e9hlcdkks","block2_then_block1","","","character_naming","","","","","","","","","门","men2","","","","","1","f1_4","door","filler","green","true","","",""
"html-keyboard-response","null","","null","361","2.1.0","573073","7e9hlcdkks","block2_then_block1","","","inter_trial_interval","","","","","","","","","","","","","","","","","","","","","","",""
"html-keyboard-response","null","<div class=""fixation"">+</div>","null","362","2.1.0","573579","7e9hlcdkks","block2_then_block1","","","fixation","","","","","","","","","","","","","","","","","","","","","","",""
"html-keyboard-response","null","<div class=""chinese-character"" style=""color:#000000;"">涂</div>","null","363","2.1.0","576585","7e9hlcdkks","block2_then_block1","","","character_naming","","","","","","","","","涂","tu2","","","","","1","green","paint","neutral","green","false","","",""
"html-keyboard-response","null","","null","364","2.1.0","577592","7e9hlcdkks","block2_then_block1","","","inter_trial_interval","","","","","","","","","","","","","","","","","","","","","","",""
"html-keyboard-response","null","<div class=""fixation"">+</div>","null","365","2.1.0","578097","7e9hlcdkks","block2_then_block1","","","fixation","","","","","","","","","","","","","","","","","","","","","","",""
"html-keyboard-response","null","<div class=""chinese-character"" style=""color:#000000;"">鸟</div>","null","366","2.1.0","581100","7e9hlcdkks","block2_then_block1","","","character_naming","","","","","","","","","鸟","niao3","","","","","1","f1_11","bird","filler","blue","true","","",""
"html-keyboard-response","null","","null","367","2.1.0","582114","7e9hlcdkks","block2_then_block1","","","inter_trial_interval","","","","","","","","","","","","","","","","","","","","","","",""
"html-keyboard-response","null","<div class=""fixation"">+</div>","null","368","2.1.0","582623","7e9hlcdkks","block2_then_block1","","","fixation","","","","","","","","","","","","","","","","","","","","","","",""
"html-keyboard-response","null","<div class=""chinese-character"" style=""color:#000000;"">风</div>","null","369","2.1.0","585641","7e9hlcdkks","block2_then_block1","","","character_naming","","","","","","","","","风","feng1","","","","","1","f1_10","wind","filler","yellow","true","","",""
"html-keyboard-response","null","","null","370","2.1.0","586656","7e9hlcdkks","block2_then_block1","","","inter_trial_interval","","","","","","","","","","","","","","","","","","","","","","",""
"html-keyboard-response","null","<div class=""fixation"">+</div>","null","371","2.1.0","587169","7e9hlcdkks","block2_then_block1","","","fixation","","","","","","","","","","","","","","","","","","","","","","",""
"html-keyboard-response","null","<div class=""chinese-character"" style=""color:#000000;"">洞</div>","null","372","2.1.0","590178","7e9hlcdkks","block2_then_block1","","","character_naming","","","","","","","","","洞","dong4","","","","","1","green","hole","congruent_S_minus_T_plus","green","false","","",""
"html-keyboard-response","null","","null","373","2.1.0","591191","7e9hlcdkks","block2_then_block1","","","inter_trial_interval","","","","","","","","","","","","","","","","","","","","","","",""
"html-keyboard-response","null","<div class=""fixation"">+</div>","null","374","2.1.0","591703","7e9hlcdkks","block2_then_block1","","","fixation","","","","","","","","","","","","","","","","","","","","","","",""
"html-keyboard-response","null","<div class=""chinese-character"" style=""color:#000000;"">窗</div>","null","375","2.1.0","594713","7e9hlcdkks","block2_then_block1","","","character_naming","","","","","","","","","窗","chuang1","","","","","1","f1_15","window","filler","blue","true","","",""
"html-keyboard-response","null","","null","376","2.1.0","595720","7e9hlcdkks","block2_then_block1","","","inter_trial_interval","","","","","","","","","","","","","","","","","","","","","","",""
"html-keyboard-response","null","<div class=""fixation"">+</div>","null","377","2.1.0","596230","7e9hlcdkks","block2_then_block1","","","fixation","","","","","","","","","","","","","","","","","","","","","","",""
"html-keyboard-response","null","<div class=""chinese-character"" style=""color:#000000;"">虑</div>","null","378","2.1.0","599237","7e9hlcdkks","block2_then_block1","","","character_naming","","","","","","","","","虑","lv4","","","","","1","green","ponder","congruent_S_T_plus","green","false","","",""
"html-keyboard-response","null","","null","379","2.1.0","600243","7e9hlcdkks","block2_then_block1","","","inter_trial_interval","","","","","","","","","","","","","","","","","","","","","","",""
"html-keyboard-response","null","<div class=""fixation"">+</div>","null","380","2.1.0","600745","7e9hlcdkks","block2_then_block1","","","fixation","","","","","","","","","","","","","","","","","","","","","","",""
"html-keyboard-response","null","<div class=""chinese-character"" style=""color:#000000;"">雨</div>","null","381","2.1.0","603753","7e9hlcdkks","block2_then_block1","","","character_naming","","","","","","","","","雨","yu3","","","","","1","f1_17","rain","filler","red","true","","",""
"html-keyboard-response","null","","null","382","2.1.0","604760","7e9hlcdkks","block2_then_block1","","","inter_trial_interval","","","","","","","","","","","","","","","","","","","","","","",""
"html-keyboard-response","null","<div class=""fixation"">+</div>","null","383","2.1.0","605269","7e9hlcdkks","block2_then_block1","","","fixation","","","","","","","","","","","","","","","","","","","","","","",""
"html-keyboard-response","null","<div class=""chinese-character"" style=""color:#000000;"">手</div>","null","384","2.1.0","608278","7e9hlcdkks","block2_then_block1","","","character_naming","","","","","","","","","手","shou3","","","","","1","f1_8","hand","filler","green","true","","",""
"html-keyboard-response","null","","null","385","2.1.0","609292","7e9hlcdkks","block2_then_block1","","","inter_trial_interval","","","","","","","","","","","","","","","","","","","","","","",""
"html-keyboard-response","null","<div class=""fixation"">+</div>","null","386","2.1.0","609796","7e9hlcdkks","block2_then_block1","","","fixation","","","","","","","","","","","","","","","","","","","","","","",""
"html-keyboard-response","null","<div class=""chinese-character"" style=""color:#000000;"">鱼</div>","null","387","2.1.0","612809","7e9hlcdkks","block2_then_block1","","","character_naming","","","","","","","","","鱼","yu2","","","","","1","f1_12","fish","filler","green","true","","",""
"html-keyboard-response","null","","null","388","2.1.0","613824","7e9hlcdkks","block2_then_block1","","","inter_trial_interval","","","","","","","","","","","","","","","","","","","","","","",""
"html-keyboard-response","null","<div class=""fixation"">+</div>","null","389","2.1.0","614336","7e9hlcdkks","block2_then_block1","","","fixation","","","","","","","","","","","","","","","","","","","","","","",""
"html-keyboard-response","null","<div class=""chinese-character"" style=""color:#000000;"">牵</div>","null","390","2.1.0","617347","7e9hlcdkks","block2_then_block1","","","character_naming","","","","","","","","","牵","qian1","","","","","1","red","lead along","neutral","red","false","","",""
"html-keyboard-response","null","","null","391","2.1.0","618356","7e9hlcdkks","block2_then_block1","","","inter_trial_interval","","","","","","","","","","","","","","","","","","","","","","",""
"html-keyboard-response","null","<div class=""fixation"">+</div>","null","392","2.1.0","618864","7e9hlcdkks","block2_then_block1","","","fixation","","","","","","","","","","","","","","","","","","","","","","",""
"html-keyboard-response","null","<div class=""chinese-character"" style=""color:#000000;"">洪</div>","null","393","2.1.0","621873","7e9hlcdkks","block2_then_block1","","","character_naming","","","","","","","","","洪","hong2","","","","","1","red","flood","congruent_S_T_plus","red","false","","",""
"html-keyboard-response","null","","null","394","2.1.0","622879","7e9hlcdkks","block2_then_block1","","","inter_trial_interval","","","","","","","","","","","","","","","","","","","","","","",""
"html-keyboard-response","null","<div class=""fixation"">+</div>","null","395","2.1.0","623391","7e9hlcdkks","block2_then_block1","","","fixation","","","","","","","","","","","","","","","","","","","","","","",""
"html-keyboard-response","null","<div class=""chinese-character"" style=""color:#000000;"">红</div>","null","396","2.1.0","626405","7e9hlcdkks","block2_then_block1","","","character_naming","","","","","","","","","红","hong2","","","","","1","red","red","incongruent_color_character","blue","false","","",""
"html-keyboard-response","null","","null","397","2.1.0","627415","7e9hlcdkks","block2_then_block1","","","inter_trial_interval","","","","","","","","","","","","","","","","","","","","","","",""
"html-keyboard-response","null","<div class=""fixation"">+</div>","null","398","2.1.0","627917","7e9hlcdkks","block2_then_block1","","","fixation","","","","","","","","","","","","","","","","","","","","","","",""
"html-keyboard-response","null","<div class=""chinese-character"" style=""color:#000000;"">晃</div>","null","399","2.1.0","630922","7e9hlcdkks","block2_then_block1","","","character_naming","","","","","","","","","晃","huang4","","","","","1","yellow","sway","congruent_S_plus_T_minus","yellow","false","","",""
"html-keyboard-response","null","","null","400","2.1.0","631931","7e9hlcdkks","block2_then_block1","","","inter_trial_interval","","","","","","","","","","","","","","","","","","","","","","",""
"html-keyboard-response","null","<div class=""fixation"">+</div>","null","401","2.1.0","632434","7e9hlcdkks","block2_then_block1","","","fixation","","","","","","","","","","","","","","","","","","","","","","",""
"html-keyboard-response","null","<div class=""chinese-character"" style=""color:#000000;"">月</div>","null","402","2.1.0","635449","7e9hlcdkks","block2_then_block1","","","character_naming","","","","","","","","","月","yue4","","","","","1","f1_7","moon","filler","blue","true","","",""
"html-keyboard-response","null","","null","403","2.1.0","636451","7e9hlcdkks","block2_then_block1","","","inter_trial_interval","","","","","","","","","","","","","","","","","","","","","","",""
"html-keyboard-response","null","<div class=""fixation"">+</div>","null","404","2.1.0","636954","7e9hlcdkks","block2_then_block1","","","fixation","","","","","","","","","","","","","","","","","","","","","","",""
"html-keyboard-response","null","<div class=""chinese-character"" style=""color:#000000;"">缠</div>","null","405","2.1.0","639972","7e9hlcdkks","block2_then_block1","","","character_naming","","","","","","","","","缠","chan2","","","","","1","yellow","wrap around","congruent_S_minus_T_plus","yellow","false","","",""
"html-keyboard-response","null","","null","406","2.1.0","640989","7e9hlcdkks","block2_then_block1","","","inter_trial_interval","","","","","","","","","","","","","","","","","","","","","","",""
"html-keyboard-response","null","<div class=""fixation"">+</div>","null","407","2.1.0","641498","7e9hlcdkks","block2_then_block1","","","fixation","","","","","","","","","","","","","","","","","","","","","","",""
"html-keyboard-response","null","<div class=""chinese-character"" style=""color:#000000;"">蓝</div>","null","408","2.1.0","644504","7e9hlcdkks","block2_then_block1","","","character_naming","","","","","","","","","蓝","lan2","","","","","1","blue","blue","congruent_color_character","blue","false","","",""
"html-keyboard-response","null","","null","409","2.1.0","645509","7e9hlcdkks","block2_then_block1","","","inter_trial_interval","","","","","","","","","","","","","","","","","","","","","","",""
"html-keyboard-response","null","<div class=""fixation"">+</div>","null","410","2.1.0","646020","7e9hlcdkks","block2_then_block1","","","fixation","","","","","","","","","","","","","","","","","","","","","","",""
"html-keyboard-response","null","<div class=""chinese-character"" style=""color:#000000;"">路</div>","null","411","2.1.0","649027","7e9hlcdkks","block2_then_block1","","","character_naming","","","","","","","","","路","lu4","","","","","1","f1_14","road","filler","yellow","true","","",""
"html-keyboard-response","null","","null","412","2.1.0","650038","7e9hlcdkks","block2_then_block1","","","inter_trial_interval","","","","","","","","","","","","","","","","","","","","","","",""
"html-keyboard-response","null","<div class=""fixation"">+</div>","null","413","2.1.0","650545","7e9hlcdkks","block2_then_block1","","","fixation","","","","","","","","","","","","","","","","","","","","","","",""
"html-keyboard-response","null","<div class=""chinese-character"" style=""color:#000000;"">黄</div>","null","414","2.1.0","653547","7e9hlcdkks","block2_then_block1","","","character_naming","","","","","","","","","黄","huang2","","","","","1","yellow","yellow","congruent_color_character","yellow","false","","",""
"html-keyboard-response","null","","null","415","2.1.0","654560","7e9hlcdkks","block2_then_block1","","","inter_trial_interval","","","","","","","","","","","","","","","","","","","","","","",""
"html-keyboard-response","null","<div class=""fixation"">+</div>","null","416","2.1.0","655067","7e9hlcdkks","block2_then_block1","","","fixation","","","","","","","","","","","","","","","","","","","","","","",""
"html-keyboard-response","null","<div class=""chinese-character"" style=""color:#000000;"">蓝</div>","null","417","2.1.0","658080","7e9hlcdkks","block2_then_block1","","","character_naming","","","","","","","","","蓝","lan2","","","","","1","blue","blue","incongruent_color_character","red","false","","",""
"html-keyboard-response","null","","null","418","2.1.0","659087","7e9hlcdkks","block2_then_block1","","","inter_trial_interval","","","","","","","","","","","","","","","","","","","","","","",""
"html-keyboard-response","null","<div class=""fixation"">+</div>","null","419","2.1.0","659591","7e9hlcdkks","block2_then_block1","","","fixation","","","","","","","","","","","","","","","","","","","","","","",""
"html-keyboard-response","null","<div class=""chinese-character"" style=""color:#000000;"">茶</div>","null","420","2.1.0","662596","7e9hlcdkks","block2_then_block1","","","character_naming","","","","","","","","","茶","cha2","","","","","1","f1_20","tea","filler","green","true","","",""
"html-keyboard-response","null","","null","421","2.1.0","663601","7e9hlcdkks","block2_then_block1","","","inter_trial_interval","","","","","","","","","","","","","","","","","","","","","","",""
"html-keyboard-response","null","<div class=""fixation"">+</div>","null","422","2.1.0","664109","7e9hlcdkks","block2_then_block1","","","fixation","","","","","","","","","","","","","","","","","","","","","","",""
"html-keyboard-response","null","<div class=""chinese-character"" style=""color:#000000;"">书</div>","null","423","2.1.0","667115","7e9hlcdkks","block2_then_block1","","","character_naming","","","","","","","","","书","shu1","","","","","1","f1_1","book","filler","red","true","","",""
"html-keyboard-response","null","","null","424","2.1.0","668128","7e9hlcdkks","block2_then_block1","","","inter_trial_interval","","","","","","","","","","","","","","","","","","","","","","",""
"html-keyboard-response","null","<div class=""fixation"">+</div>","null","425","2.1.0","668642","7e9hlcdkks","block2_then_block1","","","fixation","","","","","","","","","","","","","","","","","","","","","","",""
"html-keyboard-response","null","<div class=""chinese-character"" style=""color:#000000;"">绿</div>","null","426","2.1.0","671651","7e9hlcdkks","block2_then_block1","","","character_naming","","","","","","","","","绿","lv4","","","","","1","green","green","congruent_color_character","green","false","","",""
"html-keyboard-response","null","","null","427","2.1.0","672656","7e9hlcdkks","block2_then_block1","","","inter_trial_interval","","","","","","","","","","","","","","","","","","","","","","",""
"html-keyboard-response","null","<div class=""fixation"">+</div>","null","428","2.1.0","673168","7e9hlcdkks","block2_then_block1","","","fixation","","","","","","","","","","","","","","","","","","","","","","",""
"html-keyboard-response","null","<div class=""chinese-character"" style=""color:#000000;"">车</div>","null","429","2.1.0","676184","7e9hlcdkks","block2_then_block1","","","character_naming","","","","","","","","","车","che1","","","","","1","f1_5","car","filler","red","true","","",""
"html-keyboard-response","null","","null","430","2.1.0","677188","7e9hlcdkks","block2_then_block1","","","inter_trial_interval","","","","","","","","","","","","","","","","","","","","","","",""
"html-keyboard-response","null","<div class=""fixation"">+</div>","null","431","2.1.0","677691","7e9hlcdkks","block2_then_block1","","","fixation","","","","","","","","","","","","","","","","","","","","","","",""
"html-keyboard-response","null","<div class=""chinese-character"" style=""color:#000000;"">水</div>","null","432","2.1.0","680708","7e9hlcdkks","block2_then_block1","","","character_naming","","","","","","","","","水","shui3","","","","","1","f1_3","water","filler","blue","true","","",""
"html-keyboard-response","null","","null","433","2.1.0","681715","7e9hlcdkks","block2_then_block1","","","inter_trial_interval","","","","","","","","","","","","","","","","","","","","","","",""
"html-keyboard-response","null","<div class=""fixation"">+</div>","null","434","2.1.0","682218","7e9hlcdkks","block2_then_block1","","","fixation","","","","","","","","","","","","","","","","","","","","","","",""
"html-keyboard-response","null","<div class=""chinese-character"" style=""color:#000000;"">灯</div>","null","435","2.1.0","685226","7e9hlcdkks","block2_then_block1","","","character_naming","","","","","","","","","灯","deng1","","","","","1","f1_21","lamp","filler","red","true","","",""
"html-keyboard-response","null","","null","436","2.1.0","686231","7e9hlcdkks","block2_then_block1","","","inter_trial_interval","","","","","","","","","","","","","","","","","","","","","","",""
"html-keyboard-response","null","<div class=""fixation"">+</div>","null","437","2.1.0","686745","7e9hlcdkks","block2_then_block1","","","fixation","","","","","","","","","","","","","","","","","","","","","","",""
"html-keyboard-response","null","<div class=""chinese-character"" style=""color:#000000;"">石</div>","null","438","2.1.0","689753","7e9hlcdkks","block2_then_block1","","","character_naming","","","","","","","","","石","shi2","","","","","1","f1_24","stone","filler","green","true","","",""
"html-keyboard-response","null","","null","439","2.1.0","690763","7e9hlcdkks","block2_then_block1","","","inter_trial_interval","","","","","","","","","","","","","","","","","","","","","","",""
"html-keyboard-response","null","<div class=""fixation"">+</div>","null","440","2.1.0","691279","7e9hlcdkks","block2_then_block1","","","fixation","","","","","","","","","","","","","","","","","","","","","","",""
"html-keyboard-response","null","<div class=""chinese-character"" style=""color:#000000;"">尝</div>","null","441","2.1.0","694282","7e9hlcdkks","block2_then_block1","","","character_naming","","","","","","","","","尝","chang2","","","","","1","blue","taste","congruent_S_minus_T_plus","blue","false","","",""
"html-keyboard-response","null","","null","442","2.1.0","695289","7e9hlcdkks","block2_then_block1","","","inter_trial_interval","","","","","","","","","","","","","","","","","","","","","","",""
"html-keyboard-response","null","<div class=""fixation"">+</div>","null","443","2.1.0","695793","7e9hlcdkks","block2_then_block1","","","fixation","","","","","","","","","","","","","","","","","","","","","","",""
"html-keyboard-response","null","<div class=""chinese-character"" style=""color:#000000;"">皇</div>","null","444","2.1.0","698808","7e9hlcdkks","block2_then_block1","","","character_naming","","","","","","","","","皇","huang2","","","","","1","yellow","emperor","congruent_S_T_plus","yellow","false","","",""
"html-keyboard-response","null","","null","445","2.1.0","699818","7e9hlcdkks","block2_then_block1","","","inter_trial_interval","","","","","","","","","","","","","","","","","","","","","","",""
"html-keyboard-response","null","<div class=""fixation"">+</div>","null","446","2.1.0","700333","7e9hlcdkks","block2_then_block1","","","fixation","","","","","","","","","","","","","","","","","","","","","","",""
"html-keyboard-response","null","<div class=""chinese-character"" style=""color:#000000;"">桥</div>","null","447","2.1.0","703337","7e9hlcdkks","block2_then_block1","","","character_naming","","","","","","","","","桥","qiao2","","","","","1","f1_18","bridge","filler","yellow","true","","",""
"html-keyboard-response","null","","null","448","2.1.0","704352","7e9hlcdkks","block2_then_block1","","","inter_trial_interval","","","","","","","","","","","","","","","","","","","","","","",""
"html-keyboard-response","null","<div class=""fixation"">+</div>","null","449","2.1.0","704857","7e9hlcdkks","block2_then_block1","","","fixation","","","","","","","","","","","","","","","","","","","","","","",""
"html-keyboard-response","null","<div class=""chinese-character"" style=""color:#000000;"">家</div>","null","450","2.1.0","707871","7e9hlcdkks","block2_then_block1","","","character_naming","","","","","","","","","家","jia1","","","","","1","f1_13","home","filler","red","true","","",""
"html-keyboard-response","null","","null","451","2.1.0","708897","7e9hlcdkks","block2_then_block1","","","inter_trial_interval","","","","","","","","","","","","","","","","","","","","","","",""
"html-keyboard-response","null","<div class=""fixation"">+</div>","null","452","2.1.0","709405","7e9hlcdkks","block2_then_block1","","","fixation","","","","","","","","","","","","","","","","","","","","","","",""
"html-keyboard-response","null","<div class=""chinese-character"" style=""color:#000000;"">纸</div>","null","453","2.1.0","712412","7e9hlcdkks","block2_then_block1","","","character_naming","","","","","","","","","纸","zhi3","","","","","1","f1_19","paper","filler","blue","true","","",""
"html-keyboard-response","null","","null","454","2.1.0","713427","7e9hlcdkks","block2_then_block1","","","inter_trial_interval","","","","","","","","","","","","","","","","","","","","","","",""
"html-keyboard-response","null","<div class=""fixation"">+</div>","null","455","2.1.0","713942","7e9hlcdkks","block2_then_block1","","","fixation","","","","","","","","","","","","","","","","","","","","","","",""
"html-keyboard-response","null","<div class=""chinese-character"" style=""color:#000000;"">黄</div>","null","456","2.1.0","716956","7e9hlcdkks","block2_then_block1","","","character_naming","","","","","","","","","黄","huang2","","","","","1","yellow","yellow","incongruent_color_character","green","false","","",""
"html-keyboard-response","null","","null","457","2.1.0","717967","7e9hlcdkks","block2_then_block1","","","inter_trial_interval","","","","","","","","","","","","","","","","","","","","","","",""
"html-keyboard-response","null","<div class=""fixation"">+</div>","null","458","2.1.0","718480","7e9hlcdkks","block2_then_block1","","","fixation","","","","","","","","","","","","","","","","","","","","","","",""
"html-keyboard-response","null","<div class=""chinese-character"" style=""color:#000000;"">趁</div>","null","459","2.1.0","721483","7e9hlcdkks","block2_then_block1","","","character_naming","","","","","","","","","趁","chen4","","","","","1","yellow","take advantage of","neutral","yellow","false","","",""
"html-keyboard-response","null","","null","460","2.1.0","722500","7e9hlcdkks","block2_then_block1","","","inter_trial_interval","","","","","","","","","","","","","","","","","","","","","","",""
"html-keyboard-response","null","<div class=""fixation"">+</div>","null","461","2.1.0","723012","7e9hlcdkks","block2_then_block1","","","fixation","","","","","","","","","","","","","","","","","","","","","","",""
"html-keyboard-response","null","<div class=""chinese-character"" style=""color:#000000;"">旅</div>","null","462","2.1.0","726017","7e9hlcdkks","block2_then_block1","","","character_naming","","","","","","","","","旅","lv3","","","","","1","green","travel","congruent_S_plus_T_minus","green","false","","",""
"html-keyboard-response","null","","null","463","2.1.0","727034","7e9hlcdkks","block2_then_block1","","","inter_trial_interval","","","","","","","","","","","","","","","","","","","","","","",""
"html-keyboard-response","null","<div class=""fixation"">+</div>","null","464","2.1.0","727541","7e9hlcdkks","block2_then_block1","","","fixation","","","","","","","","","","","","","","","","","","","","","","",""
"html-keyboard-response","null","<div class=""chinese-character"" style=""color:#000000;"">船</div>","null","465","2.1.0","730551","7e9hlcdkks","block2_then_block1","","","character_naming","","","","","","","","","船","chuan2","","","","","1","f1_23","boat","filler","blue","true","","",""
"html-keyboard-response","null","","null","466","2.1.0","731565","7e9hlcdkks","block2_then_block1","","","inter_trial_interval","","","","","","","","","","","","","","","","","","","","","","",""
"html-keyboard-response","12831","
      <div class=""instructions"">
        <h2>English Color-Naming Block 1</h2>
        <p>You will see Chinese characters printed in color.</p>
        <p>Your task is to identify the <strong>ink color in English</strong>.</p>
        <p>Ignore the character itself.</p>
        <p><strong>R</strong> = red, <strong>Y</strong> = yellow, <strong>B</strong> = blue, <strong>G</strong> = green.</p>
        <p>Press <strong>Space</strong> to begin.</p>
      </div>
    "," ","467","2.1.0","744397","7e9hlcdkks","block2_then_block1","","","","","","","","","","","","","","","","","","","","","","","","","",""
"html-keyboard-response","null","<div class=""fixation"">+</div>","null","468","2.1.0","744908","7e9hlcdkks","block2_then_block1","","","fixation","","","","","","","","","","","","","","","","","","","","","","",""
"html-keyboard-response","1340","<div class=""chinese-character"" style=""color:#1f77b4;"">纸</div>","b","469","2.1.0","746250","7e9hlcdkks","block2_then_block1","","","color_naming","","","","","","","","","纸","zhi3","blue","b","blue","true","1","f1_19","paper","","","true","filler","false","null"
"html-keyboard-response","null","","null","470","2.1.0","747268","7e9hlcdkks","block2_then_block1","","","inter_trial_interval","","","","","","","","","","","","","","","","","","","","","","",""
"html-keyboard-response","null","<div class=""fixation"">+</div>","null","471","2.1.0","747784","7e9hlcdkks","block2_then_block1","","","fixation","","","","","","","","","","","","","","","","","","","","","","",""
"html-keyboard-response","866","<div class=""chinese-character"" style=""color:#2ca02c;"">鱼</div>","g","472","2.1.0","748651","7e9hlcdkks","block2_then_block1","","","color_naming","","","","","","","","","鱼","yu2","green","g","green","true","1","f1_12","fish","","","true","filler","false","null"
"html-keyboard-response","null","","null","473","2.1.0","749667","7e9hlcdkks","block2_then_block1","","","inter_trial_interval","","","","","","","","","","","","","","","","","","","","","","",""
"html-keyboard-response","null","<div class=""fixation"">+</div>","null","474","2.1.0","750179","7e9hlcdkks","block2_then_block1","","","fixation","","","","","","","","","","","","","","","","","","","","","","",""
"html-keyboard-response","545","<div class=""chinese-character"" style=""color:#d6b300;"">黄</div>","y","475","2.1.0","750725","7e9hlcdkks","block2_then_block1","","","color_naming","","","","","","","","","黄","huang2","yellow","y","yellow","true","1","yellow","yellow","","","false","congruent_color_character","true","1"
"html-keyboard-response","null","","null","476","2.1.0","751737","7e9hlcdkks","block2_then_block1","","","inter_trial_interval","","","","","","","","","","","","","","","","","","","","","","",""
"html-keyboard-response","null","<div class=""fixation"">+</div>","null","477","2.1.0","752247","7e9hlcdkks","block2_then_block1","","","fixation","","","","","","","","","","","","","","","","","","","","","","",""
"html-keyboard-response","861","<div class=""chinese-character"" style=""color:#1f77b4;"">红</div>","b","478","2.1.0","753109","7e9hlcdkks","block2_then_block1","","","color_naming","","","","","","","","","红","hong2","blue","b","blue","true","1","red","red","","","false","incongruent_color_character","true","1"
"html-keyboard-response","null","","null","479","2.1.0","754117","7e9hlcdkks","block2_then_block1","","","inter_trial_interval","","","","","","","","","","","","","","","","","","","","","","",""
"html-keyboard-response","null","<div class=""fixation"">+</div>","null","480","2.1.0","754620","7e9hlcdkks","block2_then_block1","","","fixation","","","","","","","","","","","","","","","","","","","","","","",""
"html-keyboard-response","718","<div class=""chinese-character"" style=""color:#d62728;"">家</div>","r","481","2.1.0","755339","7e9hlcdkks","block2_then_block1","","","color_naming","","","","","","","","","家","jia1","red","r","red","true","1","f1_13","home","","","true","filler","false","null"
"html-keyboard-response","null","","null","482","2.1.0","756341","7e9hlcdkks","block2_then_block1","","","inter_trial_interval","","","","","","","","","","","","","","","","","","","","","","",""
"html-keyboard-response","null","<div class=""fixation"">+</div>","null","483","2.1.0","756844","7e9hlcdkks","block2_then_block1","","","fixation","","","","","","","","","","","","","","","","","","","","","","",""
"html-keyboard-response","496","<div class=""chinese-character"" style=""color:#d62728;"">瓶</div>","r","484","2.1.0","757341","7e9hlcdkks","block2_then_block1","","","color_naming","","","","","","","","","瓶","ping2","red","r","red","true","1","red","bottle","","","false","congruent_S_minus_T_plus","true","1"
"html-keyboard-response","null","","null","485","2.1.0","758354","7e9hlcdkks","block2_then_block1","","","inter_trial_interval","","","","","","","","","","","","","","","","","","","","","","",""
"html-keyboard-response","null","<div class=""fixation"">+</div>","null","486","2.1.0","758864","7e9hlcdkks","block2_then_block1","","","fixation","","","","","","","","","","","","","","","","","","","","","","",""
"html-keyboard-response","539","<div class=""chinese-character"" style=""color:#d62728;"">书</div>","r","487","2.1.0","759403","7e9hlcdkks","block2_then_block1","","","color_naming","","","","","","","","","书","shu1","red","r","red","true","1","f1_1","book","","","true","filler","false","null"
"html-keyboard-response","null","","null","488","2.1.0","760415","7e9hlcdkks","block2_then_block1","","","inter_trial_interval","","","","","","","","","","","","","","","","","","","","","","",""
"html-keyboard-response","null","<div class=""fixation"">+</div>","null","489","2.1.0","760929","7e9hlcdkks","block2_then_block1","","","fixation","","","","","","","","","","","","","","","","","","","","","","",""
"html-keyboard-response","1012","<div class=""chinese-character"" style=""color:#2ca02c;"">涂</div>","g","490","2.1.0","761942","7e9hlcdkks","block2_then_block1","","","color_naming","","","","","","","","","涂","tu2","green","g","green","true","1","green","paint","","","false","neutral","true","1"
"html-keyboard-response","null","","null","491","2.1.0","762945","7e9hlcdkks","block2_then_block1","","","inter_trial_interval","","","","","","","","","","","","","","","","","","","","","","",""
"html-keyboard-response","null","<div class=""fixation"">+</div>","null","492","2.1.0","763460","7e9hlcdkks","block2_then_block1","","","fixation","","","","","","","","","","","","","","","","","","","","","","",""
"html-keyboard-response","921","<div class=""chinese-character"" style=""color:#2ca02c;"">洞</div>","g","493","2.1.0","764382","7e9hlcdkks","block2_then_block1","","","color_naming","","","","","","","","","洞","dong4","green","g","green","true","1","green","hole","","","false","congruent_S_minus_T_plus","true","1"
"html-keyboard-response","null","","null","494","2.1.0","765400","7e9hlcdkks","block2_then_block1","","","inter_trial_interval","","","","","","","","","","","","","","","","","","","","","","",""
"html-keyboard-response","null","<div class=""fixation"">+</div>","null","495","2.1.0","765904","7e9hlcdkks","block2_then_block1","","","fixation","","","","","","","","","","","","","","","","","","","","","","",""
"html-keyboard-response","957","<div class=""chinese-character"" style=""color:#d6b300;"">皇</div>","y","496","2.1.0","766863","7e9hlcdkks","block2_then_block1","","","color_naming","","","","","","","","","皇","huang2","yellow","y","yellow","true","1","yellow","emperor","","","false","congruent_S_T_plus","true","1"
"html-keyboard-response","null","","null","497","2.1.0","767869","7e9hlcdkks","block2_then_block1","","","inter_trial_interval","","","","","","","","","","","","","","","","","","","","","","",""
"html-keyboard-response","null","<div class=""fixation"">+</div>","null","498","2.1.0","768386","7e9hlcdkks","block2_then_block1","","","fixation","","","","","","","","","","","","","","","","","","","","","","",""
"html-keyboard-response","707","<div class=""chinese-character"" style=""color:#d62728;"">牵</div>","r","499","2.1.0","769094","7e9hlcdkks","block2_then_block1","","","color_naming","","","","","","","","","牵","qian1","red","r","red","true","1","red","lead along","","","false","neutral","true","1"
"html-keyboard-response","null","","null","500","2.1.0","770111","7e9hlcdkks","block2_then_block1","","","inter_trial_interval","","","","","","","","","","","","","","","","","","","","","","",""
"html-keyboard-response","null","<div class=""fixation"">+</div>","null","501","2.1.0","770627","7e9hlcdkks","block2_then_block1","","","fixation","","","","","","","","","","","","","","","","","","","","","","",""
"html-keyboard-response","1122","<div class=""chinese-character"" style=""color:#d6b300;"">城</div>","y","502","2.1.0","771750","7e9hlcdkks","block2_then_block1","","","color_naming","","","","","","","","","城","cheng2","yellow","y","yellow","true","1","f1_22","city","","","true","filler","false","null"
"html-keyboard-response","null","","null","503","2.1.0","772761","7e9hlcdkks","block2_then_block1","","","inter_trial_interval","","","","","","","","","","","","","","","","","","","","","","",""
"html-keyboard-response","null","<div class=""fixation"">+</div>","null","504","2.1.0","773268","7e9hlcdkks","block2_then_block1","","","fixation","","","","","","","","","","","","","","","","","","","","","","",""
"html-keyboard-response","719","<div class=""chinese-character"" style=""color:#d6b300;"">桥</div>","y","505","2.1.0","773989","7e9hlcdkks","block2_then_block1","","","color_naming","","","","","","","","","桥","qiao2","yellow","y","yellow","true","1","f1_18","bridge","","","true","filler","false","null"
"html-keyboard-response","null","","null","506","2.1.0","775004","7e9hlcdkks","block2_then_block1","","","inter_trial_interval","","","","","","","","","","","","","","","","","","","","","","",""
"html-keyboard-response","null","<div class=""fixation"">+</div>","null","507","2.1.0","775510","7e9hlcdkks","block2_then_block1","","","fixation","","","","","","","","","","","","","","","","","","","","","","",""
"html-keyboard-response","1249","<div class=""chinese-character"" style=""color:#1f77b4;"">览</div>","b","508","2.1.0","776761","7e9hlcdkks","block2_then_block1","","","color_naming","","","","","","","","","览","lan3","blue","b","blue","true","1","blue","view","","","false","congruent_S_plus_T_minus","true","1"
"html-keyboard-response","null","","null","509","2.1.0","777765","7e9hlcdkks","block2_then_block1","","","inter_trial_interval","","","","","","","","","","","","","","","","","","","","","","",""
"html-keyboard-response","null","<div class=""fixation"">+</div>","null","510","2.1.0","778271","7e9hlcdkks","block2_then_block1","","","fixation","","","","","","","","","","","","","","","","","","","","","","",""
"html-keyboard-response","1262","<div class=""chinese-character"" style=""color:#d6b300;"">路</div>","y","511","2.1.0","779535","7e9hlcdkks","block2_then_block1","","","color_naming","","","","","","","","","路","lu4","yellow","y","yellow","true","1","f1_14","road","","","true","filler","false","null"
"html-keyboard-response","null","","null","512","2.1.0","780551","7e9hlcdkks","block2_then_block1","","","inter_trial_interval","","","","","","","","","","","","","","","","","","","","","","",""
"html-keyboard-response","null","<div class=""fixation"">+</div>","null","513","2.1.0","781067","7e9hlcdkks","block2_then_block1","","","fixation","","","","","","","","","","","","","","","","","","","","","","",""
"html-keyboard-response","1044","<div class=""chinese-character"" style=""color:#d6b300;"">趁</div>","y","514","2.1.0","782112","7e9hlcdkks","block2_then_block1","","","color_naming","","","","","","","","","趁","chen4","yellow","y","yellow","true","1","yellow","take advantage of","","","false","neutral","true","1"
"html-keyboard-response","null","","null","515","2.1.0","783127","7e9hlcdkks","block2_then_block1","","","inter_trial_interval","","","","","","","","","","","","","","","","","","","","","","",""
"html-keyboard-response","null","<div class=""fixation"">+</div>","null","516","2.1.0","783636","7e9hlcdkks","block2_then_block1","","","fixation","","","","","","","","","","","","","","","","","","","","","","",""
"html-keyboard-response","681","<div class=""chinese-character"" style=""color:#d6b300;"">花</div>","y","517","2.1.0","784318","7e9hlcdkks","block2_then_block1","","","color_naming","","","","","","","","","花","hua1","yellow","y","yellow","true","1","f1_6","flower","","","true","filler","false","null"
"html-keyboard-response","null","","null","518","2.1.0","785333","7e9hlcdkks","block2_then_block1","","","inter_trial_interval","","","","","","","","","","","","","","","","","","","","","","",""
"html-keyboard-response","null","<div class=""fixation"">+</div>","null","519","2.1.0","785843","7e9hlcdkks","block2_then_block1","","","fixation","","","","","","","","","","","","","","","","","","","","","","",""
"html-keyboard-response","2291","<div class=""chinese-character"" style=""color:#2ca02c;"">黄</div>","g","520","2.1.0","788136","7e9hlcdkks","block2_then_block1","","","color_naming","","","","","","","","","黄","huang2","green","g","green","true","1","yellow","yellow","","","false","incongruent_color_character","true","1"
"html-keyboard-response","null","","null","521","2.1.0","789144","7e9hlcdkks","block2_then_block1","","","inter_trial_interval","","","","","","","","","","","","","","","","","","","","","","",""
"html-keyboard-response","null","<div class=""fixation"">+</div>","null","522","2.1.0","789654","7e9hlcdkks","block2_then_block1","","","fixation","","","","","","","","","","","","","","","","","","","","","","",""
"html-keyboard-response","904","<div class=""chinese-character"" style=""color:#1f77b4;"">婪</div>","b","523","2.1.0","790559","7e9hlcdkks","block2_then_block1","","","color_naming","","","","","","","","","婪","lan2","blue","b","blue","true","1","blue","greedy","","","false","congruent_S_T_plus","true","1"
"html-keyboard-response","null","","null","524","2.1.0","791577","7e9hlcdkks","block2_then_block1","","","inter_trial_interval","","","","","","","","","","","","","","","","","","","","","","",""
"html-keyboard-response","null","<div class=""fixation"">+</div>","null","525","2.1.0","792084","7e9hlcdkks","block2_then_block1","","","fixation","","","","","","","","","","","","","","","","","","","","","","",""
"html-keyboard-response","944","<div class=""chinese-character"" style=""color:#1f77b4;"">月</div>","b","526","2.1.0","793028","7e9hlcdkks","block2_then_block1","","","color_naming","","","","","","","","","月","yue4","blue","b","blue","true","1","f1_7","moon","","","true","filler","false","null"
"html-keyboard-response","null","","null","527","2.1.0","794030","7e9hlcdkks","block2_then_block1","","","inter_trial_interval","","","","","","","","","","","","","","","","","","","","","","",""
"html-keyboard-response","null","<div class=""fixation"">+</div>","null","528","2.1.0","794534","7e9hlcdkks","block2_then_block1","","","fixation","","","","","","","","","","","","","","","","","","","","","","",""
"html-keyboard-response","1034","<div class=""chinese-character"" style=""color:#d6b300;"">风</div>","y","529","2.1.0","795569","7e9hlcdkks","block2_then_block1","","","color_naming","","","","","","","","","风","feng1","yellow","y","yellow","true","1","f1_10","wind","","","true","filler","false","null"
"html-keyboard-response","null","","null","530","2.1.0","796577","7e9hlcdkks","block2_then_block1","","","inter_trial_interval","","","","","","","","","","","","","","","","","","","","","","",""
"html-keyboard-response","null","<div class=""fixation"">+</div>","null","531","2.1.0","797091","7e9hlcdkks","block2_then_block1","","","fixation","","","","","","","","","","","","","","","","","","","","","","",""
"html-keyboard-response","1325","<div class=""chinese-character"" style=""color:#1f77b4;"">宫</div>","b","532","2.1.0","798416","7e9hlcdkks","block2_then_block1","","","color_naming","","","","","","","","","宫","gong1","blue","b","blue","true","1","blue","palace","","","false","neutral","true","1"
"html-keyboard-response","null","","null","533","2.1.0","799423","7e9hlcdkks","block2_then_block1","","","inter_trial_interval","","","","","","","","","","","","","","","","","","","","","","",""
"html-keyboard-response","null","<div class=""fixation"">+</div>","null","534","2.1.0","799936","7e9hlcdkks","block2_then_block1","","","fixation","","","","","","","","","","","","","","","","","","","","","","",""
"html-keyboard-response","826","<div class=""chinese-character"" style=""color:#d62728;"">蓝</div>","r","535","2.1.0","800763","7e9hlcdkks","block2_then_block1","","","color_naming","","","","","","","","","蓝","lan2","red","r","red","true","1","blue","blue","","","false","incongruent_color_character","true","1"
"html-keyboard-response","null","","null","536","2.1.0","801779","7e9hlcdkks","block2_then_block1","","","inter_trial_interval","","","","","","","","","","","","","","","","","","","","","","",""
"html-keyboard-response","null","<div class=""fixation"">+</div>","null","537","2.1.0","802291","7e9hlcdkks","block2_then_block1","","","fixation","","","","","","","","","","","","","","","","","","","","","","",""
"html-keyboard-response","1312","<div class=""chinese-character"" style=""color:#2ca02c;"">门</div>","g","538","2.1.0","803604","7e9hlcdkks","block2_then_block1","","","color_naming","","","","","","","","","门","men2","green","g","green","true","1","f1_4","door","","","true","filler","false","null"
"html-keyboard-response","null","","null","539","2.1.0","804617","7e9hlcdkks","block2_then_block1","","","inter_trial_interval","","","","","","","","","","","","","","","","","","","","","","",""
"html-keyboard-response","null","<div class=""fixation"">+</div>","null","540","2.1.0","805127","7e9hlcdkks","block2_then_block1","","","fixation","","","","","","","","","","","","","","","","","","","","","","",""
"html-keyboard-response","736","<div class=""chinese-character"" style=""color:#1f77b4;"">水</div>","b","541","2.1.0","805864","7e9hlcdkks","block2_then_block1","","","color_naming","","","","","","","","","水","shui3","blue","b","blue","true","1","f1_3","water","","","true","filler","false","null"
"html-keyboard-response","null","","null","542","2.1.0","806878","7e9hlcdkks","block2_then_block1","","","inter_trial_interval","","","","","","","","","","","","","","","","","","","","","","",""
"html-keyboard-response","null","<div class=""fixation"">+</div>","null","543","2.1.0","807392","7e9hlcdkks","block2_then_block1","","","fixation","","","","","","","","","","","","","","","","","","","","","","",""
"html-keyboard-response","2498","<div class=""chinese-character"" style=""color:#d62728;"">云</div>","r","544","2.1.0","809892","7e9hlcdkks","block2_then_block1","","","color_naming","","","","","","","","","云","yun2","red","r","red","true","1","f1_9","cloud","","","true","filler","false","null"
"html-keyboard-response","null","","null","545","2.1.0","810897","7e9hlcdkks","block2_then_block1","","","inter_trial_interval","","","","","","","","","","","","","","","","","","","","","","",""
"html-keyboard-response","null","<div class=""fixation"">+</div>","null","546","2.1.0","811399","7e9hlcdkks","block2_then_block1","","","fixation","","","","","","","","","","","","","","","","","","","","","","",""
"html-keyboard-response","1173","<div class=""chinese-character"" style=""color:#1f77b4;"">鸟</div>","b","547","2.1.0","812574","7e9hlcdkks","block2_then_block1","","","color_naming","","","","","","","","","鸟","niao3","blue","b","blue","true","1","f1_11","bird","","","true","filler","false","null"
"html-keyboard-response","null","","null","548","2.1.0","813577","7e9hlcdkks","block2_then_block1","","","inter_trial_interval","","","","","","","","","","","","","","","","","","","","","","",""
"html-keyboard-response","null","<div class=""fixation"">+</div>","null","549","2.1.0","814094","7e9hlcdkks","block2_then_block1","","","fixation","","","","","","","","","","","","","","","","","","","","","","",""
"html-keyboard-response","905","<div class=""chinese-character"" style=""color:#2ca02c;"">绿</div>","g","550","2.1.0","815000","7e9hlcdkks","block2_then_block1","","","color_naming","","","","","","","","","绿","lv4","green","g","green","true","1","green","green","","","false","congruent_color_character","true","1"
"html-keyboard-response","null","","null","551","2.1.0","816009","7e9hlcdkks","block2_then_block1","","","inter_trial_interval","","","","","","","","","","","","","","","","","","","","","","",""
"html-keyboard-response","null","<div class=""fixation"">+</div>","null","552","2.1.0","816520","7e9hlcdkks","block2_then_block1","","","fixation","","","","","","","","","","","","","","","","","","","","","","",""
"html-keyboard-response","1072","<div class=""chinese-character"" style=""color:#d6b300;"">绿</div>","y","553","2.1.0","817593","7e9hlcdkks","block2_then_block1","","","color_naming","","","","","","","","","绿","lv4","yellow","y","yellow","true","1","green","green","","","false","incongruent_color_character","true","1"
"html-keyboard-response","null","","null","554","2.1.0","818602","7e9hlcdkks","block2_then_block1","","","inter_trial_interval","","","","","","","","","","","","","","","","","","","","","","",""
"html-keyboard-response","null","<div class=""fixation"">+</div>","null","555","2.1.0","819118","7e9hlcdkks","block2_then_block1","","","fixation","","","","","","","","","","","","","","","","","","","","","","",""
"html-keyboard-response","736","<div class=""chinese-character"" style=""color:#1f77b4;"">蓝</div>","b","556","2.1.0","819856","7e9hlcdkks","block2_then_block1","","","color_naming","","","","","","","","","蓝","lan2","blue","b","blue","true","1","blue","blue","","","false","congruent_color_character","true","1"
"html-keyboard-response","null","","null","557","2.1.0","820866","7e9hlcdkks","block2_then_block1","","","inter_trial_interval","","","","","","","","","","","","","","","","","","","","","","",""
"html-keyboard-response","null","<div class=""fixation"">+</div>","null","558","2.1.0","821371","7e9hlcdkks","block2_then_block1","","","fixation","","","","","","","","","","","","","","","","","","","","","","",""
"html-keyboard-response","670","<div class=""chinese-character"" style=""color:#d62728;"">雨</div>","r","559","2.1.0","822042","7e9hlcdkks","block2_then_block1","","","color_naming","","","","","","","","","雨","yu3","red","r","red","true","1","f1_17","rain","","","true","filler","false","null"
"html-keyboard-response","null","","null","560","2.1.0","823047","7e9hlcdkks","block2_then_block1","","","inter_trial_interval","","","","","","","","","","","","","","","","","","","","","","",""
"html-keyboard-response","null","<div class=""fixation"">+</div>","null","561","2.1.0","823550","7e9hlcdkks","block2_then_block1","","","fixation","","","","","","","","","","","","","","","","","","","","","","",""
"html-keyboard-response","962","<div class=""chinese-character"" style=""color:#1f77b4;"">船</div>","b","562","2.1.0","824513","7e9hlcdkks","block2_then_block1","","","color_naming","","","","","","","","","船","chuan2","blue","b","blue","true","1","f1_23","boat","","","true","filler","false","null"
"html-keyboard-response","null","","null","563","2.1.0","825525","7e9hlcdkks","block2_then_block1","","","inter_trial_interval","","","","","","","","","","","","","","","","","","","","","","",""
"html-keyboard-response","null","<div class=""fixation"">+</div>","null","564","2.1.0","826032","7e9hlcdkks","block2_then_block1","","","fixation","","","","","","","","","","","","","","","","","","","","","","",""
"html-keyboard-response","881","<div class=""chinese-character"" style=""color:#2ca02c;"">旅</div>","g","565","2.1.0","826915","7e9hlcdkks","block2_then_block1","","","color_naming","","","","","","","","","旅","lv3","green","g","green","true","1","green","travel","","","false","congruent_S_plus_T_minus","true","1"
"html-keyboard-response","null","","null","566","2.1.0","827926","7e9hlcdkks","block2_then_block1","","","inter_trial_interval","","","","","","","","","","","","","","","","","","","","","","",""
"html-keyboard-response","null","<div class=""fixation"">+</div>","null","567","2.1.0","828432","7e9hlcdkks","block2_then_block1","","","fixation","","","","","","","","","","","","","","","","","","","","","","",""
"html-keyboard-response","837","<div class=""chinese-character"" style=""color:#d62728;"">洪</div>","r","568","2.1.0","829270","7e9hlcdkks","block2_then_block1","","","color_naming","","","","","","","","","洪","hong2","red","r","red","true","1","red","flood","","","false","congruent_S_T_plus","true","1"
"html-keyboard-response","null","","null","569","2.1.0","830274","7e9hlcdkks","block2_then_block1","","","inter_trial_interval","","","","","","","","","","","","","","","","","","","","","","",""
"html-keyboard-response","null","<div class=""fixation"">+</div>","null","570","2.1.0","830787","7e9hlcdkks","block2_then_block1","","","fixation","","","","","","","","","","","","","","","","","","","","","","",""
"html-keyboard-response","1431","<div class=""chinese-character"" style=""color:#2ca02c;"">虑</div>","g","571","2.1.0","832219","7e9hlcdkks","block2_then_block1","","","color_naming","","","","","","","","","虑","lv4","green","g","green","true","1","green","ponder","","","false","congruent_S_T_plus","true","1"
"html-keyboard-response","null","","null","572","2.1.0","833235","7e9hlcdkks","block2_then_block1","","","inter_trial_interval","","","","","","","","","","","","","","","","","","","","","","",""
"html-keyboard-response","null","<div class=""fixation"">+</div>","null","573","2.1.0","833750","7e9hlcdkks","block2_then_block1","","","fixation","","","","","","","","","","","","","","","","","","","","","","",""
"html-keyboard-response","670","<div class=""chinese-character"" style=""color:#1f77b4;"">窗</div>","b","574","2.1.0","834422","7e9hlcdkks","block2_then_block1","","","color_naming","","","","","","","","","窗","chuang1","blue","b","blue","true","1","f1_15","window","","","true","filler","false","null"
"html-keyboard-response","null","","null","575","2.1.0","835429","7e9hlcdkks","block2_then_block1","","","inter_trial_interval","","","","","","","","","","","","","","","","","","","","","","",""
"html-keyboard-response","null","<div class=""fixation"">+</div>","null","576","2.1.0","835940","7e9hlcdkks","block2_then_block1","","","fixation","","","","","","","","","","","","","","","","","","","","","","",""
"html-keyboard-response","896","<div class=""chinese-character"" style=""color:#d6b300;"">缠</div>","y","577","2.1.0","836837","7e9hlcdkks","block2_then_block1","","","color_naming","","","","","","","","","缠","chan2","yellow","y","yellow","true","1","yellow","wrap around","","","false","congruent_S_minus_T_plus","true","1"
"html-keyboard-response","null","","null","578","2.1.0","837851","7e9hlcdkks","block2_then_block1","","","inter_trial_interval","","","","","","","","","","","","","","","","","","","","","","",""
"html-keyboard-response","null","<div class=""fixation"">+</div>","null","579","2.1.0","838365","7e9hlcdkks","block2_then_block1","","","fixation","","","","","","","","","","","","","","","","","","","","","","",""
"html-keyboard-response","1072","<div class=""chinese-character"" style=""color:#2ca02c;"">茶</div>","g","580","2.1.0","839438","7e9hlcdkks","block2_then_block1","","","color_naming","","","","","","","","","茶","cha2","green","g","green","true","1","f1_20","tea","","","true","filler","false","null"
"html-keyboard-response","null","","null","581","2.1.0","840447","7e9hlcdkks","block2_then_block1","","","inter_trial_interval","","","","","","","","","","","","","","","","","","","","","","",""
"html-keyboard-response","null","<div class=""fixation"">+</div>","null","582","2.1.0","840960","7e9hlcdkks","block2_then_block1","","","fixation","","","","","","","","","","","","","","","","","","","","","","",""
"html-keyboard-response","697","<div class=""chinese-character"" style=""color:#1f77b4;"">尝</div>","b","583","2.1.0","841658","7e9hlcdkks","block2_then_block1","","","color_naming","","","","","","","","","尝","chang2","blue","b","blue","true","1","blue","taste","","","false","congruent_S_minus_T_plus","true","1"
"html-keyboard-response","null","","null","584","2.1.0","842665","7e9hlcdkks","block2_then_block1","","","inter_trial_interval","","","","","","","","","","","","","","","","","","","","","","",""
"html-keyboard-response","null","<div class=""fixation"">+</div>","null","585","2.1.0","843180","7e9hlcdkks","block2_then_block1","","","fixation","","","","","","","","","","","","","","","","","","","","","","",""
"html-keyboard-response","942","<div class=""chinese-character"" style=""color:#2ca02c;"">树</div>","g","586","2.1.0","844124","7e9hlcdkks","block2_then_block1","","","color_naming","","","","","","","","","树","shu4","green","g","green","true","1","f1_16","tree","","","true","filler","false","null"
"html-keyboard-response","null","","null","587","2.1.0","845131","7e9hlcdkks","block2_then_block1","","","inter_trial_interval","","","","","","","","","","","","","","","","","","","","","","",""
"html-keyboard-response","null","<div class=""fixation"">+</div>","null","588","2.1.0","845634","7e9hlcdkks","block2_then_block1","","","fixation","","","","","","","","","","","","","","","","","","","","","","",""
"html-keyboard-response","814","<div class=""chinese-character"" style=""color:#d6b300;"">山</div>","y","589","2.1.0","846449","7e9hlcdkks","block2_then_block1","","","color_naming","","","","","","","","","山","shan1","yellow","y","yellow","true","1","f1_2","mountain","","","true","filler","false","null"
"html-keyboard-response","null","","null","590","2.1.0","847457","7e9hlcdkks","block2_then_block1","","","inter_trial_interval","","","","","","","","","","","","","","","","","","","","","","",""
"html-keyboard-response","null","<div class=""fixation"">+</div>","null","591","2.1.0","847969","7e9hlcdkks","block2_then_block1","","","fixation","","","","","","","","","","","","","","","","","","","","","","",""
"html-keyboard-response","1037","<div class=""chinese-character"" style=""color:#2ca02c;"">石</div>","g","592","2.1.0","849007","7e9hlcdkks","block2_then_block1","","","color_naming","","","","","","","","","石","shi2","green","g","green","true","1","f1_24","stone","","","true","filler","false","null"
"html-keyboard-response","null","","null","593","2.1.0","850020","7e9hlcdkks","block2_then_block1","","","inter_trial_interval","","","","","","","","","","","","","","","","","","","","","","",""
"html-keyboard-response","null","<div class=""fixation"">+</div>","null","594","2.1.0","850535","7e9hlcdkks","block2_then_block1","","","fixation","","","","","","","","","","","","","","","","","","","","","","",""
"html-keyboard-response","656","<div class=""chinese-character"" style=""color:#d62728;"">红</div>","r","595","2.1.0","851192","7e9hlcdkks","block2_then_block1","","","color_naming","","","","","","","","","红","hong2","red","r","red","true","1","red","red","","","false","congruent_color_character","true","1"
"html-keyboard-response","null","","null","596","2.1.0","852199","7e9hlcdkks","block2_then_block1","","","inter_trial_interval","","","","","","","","","","","","","","","","","","","","","","",""
"html-keyboard-response","null","<div class=""fixation"">+</div>","null","597","2.1.0","852705","7e9hlcdkks","block2_then_block1","","","fixation","","","","","","","","","","","","","","","","","","","","","","",""
"html-keyboard-response","601","<div class=""chinese-character"" style=""color:#d62728;"">车</div>","r","598","2.1.0","853306","7e9hlcdkks","block2_then_block1","","","color_naming","","","","","","","","","车","che1","red","r","red","true","1","f1_5","car","","","true","filler","false","null"
"html-keyboard-response","null","","null","599","2.1.0","854323","7e9hlcdkks","block2_then_block1","","","inter_trial_interval","","","","","","","","","","","","","","","","","","","","","","",""
"html-keyboard-response","null","<div class=""fixation"">+</div>","null","600","2.1.0","854826","7e9hlcdkks","block2_then_block1","","","fixation","","","","","","","","","","","","","","","","","","","","","","",""
"html-keyboard-response","507","<div class=""chinese-character"" style=""color:#d62728;"">灯</div>","r","601","2.1.0","855334","7e9hlcdkks","block2_then_block1","","","color_naming","","","","","","","","","灯","deng1","red","r","red","true","1","f1_21","lamp","","","true","filler","false","null"
"html-keyboard-response","null","","null","602","2.1.0","856344","7e9hlcdkks","block2_then_block1","","","inter_trial_interval","","","","","","","","","","","","","","","","","","","","","","",""
"html-keyboard-response","null","<div class=""fixation"">+</div>","null","603","2.1.0","856851","7e9hlcdkks","block2_then_block1","","","fixation","","","","","","","","","","","","","","","","","","","","","","",""
"html-keyboard-response","691","<div class=""chinese-character"" style=""color:#d6b300;"">晃</div>","y","604","2.1.0","857543","7e9hlcdkks","block2_then_block1","","","color_naming","","","","","","","","","晃","huang4","yellow","y","yellow","true","1","yellow","sway","","","false","congruent_S_plus_T_minus","true","1"
"html-keyboard-response","null","","null","605","2.1.0","858558","7e9hlcdkks","block2_then_block1","","","inter_trial_interval","","","","","","","","","","","","","","","","","","","","","","",""
"html-keyboard-response","null","<div class=""fixation"">+</div>","null","606","2.1.0","859066","7e9hlcdkks","block2_then_block1","","","fixation","","","","","","","","","","","","","","","","","","","","","","",""
"html-keyboard-response","957","<div class=""chinese-character"" style=""color:#2ca02c;"">手</div>","g","607","2.1.0","860024","7e9hlcdkks","block2_then_block1","","","color_naming","","","","","","","","","手","shou3","green","g","green","true","1","f1_8","hand","","","true","filler","false","null"
"html-keyboard-response","null","","null","608","2.1.0","861034","7e9hlcdkks","block2_then_block1","","","inter_trial_interval","","","","","","","","","","","","","","","","","","","","","","",""
"html-keyboard-response","null","<div class=""fixation"">+</div>","null","609","2.1.0","861542","7e9hlcdkks","block2_then_block1","","","fixation","","","","","","","","","","","","","","","","","","","","","","",""
"html-keyboard-response","603","<div class=""chinese-character"" style=""color:#d62728;"">轰</div>","r","610","2.1.0","862146","7e9hlcdkks","block2_then_block1","","","color_naming","","","","","","","","","轰","hong1","red","r","red","true","1","red","boom","","","false","congruent_S_plus_T_minus","true","1"
"html-keyboard-response","null","","null","611","2.1.0","863158","7e9hlcdkks","block2_then_block1","","","inter_trial_interval","","","","","","","","","","","","","","","","","","","","","","",""
"html-keyboard-response","5019","
      <div class=""instructions"">
        <h2>Experiment Complete</h2>
        <p>Thank you for participating!</p>
        <p>Your keyboard color-naming accuracy was <strong>94</strong> out of <strong>96</strong> trials (98%).</p>
        <p>Press <strong>Space</strong> to view the data.</p>
      </div>
    "," ","612","2.1.0","868179","7e9hlcdkks","block2_then_block1","","","","","","","","","","","","","","","","","","","","","","","","","",""
