"trial_type","rt","stimulus","response","trial_index","plugin_version","time_elapsed","subject_id","experimental_order","consent_response","consent_timestamp","task","mandarin_english_bilingual","native_language","english_age_of_acquisition","years_in_us","english_proficiency_score","mandarin_proficiency","english_proficiency","normal_or_corrected_vision","character","pinyin","recording_key","space_rt_ms","mic_available","audio_recorded","audio_size_bytes","audio_filename","audio_upload_ok","audio_upload_status","block","expected_key","ink_color","correct_key","response_color","correct","item_id","translation","source_condition","source_ink_color","is_filler","condition","is_critical","repetition"
"html-button-response","59291","<div class=""consent-text""> <h2>Consent Agreement</h2> <p> Please read this consent agreement carefully before deciding whether to participate in this experiment. </p> <p> <strong>Description:</strong> You are invited to participate in a research study about language and language learning. The purpose of the research is to understand how people learn new words. This research will be conducted through the Prolific platform, including participants from the US, UK, and Canada. If you decide to participate in this research, you will learn and use new words. </p> <p> <strong>Time Involvement:</strong> The task will last the amount of time advertised on Prolific. You are free to withdraw from the study at any time. </p> <p> <strong>Risks and Benefits:</strong> Study data will be stored securely, in compliance with Stanford University standards, minimizing the risk of confiden-tiality breach. This study advances our scientific understanding of how people learn new languages. We cannot and do not guarantee or promise that you will receive any benefits from this study. </p> <p> <strong>Compensation:</strong> You will receive payment in the amount advertised on Prolific. If you do not complete this study, you will receive prorated payment based on the time that you have spent. Additionally, you may be eligible for bonus payments as described in the instructions. </p> <p> <strong>Participant's Rights:</strong> If you have read this form and have decided to participate in this project, please understand your participation is voluntary and you have the right to withdraw your consent or discontinue participation at any time without penalty or loss of benefits to which you are otherwise entitled. The alternative is not to participate. You have the right to refuse to answer particular questions. The results of this research study may be presented at scientific or professional meetings or published in scientific journals. Your individual privacy will be maintained in all published and writ-ten data resulting from the study. In accordance with scientific norms, the data from this study may be used or shared with other researchers for future research (after removing personally identifying information) without additional consent from you. </p> <p> <strong>Contact Information:</strong> If you have any questions, concerns or complaints about this research, its procedures, risks and benefits, contact the Protocol Director, Robert Hawkins (<a href=""mailto:rdhawkins@stanford.edu"">rdhawkins@stanford.edu</a>, 217-549-6923). </p> <p> <strong>Independent Contact:</strong> If you are not satisfied with how this study is being conducted, or if you have any concerns, com-plaints, or general questions about the research or your rights as a participant, please contact the Stanford Institutional Review Board (IRB) to speak to someone independent of the research team at 650-723-2480 or toll free at 1-866-680-2906, or email at irbnonmed@stanford.edu. You can also write to the Stanford IRB, Stanford University, 1705 El Camino Real, Palo Alto, CA 94306. Please save or print a copy of this page for your records. </p> <p> <strong>If you agree to participate in this research, please click ""I agree""</strong> </p></br> </div>","0","0","2.1.0","59301","5kg1szjvwg","block1_then_block2","agree","2026-05-26T21:00:50.773Z","","","","","","","","","","","","","","","","","","","","","","","","","","","","","","","","",""
"html-keyboard-response","6100","
    <div class=""instructions"">
      <h2>Welcome</h2>
      <p>Thank you for participating in this experiment.</p>
      <p>This study has two kinds of tasks:</p>
      <ol>
        <li>Read Chinese characters aloud in Mandarin.</li>
        <li>Name the ink color of Chinese characters in English.</li>
      </ol>
      <p>Press <strong>Space</strong> to continue.</p>
    </div>
  "," ","1","2.1.0","65404","5kg1szjvwg","block1_then_block2","","","","","","","","","","","","","","","","","","","","","","","","","","","","","","","","","","",""
"survey-html-form","45870","","{""mandarin_english_bilingual"":""yes"",""native_language"":""Mandarin"",""english_age_of_acquisition"":""5"",""years_in_us"":""0"",""english_proficiency_score"":""60%"",""mandarin_proficiency"":""intermediate"",""english_proficiency"":""intermediate"",""normal_or_corrected_vision"":""yes""}","2","2.1.0","111276","5kg1szjvwg","block1_then_block2","","","participant_information","yes","Mandarin","5","0","60%","intermediate","intermediate","yes","","","","","","","","","","","","","","","","","","","","","","","",""
"html-keyboard-response","13198","
    <div class=""instructions"">
      <h2>Color Response Keys</h2>
      <p>In the color-naming task, respond to the <strong>ink color</strong>, not the meaning of the character.</p>
      <ul>
        <li><strong>R</strong> = red</li>
        <li><strong>Y</strong> = yellow</li>
        <li><strong>B</strong> = blue</li>
        <li><strong>G</strong> = green</li>
      </ul>
      <p>Respond as quickly and accurately as possible.</p>
      <p>Press <strong>Space</strong> to continue.</p>
    </div>
  "," ","3","2.1.0","124475","5kg1szjvwg","block1_then_block2","","","","","","","","","","","","","","","","","","","","","","","","","","","","","","","","","","",""
"html-keyboard-response","11951","
    <div class=""instructions"">
      <h2>Microphone Access</h2>
      <p>This experiment records your voice responses during the Chinese character-naming task.</p>
      <p>Your browser may ask for microphone permission — please click <strong>Allow</strong>.</p>
      <p>Your voice recordings will be securely uploaded to our research server (DataPipe) for analysis.</p>
      <p>Press <strong>Space</strong> once you have granted permission (or if no prompt appeared).</p>
    </div>
  "," ","4","2.1.0","136427","5kg1szjvwg","block1_then_block2","","","mic_permission","","","","","","","","","","","","","","","","","","","","","","","","","","","","","","","",""
"html-keyboard-response","2416","
      <div class=""instructions"">
        <h2>Practice — Character Reading</h2>
        <p>First, you will practice reading Chinese characters aloud.</p>
        <p>Each character will appear on screen. Say it aloud in Mandarin, then press <strong>Space</strong> to move immediately to the next character.</p>
        <p>Your voice will be recorded during the real experiment.</p>
        <p>Press <strong>Space</strong> to start.</p>
      </div>
    "," ","5","2.1.0","138844","5kg1szjvwg","block1_then_block2","","","","","","","","","","","","","","","","","","","","","","","","","","","","","","","","","","",""
"html-keyboard-response","null","<div class=""fixation"">+</div>","null","6","2.1.0","139344","5kg1szjvwg","block1_then_block2","","","fixation","","","","","","","","","","","","","","","","","","","","","","","","","","","","","","","",""
"html-keyboard-response","3850","
      <div class=""chinese-character"" style=""color:#000000;"">日</div>
      <div style=""margin-top:32px; font-size:16px; color:#555; font-family:Arial,sans-serif;"">
        Say the character aloud, then press <strong>Space</strong>.
      </div>
    "," ","7","2.1.0","143195","5kg1szjvwg","block1_then_block2","","","practice_character_naming","","","","","","","","","日","ri4","practice_character_日","3850","true","true","62120","5kg1szjvwg_practice_character_日.webm","true","{""message"":""Success""}","","","","","","","","","","","","","",""
"html-keyboard-response","null","","null","8","2.1.0","143297","5kg1szjvwg","block1_then_block2","","","inter_trial_interval","","","","","","","","","","","","","","","","","","","","","","","","","","","","","","","",""
"html-keyboard-response","null","<div class=""fixation"">+</div>","null","9","2.1.0","143799","5kg1szjvwg","block1_then_block2","","","fixation","","","","","","","","","","","","","","","","","","","","","","","","","","","","","","","",""
"html-keyboard-response","2179","
      <div class=""chinese-character"" style=""color:#000000;"">木</div>
      <div style=""margin-top:32px; font-size:16px; color:#555; font-family:Arial,sans-serif;"">
        Say the character aloud, then press <strong>Space</strong>.
      </div>
    "," ","10","2.1.0","145979","5kg1szjvwg","block1_then_block2","","","practice_character_naming","","","","","","","","","木","mu4","practice_character_木","2179","true","true","35072","5kg1szjvwg_practice_character_木.webm","true","{""message"":""Success""}","","","","","","","","","","","","","",""
"html-keyboard-response","null","","null","11","2.1.0","146080","5kg1szjvwg","block1_then_block2","","","inter_trial_interval","","","","","","","","","","","","","","","","","","","","","","","","","","","","","","","",""
"html-keyboard-response","null","<div class=""fixation"">+</div>","null","12","2.1.0","146582","5kg1szjvwg","block1_then_block2","","","fixation","","","","","","","","","","","","","","","","","","","","","","","","","","","","","","","",""
"html-keyboard-response","1796","
      <div class=""chinese-character"" style=""color:#000000;"">人</div>
      <div style=""margin-top:32px; font-size:16px; color:#555; font-family:Arial,sans-serif;"">
        Say the character aloud, then press <strong>Space</strong>.
      </div>
    "," ","13","2.1.0","148379","5kg1szjvwg","block1_then_block2","","","practice_character_naming","","","","","","","","","人","ren2","practice_character_人","1796","true","true","28310","5kg1szjvwg_practice_character_人.webm","true","{""message"":""Success""}","","","","","","","","","","","","","",""
"html-keyboard-response","null","","null","14","2.1.0","148481","5kg1szjvwg","block1_then_block2","","","inter_trial_interval","","","","","","","","","","","","","","","","","","","","","","","","","","","","","","","",""
"html-keyboard-response","null","<div class=""fixation"">+</div>","null","15","2.1.0","148982","5kg1szjvwg","block1_then_block2","","","fixation","","","","","","","","","","","","","","","","","","","","","","","","","","","","","","","",""
"html-keyboard-response","1509","
      <div class=""chinese-character"" style=""color:#000000;"">火</div>
      <div style=""margin-top:32px; font-size:16px; color:#555; font-family:Arial,sans-serif;"">
        Say the character aloud, then press <strong>Space</strong>.
      </div>
    "," ","16","2.1.0","150491","5kg1szjvwg","block1_then_block2","","","practice_character_naming","","","","","","","","","火","huo3","practice_character_火","1509","true","true","24446","5kg1szjvwg_practice_character_火.webm","true","{""message"":""Success""}","","","","","","","","","","","","","",""
"html-keyboard-response","null","","null","17","2.1.0","150593","5kg1szjvwg","block1_then_block2","","","inter_trial_interval","","","","","","","","","","","","","","","","","","","","","","","","","","","","","","","",""
"html-keyboard-response","3258","
      <div class=""instructions"">
        <h2>Practice — Color Naming</h2>
        <p>Now practice naming the ink color in English using the keyboard.</p>
        <p><strong>R</strong> = red, <strong>Y</strong> = yellow, <strong>B</strong> = blue, <strong>G</strong> = green.</p>
        <p>Press <strong>Space</strong> to start.</p>
      </div>
    "," ","18","2.1.0","153851","5kg1szjvwg","block1_then_block2","","","","","","","","","","","","","","","","","","","","","","","","","","","","","","","","","","",""
"html-keyboard-response","10208","
      <div class=""instructions"">
        <h2>Keyboard Check</h2>
        <p>Before we continue, please press the <strong>R</strong> key
        (for <strong>red</strong>) on your keyboard.</p>
        <p style=""color:#888;font-size:0.9em;"">
          If your keyboard is set to a Chinese input method (IME),
          please switch to English / Roman input now, otherwise the experiment cannot record your responses.
        </p>
      </div>
    ","r","19","2.1.0","164060","5kg1szjvwg","block1_then_block2","","","keyboard_check","","","","","","","","","","","","","","","","","","","practice","r","","","","","","","","","","","",""
"html-keyboard-response","null","<div class=""fixation"">+</div>","null","20","2.1.0","164561","5kg1szjvwg","block1_then_block2","","","fixation","","","","","","","","","","","","","","","","","","","","","","","","","","","","","","","",""
"html-keyboard-response","null","<div class=""chinese-character"" style=""color:#d62728;"">日</div>","null","21","2.1.0","167563","5kg1szjvwg","block1_then_block2","","","practice_color_naming","","","","","","","","","日","","","","","","","","","","","","red","r","null","false","","","","","","","",""
"html-keyboard-response","null","","null","22","2.1.0","168564","5kg1szjvwg","block1_then_block2","","","inter_trial_interval","","","","","","","","","","","","","","","","","","","","","","","","","","","","","","","",""
"html-keyboard-response","null","<div class=""fixation"">+</div>","null","23","2.1.0","169066","5kg1szjvwg","block1_then_block2","","","fixation","","","","","","","","","","","","","","","","","","","","","","","","","","","","","","","",""
"html-keyboard-response","1313","<div class=""chinese-character"" style=""color:#2ca02c;"">木</div>","g","24","2.1.0","170379","5kg1szjvwg","block1_then_block2","","","practice_color_naming","","","","","","","","","木","","","","","","","","","","","","green","g","green","true","","","","","","","",""
"html-keyboard-response","null","","null","25","2.1.0","171380","5kg1szjvwg","block1_then_block2","","","inter_trial_interval","","","","","","","","","","","","","","","","","","","","","","","","","","","","","","","",""
"html-keyboard-response","null","<div class=""fixation"">+</div>","null","26","2.1.0","171882","5kg1szjvwg","block1_then_block2","","","fixation","","","","","","","","","","","","","","","","","","","","","","","","","","","","","","","",""
"html-keyboard-response","1953","<div class=""chinese-character"" style=""color:#d6b300;"">人</div>","y","27","2.1.0","173835","5kg1szjvwg","block1_then_block2","","","practice_color_naming","","","","","","","","","人","","","","","","","","","","","","yellow","y","yellow","true","","","","","","","",""
"html-keyboard-response","null","","null","28","2.1.0","174836","5kg1szjvwg","block1_then_block2","","","inter_trial_interval","","","","","","","","","","","","","","","","","","","","","","","","","","","","","","","",""
"html-keyboard-response","null","<div class=""fixation"">+</div>","null","29","2.1.0","175338","5kg1szjvwg","block1_then_block2","","","fixation","","","","","","","","","","","","","","","","","","","","","","","","","","","","","","","",""
"html-keyboard-response","1280","<div class=""chinese-character"" style=""color:#1f77b4;"">火</div>","b","30","2.1.0","176619","5kg1szjvwg","block1_then_block2","","","practice_color_naming","","","","","","","","","火","","","","","","","","","","","","blue","b","blue","true","","","","","","","",""
"html-keyboard-response","null","","null","31","2.1.0","177621","5kg1szjvwg","block1_then_block2","","","inter_trial_interval","","","","","","","","","","","","","","","","","","","","","","","","","","","","","","","",""
"html-keyboard-response","1494","
      <div class=""instructions"">
        <h2>End of Practice</h2>
        <p>The practice is over. The experiment will now begin.</p>
        <p>Press <strong>Space</strong> to continue.</p>
      </div>
    "," ","32","2.1.0","179115","5kg1szjvwg","block1_then_block2","","","","","","","","","","","","","","","","","","","","","","","","","","","","","","","","","","",""
"html-keyboard-response","11759","
      <div class=""instructions"">
        <h2>Chinese Character Naming — Block 1</h2>
        <p>You will see Chinese characters printed in black.</p>
        <p>Please <strong>say the character aloud in Mandarin</strong> as quickly and accurately as possible.</p>
        <p>After speaking, press <strong>Space</strong> to move to the next character immediately.</p>
        <p>Your voice will be recorded so we can verify your responses.</p>
        <p>Press <strong>Space</strong> to begin.</p>
      </div>
    "," ","33","2.1.0","190875","5kg1szjvwg","block1_then_block2","","","","","","","","","","","","","","","","","","","","","","","","","","","","","","","","","","",""
"html-keyboard-response","null","<div class=""fixation"">+</div>","null","34","2.1.0","191377","5kg1szjvwg","block1_then_block2","","","fixation","","","","","","","","","","","","","","","","","","","","","","","","","","","","","","","",""
"html-keyboard-response","1802","
      <div class=""chinese-character"" style=""color:#000000;"">书</div>
      <div style=""margin-top:32px; font-size:16px; color:#555; font-family:Arial,sans-serif;"">
        Say the character aloud, then press <strong>Space</strong>.
      </div>
    "," ","35","2.1.0","193179","5kg1szjvwg","block1_then_block2","","","character_naming","","","","","","","","","书","shu1","character_naming_f1_1_block1_norep","1802","true","true","29276","5kg1szjvwg_character_naming_f1_1_block1_norep.webm","true","{""message"":""Success""}","1","","","","","","f1_1","book","filler","red","true","","",""
"html-keyboard-response","null","","null","36","2.1.0","193282","5kg1szjvwg","block1_then_block2","","","inter_trial_interval","","","","","","","","","","","","","","","","","","","","","","","","","","","","","","","",""
"html-keyboard-response","null","<div class=""fixation"">+</div>","null","37","2.1.0","193783","5kg1szjvwg","block1_then_block2","","","fixation","","","","","","","","","","","","","","","","","","","","","","","","","","","","","","","",""
"html-keyboard-response","1443","
      <div class=""chinese-character"" style=""color:#000000;"">纸</div>
      <div style=""margin-top:32px; font-size:16px; color:#555; font-family:Arial,sans-serif;"">
        Say the character aloud, then press <strong>Space</strong>.
      </div>
    "," ","38","2.1.0","195227","5kg1szjvwg","block1_then_block2","","","character_naming","","","","","","","","","纸","zhi3","character_naming_f1_19_block1_norep","1443","true","true","23480","5kg1szjvwg_character_naming_f1_19_block1_norep.webm","true","{""message"":""Success""}","1","","","","","","f1_19","paper","filler","blue","true","","",""
"html-keyboard-response","null","","null","39","2.1.0","195328","5kg1szjvwg","block1_then_block2","","","inter_trial_interval","","","","","","","","","","","","","","","","","","","","","","","","","","","","","","","",""
"html-keyboard-response","null","<div class=""fixation"">+</div>","null","40","2.1.0","195829","5kg1szjvwg","block1_then_block2","","","fixation","","","","","","","","","","","","","","","","","","","","","","","","","","","","","","","",""
"html-keyboard-response","1877","
      <div class=""chinese-character"" style=""color:#000000;"">尝</div>
      <div style=""margin-top:32px; font-size:16px; color:#555; font-family:Arial,sans-serif;"">
        Say the character aloud, then press <strong>Space</strong>.
      </div>
    "," ","41","2.1.0","197707","5kg1szjvwg","block1_then_block2","","","character_naming","","","","","","","","","尝","chang2","character_naming_blue_block1_rep1","1877","true","true","30242","5kg1szjvwg_character_naming_blue_block1_rep1.webm","true","{""message"":""Success""}","1","","","","","","blue","taste","congruent_S_minus_T_plus","blue","false","","",""
"html-keyboard-response","null","","null","42","2.1.0","197809","5kg1szjvwg","block1_then_block2","","","inter_trial_interval","","","","","","","","","","","","","","","","","","","","","","","","","","","","","","","",""
"html-keyboard-response","null","<div class=""fixation"">+</div>","null","43","2.1.0","198310","5kg1szjvwg","block1_then_block2","","","fixation","","","","","","","","","","","","","","","","","","","","","","","","","","","","","","","",""
"html-keyboard-response","2469","
      <div class=""chinese-character"" style=""color:#000000;"">牵</div>
      <div style=""margin-top:32px; font-size:16px; color:#555; font-family:Arial,sans-serif;"">
        Say the character aloud, then press <strong>Space</strong>.
      </div>
    "," ","44","2.1.0","200779","5kg1szjvwg","block1_then_block2","","","character_naming","","","","","","","","","牵","qian1","character_naming_red_block1_rep1","2469","true","true","39902","5kg1szjvwg_character_naming_red_block1_rep1.webm","true","{""message"":""Success""}","1","","","","","","red","lead along","neutral","red","false","","",""
"html-keyboard-response","null","","null","45","2.1.0","200881","5kg1szjvwg","block1_then_block2","","","inter_trial_interval","","","","","","","","","","","","","","","","","","","","","","","","","","","","","","","",""
"html-keyboard-response","null","<div class=""fixation"">+</div>","null","46","2.1.0","201382","5kg1szjvwg","block1_then_block2","","","fixation","","","","","","","","","","","","","","","","","","","","","","","","","","","","","","","",""
"html-keyboard-response","1381","
      <div class=""chinese-character"" style=""color:#000000;"">桥</div>
      <div style=""margin-top:32px; font-size:16px; color:#555; font-family:Arial,sans-serif;"">
        Say the character aloud, then press <strong>Space</strong>.
      </div>
    "," ","47","2.1.0","202763","5kg1szjvwg","block1_then_block2","","","character_naming","","","","","","","","","桥","qiao2","character_naming_f1_18_block1_norep","1381","true","true","22514","5kg1szjvwg_character_naming_f1_18_block1_norep.webm","true","{""message"":""Success""}","1","","","","","","f1_18","bridge","filler","yellow","true","","",""
"html-keyboard-response","null","","null","48","2.1.0","202865","5kg1szjvwg","block1_then_block2","","","inter_trial_interval","","","","","","","","","","","","","","","","","","","","","","","","","","","","","","","",""
"html-keyboard-response","null","<div class=""fixation"">+</div>","null","49","2.1.0","203366","5kg1szjvwg","block1_then_block2","","","fixation","","","","","","","","","","","","","","","","","","","","","","","","","","","","","","","",""
"html-keyboard-response","1173","
      <div class=""chinese-character"" style=""color:#000000;"">红</div>
      <div style=""margin-top:32px; font-size:16px; color:#555; font-family:Arial,sans-serif;"">
        Say the character aloud, then press <strong>Space</strong>.
      </div>
    "," ","50","2.1.0","204540","5kg1szjvwg","block1_then_block2","","","character_naming","","","","","","","","","红","hong2","character_naming_red_block1_rep1","1173","true","true","18650","5kg1szjvwg_character_naming_red_block1_rep1.webm","true","{""error"":""OSF_FILE_EXISTS"",""message"":""The OSF file already exists. File names must be unique.""}","1","","","","","","red","red","incongruent_color_character","blue","false","","",""
"html-keyboard-response","null","","null","51","2.1.0","204641","5kg1szjvwg","block1_then_block2","","","inter_trial_interval","","","","","","","","","","","","","","","","","","","","","","","","","","","","","","","",""
"html-keyboard-response","null","<div class=""fixation"">+</div>","null","52","2.1.0","205142","5kg1szjvwg","block1_then_block2","","","fixation","","","","","","","","","","","","","","","","","","","","","","","","","","","","","","","",""
"html-keyboard-response","2036","
      <div class=""chinese-character"" style=""color:#000000;"">轰</div>
      <div style=""margin-top:32px; font-size:16px; color:#555; font-family:Arial,sans-serif;"">
        Say the character aloud, then press <strong>Space</strong>.
      </div>
    "," ","53","2.1.0","207179","5kg1szjvwg","block1_then_block2","","","character_naming","","","","","","","","","轰","hong1","character_naming_red_block1_rep1","2036","true","true","32174","5kg1szjvwg_character_naming_red_block1_rep1.webm","true","{""error"":""OSF_FILE_EXISTS"",""message"":""The OSF file already exists. File names must be unique.""}","1","","","","","","red","boom","congruent_S_plus_T_minus","red","false","","",""
"html-keyboard-response","null","","null","54","2.1.0","207280","5kg1szjvwg","block1_then_block2","","","inter_trial_interval","","","","","","","","","","","","","","","","","","","","","","","","","","","","","","","",""
"html-keyboard-response","null","<div class=""fixation"">+</div>","null","55","2.1.0","207783","5kg1szjvwg","block1_then_block2","","","fixation","","","","","","","","","","","","","","","","","","","","","","","","","","","","","","","",""
"html-keyboard-response","1524","
      <div class=""chinese-character"" style=""color:#000000;"">门</div>
      <div style=""margin-top:32px; font-size:16px; color:#555; font-family:Arial,sans-serif;"">
        Say the character aloud, then press <strong>Space</strong>.
      </div>
    "," ","56","2.1.0","209307","5kg1szjvwg","block1_then_block2","","","character_naming","","","","","","","","","门","men2","character_naming_f1_4_block1_norep","1524","true","true","24446","5kg1szjvwg_character_naming_f1_4_block1_norep.webm","true","{""message"":""Success""}","1","","","","","","f1_4","door","filler","green","true","","",""
"html-keyboard-response","null","","null","57","2.1.0","209408","5kg1szjvwg","block1_then_block2","","","inter_trial_interval","","","","","","","","","","","","","","","","","","","","","","","","","","","","","","","",""
"html-keyboard-response","null","<div class=""fixation"">+</div>","null","58","2.1.0","209909","5kg1szjvwg","block1_then_block2","","","fixation","","","","","","","","","","","","","","","","","","","","","","","","","","","","","","","",""
"html-keyboard-response","1413","
      <div class=""chinese-character"" style=""color:#000000;"">船</div>
      <div style=""margin-top:32px; font-size:16px; color:#555; font-family:Arial,sans-serif;"">
        Say the character aloud, then press <strong>Space</strong>.
      </div>
    "," ","59","2.1.0","211323","5kg1szjvwg","block1_then_block2","","","character_naming","","","","","","","","","船","chuan2","character_naming_f1_23_block1_norep","1413","true","true","22514","5kg1szjvwg_character_naming_f1_23_block1_norep.webm","true","{""message"":""Success""}","1","","","","","","f1_23","boat","filler","blue","true","","",""
"html-keyboard-response","null","","null","60","2.1.0","211426","5kg1szjvwg","block1_then_block2","","","inter_trial_interval","","","","","","","","","","","","","","","","","","","","","","","","","","","","","","","",""
"html-keyboard-response","null","<div class=""fixation"">+</div>","null","61","2.1.0","211927","5kg1szjvwg","block1_then_block2","","","fixation","","","","","","","","","","","","","","","","","","","","","","","","","","","","","","","",""
"html-keyboard-response","2532","
      <div class=""chinese-character"" style=""color:#000000;"">虑</div>
      <div style=""margin-top:32px; font-size:16px; color:#555; font-family:Arial,sans-serif;"">
        Say the character aloud, then press <strong>Space</strong>.
      </div>
    "," ","62","2.1.0","214460","5kg1szjvwg","block1_then_block2","","","character_naming","","","","","","","","","虑","lv4","character_naming_green_block1_rep1","2532","true","true","40868","5kg1szjvwg_character_naming_green_block1_rep1.webm","true","{""message"":""Success""}","1","","","","","","green","ponder","congruent_S_T_plus","green","false","","",""
"html-keyboard-response","null","","null","63","2.1.0","214561","5kg1szjvwg","block1_then_block2","","","inter_trial_interval","","","","","","","","","","","","","","","","","","","","","","","","","","","","","","","",""
"html-keyboard-response","null","<div class=""fixation"">+</div>","null","64","2.1.0","215063","5kg1szjvwg","block1_then_block2","","","fixation","","","","","","","","","","","","","","","","","","","","","","","","","","","","","","","",""
"html-keyboard-response","1348","
      <div class=""chinese-character"" style=""color:#000000;"">灯</div>
      <div style=""margin-top:32px; font-size:16px; color:#555; font-family:Arial,sans-serif;"">
        Say the character aloud, then press <strong>Space</strong>.
      </div>
    "," ","65","2.1.0","216411","5kg1szjvwg","block1_then_block2","","","character_naming","","","","","","","","","灯","deng1","character_naming_f1_21_block1_norep","1348","true","true","21548","5kg1szjvwg_character_naming_f1_21_block1_norep.webm","true","{""message"":""Success""}","1","","","","","","f1_21","lamp","filler","red","true","","",""
"html-keyboard-response","null","","null","66","2.1.0","216512","5kg1szjvwg","block1_then_block2","","","inter_trial_interval","","","","","","","","","","","","","","","","","","","","","","","","","","","","","","","",""
"html-keyboard-response","null","<div class=""fixation"">+</div>","null","67","2.1.0","217013","5kg1szjvwg","block1_then_block2","","","fixation","","","","","","","","","","","","","","","","","","","","","","","","","","","","","","","",""
"html-keyboard-response","1302","
      <div class=""chinese-character"" style=""color:#000000;"">黄</div>
      <div style=""margin-top:32px; font-size:16px; color:#555; font-family:Arial,sans-serif;"">
        Say the character aloud, then press <strong>Space</strong>.
      </div>
    "," ","68","2.1.0","218315","5kg1szjvwg","block1_then_block2","","","character_naming","","","","","","","","","黄","huang2","character_naming_yellow_block1_rep1","1302","true","true","20582","5kg1szjvwg_character_naming_yellow_block1_rep1.webm","true","{""message"":""Success""}","1","","","","","","yellow","yellow","incongruent_color_character","green","false","","",""
"html-keyboard-response","null","","null","69","2.1.0","218417","5kg1szjvwg","block1_then_block2","","","inter_trial_interval","","","","","","","","","","","","","","","","","","","","","","","","","","","","","","","",""
"html-keyboard-response","null","<div class=""fixation"">+</div>","null","70","2.1.0","218919","5kg1szjvwg","block1_then_block2","","","fixation","","","","","","","","","","","","","","","","","","","","","","","","","","","","","","","",""
"html-keyboard-response","1156","
      <div class=""chinese-character"" style=""color:#000000;"">红</div>
      <div style=""margin-top:32px; font-size:16px; color:#555; font-family:Arial,sans-serif;"">
        Say the character aloud, then press <strong>Space</strong>.
      </div>
    "," ","71","2.1.0","220075","5kg1szjvwg","block1_then_block2","","","character_naming","","","","","","","","","红","hong2","character_naming_red_block1_rep1","1156","true","true","18650","5kg1szjvwg_character_naming_red_block1_rep1.webm","true","{""error"":""OSF_FILE_EXISTS"",""message"":""The OSF file already exists. File names must be unique.""}","1","","","","","","red","red","congruent_color_character","red","false","","",""
"html-keyboard-response","null","","null","72","2.1.0","220177","5kg1szjvwg","block1_then_block2","","","inter_trial_interval","","","","","","","","","","","","","","","","","","","","","","","","","","","","","","","",""
"html-keyboard-response","null","<div class=""fixation"">+</div>","null","73","2.1.0","220679","5kg1szjvwg","block1_then_block2","","","fixation","","","","","","","","","","","","","","","","","","","","","","","","","","","","","","","",""
"html-keyboard-response","1315","
      <div class=""chinese-character"" style=""color:#000000;"">月</div>
      <div style=""margin-top:32px; font-size:16px; color:#555; font-family:Arial,sans-serif;"">
        Say the character aloud, then press <strong>Space</strong>.
      </div>
    "," ","74","2.1.0","221995","5kg1szjvwg","block1_then_block2","","","character_naming","","","","","","","","","月","yue4","character_naming_f1_7_block1_norep","1315","true","true","21548","5kg1szjvwg_character_naming_f1_7_block1_norep.webm","true","{""message"":""Success""}","1","","","","","","f1_7","moon","filler","blue","true","","",""
"html-keyboard-response","null","","null","75","2.1.0","222096","5kg1szjvwg","block1_then_block2","","","inter_trial_interval","","","","","","","","","","","","","","","","","","","","","","","","","","","","","","","",""
"html-keyboard-response","null","<div class=""fixation"">+</div>","null","76","2.1.0","222597","5kg1szjvwg","block1_then_block2","","","fixation","","","","","","","","","","","","","","","","","","","","","","","","","","","","","","","",""
"html-keyboard-response","2197","
      <div class=""chinese-character"" style=""color:#000000;"">晃</div>
      <div style=""margin-top:32px; font-size:16px; color:#555; font-family:Arial,sans-serif;"">
        Say the character aloud, then press <strong>Space</strong>.
      </div>
    "," ","77","2.1.0","224795","5kg1szjvwg","block1_then_block2","","","character_naming","","","","","","","","","晃","huang4","character_naming_yellow_block1_rep1","2197","true","true","35072","5kg1szjvwg_character_naming_yellow_block1_rep1.webm","true","{""error"":""OSF_FILE_EXISTS"",""message"":""The OSF file already exists. File names must be unique.""}","1","","","","","","yellow","sway","congruent_S_plus_T_minus","yellow","false","","",""
"html-keyboard-response","null","","null","78","2.1.0","224897","5kg1szjvwg","block1_then_block2","","","inter_trial_interval","","","","","","","","","","","","","","","","","","","","","","","","","","","","","","","",""
"html-keyboard-response","null","<div class=""fixation"">+</div>","null","79","2.1.0","225399","5kg1szjvwg","block1_then_block2","","","fixation","","","","","","","","","","","","","","","","","","","","","","","","","","","","","","","",""
"html-keyboard-response","1220","
      <div class=""chinese-character"" style=""color:#000000;"">车</div>
      <div style=""margin-top:32px; font-size:16px; color:#555; font-family:Arial,sans-serif;"">
        Say the character aloud, then press <strong>Space</strong>.
      </div>
    "," ","80","2.1.0","226619","5kg1szjvwg","block1_then_block2","","","character_naming","","","","","","","","","车","che1","character_naming_f1_5_block1_norep","1220","true","true","19616","5kg1szjvwg_character_naming_f1_5_block1_norep.webm","true","{""message"":""Success""}","1","","","","","","f1_5","car","filler","red","true","","",""
"html-keyboard-response","null","","null","81","2.1.0","226721","5kg1szjvwg","block1_then_block2","","","inter_trial_interval","","","","","","","","","","","","","","","","","","","","","","","","","","","","","","","",""
"html-keyboard-response","null","<div class=""fixation"">+</div>","null","82","2.1.0","227222","5kg1szjvwg","block1_then_block2","","","fixation","","","","","","","","","","","","","","","","","","","","","","","","","","","","","","","",""
"html-keyboard-response","3460","
      <div class=""chinese-character"" style=""color:#000000;"">缠</div>
      <div style=""margin-top:32px; font-size:16px; color:#555; font-family:Arial,sans-serif;"">
        Say the character aloud, then press <strong>Space</strong>.
      </div>
    "," ","83","2.1.0","230683","5kg1szjvwg","block1_then_block2","","","character_naming","","","","","","","","","缠","chan2","character_naming_yellow_block1_rep1","3460","true","true","55358","5kg1szjvwg_character_naming_yellow_block1_rep1.webm","true","{""error"":""OSF_FILE_EXISTS"",""message"":""The OSF file already exists. File names must be unique.""}","1","","","","","","yellow","wrap around","congruent_S_minus_T_plus","yellow","false","","",""
"html-keyboard-response","null","","null","84","2.1.0","230785","5kg1szjvwg","block1_then_block2","","","inter_trial_interval","","","","","","","","","","","","","","","","","","","","","","","","","","","","","","","",""
"html-keyboard-response","null","<div class=""fixation"">+</div>","null","85","2.1.0","231286","5kg1szjvwg","block1_then_block2","","","fixation","","","","","","","","","","","","","","","","","","","","","","","","","","","","","","","",""
"html-keyboard-response","1365","
      <div class=""chinese-character"" style=""color:#000000;"">风</div>
      <div style=""margin-top:32px; font-size:16px; color:#555; font-family:Arial,sans-serif;"">
        Say the character aloud, then press <strong>Space</strong>.
      </div>
    "," ","86","2.1.0","232651","5kg1szjvwg","block1_then_block2","","","character_naming","","","","","","","","","风","feng1","character_naming_f1_10_block1_norep","1365","true","true","21548","5kg1szjvwg_character_naming_f1_10_block1_norep.webm","true","{""message"":""Success""}","1","","","","","","f1_10","wind","filler","yellow","true","","",""
"html-keyboard-response","null","","null","87","2.1.0","232752","5kg1szjvwg","block1_then_block2","","","inter_trial_interval","","","","","","","","","","","","","","","","","","","","","","","","","","","","","","","",""
"html-keyboard-response","null","<div class=""fixation"">+</div>","null","88","2.1.0","233253","5kg1szjvwg","block1_then_block2","","","fixation","","","","","","","","","","","","","","","","","","","","","","","","","","","","","","","",""
"html-keyboard-response","1270","
      <div class=""chinese-character"" style=""color:#000000;"">树</div>
      <div style=""margin-top:32px; font-size:16px; color:#555; font-family:Arial,sans-serif;"">
        Say the character aloud, then press <strong>Space</strong>.
      </div>
    "," ","89","2.1.0","234523","5kg1szjvwg","block1_then_block2","","","character_naming","","","","","","","","","树","shu4","character_naming_f1_16_block1_norep","1270","true","true","20582","5kg1szjvwg_character_naming_f1_16_block1_norep.webm","true","{""message"":""Success""}","1","","","","","","f1_16","tree","filler","green","true","","",""
"html-keyboard-response","null","","null","90","2.1.0","234624","5kg1szjvwg","block1_then_block2","","","inter_trial_interval","","","","","","","","","","","","","","","","","","","","","","","","","","","","","","","",""
"html-keyboard-response","null","<div class=""fixation"">+</div>","null","91","2.1.0","235126","5kg1szjvwg","block1_then_block2","","","fixation","","","","","","","","","","","","","","","","","","","","","","","","","","","","","","","",""
"html-keyboard-response","1189","
      <div class=""chinese-character"" style=""color:#000000;"">洪</div>
      <div style=""margin-top:32px; font-size:16px; color:#555; font-family:Arial,sans-serif;"">
        Say the character aloud, then press <strong>Space</strong>.
      </div>
    "," ","92","2.1.0","236315","5kg1szjvwg","block1_then_block2","","","character_naming","","","","","","","","","洪","hong2","character_naming_red_block1_rep1","1189","true","true","18650","5kg1szjvwg_character_naming_red_block1_rep1.webm","true","{""error"":""OSF_FILE_EXISTS"",""message"":""The OSF file already exists. File names must be unique.""}","1","","","","","","red","flood","congruent_S_T_plus","red","false","","",""
"html-keyboard-response","null","","null","93","2.1.0","236416","5kg1szjvwg","block1_then_block2","","","inter_trial_interval","","","","","","","","","","","","","","","","","","","","","","","","","","","","","","","",""
"html-keyboard-response","null","<div class=""fixation"">+</div>","null","94","2.1.0","236918","5kg1szjvwg","block1_then_block2","","","fixation","","","","","","","","","","","","","","","","","","","","","","","","","","","","","","","",""
"html-keyboard-response","1397","
      <div class=""chinese-character"" style=""color:#000000;"">蓝</div>
      <div style=""margin-top:32px; font-size:16px; color:#555; font-family:Arial,sans-serif;"">
        Say the character aloud, then press <strong>Space</strong>.
      </div>
    "," ","95","2.1.0","238315","5kg1szjvwg","block1_then_block2","","","character_naming","","","","","","","","","蓝","lan2","character_naming_blue_block1_rep1","1397","true","true","22514","5kg1szjvwg_character_naming_blue_block1_rep1.webm","true","{""error"":null,""message"":""Data received. OSF upload will be retried automatically.""}","1","","","","","","blue","blue","incongruent_color_character","red","false","","",""
"html-keyboard-response","null","","null","96","2.1.0","238417","5kg1szjvwg","block1_then_block2","","","inter_trial_interval","","","","","","","","","","","","","","","","","","","","","","","","","","","","","","","",""
"html-keyboard-response","null","<div class=""fixation"">+</div>","null","97","2.1.0","238918","5kg1szjvwg","block1_then_block2","","","fixation","","","","","","","","","","","","","","","","","","","","","","","","","","","","","","","",""
"html-keyboard-response","1332","
      <div class=""chinese-character"" style=""color:#000000;"">石</div>
      <div style=""margin-top:32px; font-size:16px; color:#555; font-family:Arial,sans-serif;"">
        Say the character aloud, then press <strong>Space</strong>.
      </div>
    "," ","98","2.1.0","240251","5kg1szjvwg","block1_then_block2","","","character_naming","","","","","","","","","石","shi2","character_naming_f1_24_block1_norep","1332","true","true","21548","5kg1szjvwg_character_naming_f1_24_block1_norep.webm","true","{""message"":""Success""}","1","","","","","","f1_24","stone","filler","green","true","","",""
"html-keyboard-response","null","","null","99","2.1.0","240352","5kg1szjvwg","block1_then_block2","","","inter_trial_interval","","","","","","","","","","","","","","","","","","","","","","","","","","","","","","","",""
"html-keyboard-response","null","<div class=""fixation"">+</div>","null","100","2.1.0","240853","5kg1szjvwg","block1_then_block2","","","fixation","","","","","","","","","","","","","","","","","","","","","","","","","","","","","","","",""
"html-keyboard-response","1141","
      <div class=""chinese-character"" style=""color:#000000;"">绿</div>
      <div style=""margin-top:32px; font-size:16px; color:#555; font-family:Arial,sans-serif;"">
        Say the character aloud, then press <strong>Space</strong>.
      </div>
    "," ","101","2.1.0","241995","5kg1szjvwg","block1_then_block2","","","character_naming","","","","","","","","","绿","lv4","character_naming_green_block1_rep1","1141","true","true","18650","5kg1szjvwg_character_naming_green_block1_rep1.webm","true","{""error"":""OSF_FILE_EXISTS"",""message"":""The OSF file already exists. File names must be unique.""}","1","","","","","","green","green","congruent_color_character","green","false","","",""
"html-keyboard-response","null","","null","102","2.1.0","242097","5kg1szjvwg","block1_then_block2","","","inter_trial_interval","","","","","","","","","","","","","","","","","","","","","","","","","","","","","","","",""
"html-keyboard-response","null","<div class=""fixation"">+</div>","null","103","2.1.0","242598","5kg1szjvwg","block1_then_block2","","","fixation","","","","","","","","","","","","","","","","","","","","","","","","","","","","","","","",""
"html-keyboard-response","1173","
      <div class=""chinese-character"" style=""color:#000000;"">瓶</div>
      <div style=""margin-top:32px; font-size:16px; color:#555; font-family:Arial,sans-serif;"">
        Say the character aloud, then press <strong>Space</strong>.
      </div>
    "," ","104","2.1.0","243771","5kg1szjvwg","block1_then_block2","","","character_naming","","","","","","","","","瓶","ping2","character_naming_red_block1_rep1","1173","true","true","18650","5kg1szjvwg_character_naming_red_block1_rep1.webm","true","{""error"":""OSF_FILE_EXISTS"",""message"":""The OSF file already exists. File names must be unique.""}","1","","","","","","red","bottle","congruent_S_minus_T_plus","red","false","","",""
"html-keyboard-response","null","","null","105","2.1.0","243872","5kg1szjvwg","block1_then_block2","","","inter_trial_interval","","","","","","","","","","","","","","","","","","","","","","","","","","","","","","","",""
"html-keyboard-response","null","<div class=""fixation"">+</div>","null","106","2.1.0","244373","5kg1szjvwg","block1_then_block2","","","fixation","","","","","","","","","","","","","","","","","","","","","","","","","","","","","","","",""
"html-keyboard-response","1174","
      <div class=""chinese-character"" style=""color:#000000;"">黄</div>
      <div style=""margin-top:32px; font-size:16px; color:#555; font-family:Arial,sans-serif;"">
        Say the character aloud, then press <strong>Space</strong>.
      </div>
    "," ","107","2.1.0","245547","5kg1szjvwg","block1_then_block2","","","character_naming","","","","","","","","","黄","huang2","character_naming_yellow_block1_rep1","1174","true","true","18650","5kg1szjvwg_character_naming_yellow_block1_rep1.webm","true","{""error"":""OSF_FILE_EXISTS"",""message"":""The OSF file already exists. File names must be unique.""}","1","","","","","","yellow","yellow","congruent_color_character","yellow","false","","",""
"html-keyboard-response","null","","null","108","2.1.0","245649","5kg1szjvwg","block1_then_block2","","","inter_trial_interval","","","","","","","","","","","","","","","","","","","","","","","","","","","","","","","",""
"html-keyboard-response","null","<div class=""fixation"">+</div>","null","109","2.1.0","246150","5kg1szjvwg","block1_then_block2","","","fixation","","","","","","","","","","","","","","","","","","","","","","","","","","","","","","","",""
"html-keyboard-response","1268","
      <div class=""chinese-character"" style=""color:#000000;"">窗</div>
      <div style=""margin-top:32px; font-size:16px; color:#555; font-family:Arial,sans-serif;"">
        Say the character aloud, then press <strong>Space</strong>.
      </div>
    "," ","110","2.1.0","247419","5kg1szjvwg","block1_then_block2","","","character_naming","","","","","","","","","窗","chuang1","character_naming_f1_15_block1_norep","1268","true","true","20582","5kg1szjvwg_character_naming_f1_15_block1_norep.webm","true","{""message"":""Success""}","1","","","","","","f1_15","window","filler","blue","true","","",""
"html-keyboard-response","null","","null","111","2.1.0","247520","5kg1szjvwg","block1_then_block2","","","inter_trial_interval","","","","","","","","","","","","","","","","","","","","","","","","","","","","","","","",""
"html-keyboard-response","null","<div class=""fixation"">+</div>","null","112","2.1.0","248022","5kg1szjvwg","block1_then_block2","","","fixation","","","","","","","","","","","","","","","","","","","","","","","","","","","","","","","",""
"html-keyboard-response","2293","
      <div class=""chinese-character"" style=""color:#000000;"">婪</div>
      <div style=""margin-top:32px; font-size:16px; color:#555; font-family:Arial,sans-serif;"">
        Say the character aloud, then press <strong>Space</strong>.
      </div>
    "," ","113","2.1.0","250315","5kg1szjvwg","block1_then_block2","","","character_naming","","","","","","","","","婪","lan2","character_naming_blue_block1_rep1","2293","true","true","37004","5kg1szjvwg_character_naming_blue_block1_rep1.webm","true","{""error"":""OSF_FILE_EXISTS"",""message"":""The OSF file already exists. File names must be unique.""}","1","","","","","","blue","greedy","congruent_S_T_plus","blue","false","","",""
"html-keyboard-response","null","","null","114","2.1.0","250416","5kg1szjvwg","block1_then_block2","","","inter_trial_interval","","","","","","","","","","","","","","","","","","","","","","","","","","","","","","","",""
"html-keyboard-response","null","<div class=""fixation"">+</div>","null","115","2.1.0","250918","5kg1szjvwg","block1_then_block2","","","fixation","","","","","","","","","","","","","","","","","","","","","","","","","","","","","","","",""
"html-keyboard-response","1445","
      <div class=""chinese-character"" style=""color:#000000;"">涂</div>
      <div style=""margin-top:32px; font-size:16px; color:#555; font-family:Arial,sans-serif;"">
        Say the character aloud, then press <strong>Space</strong>.
      </div>
    "," ","116","2.1.0","252363","5kg1szjvwg","block1_then_block2","","","character_naming","","","","","","","","","涂","tu2","character_naming_green_block1_rep1","1445","true","true","23480","5kg1szjvwg_character_naming_green_block1_rep1.webm","true","{""error"":""OSF_FILE_EXISTS"",""message"":""The OSF file already exists. File names must be unique.""}","1","","","","","","green","paint","neutral","green","false","","",""
"html-keyboard-response","null","","null","117","2.1.0","252464","5kg1szjvwg","block1_then_block2","","","inter_trial_interval","","","","","","","","","","","","","","","","","","","","","","","","","","","","","","","",""
"html-keyboard-response","null","<div class=""fixation"">+</div>","null","118","2.1.0","252966","5kg1szjvwg","block1_then_block2","","","fixation","","","","","","","","","","","","","","","","","","","","","","","","","","","","","","","",""
"html-keyboard-response","1445","
      <div class=""chinese-character"" style=""color:#000000;"">绿</div>
      <div style=""margin-top:32px; font-size:16px; color:#555; font-family:Arial,sans-serif;"">
        Say the character aloud, then press <strong>Space</strong>.
      </div>
    "," ","119","2.1.0","254411","5kg1szjvwg","block1_then_block2","","","character_naming","","","","","","","","","绿","lv4","character_naming_green_block1_rep1","1445","true","true","23480","5kg1szjvwg_character_naming_green_block1_rep1.webm","true","{""error"":""OSF_FILE_EXISTS"",""message"":""The OSF file already exists. File names must be unique.""}","1","","","","","","green","green","incongruent_color_character","yellow","false","","",""
"html-keyboard-response","null","","null","120","2.1.0","254513","5kg1szjvwg","block1_then_block2","","","inter_trial_interval","","","","","","","","","","","","","","","","","","","","","","","","","","","","","","","",""
"html-keyboard-response","null","<div class=""fixation"">+</div>","null","121","2.1.0","255014","5kg1szjvwg","block1_then_block2","","","fixation","","","","","","","","","","","","","","","","","","","","","","","","","","","","","","","",""
"html-keyboard-response","1189","
      <div class=""chinese-character"" style=""color:#000000;"">城</div>
      <div style=""margin-top:32px; font-size:16px; color:#555; font-family:Arial,sans-serif;"">
        Say the character aloud, then press <strong>Space</strong>.
      </div>
    "," ","122","2.1.0","256204","5kg1szjvwg","block1_then_block2","","","character_naming","","","","","","","","","城","cheng2","character_naming_f1_22_block1_norep","1189","true","true","18650","5kg1szjvwg_character_naming_f1_22_block1_norep.webm","true","{""message"":""Success""}","1","","","","","","f1_22","city","filler","yellow","true","","",""
"html-keyboard-response","null","","null","123","2.1.0","256305","5kg1szjvwg","block1_then_block2","","","inter_trial_interval","","","","","","","","","","","","","","","","","","","","","","","","","","","","","","","",""
"html-keyboard-response","null","<div class=""fixation"">+</div>","null","124","2.1.0","256807","5kg1szjvwg","block1_then_block2","","","fixation","","","","","","","","","","","","","","","","","","","","","","","","","","","","","","","",""
"html-keyboard-response","1044","
      <div class=""chinese-character"" style=""color:#000000;"">雨</div>
      <div style=""margin-top:32px; font-size:16px; color:#555; font-family:Arial,sans-serif;"">
        Say the character aloud, then press <strong>Space</strong>.
      </div>
    "," ","125","2.1.0","257851","5kg1szjvwg","block1_then_block2","","","character_naming","","","","","","","","","雨","yu3","character_naming_f1_17_block1_norep","1044","true","true","16718","5kg1szjvwg_character_naming_f1_17_block1_norep.webm","true","{""message"":""Success""}","1","","","","","","f1_17","rain","filler","red","true","","",""
"html-keyboard-response","null","","null","126","2.1.0","257952","5kg1szjvwg","block1_then_block2","","","inter_trial_interval","","","","","","","","","","","","","","","","","","","","","","","","","","","","","","","",""
"html-keyboard-response","null","<div class=""fixation"">+</div>","null","127","2.1.0","258454","5kg1szjvwg","block1_then_block2","","","fixation","","","","","","","","","","","","","","","","","","","","","","","","","","","","","","","",""
"html-keyboard-response","1060","
      <div class=""chinese-character"" style=""color:#000000;"">家</div>
      <div style=""margin-top:32px; font-size:16px; color:#555; font-family:Arial,sans-serif;"">
        Say the character aloud, then press <strong>Space</strong>.
      </div>
    "," ","128","2.1.0","259515","5kg1szjvwg","block1_then_block2","","","character_naming","","","","","","","","","家","jia1","character_naming_f1_13_block1_norep","1060","true","true","16718","5kg1szjvwg_character_naming_f1_13_block1_norep.webm","true","{""message"":""Success""}","1","","","","","","f1_13","home","filler","red","true","","",""
"html-keyboard-response","null","","null","129","2.1.0","259616","5kg1szjvwg","block1_then_block2","","","inter_trial_interval","","","","","","","","","","","","","","","","","","","","","","","","","","","","","","","",""
"html-keyboard-response","null","<div class=""fixation"">+</div>","null","130","2.1.0","260117","5kg1szjvwg","block1_then_block2","","","fixation","","","","","","","","","","","","","","","","","","","","","","","","","","","","","","","",""
"html-keyboard-response","1045","
      <div class=""chinese-character"" style=""color:#000000;"">鱼</div>
      <div style=""margin-top:32px; font-size:16px; color:#555; font-family:Arial,sans-serif;"">
        Say the character aloud, then press <strong>Space</strong>.
      </div>
    "," ","131","2.1.0","261163","5kg1szjvwg","block1_then_block2","","","character_naming","","","","","","","","","鱼","yu2","character_naming_f1_12_block1_norep","1045","true","true","16718","5kg1szjvwg_character_naming_f1_12_block1_norep.webm","true","{""message"":""Success""}","1","","","","","","f1_12","fish","filler","green","true","","",""
"html-keyboard-response","null","","null","132","2.1.0","261264","5kg1szjvwg","block1_then_block2","","","inter_trial_interval","","","","","","","","","","","","","","","","","","","","","","","","","","","","","","","",""
"html-keyboard-response","null","<div class=""fixation"">+</div>","null","133","2.1.0","261766","5kg1szjvwg","block1_then_block2","","","fixation","","","","","","","","","","","","","","","","","","","","","","","","","","","","","","","",""
"html-keyboard-response","1301","
      <div class=""chinese-character"" style=""color:#000000;"">宫</div>
      <div style=""margin-top:32px; font-size:16px; color:#555; font-family:Arial,sans-serif;"">
        Say the character aloud, then press <strong>Space</strong>.
      </div>
    "," ","134","2.1.0","263067","5kg1szjvwg","block1_then_block2","","","character_naming","","","","","","","","","宫","gong1","character_naming_blue_block1_rep1","1301","true","true","20582","5kg1szjvwg_character_naming_blue_block1_rep1.webm","true","{""error"":""OSF_FILE_EXISTS"",""message"":""The OSF file already exists. File names must be unique.""}","1","","","","","","blue","palace","neutral","blue","false","","",""
"html-keyboard-response","null","","null","135","2.1.0","263169","5kg1szjvwg","block1_then_block2","","","inter_trial_interval","","","","","","","","","","","","","","","","","","","","","","","","","","","","","","","",""
"html-keyboard-response","null","<div class=""fixation"">+</div>","null","136","2.1.0","263671","5kg1szjvwg","block1_then_block2","","","fixation","","","","","","","","","","","","","","","","","","","","","","","","","","","","","","","",""
"html-keyboard-response","1060","
      <div class=""chinese-character"" style=""color:#000000;"">山</div>
      <div style=""margin-top:32px; font-size:16px; color:#555; font-family:Arial,sans-serif;"">
        Say the character aloud, then press <strong>Space</strong>.
      </div>
    "," ","137","2.1.0","264731","5kg1szjvwg","block1_then_block2","","","character_naming","","","","","","","","","山","shan1","character_naming_f1_2_block1_norep","1060","true","true","16718","5kg1szjvwg_character_naming_f1_2_block1_norep.webm","true","{""message"":""Success""}","1","","","","","","f1_2","mountain","filler","yellow","true","","",""
"html-keyboard-response","null","","null","138","2.1.0","264832","5kg1szjvwg","block1_then_block2","","","inter_trial_interval","","","","","","","","","","","","","","","","","","","","","","","","","","","","","","","",""
"html-keyboard-response","null","<div class=""fixation"">+</div>","null","139","2.1.0","265334","5kg1szjvwg","block1_then_block2","","","fixation","","","","","","","","","","","","","","","","","","","","","","","","","","","","","","","",""
"html-keyboard-response","1029","
      <div class=""chinese-character"" style=""color:#000000;"">手</div>
      <div style=""margin-top:32px; font-size:16px; color:#555; font-family:Arial,sans-serif;"">
        Say the character aloud, then press <strong>Space</strong>.
      </div>
    "," ","140","2.1.0","266363","5kg1szjvwg","block1_then_block2","","","character_naming","","","","","","","","","手","shou3","character_naming_f1_8_block1_norep","1029","true","true","16718","5kg1szjvwg_character_naming_f1_8_block1_norep.webm","true","{""message"":""Success""}","1","","","","","","f1_8","hand","filler","green","true","","",""
"html-keyboard-response","null","","null","141","2.1.0","266464","5kg1szjvwg","block1_then_block2","","","inter_trial_interval","","","","","","","","","","","","","","","","","","","","","","","","","","","","","","","",""
"html-keyboard-response","null","<div class=""fixation"">+</div>","null","142","2.1.0","266967","5kg1szjvwg","block1_then_block2","","","fixation","","","","","","","","","","","","","","","","","","","","","","","","","","","","","","","",""
"html-keyboard-response","1107","
      <div class=""chinese-character"" style=""color:#000000;"">花</div>
      <div style=""margin-top:32px; font-size:16px; color:#555; font-family:Arial,sans-serif;"">
        Say the character aloud, then press <strong>Space</strong>.
      </div>
    "," ","143","2.1.0","268075","5kg1szjvwg","block1_then_block2","","","character_naming","","","","","","","","","花","hua1","character_naming_f1_6_block1_norep","1107","true","true","17684","5kg1szjvwg_character_naming_f1_6_block1_norep.webm","true","{""message"":""Success""}","1","","","","","","f1_6","flower","filler","yellow","true","","",""
"html-keyboard-response","null","","null","144","2.1.0","268175","5kg1szjvwg","block1_then_block2","","","inter_trial_interval","","","","","","","","","","","","","","","","","","","","","","","","","","","","","","","",""
"html-keyboard-response","null","<div class=""fixation"">+</div>","null","145","2.1.0","268677","5kg1szjvwg","block1_then_block2","","","fixation","","","","","","","","","","","","","","","","","","","","","","","","","","","","","","","",""
"html-keyboard-response","1253","
      <div class=""chinese-character"" style=""color:#000000;"">旅</div>
      <div style=""margin-top:32px; font-size:16px; color:#555; font-family:Arial,sans-serif;"">
        Say the character aloud, then press <strong>Space</strong>.
      </div>
    "," ","146","2.1.0","269931","5kg1szjvwg","block1_then_block2","","","character_naming","","","","","","","","","旅","lv3","character_naming_green_block1_rep1","1253","true","true","20582","5kg1szjvwg_character_naming_green_block1_rep1.webm","true","{""error"":""OSF_FILE_EXISTS"",""message"":""The OSF file already exists. File names must be unique.""}","1","","","","","","green","travel","congruent_S_plus_T_minus","green","false","","",""
"html-keyboard-response","null","","null","147","2.1.0","270033","5kg1szjvwg","block1_then_block2","","","inter_trial_interval","","","","","","","","","","","","","","","","","","","","","","","","","","","","","","","",""
"html-keyboard-response","null","<div class=""fixation"">+</div>","null","148","2.1.0","270534","5kg1szjvwg","block1_then_block2","","","fixation","","","","","","","","","","","","","","","","","","","","","","","","","","","","","","","",""
"html-keyboard-response","1924","
      <div class=""chinese-character"" style=""color:#000000;"">洞</div>
      <div style=""margin-top:32px; font-size:16px; color:#555; font-family:Arial,sans-serif;"">
        Say the character aloud, then press <strong>Space</strong>.
      </div>
    "," ","149","2.1.0","272459","5kg1szjvwg","block1_then_block2","","","character_naming","","","","","","","","","洞","dong4","character_naming_green_block1_rep1","1924","true","true","31208","5kg1szjvwg_character_naming_green_block1_rep1.webm","true","{""error"":""OSF_FILE_EXISTS"",""message"":""The OSF file already exists. File names must be unique.""}","1","","","","","","green","hole","congruent_S_minus_T_plus","green","false","","",""
"html-keyboard-response","null","","null","150","2.1.0","272560","5kg1szjvwg","block1_then_block2","","","inter_trial_interval","","","","","","","","","","","","","","","","","","","","","","","","","","","","","","","",""
"html-keyboard-response","null","<div class=""fixation"">+</div>","null","151","2.1.0","273062","5kg1szjvwg","block1_then_block2","","","fixation","","","","","","","","","","","","","","","","","","","","","","","","","","","","","","","",""
"html-keyboard-response","1380","
      <div class=""chinese-character"" style=""color:#000000;"">览</div>
      <div style=""margin-top:32px; font-size:16px; color:#555; font-family:Arial,sans-serif;"">
        Say the character aloud, then press <strong>Space</strong>.
      </div>
    "," ","152","2.1.0","274443","5kg1szjvwg","block1_then_block2","","","character_naming","","","","","","","","","览","lan3","character_naming_blue_block1_rep1","1380","true","true","22514","5kg1szjvwg_character_naming_blue_block1_rep1.webm","true","{""error"":""OSF_FILE_EXISTS"",""message"":""The OSF file already exists. File names must be unique.""}","1","","","","","","blue","view","congruent_S_plus_T_minus","blue","false","","",""
"html-keyboard-response","null","","null","153","2.1.0","274544","5kg1szjvwg","block1_then_block2","","","inter_trial_interval","","","","","","","","","","","","","","","","","","","","","","","","","","","","","","","",""
"html-keyboard-response","null","<div class=""fixation"">+</div>","null","154","2.1.0","275045","5kg1szjvwg","block1_then_block2","","","fixation","","","","","","","","","","","","","","","","","","","","","","","","","","","","","","","",""
"html-keyboard-response","1525","
      <div class=""chinese-character"" style=""color:#000000;"">鸟</div>
      <div style=""margin-top:32px; font-size:16px; color:#555; font-family:Arial,sans-serif;"">
        Say the character aloud, then press <strong>Space</strong>.
      </div>
    "," ","155","2.1.0","276571","5kg1szjvwg","block1_then_block2","","","character_naming","","","","","","","","","鸟","niao3","character_naming_f1_11_block1_norep","1525","true","true","24446","5kg1szjvwg_character_naming_f1_11_block1_norep.webm","true","{""message"":""Success""}","1","","","","","","f1_11","bird","filler","blue","true","","",""
"html-keyboard-response","null","","null","156","2.1.0","276673","5kg1szjvwg","block1_then_block2","","","inter_trial_interval","","","","","","","","","","","","","","","","","","","","","","","","","","","","","","","",""
"html-keyboard-response","null","<div class=""fixation"">+</div>","null","157","2.1.0","277174","5kg1szjvwg","block1_then_block2","","","fixation","","","","","","","","","","","","","","","","","","","","","","","","","","","","","","","",""
"html-keyboard-response","1332","
      <div class=""chinese-character"" style=""color:#000000;"">蓝</div>
      <div style=""margin-top:32px; font-size:16px; color:#555; font-family:Arial,sans-serif;"">
        Say the character aloud, then press <strong>Space</strong>.
      </div>
    "," ","158","2.1.0","278507","5kg1szjvwg","block1_then_block2","","","character_naming","","","","","","","","","蓝","lan2","character_naming_blue_block1_rep1","1332","true","true","21548","5kg1szjvwg_character_naming_blue_block1_rep1.webm","true","{""error"":""OSF_FILE_EXISTS"",""message"":""The OSF file already exists. File names must be unique.""}","1","","","","","","blue","blue","congruent_color_character","blue","false","","",""
"html-keyboard-response","null","","null","159","2.1.0","278609","5kg1szjvwg","block1_then_block2","","","inter_trial_interval","","","","","","","","","","","","","","","","","","","","","","","","","","","","","","","",""
"html-keyboard-response","null","<div class=""fixation"">+</div>","null","160","2.1.0","279111","5kg1szjvwg","block1_then_block2","","","fixation","","","","","","","","","","","","","","","","","","","","","","","","","","","","","","","",""
"html-keyboard-response","1811","
      <div class=""chinese-character"" style=""color:#000000;"">趁</div>
      <div style=""margin-top:32px; font-size:16px; color:#555; font-family:Arial,sans-serif;"">
        Say the character aloud, then press <strong>Space</strong>.
      </div>
    "," ","161","2.1.0","280923","5kg1szjvwg","block1_then_block2","","","character_naming","","","","","","","","","趁","chen4","character_naming_yellow_block1_rep1","1811","true","true","29276","5kg1szjvwg_character_naming_yellow_block1_rep1.webm","true","{""error"":""OSF_FILE_EXISTS"",""message"":""The OSF file already exists. File names must be unique.""}","1","","","","","","yellow","take advantage of","neutral","yellow","false","","",""
"html-keyboard-response","null","","null","162","2.1.0","281024","5kg1szjvwg","block1_then_block2","","","inter_trial_interval","","","","","","","","","","","","","","","","","","","","","","","","","","","","","","","",""
"html-keyboard-response","null","<div class=""fixation"">+</div>","null","163","2.1.0","281526","5kg1szjvwg","block1_then_block2","","","fixation","","","","","","","","","","","","","","","","","","","","","","","","","","","","","","","",""
"html-keyboard-response","1381","
      <div class=""chinese-character"" style=""color:#000000;"">茶</div>
      <div style=""margin-top:32px; font-size:16px; color:#555; font-family:Arial,sans-serif;"">
        Say the character aloud, then press <strong>Space</strong>.
      </div>
    "," ","164","2.1.0","282907","5kg1szjvwg","block1_then_block2","","","character_naming","","","","","","","","","茶","cha2","character_naming_f1_20_block1_norep","1381","true","true","22514","5kg1szjvwg_character_naming_f1_20_block1_norep.webm","true","{""message"":""Success""}","1","","","","","","f1_20","tea","filler","green","true","","",""
"html-keyboard-response","null","","null","165","2.1.0","283009","5kg1szjvwg","block1_then_block2","","","inter_trial_interval","","","","","","","","","","","","","","","","","","","","","","","","","","","","","","","",""
"html-keyboard-response","null","<div class=""fixation"">+</div>","null","166","2.1.0","283510","5kg1szjvwg","block1_then_block2","","","fixation","","","","","","","","","","","","","","","","","","","","","","","","","","","","","","","",""
"html-keyboard-response","1156","
      <div class=""chinese-character"" style=""color:#000000;"">水</div>
      <div style=""margin-top:32px; font-size:16px; color:#555; font-family:Arial,sans-serif;"">
        Say the character aloud, then press <strong>Space</strong>.
      </div>
    "," ","167","2.1.0","284667","5kg1szjvwg","block1_then_block2","","","character_naming","","","","","","","","","水","shui3","character_naming_f1_3_block1_norep","1156","true","true","18650","5kg1szjvwg_character_naming_f1_3_block1_norep.webm","true","{""message"":""Success""}","1","","","","","","f1_3","water","filler","blue","true","","",""
"html-keyboard-response","null","","null","168","2.1.0","284768","5kg1szjvwg","block1_then_block2","","","inter_trial_interval","","","","","","","","","","","","","","","","","","","","","","","","","","","","","","","",""
"html-keyboard-response","null","<div class=""fixation"">+</div>","null","169","2.1.0","285269","5kg1szjvwg","block1_then_block2","","","fixation","","","","","","","","","","","","","","","","","","","","","","","","","","","","","","","",""
"html-keyboard-response","1061","
      <div class=""chinese-character"" style=""color:#000000;"">路</div>
      <div style=""margin-top:32px; font-size:16px; color:#555; font-family:Arial,sans-serif;"">
        Say the character aloud, then press <strong>Space</strong>.
      </div>
    "," ","170","2.1.0","286331","5kg1szjvwg","block1_then_block2","","","character_naming","","","","","","","","","路","lu4","character_naming_f1_14_block1_norep","1061","true","true","16718","5kg1szjvwg_character_naming_f1_14_block1_norep.webm","true","{""message"":""Success""}","1","","","","","","f1_14","road","filler","yellow","true","","",""
"html-keyboard-response","null","","null","171","2.1.0","286434","5kg1szjvwg","block1_then_block2","","","inter_trial_interval","","","","","","","","","","","","","","","","","","","","","","","","","","","","","","","",""
"html-keyboard-response","null","<div class=""fixation"">+</div>","null","172","2.1.0","286936","5kg1szjvwg","block1_then_block2","","","fixation","","","","","","","","","","","","","","","","","","","","","","","","","","","","","","","",""
"html-keyboard-response","1443","
      <div class=""chinese-character"" style=""color:#000000;"">皇</div>
      <div style=""margin-top:32px; font-size:16px; color:#555; font-family:Arial,sans-serif;"">
        Say the character aloud, then press <strong>Space</strong>.
      </div>
    "," ","173","2.1.0","288379","5kg1szjvwg","block1_then_block2","","","character_naming","","","","","","","","","皇","huang2","character_naming_yellow_block1_rep1","1443","true","true","23480","5kg1szjvwg_character_naming_yellow_block1_rep1.webm","true","{""error"":""OSF_FILE_EXISTS"",""message"":""The OSF file already exists. File names must be unique.""}","1","","","","","","yellow","emperor","congruent_S_T_plus","yellow","false","","",""
"html-keyboard-response","null","","null","174","2.1.0","288481","5kg1szjvwg","block1_then_block2","","","inter_trial_interval","","","","","","","","","","","","","","","","","","","","","","","","","","","","","","","",""
"html-keyboard-response","null","<div class=""fixation"">+</div>","null","175","2.1.0","288983","5kg1szjvwg","block1_then_block2","","","fixation","","","","","","","","","","","","","","","","","","","","","","","","","","","","","","","",""
"html-keyboard-response","1300","
      <div class=""chinese-character"" style=""color:#000000;"">云</div>
      <div style=""margin-top:32px; font-size:16px; color:#555; font-family:Arial,sans-serif;"">
        Say the character aloud, then press <strong>Space</strong>.
      </div>
    "," ","176","2.1.0","290283","5kg1szjvwg","block1_then_block2","","","character_naming","","","","","","","","","云","yun2","character_naming_f1_9_block1_norep","1300","true","true","20582","5kg1szjvwg_character_naming_f1_9_block1_norep.webm","true","{""message"":""Success""}","1","","","","","","f1_9","cloud","filler","red","true","","",""
"html-keyboard-response","null","","null","177","2.1.0","290386","5kg1szjvwg","block1_then_block2","","","inter_trial_interval","","","","","","","","","","","","","","","","","","","","","","","","","","","","","","","",""
"html-keyboard-response","3561","
      <div class=""instructions"">
        <h2>English Color-Naming — Block 1</h2>
        <p>You will see Chinese characters printed in color.</p>
        <p>Your task is to identify the <strong>ink color in English</strong>.</p>
        <p>Ignore the character itself.</p>
        <p><strong>R</strong> = red, <strong>Y</strong> = yellow, <strong>B</strong> = blue, <strong>G</strong> = green.</p>
        <p>Press <strong>Space</strong> to begin.</p>
      </div>
    "," ","178","2.1.0","293947","5kg1szjvwg","block1_then_block2","","","","","","","","","","","","","","","","","","","","","","","","","","","","","","","","","","",""
"html-keyboard-response","2064","
      <div class=""instructions"">
        <h2>Keyboard Check</h2>
        <p>Before we continue, please press the <strong>B</strong> key
        (for <strong>blue</strong>) on your keyboard.</p>
        <p style=""color:#888;font-size:0.9em;"">
          If your keyboard is set to a Chinese input method (IME),
          please switch to English / Roman input now, otherwise the experiment cannot record your responses.
        </p>
      </div>
    ","b","179","2.1.0","296011","5kg1szjvwg","block1_then_block2","","","keyboard_check","","","","","","","","","","","","","","","","","","","1","b","","","","","","","","","","","",""
"html-keyboard-response","null","<div class=""fixation"">+</div>","null","180","2.1.0","296512","5kg1szjvwg","block1_then_block2","","","fixation","","","","","","","","","","","","","","","","","","","","","","","","","","","","","","","",""
"html-keyboard-response","1050","<div class=""chinese-character"" style=""color:#d6b300;"">山</div>","y","181","2.1.0","297563","5kg1szjvwg","block1_then_block2","","","color_naming","","","","","","","","","山","shan1","","","","","","","","","1","","yellow","y","yellow","true","f1_2","mountain","","","true","filler","false","null"
"html-keyboard-response","null","","null","182","2.1.0","298564","5kg1szjvwg","block1_then_block2","","","inter_trial_interval","","","","","","","","","","","","","","","","","","","","","","","","","","","","","","","",""
"html-keyboard-response","null","<div class=""fixation"">+</div>","null","183","2.1.0","299066","5kg1szjvwg","block1_then_block2","","","fixation","","","","","","","","","","","","","","","","","","","","","","","","","","","","","","","",""
"html-keyboard-response","1056","<div class=""chinese-character"" style=""color:#d6b300;"">路</div>","y","184","2.1.0","300123","5kg1szjvwg","block1_then_block2","","","color_naming","","","","","","","","","路","lu4","","","","","","","","","1","","yellow","y","yellow","true","f1_14","road","","","true","filler","false","null"
"html-keyboard-response","null","","null","185","2.1.0","301125","5kg1szjvwg","block1_then_block2","","","inter_trial_interval","","","","","","","","","","","","","","","","","","","","","","","","","","","","","","","",""
"html-keyboard-response","null","<div class=""fixation"">+</div>","null","186","2.1.0","301627","5kg1szjvwg","block1_then_block2","","","fixation","","","","","","","","","","","","","","","","","","","","","","","","","","","","","","","",""
"html-keyboard-response","1007","<div class=""chinese-character"" style=""color:#d62728;"">牵</div>","r","187","2.1.0","302635","5kg1szjvwg","block1_then_block2","","","color_naming","","","","","","","","","牵","qian1","","","","","","","","","1","","red","r","red","true","red","lead along","","","false","neutral","true","1"
"html-keyboard-response","null","","null","188","2.1.0","303637","5kg1szjvwg","block1_then_block2","","","inter_trial_interval","","","","","","","","","","","","","","","","","","","","","","","","","","","","","","","",""
"html-keyboard-response","null","<div class=""fixation"">+</div>","null","189","2.1.0","304138","5kg1szjvwg","block1_then_block2","","","fixation","","","","","","","","","","","","","","","","","","","","","","","","","","","","","","","",""
"html-keyboard-response","1473","<div class=""chinese-character"" style=""color:#2ca02c;"">旅</div>","g","190","2.1.0","305611","5kg1szjvwg","block1_then_block2","","","color_naming","","","","","","","","","旅","lv3","","","","","","","","","1","","green","g","green","true","green","travel","","","false","congruent_S_plus_T_minus","true","1"
"html-keyboard-response","null","","null","191","2.1.0","306612","5kg1szjvwg","block1_then_block2","","","inter_trial_interval","","","","","","","","","","","","","","","","","","","","","","","","","","","","","","","",""
"html-keyboard-response","null","<div class=""fixation"">+</div>","null","192","2.1.0","307113","5kg1szjvwg","block1_then_block2","","","fixation","","","","","","","","","","","","","","","","","","","","","","","","","","","","","","","",""
"html-keyboard-response","1489","<div class=""chinese-character"" style=""color:#1f77b4;"">览</div>","b","193","2.1.0","308603","5kg1szjvwg","block1_then_block2","","","color_naming","","","","","","","","","览","lan3","","","","","","","","","1","","blue","b","blue","true","blue","view","","","false","congruent_S_plus_T_minus","true","1"
"html-keyboard-response","null","","null","194","2.1.0","309604","5kg1szjvwg","block1_then_block2","","","inter_trial_interval","","","","","","","","","","","","","","","","","","","","","","","","","","","","","","","",""
"html-keyboard-response","null","<div class=""fixation"">+</div>","null","195","2.1.0","310104","5kg1szjvwg","block1_then_block2","","","fixation","","","","","","","","","","","","","","","","","","","","","","","","","","","","","","","",""
"html-keyboard-response","1298","<div class=""chinese-character"" style=""color:#2ca02c;"">鱼</div>","g","196","2.1.0","311402","5kg1szjvwg","block1_then_block2","","","color_naming","","","","","","","","","鱼","yu2","","","","","","","","","1","","green","g","green","true","f1_12","fish","","","true","filler","false","null"
"html-keyboard-response","null","","null","197","2.1.0","312404","5kg1szjvwg","block1_then_block2","","","inter_trial_interval","","","","","","","","","","","","","","","","","","","","","","","","","","","","","","","",""
"html-keyboard-response","null","<div class=""fixation"">+</div>","null","198","2.1.0","312907","5kg1szjvwg","block1_then_block2","","","fixation","","","","","","","","","","","","","","","","","","","","","","","","","","","","","","","",""
"html-keyboard-response","1232","<div class=""chinese-character"" style=""color:#2ca02c;"">虑</div>","g","199","2.1.0","314139","5kg1szjvwg","block1_then_block2","","","color_naming","","","","","","","","","虑","lv4","","","","","","","","","1","","green","g","green","true","green","ponder","","","false","congruent_S_T_plus","true","1"
"html-keyboard-response","null","","null","200","2.1.0","315142","5kg1szjvwg","block1_then_block2","","","inter_trial_interval","","","","","","","","","","","","","","","","","","","","","","","","","","","","","","","",""
"html-keyboard-response","null","<div class=""fixation"">+</div>","null","201","2.1.0","315644","5kg1szjvwg","block1_then_block2","","","fixation","","","","","","","","","","","","","","","","","","","","","","","","","","","","","","","",""
"html-keyboard-response","1422","<div class=""chinese-character"" style=""color:#1f77b4;"">窗</div>","b","202","2.1.0","317067","5kg1szjvwg","block1_then_block2","","","color_naming","","","","","","","","","窗","chuang1","","","","","","","","","1","","blue","b","blue","true","f1_15","window","","","true","filler","false","null"
"html-keyboard-response","null","","null","203","2.1.0","318069","5kg1szjvwg","block1_then_block2","","","inter_trial_interval","","","","","","","","","","","","","","","","","","","","","","","","","","","","","","","",""
"html-keyboard-response","null","<div class=""fixation"">+</div>","null","204","2.1.0","318570","5kg1szjvwg","block1_then_block2","","","fixation","","","","","","","","","","","","","","","","","","","","","","","","","","","","","","","",""
"html-keyboard-response","1168","<div class=""chinese-character"" style=""color:#d6b300;"">黄</div>","y","205","2.1.0","319739","5kg1szjvwg","block1_then_block2","","","color_naming","","","","","","","","","黄","huang2","","","","","","","","","1","","yellow","y","yellow","true","yellow","yellow","","","false","congruent_color_character","true","1"
"html-keyboard-response","null","","null","206","2.1.0","320741","5kg1szjvwg","block1_then_block2","","","inter_trial_interval","","","","","","","","","","","","","","","","","","","","","","","","","","","","","","","",""
"html-keyboard-response","null","<div class=""fixation"">+</div>","null","207","2.1.0","321242","5kg1szjvwg","block1_then_block2","","","fixation","","","","","","","","","","","","","","","","","","","","","","","","","","","","","","","",""
"html-keyboard-response","1024","<div class=""chinese-character"" style=""color:#d6b300;"">趁</div>","y","208","2.1.0","322267","5kg1szjvwg","block1_then_block2","","","color_naming","","","","","","","","","趁","chen4","","","","","","","","","1","","yellow","y","yellow","true","yellow","take advantage of","","","false","neutral","true","1"
"html-keyboard-response","null","","null","209","2.1.0","323269","5kg1szjvwg","block1_then_block2","","","inter_trial_interval","","","","","","","","","","","","","","","","","","","","","","","","","","","","","","","",""
"html-keyboard-response","null","<div class=""fixation"">+</div>","null","210","2.1.0","323771","5kg1szjvwg","block1_then_block2","","","fixation","","","","","","","","","","","","","","","","","","","","","","","","","","","","","","","",""
"html-keyboard-response","1008","<div class=""chinese-character"" style=""color:#d6b300;"">皇</div>","y","211","2.1.0","324779","5kg1szjvwg","block1_then_block2","","","color_naming","","","","","","","","","皇","huang2","","","","","","","","","1","","yellow","y","yellow","true","yellow","emperor","","","false","congruent_S_T_plus","true","1"
"html-keyboard-response","null","","null","212","2.1.0","325781","5kg1szjvwg","block1_then_block2","","","inter_trial_interval","","","","","","","","","","","","","","","","","","","","","","","","","","","","","","","",""
"html-keyboard-response","null","<div class=""fixation"">+</div>","null","213","2.1.0","326281","5kg1szjvwg","block1_then_block2","","","fixation","","","","","","","","","","","","","","","","","","","","","","","","","","","","","","","",""
"html-keyboard-response","1105","<div class=""chinese-character"" style=""color:#1f77b4;"">红</div>","b","214","2.1.0","327387","5kg1szjvwg","block1_then_block2","","","color_naming","","","","","","","","","红","hong2","","","","","","","","","1","","blue","b","blue","true","red","red","","","false","incongruent_color_character","true","1"
"html-keyboard-response","null","","null","215","2.1.0","328388","5kg1szjvwg","block1_then_block2","","","inter_trial_interval","","","","","","","","","","","","","","","","","","","","","","","","","","","","","","","",""
"html-keyboard-response","null","<div class=""fixation"">+</div>","null","216","2.1.0","328889","5kg1szjvwg","block1_then_block2","","","fixation","","","","","","","","","","","","","","","","","","","","","","","","","","","","","","","",""
"html-keyboard-response","961","<div class=""chinese-character"" style=""color:#2ca02c;"">树</div>","g","217","2.1.0","329850","5kg1szjvwg","block1_then_block2","","","color_naming","","","","","","","","","树","shu4","","","","","","","","","1","","green","g","green","true","f1_16","tree","","","true","filler","false","null"
"html-keyboard-response","null","","null","218","2.1.0","330853","5kg1szjvwg","block1_then_block2","","","inter_trial_interval","","","","","","","","","","","","","","","","","","","","","","","","","","","","","","","",""
"html-keyboard-response","null","<div class=""fixation"">+</div>","null","219","2.1.0","331354","5kg1szjvwg","block1_then_block2","","","fixation","","","","","","","","","","","","","","","","","","","","","","","","","","","","","","","",""
"html-keyboard-response","1040","<div class=""chinese-character"" style=""color:#d62728;"">洪</div>","r","220","2.1.0","332394","5kg1szjvwg","block1_then_block2","","","color_naming","","","","","","","","","洪","hong2","","","","","","","","","1","","red","r","red","true","red","flood","","","false","congruent_S_T_plus","true","1"
"html-keyboard-response","null","","null","221","2.1.0","333396","5kg1szjvwg","block1_then_block2","","","inter_trial_interval","","","","","","","","","","","","","","","","","","","","","","","","","","","","","","","",""
"html-keyboard-response","null","<div class=""fixation"">+</div>","null","222","2.1.0","333897","5kg1szjvwg","block1_then_block2","","","fixation","","","","","","","","","","","","","","","","","","","","","","","","","","","","","","","",""
"html-keyboard-response","1601","<div class=""chinese-character"" style=""color:#1f77b4;"">月</div>","b","223","2.1.0","335499","5kg1szjvwg","block1_then_block2","","","color_naming","","","","","","","","","月","yue4","","","","","","","","","1","","blue","b","blue","true","f1_7","moon","","","true","filler","false","null"
"html-keyboard-response","null","","null","224","2.1.0","336500","5kg1szjvwg","block1_then_block2","","","inter_trial_interval","","","","","","","","","","","","","","","","","","","","","","","","","","","","","","","",""
"html-keyboard-response","null","<div class=""fixation"">+</div>","null","225","2.1.0","337002","5kg1szjvwg","block1_then_block2","","","fixation","","","","","","","","","","","","","","","","","","","","","","","","","","","","","","","",""
"html-keyboard-response","961","<div class=""chinese-character"" style=""color:#1f77b4;"">宫</div>","b","226","2.1.0","337963","5kg1szjvwg","block1_then_block2","","","color_naming","","","","","","","","","宫","gong1","","","","","","","","","1","","blue","b","blue","true","blue","palace","","","false","neutral","true","1"
"html-keyboard-response","null","","null","227","2.1.0","338964","5kg1szjvwg","block1_then_block2","","","inter_trial_interval","","","","","","","","","","","","","","","","","","","","","","","","","","","","","","","",""
"html-keyboard-response","null","<div class=""fixation"">+</div>","null","228","2.1.0","339466","5kg1szjvwg","block1_then_block2","","","fixation","","","","","","","","","","","","","","","","","","","","","","","","","","","","","","","",""
"html-keyboard-response","960","<div class=""chinese-character"" style=""color:#1f77b4;"">鸟</div>","b","229","2.1.0","340426","5kg1szjvwg","block1_then_block2","","","color_naming","","","","","","","","","鸟","niao3","","","","","","","","","1","","blue","b","blue","true","f1_11","bird","","","true","filler","false","null"
"html-keyboard-response","null","","null","230","2.1.0","341428","5kg1szjvwg","block1_then_block2","","","inter_trial_interval","","","","","","","","","","","","","","","","","","","","","","","","","","","","","","","",""
"html-keyboard-response","null","<div class=""fixation"">+</div>","null","231","2.1.0","341930","5kg1szjvwg","block1_then_block2","","","fixation","","","","","","","","","","","","","","","","","","","","","","","","","","","","","","","",""
"html-keyboard-response","977","<div class=""chinese-character"" style=""color:#2ca02c;"">手</div>","g","232","2.1.0","342907","5kg1szjvwg","block1_then_block2","","","color_naming","","","","","","","","","手","shou3","","","","","","","","","1","","green","g","green","true","f1_8","hand","","","true","filler","false","null"
"html-keyboard-response","null","","null","233","2.1.0","343908","5kg1szjvwg","block1_then_block2","","","inter_trial_interval","","","","","","","","","","","","","","","","","","","","","","","","","","","","","","","",""
"html-keyboard-response","null","<div class=""fixation"">+</div>","null","234","2.1.0","344409","5kg1szjvwg","block1_then_block2","","","fixation","","","","","","","","","","","","","","","","","","","","","","","","","","","","","","","",""
"html-keyboard-response","1105","<div class=""chinese-character"" style=""color:#d6b300;"">缠</div>","y","235","2.1.0","345515","5kg1szjvwg","block1_then_block2","","","color_naming","","","","","","","","","缠","chan2","","","","","","","","","1","","yellow","y","yellow","true","yellow","wrap around","","","false","congruent_S_minus_T_plus","true","1"
"html-keyboard-response","null","","null","236","2.1.0","346517","5kg1szjvwg","block1_then_block2","","","inter_trial_interval","","","","","","","","","","","","","","","","","","","","","","","","","","","","","","","",""
"html-keyboard-response","null","<div class=""fixation"">+</div>","null","237","2.1.0","347017","5kg1szjvwg","block1_then_block2","","","fixation","","","","","","","","","","","","","","","","","","","","","","","","","","","","","","","",""
"html-keyboard-response","1841","<div class=""chinese-character"" style=""color:#d62728;"">灯</div>","r","238","2.1.0","348859","5kg1szjvwg","block1_then_block2","","","color_naming","","","","","","","","","灯","deng1","","","","","","","","","1","","red","r","red","true","f1_21","lamp","","","true","filler","false","null"
"html-keyboard-response","null","","null","239","2.1.0","349860","5kg1szjvwg","block1_then_block2","","","inter_trial_interval","","","","","","","","","","","","","","","","","","","","","","","","","","","","","","","",""
"html-keyboard-response","null","<div class=""fixation"">+</div>","null","240","2.1.0","350361","5kg1szjvwg","block1_then_block2","","","fixation","","","","","","","","","","","","","","","","","","","","","","","","","","","","","","","",""
"html-keyboard-response","961","<div class=""chinese-character"" style=""color:#1f77b4;"">船</div>","b","241","2.1.0","351322","5kg1szjvwg","block1_then_block2","","","color_naming","","","","","","","","","船","chuan2","","","","","","","","","1","","blue","b","blue","true","f1_23","boat","","","true","filler","false","null"
"html-keyboard-response","null","","null","242","2.1.0","352324","5kg1szjvwg","block1_then_block2","","","inter_trial_interval","","","","","","","","","","","","","","","","","","","","","","","","","","","","","","","",""
"html-keyboard-response","null","<div class=""fixation"">+</div>","null","243","2.1.0","352825","5kg1szjvwg","block1_then_block2","","","fixation","","","","","","","","","","","","","","","","","","","","","","","","","","","","","","","",""
"html-keyboard-response","897","<div class=""chinese-character"" style=""color:#1f77b4;"">纸</div>","b","244","2.1.0","353722","5kg1szjvwg","block1_then_block2","","","color_naming","","","","","","","","","纸","zhi3","","","","","","","","","1","","blue","b","blue","true","f1_19","paper","","","true","filler","false","null"
"html-keyboard-response","null","","null","245","2.1.0","354724","5kg1szjvwg","block1_then_block2","","","inter_trial_interval","","","","","","","","","","","","","","","","","","","","","","","","","","","","","","","",""
"html-keyboard-response","null","<div class=""fixation"">+</div>","null","246","2.1.0","355225","5kg1szjvwg","block1_then_block2","","","fixation","","","","","","","","","","","","","","","","","","","","","","","","","","","","","","","",""
"html-keyboard-response","1282","<div class=""chinese-character"" style=""color:#d62728;"">瓶</div>","r","247","2.1.0","356508","5kg1szjvwg","block1_then_block2","","","color_naming","","","","","","","","","瓶","ping2","","","","","","","","","1","","red","r","red","true","red","bottle","","","false","congruent_S_minus_T_plus","true","1"
"html-keyboard-response","null","","null","248","2.1.0","357510","5kg1szjvwg","block1_then_block2","","","inter_trial_interval","","","","","","","","","","","","","","","","","","","","","","","","","","","","","","","",""
"html-keyboard-response","null","<div class=""fixation"">+</div>","null","249","2.1.0","358011","5kg1szjvwg","block1_then_block2","","","fixation","","","","","","","","","","","","","","","","","","","","","","","","","","","","","","","",""
"html-keyboard-response","1039","<div class=""chinese-character"" style=""color:#d62728;"">蓝</div>","r","250","2.1.0","359050","5kg1szjvwg","block1_then_block2","","","color_naming","","","","","","","","","蓝","lan2","","","","","","","","","1","","red","r","red","true","blue","blue","","","false","incongruent_color_character","true","1"
"html-keyboard-response","null","","null","251","2.1.0","360051","5kg1szjvwg","block1_then_block2","","","inter_trial_interval","","","","","","","","","","","","","","","","","","","","","","","","","","","","","","","",""
"html-keyboard-response","null","<div class=""fixation"">+</div>","null","252","2.1.0","360553","5kg1szjvwg","block1_then_block2","","","fixation","","","","","","","","","","","","","","","","","","","","","","","","","","","","","","","",""
"html-keyboard-response","896","<div class=""chinese-character"" style=""color:#d62728;"">家</div>","r","253","2.1.0","361450","5kg1szjvwg","block1_then_block2","","","color_naming","","","","","","","","","家","jia1","","","","","","","","","1","","red","r","red","true","f1_13","home","","","true","filler","false","null"
"html-keyboard-response","null","","null","254","2.1.0","362451","5kg1szjvwg","block1_then_block2","","","inter_trial_interval","","","","","","","","","","","","","","","","","","","","","","","","","","","","","","","",""
"html-keyboard-response","null","<div class=""fixation"">+</div>","null","255","2.1.0","362952","5kg1szjvwg","block1_then_block2","","","fixation","","","","","","","","","","","","","","","","","","","","","","","","","","","","","","","",""
"html-keyboard-response","978","<div class=""chinese-character"" style=""color:#d6b300;"">桥</div>","y","256","2.1.0","363931","5kg1szjvwg","block1_then_block2","","","color_naming","","","","","","","","","桥","qiao2","","","","","","","","","1","","yellow","y","yellow","true","f1_18","bridge","","","true","filler","false","null"
"html-keyboard-response","null","","null","257","2.1.0","364932","5kg1szjvwg","block1_then_block2","","","inter_trial_interval","","","","","","","","","","","","","","","","","","","","","","","","","","","","","","","",""
"html-keyboard-response","null","<div class=""fixation"">+</div>","null","258","2.1.0","365433","5kg1szjvwg","block1_then_block2","","","fixation","","","","","","","","","","","","","","","","","","","","","","","","","","","","","","","",""
"html-keyboard-response","1041","<div class=""chinese-character"" style=""color:#2ca02c;"">涂</div>","g","259","2.1.0","366475","5kg1szjvwg","block1_then_block2","","","color_naming","","","","","","","","","涂","tu2","","","","","","","","","1","","green","g","green","true","green","paint","","","false","neutral","true","1"
"html-keyboard-response","null","","null","260","2.1.0","367475","5kg1szjvwg","block1_then_block2","","","inter_trial_interval","","","","","","","","","","","","","","","","","","","","","","","","","","","","","","","",""
"html-keyboard-response","null","<div class=""fixation"">+</div>","null","261","2.1.0","367977","5kg1szjvwg","block1_then_block2","","","fixation","","","","","","","","","","","","","","","","","","","","","","","","","","","","","","","",""
"html-keyboard-response","1009","<div class=""chinese-character"" style=""color:#2ca02c;"">茶</div>","g","262","2.1.0","368987","5kg1szjvwg","block1_then_block2","","","color_naming","","","","","","","","","茶","cha2","","","","","","","","","1","","green","g","green","true","f1_20","tea","","","true","filler","false","null"
"html-keyboard-response","null","","null","263","2.1.0","369988","5kg1szjvwg","block1_then_block2","","","inter_trial_interval","","","","","","","","","","","","","","","","","","","","","","","","","","","","","","","",""
"html-keyboard-response","null","<div class=""fixation"">+</div>","null","264","2.1.0","370489","5kg1szjvwg","block1_then_block2","","","fixation","","","","","","","","","","","","","","","","","","","","","","","","","","","","","","","",""
"html-keyboard-response","1008","<div class=""chinese-character"" style=""color:#d6b300;"">花</div>","y","265","2.1.0","371498","5kg1szjvwg","block1_then_block2","","","color_naming","","","","","","","","","花","hua1","","","","","","","","","1","","yellow","y","yellow","true","f1_6","flower","","","true","filler","false","null"
"html-keyboard-response","null","","null","266","2.1.0","372499","5kg1szjvwg","block1_then_block2","","","inter_trial_interval","","","","","","","","","","","","","","","","","","","","","","","","","","","","","","","",""
"html-keyboard-response","null","<div class=""fixation"">+</div>","null","267","2.1.0","373001","5kg1szjvwg","block1_then_block2","","","fixation","","","","","","","","","","","","","","","","","","","","","","","","","","","","","","","",""
"html-keyboard-response","1025","<div class=""chinese-character"" style=""color:#2ca02c;"">洞</div>","g","268","2.1.0","374026","5kg1szjvwg","block1_then_block2","","","color_naming","","","","","","","","","洞","dong4","","","","","","","","","1","","green","g","green","true","green","hole","","","false","congruent_S_minus_T_plus","true","1"
"html-keyboard-response","null","","null","269","2.1.0","375027","5kg1szjvwg","block1_then_block2","","","inter_trial_interval","","","","","","","","","","","","","","","","","","","","","","","","","","","","","","","",""
"html-keyboard-response","null","<div class=""fixation"">+</div>","null","270","2.1.0","375529","5kg1szjvwg","block1_then_block2","","","fixation","","","","","","","","","","","","","","","","","","","","","","","","","","","","","","","",""
"html-keyboard-response","1074","<div class=""chinese-character"" style=""color:#d62728;"">云</div>","r","271","2.1.0","376603","5kg1szjvwg","block1_then_block2","","","color_naming","","","","","","","","","云","yun2","","","","","","","","","1","","red","r","red","true","f1_9","cloud","","","true","filler","false","null"
"html-keyboard-response","null","","null","272","2.1.0","377604","5kg1szjvwg","block1_then_block2","","","inter_trial_interval","","","","","","","","","","","","","","","","","","","","","","","","","","","","","","","",""
"html-keyboard-response","null","<div class=""fixation"">+</div>","null","273","2.1.0","378105","5kg1szjvwg","block1_then_block2","","","fixation","","","","","","","","","","","","","","","","","","","","","","","","","","","","","","","",""
"html-keyboard-response","1489","<div class=""chinese-character"" style=""color:#1f77b4;"">蓝</div>","b","274","2.1.0","379594","5kg1szjvwg","block1_then_block2","","","color_naming","","","","","","","","","蓝","lan2","","","","","","","","","1","","blue","b","blue","true","blue","blue","","","false","congruent_color_character","true","1"
"html-keyboard-response","null","","null","275","2.1.0","380596","5kg1szjvwg","block1_then_block2","","","inter_trial_interval","","","","","","","","","","","","","","","","","","","","","","","","","","","","","","","",""
"html-keyboard-response","null","<div class=""fixation"">+</div>","null","276","2.1.0","381098","5kg1szjvwg","block1_then_block2","","","fixation","","","","","","","","","","","","","","","","","","","","","","","","","","","","","","","",""
"html-keyboard-response","864","<div class=""chinese-character"" style=""color:#1f77b4;"">水</div>","b","277","2.1.0","381963","5kg1szjvwg","block1_then_block2","","","color_naming","","","","","","","","","水","shui3","","","","","","","","","1","","blue","b","blue","true","f1_3","water","","","true","filler","false","null"
"html-keyboard-response","null","","null","278","2.1.0","382964","5kg1szjvwg","block1_then_block2","","","inter_trial_interval","","","","","","","","","","","","","","","","","","","","","","","","","","","","","","","",""
"html-keyboard-response","null","<div class=""fixation"">+</div>","null","279","2.1.0","383465","5kg1szjvwg","block1_then_block2","","","fixation","","","","","","","","","","","","","","","","","","","","","","","","","","","","","","","",""
"html-keyboard-response","1041","<div class=""chinese-character"" style=""color:#d6b300;"">城</div>","y","280","2.1.0","384507","5kg1szjvwg","block1_then_block2","","","color_naming","","","","","","","","","城","cheng2","","","","","","","","","1","","yellow","y","yellow","true","f1_22","city","","","true","filler","false","null"
"html-keyboard-response","null","","null","281","2.1.0","385508","5kg1szjvwg","block1_then_block2","","","inter_trial_interval","","","","","","","","","","","","","","","","","","","","","","","","","","","","","","","",""
"html-keyboard-response","null","<div class=""fixation"">+</div>","null","282","2.1.0","386010","5kg1szjvwg","block1_then_block2","","","fixation","","","","","","","","","","","","","","","","","","","","","","","","","","","","","","","",""
"html-keyboard-response","960","<div class=""chinese-character"" style=""color:#2ca02c;"">石</div>","g","283","2.1.0","386970","5kg1szjvwg","block1_then_block2","","","color_naming","","","","","","","","","石","shi2","","","","","","","","","1","","green","g","green","true","f1_24","stone","","","true","filler","false","null"
"html-keyboard-response","null","","null","284","2.1.0","387971","5kg1szjvwg","block1_then_block2","","","inter_trial_interval","","","","","","","","","","","","","","","","","","","","","","","","","","","","","","","",""
"html-keyboard-response","null","<div class=""fixation"">+</div>","null","285","2.1.0","388472","5kg1szjvwg","block1_then_block2","","","fixation","","","","","","","","","","","","","","","","","","","","","","","","","","","","","","","",""
"html-keyboard-response","1233","<div class=""chinese-character"" style=""color:#d62728;"">车</div>","r","286","2.1.0","389706","5kg1szjvwg","block1_then_block2","","","color_naming","","","","","","","","","车","che1","","","","","","","","","1","","red","r","red","true","f1_5","car","","","true","filler","false","null"
"html-keyboard-response","null","","null","287","2.1.0","390707","5kg1szjvwg","block1_then_block2","","","inter_trial_interval","","","","","","","","","","","","","","","","","","","","","","","","","","","","","","","",""
"html-keyboard-response","null","<div class=""fixation"">+</div>","null","288","2.1.0","391209","5kg1szjvwg","block1_then_block2","","","fixation","","","","","","","","","","","","","","","","","","","","","","","","","","","","","","","",""
"html-keyboard-response","1393","<div class=""chinese-character"" style=""color:#1f77b4;"">婪</div>","b","289","2.1.0","392602","5kg1szjvwg","block1_then_block2","","","color_naming","","","","","","","","","婪","lan2","","","","","","","","","1","","blue","b","blue","true","blue","greedy","","","false","congruent_S_T_plus","true","1"
"html-keyboard-response","null","","null","290","2.1.0","393604","5kg1szjvwg","block1_then_block2","","","inter_trial_interval","","","","","","","","","","","","","","","","","","","","","","","","","","","","","","","",""
"html-keyboard-response","null","<div class=""fixation"">+</div>","null","291","2.1.0","394106","5kg1szjvwg","block1_then_block2","","","fixation","","","","","","","","","","","","","","","","","","","","","","","","","","","","","","","",""
"html-keyboard-response","960","<div class=""chinese-character"" style=""color:#1f77b4;"">尝</div>","b","292","2.1.0","395067","5kg1szjvwg","block1_then_block2","","","color_naming","","","","","","","","","尝","chang2","","","","","","","","","1","","blue","b","blue","true","blue","taste","","","false","congruent_S_minus_T_plus","true","1"
"html-keyboard-response","null","","null","293","2.1.0","396068","5kg1szjvwg","block1_then_block2","","","inter_trial_interval","","","","","","","","","","","","","","","","","","","","","","","","","","","","","","","",""
"html-keyboard-response","null","<div class=""fixation"">+</div>","null","294","2.1.0","396569","5kg1szjvwg","block1_then_block2","","","fixation","","","","","","","","","","","","","","","","","","","","","","","","","","","","","","","",""
"html-keyboard-response","1250","<div class=""chinese-character"" style=""color:#d62728;"">轰</div>","r","295","2.1.0","397819","5kg1szjvwg","block1_then_block2","","","color_naming","","","","","","","","","轰","hong1","","","","","","","","","1","","red","r","red","true","red","boom","","","false","congruent_S_plus_T_minus","true","1"
"html-keyboard-response","null","","null","296","2.1.0","398821","5kg1szjvwg","block1_then_block2","","","inter_trial_interval","","","","","","","","","","","","","","","","","","","","","","","","","","","","","","","",""
"html-keyboard-response","null","<div class=""fixation"">+</div>","null","297","2.1.0","399322","5kg1szjvwg","block1_then_block2","","","fixation","","","","","","","","","","","","","","","","","","","","","","","","","","","","","","","",""
"html-keyboard-response","1072","<div class=""chinese-character"" style=""color:#d62728;"">红</div>","r","298","2.1.0","400394","5kg1szjvwg","block1_then_block2","","","color_naming","","","","","","","","","红","hong2","","","","","","","","","1","","red","r","red","true","red","red","","","false","congruent_color_character","true","1"
"html-keyboard-response","null","","null","299","2.1.0","401396","5kg1szjvwg","block1_then_block2","","","inter_trial_interval","","","","","","","","","","","","","","","","","","","","","","","","","","","","","","","",""
"html-keyboard-response","null","<div class=""fixation"">+</div>","null","300","2.1.0","401897","5kg1szjvwg","block1_then_block2","","","fixation","","","","","","","","","","","","","","","","","","","","","","","","","","","","","","","",""
"html-keyboard-response","961","<div class=""chinese-character"" style=""color:#d62728;"">雨</div>","r","301","2.1.0","402859","5kg1szjvwg","block1_then_block2","","","color_naming","","","","","","","","","雨","yu3","","","","","","","","","1","","red","r","red","true","f1_17","rain","","","true","filler","false","null"
"html-keyboard-response","null","","null","302","2.1.0","403860","5kg1szjvwg","block1_then_block2","","","inter_trial_interval","","","","","","","","","","","","","","","","","","","","","","","","","","","","","","","",""
"html-keyboard-response","null","<div class=""fixation"">+</div>","null","303","2.1.0","404362","5kg1szjvwg","block1_then_block2","","","fixation","","","","","","","","","","","","","","","","","","","","","","","","","","","","","","","",""
"html-keyboard-response","880","<div class=""chinese-character"" style=""color:#d6b300;"">晃</div>","y","304","2.1.0","405242","5kg1szjvwg","block1_then_block2","","","color_naming","","","","","","","","","晃","huang4","","","","","","","","","1","","yellow","y","yellow","true","yellow","sway","","","false","congruent_S_plus_T_minus","true","1"
"html-keyboard-response","null","","null","305","2.1.0","406244","5kg1szjvwg","block1_then_block2","","","inter_trial_interval","","","","","","","","","","","","","","","","","","","","","","","","","","","","","","","",""
"html-keyboard-response","null","<div class=""fixation"">+</div>","null","306","2.1.0","406746","5kg1szjvwg","block1_then_block2","","","fixation","","","","","","","","","","","","","","","","","","","","","","","","","","","","","","","",""
"html-keyboard-response","912","<div class=""chinese-character"" style=""color:#d62728;"">书</div>","r","307","2.1.0","407658","5kg1szjvwg","block1_then_block2","","","color_naming","","","","","","","","","书","shu1","","","","","","","","","1","","red","r","red","true","f1_1","book","","","true","filler","false","null"
"html-keyboard-response","null","","null","308","2.1.0","408659","5kg1szjvwg","block1_then_block2","","","inter_trial_interval","","","","","","","","","","","","","","","","","","","","","","","","","","","","","","","",""
"html-keyboard-response","null","<div class=""fixation"">+</div>","null","309","2.1.0","409161","5kg1szjvwg","block1_then_block2","","","fixation","","","","","","","","","","","","","","","","","","","","","","","","","","","","","","","",""
"html-keyboard-response","994","<div class=""chinese-character"" style=""color:#2ca02c;"">黄</div>","g","310","2.1.0","410155","5kg1szjvwg","block1_then_block2","","","color_naming","","","","","","","","","黄","huang2","","","","","","","","","1","","green","g","green","true","yellow","yellow","","","false","incongruent_color_character","true","1"
"html-keyboard-response","null","","null","311","2.1.0","411156","5kg1szjvwg","block1_then_block2","","","inter_trial_interval","","","","","","","","","","","","","","","","","","","","","","","","","","","","","","","",""
"html-keyboard-response","null","<div class=""fixation"">+</div>","null","312","2.1.0","411657","5kg1szjvwg","block1_then_block2","","","fixation","","","","","","","","","","","","","","","","","","","","","","","","","","","","","","","",""
"html-keyboard-response","1025","<div class=""chinese-character"" style=""color:#2ca02c;"">绿</div>","g","313","2.1.0","412683","5kg1szjvwg","block1_then_block2","","","color_naming","","","","","","","","","绿","lv4","","","","","","","","","1","","green","g","green","true","green","green","","","false","congruent_color_character","true","1"
"html-keyboard-response","null","","null","314","2.1.0","413683","5kg1szjvwg","block1_then_block2","","","inter_trial_interval","","","","","","","","","","","","","","","","","","","","","","","","","","","","","","","",""
"html-keyboard-response","null","<div class=""fixation"">+</div>","null","315","2.1.0","414184","5kg1szjvwg","block1_then_block2","","","fixation","","","","","","","","","","","","","","","","","","","","","","","","","","","","","","","",""
"html-keyboard-response","929","<div class=""chinese-character"" style=""color:#2ca02c;"">门</div>","g","316","2.1.0","415114","5kg1szjvwg","block1_then_block2","","","color_naming","","","","","","","","","门","men2","","","","","","","","","1","","green","g","green","true","f1_4","door","","","true","filler","false","null"
"html-keyboard-response","null","","null","317","2.1.0","416116","5kg1szjvwg","block1_then_block2","","","inter_trial_interval","","","","","","","","","","","","","","","","","","","","","","","","","","","","","","","",""
"html-keyboard-response","null","<div class=""fixation"">+</div>","null","318","2.1.0","416617","5kg1szjvwg","block1_then_block2","","","fixation","","","","","","","","","","","","","","","","","","","","","","","","","","","","","","","",""
"html-keyboard-response","1201","<div class=""chinese-character"" style=""color:#d6b300;"">绿</div>","y","319","2.1.0","417818","5kg1szjvwg","block1_then_block2","","","color_naming","","","","","","","","","绿","lv4","","","","","","","","","1","","yellow","y","yellow","true","green","green","","","false","incongruent_color_character","true","1"
"html-keyboard-response","null","","null","320","2.1.0","418820","5kg1szjvwg","block1_then_block2","","","inter_trial_interval","","","","","","","","","","","","","","","","","","","","","","","","","","","","","","","",""
"html-keyboard-response","null","<div class=""fixation"">+</div>","null","321","2.1.0","419321","5kg1szjvwg","block1_then_block2","","","fixation","","","","","","","","","","","","","","","","","","","","","","","","","","","","","","","",""
"html-keyboard-response","881","<div class=""chinese-character"" style=""color:#d6b300;"">风</div>","y","322","2.1.0","420202","5kg1szjvwg","block1_then_block2","","","color_naming","","","","","","","","","风","feng1","","","","","","","","","1","","yellow","y","yellow","true","f1_10","wind","","","true","filler","false","null"
"html-keyboard-response","null","","null","323","2.1.0","421203","5kg1szjvwg","block1_then_block2","","","inter_trial_interval","","","","","","","","","","","","","","","","","","","","","","","","","","","","","","","",""
"html-keyboard-response","3463","
    <div class=""instructions"">
      <h2>Short Break</h2>
      <p>You have completed the first half of the experiment.</p>
      <p>Press <strong>Space</strong> when you are ready to continue.</p>
    </div>
  "," ","324","2.1.0","424666","5kg1szjvwg","block1_then_block2","","","","","","","","","","","","","","","","","","","","","","","","","","","","","","","","","","",""
"html-keyboard-response","5071","
      <div class=""instructions"">
        <h2>Chinese Character Naming — Block 2</h2>
        <p>You will see Chinese characters printed in black.</p>
        <p>Please <strong>say the character aloud in Mandarin</strong> as quickly and accurately as possible.</p>
        <p>After speaking, press <strong>Space</strong> to move to the next character immediately.</p>
        <p>Your voice will be recorded so we can verify your responses.</p>
        <p>Press <strong>Space</strong> to begin.</p>
      </div>
    "," ","325","2.1.0","429738","5kg1szjvwg","block1_then_block2","","","","","","","","","","","","","","","","","","","","","","","","","","","","","","","","","","",""
"html-keyboard-response","null","<div class=""fixation"">+</div>","null","326","2.1.0","430239","5kg1szjvwg","block1_then_block2","","","fixation","","","","","","","","","","","","","","","","","","","","","","","","","","","","","","","",""
"html-keyboard-response","1451","
      <div class=""chinese-character"" style=""color:#000000;"">衣</div>
      <div style=""margin-top:32px; font-size:16px; color:#555; font-family:Arial,sans-serif;"">
        Say the character aloud, then press <strong>Space</strong>.
      </div>
    "," ","327","2.1.0","431691","5kg1szjvwg","block1_then_block2","","","character_naming","","","","","","","","","衣","yi1","character_naming_f2_17_block2_norep","1451","true","true","23480","5kg1szjvwg_character_naming_f2_17_block2_norep.webm","true","{""message"":""Success""}","2","","","","","","f2_17","clothing","filler","red","true","","",""
"html-keyboard-response","null","","null","328","2.1.0","431792","5kg1szjvwg","block1_then_block2","","","inter_trial_interval","","","","","","","","","","","","","","","","","","","","","","","","","","","","","","","",""
"html-keyboard-response","null","<div class=""fixation"">+</div>","null","329","2.1.0","432294","5kg1szjvwg","block1_then_block2","","","fixation","","","","","","","","","","","","","","","","","","","","","","","","","","","","","","","",""
"html-keyboard-response","1140","
      <div class=""chinese-character"" style=""color:#000000;"">猫</div>
      <div style=""margin-top:32px; font-size:16px; color:#555; font-family:Arial,sans-serif;"">
        Say the character aloud, then press <strong>Space</strong>.
      </div>
    "," ","330","2.1.0","433434","5kg1szjvwg","block1_then_block2","","","character_naming","","","","","","","","","猫","mao1","character_naming_f2_1_block2_norep","1140","true","true","18650","5kg1szjvwg_character_naming_f2_1_block2_norep.webm","true","{""message"":""Success""}","2","","","","","","f2_1","cat","filler","red","true","","",""
"html-keyboard-response","null","","null","331","2.1.0","433536","5kg1szjvwg","block1_then_block2","","","inter_trial_interval","","","","","","","","","","","","","","","","","","","","","","","","","","","","","","","",""
"html-keyboard-response","null","<div class=""fixation"">+</div>","null","332","2.1.0","434037","5kg1szjvwg","block1_then_block2","","","fixation","","","","","","","","","","","","","","","","","","","","","","","","","","","","","","","",""
"html-keyboard-response","1092","
      <div class=""chinese-character"" style=""color:#000000;"">星</div>
      <div style=""margin-top:32px; font-size:16px; color:#555; font-family:Arial,sans-serif;"">
        Say the character aloud, then press <strong>Space</strong>.
      </div>
    "," ","333","2.1.0","435130","5kg1szjvwg","block1_then_block2","","","character_naming","","","","","","","","","星","xing1","character_naming_f2_18_block2_norep","1092","true","true","17684","5kg1szjvwg_character_naming_f2_18_block2_norep.webm","true","{""message"":""Success""}","2","","","","","","f2_18","star","filler","yellow","true","","",""
"html-keyboard-response","null","","null","334","2.1.0","435231","5kg1szjvwg","block1_then_block2","","","inter_trial_interval","","","","","","","","","","","","","","","","","","","","","","","","","","","","","","","",""
"html-keyboard-response","null","<div class=""fixation"">+</div>","null","335","2.1.0","435732","5kg1szjvwg","block1_then_block2","","","fixation","","","","","","","","","","","","","","","","","","","","","","","","","","","","","","","",""
"html-keyboard-response","1095","
      <div class=""chinese-character"" style=""color:#000000;"">房</div>
      <div style=""margin-top:32px; font-size:16px; color:#555; font-family:Arial,sans-serif;"">
        Say the character aloud, then press <strong>Space</strong>.
      </div>
    "," ","336","2.1.0","436827","5kg1szjvwg","block1_then_block2","","","character_naming","","","","","","","","","房","fang2","character_naming_f2_8_block2_norep","1095","true","true","17684","5kg1szjvwg_character_naming_f2_8_block2_norep.webm","true","{""message"":""Success""}","2","","","","","","f2_8","room","filler","green","true","","",""
"html-keyboard-response","null","","null","337","2.1.0","436928","5kg1szjvwg","block1_then_block2","","","inter_trial_interval","","","","","","","","","","","","","","","","","","","","","","","","","","","","","","","",""
"html-keyboard-response","null","<div class=""fixation"">+</div>","null","338","2.1.0","437430","5kg1szjvwg","block1_then_block2","","","fixation","","","","","","","","","","","","","","","","","","","","","","","","","","","","","","","",""
"html-keyboard-response","947","
      <div class=""chinese-character"" style=""color:#000000;"">洞</div>
      <div style=""margin-top:32px; font-size:16px; color:#555; font-family:Arial,sans-serif;"">
        Say the character aloud, then press <strong>Space</strong>.
      </div>
    "," ","339","2.1.0","438378","5kg1szjvwg","block1_then_block2","","","character_naming","","","","","","","","","洞","dong4","character_naming_green_block2_rep2","947","true","true","14786","5kg1szjvwg_character_naming_green_block2_rep2.webm","true","{""message"":""Success""}","2","","","","","","green","hole","congruent_S_minus_T_plus","green","false","","",""
"html-keyboard-response","null","","null","340","2.1.0","438479","5kg1szjvwg","block1_then_block2","","","inter_trial_interval","","","","","","","","","","","","","","","","","","","","","","","","","","","","","","","",""
"html-keyboard-response","null","<div class=""fixation"">+</div>","null","341","2.1.0","438981","5kg1szjvwg","block1_then_block2","","","fixation","","","","","","","","","","","","","","","","","","","","","","","","","","","","","","","",""
"html-keyboard-response","1028","
      <div class=""chinese-character"" style=""color:#000000;"">米</div>
      <div style=""margin-top:32px; font-size:16px; color:#555; font-family:Arial,sans-serif;"">
        Say the character aloud, then press <strong>Space</strong>.
      </div>
    "," ","342","2.1.0","440010","5kg1szjvwg","block1_then_block2","","","character_naming","","","","","","","","","米","mi3","character_naming_f2_4_block2_norep","1028","true","true","16718","5kg1szjvwg_character_naming_f2_4_block2_norep.webm","true","{""message"":""Success""}","2","","","","","","f2_4","rice","filler","green","true","","",""
"html-keyboard-response","null","","null","343","2.1.0","440111","5kg1szjvwg","block1_then_block2","","","inter_trial_interval","","","","","","","","","","","","","","","","","","","","","","","","","","","","","","","",""
"html-keyboard-response","null","<div class=""fixation"">+</div>","null","344","2.1.0","440613","5kg1szjvwg","block1_then_block2","","","fixation","","","","","","","","","","","","","","","","","","","","","","","","","","","","","","","",""
"html-keyboard-response","1061","
      <div class=""chinese-character"" style=""color:#000000;"">宫</div>
      <div style=""margin-top:32px; font-size:16px; color:#555; font-family:Arial,sans-serif;"">
        Say the character aloud, then press <strong>Space</strong>.
      </div>
    "," ","345","2.1.0","441674","5kg1szjvwg","block1_then_block2","","","character_naming","","","","","","","","","宫","gong1","character_naming_blue_block2_rep2","1061","true","true","16718","5kg1szjvwg_character_naming_blue_block2_rep2.webm","true","{""message"":""Success""}","2","","","","","","blue","palace","neutral","blue","false","","",""
"html-keyboard-response","null","","null","346","2.1.0","441776","5kg1szjvwg","block1_then_block2","","","inter_trial_interval","","","","","","","","","","","","","","","","","","","","","","","","","","","","","","","",""
"html-keyboard-response","null","<div class=""fixation"">+</div>","null","347","2.1.0","442277","5kg1szjvwg","block1_then_block2","","","fixation","","","","","","","","","","","","","","","","","","","","","","","","","","","","","","","",""
"html-keyboard-response","2388","
      <div class=""chinese-character"" style=""color:#000000;"">牵</div>
      <div style=""margin-top:32px; font-size:16px; color:#555; font-family:Arial,sans-serif;"">
        Say the character aloud, then press <strong>Space</strong>.
      </div>
    "," ","348","2.1.0","444666","5kg1szjvwg","block1_then_block2","","","character_naming","","","","","","","","","牵","qian1","character_naming_red_block2_rep2","2388","true","true","37970","5kg1szjvwg_character_naming_red_block2_rep2.webm","true","{""message"":""Success""}","2","","","","","","red","lead along","neutral","red","false","","",""
"html-keyboard-response","null","","null","349","2.1.0","444768","5kg1szjvwg","block1_then_block2","","","inter_trial_interval","","","","","","","","","","","","","","","","","","","","","","","","","","","","","","","",""
"html-keyboard-response","null","<div class=""fixation"">+</div>","null","350","2.1.0","445270","5kg1szjvwg","block1_then_block2","","","fixation","","","","","","","","","","","","","","","","","","","","","","","","","","","","","","","",""
"html-keyboard-response","1156","
      <div class=""chinese-character"" style=""color:#000000;"">脸</div>
      <div style=""margin-top:32px; font-size:16px; color:#555; font-family:Arial,sans-serif;"">
        Say the character aloud, then press <strong>Space</strong>.
      </div>
    "," ","351","2.1.0","446426","5kg1szjvwg","block1_then_block2","","","character_naming","","","","","","","","","脸","lian3","character_naming_f2_13_block2_norep","1156","true","true","18650","5kg1szjvwg_character_naming_f2_13_block2_norep.webm","true","{""message"":""Success""}","2","","","","","","f2_13","face","filler","red","true","","",""
"html-keyboard-response","null","","null","352","2.1.0","446528","5kg1szjvwg","block1_then_block2","","","inter_trial_interval","","","","","","","","","","","","","","","","","","","","","","","","","","","","","","","",""
"html-keyboard-response","null","<div class=""fixation"">+</div>","null","353","2.1.0","447030","5kg1szjvwg","block1_then_block2","","","fixation","","","","","","","","","","","","","","","","","","","","","","","","","","","","","","","",""
"html-keyboard-response","1140","
      <div class=""chinese-character"" style=""color:#000000;"">影</div>
      <div style=""margin-top:32px; font-size:16px; color:#555; font-family:Arial,sans-serif;"">
        Say the character aloud, then press <strong>Space</strong>.
      </div>
    "," ","354","2.1.0","448170","5kg1szjvwg","block1_then_block2","","","character_naming","","","","","","","","","影","ying3","character_naming_f2_16_block2_norep","1140","true","true","17684","5kg1szjvwg_character_naming_f2_16_block2_norep.webm","true","{""message"":""Success""}","2","","","","","","f2_16","shadow/movie","filler","green","true","","",""
"html-keyboard-response","null","","null","355","2.1.0","448272","5kg1szjvwg","block1_then_block2","","","inter_trial_interval","","","","","","","","","","","","","","","","","","","","","","","","","","","","","","","",""
"html-keyboard-response","null","<div class=""fixation"">+</div>","null","356","2.1.0","448773","5kg1szjvwg","block1_then_block2","","","fixation","","","","","","","","","","","","","","","","","","","","","","","","","","","","","","","",""
"html-keyboard-response","1156","
      <div class=""chinese-character"" style=""color:#000000;"">蓝</div>
      <div style=""margin-top:32px; font-size:16px; color:#555; font-family:Arial,sans-serif;"">
        Say the character aloud, then press <strong>Space</strong>.
      </div>
    "," ","357","2.1.0","449930","5kg1szjvwg","block1_then_block2","","","character_naming","","","","","","","","","蓝","lan2","character_naming_blue_block2_rep2","1156","true","true","18650","5kg1szjvwg_character_naming_blue_block2_rep2.webm","true","{""error"":""OSF_FILE_EXISTS"",""message"":""The OSF file already exists. File names must be unique.""}","2","","","","","","blue","blue","congruent_color_character","blue","false","","",""
"html-keyboard-response","null","","null","358","2.1.0","450031","5kg1szjvwg","block1_then_block2","","","inter_trial_interval","","","","","","","","","","","","","","","","","","","","","","","","","","","","","","","",""
"html-keyboard-response","null","<div class=""fixation"">+</div>","null","359","2.1.0","450533","5kg1szjvwg","block1_then_block2","","","fixation","","","","","","","","","","","","","","","","","","","","","","","","","","","","","","","",""
"html-keyboard-response","981","
      <div class=""chinese-character"" style=""color:#000000;"">红</div>
      <div style=""margin-top:32px; font-size:16px; color:#555; font-family:Arial,sans-serif;"">
        Say the character aloud, then press <strong>Space</strong>.
      </div>
    "," ","360","2.1.0","451514","5kg1szjvwg","block1_then_block2","","","character_naming","","","","","","","","","红","hong2","character_naming_red_block2_rep2","981","true","true","15752","5kg1szjvwg_character_naming_red_block2_rep2.webm","true","{""error"":""OSF_FILE_EXISTS"",""message"":""The OSF file already exists. File names must be unique.""}","2","","","","","","red","red","congruent_color_character","red","false","","",""
"html-keyboard-response","null","","null","361","2.1.0","451616","5kg1szjvwg","block1_then_block2","","","inter_trial_interval","","","","","","","","","","","","","","","","","","","","","","","","","","","","","","","",""
"html-keyboard-response","null","<div class=""fixation"">+</div>","null","362","2.1.0","452117","5kg1szjvwg","block1_then_block2","","","fixation","","","","","","","","","","","","","","","","","","","","","","","","","","","","","","","",""
"html-keyboard-response","1028","
      <div class=""chinese-character"" style=""color:#000000;"">皇</div>
      <div style=""margin-top:32px; font-size:16px; color:#555; font-family:Arial,sans-serif;"">
        Say the character aloud, then press <strong>Space</strong>.
      </div>
    "," ","363","2.1.0","453146","5kg1szjvwg","block1_then_block2","","","character_naming","","","","","","","","","皇","huang2","character_naming_yellow_block2_rep2","1028","true","true","16718","5kg1szjvwg_character_naming_yellow_block2_rep2.webm","true","{""message"":""Success""}","2","","","","","","yellow","emperor","congruent_S_T_plus","yellow","false","","",""
"html-keyboard-response","null","","null","364","2.1.0","453247","5kg1szjvwg","block1_then_block2","","","inter_trial_interval","","","","","","","","","","","","","","","","","","","","","","","","","","","","","","","",""
"html-keyboard-response","null","<div class=""fixation"">+</div>","null","365","2.1.0","453748","5kg1szjvwg","block1_then_block2","","","fixation","","","","","","","","","","","","","","","","","","","","","","","","","","","","","","","",""
"html-keyboard-response","1126","
      <div class=""chinese-character"" style=""color:#000000;"">瓶</div>
      <div style=""margin-top:32px; font-size:16px; color:#555; font-family:Arial,sans-serif;"">
        Say the character aloud, then press <strong>Space</strong>.
      </div>
    "," ","366","2.1.0","454874","5kg1szjvwg","block1_then_block2","","","character_naming","","","","","","","","","瓶","ping2","character_naming_red_block2_rep2","1126","true","true","17684","5kg1szjvwg_character_naming_red_block2_rep2.webm","true","{""error"":""OSF_FILE_EXISTS"",""message"":""The OSF file already exists. File names must be unique.""}","2","","","","","","red","bottle","congruent_S_minus_T_plus","red","false","","",""
"html-keyboard-response","null","","null","367","2.1.0","454976","5kg1szjvwg","block1_then_block2","","","inter_trial_interval","","","","","","","","","","","","","","","","","","","","","","","","","","","","","","","",""
"html-keyboard-response","null","<div class=""fixation"">+</div>","null","368","2.1.0","455477","5kg1szjvwg","block1_then_block2","","","fixation","","","","","","","","","","","","","","","","","","","","","","","","","","","","","","","",""
"html-keyboard-response","1189","
      <div class=""chinese-character"" style=""color:#000000;"">晃</div>
      <div style=""margin-top:32px; font-size:16px; color:#555; font-family:Arial,sans-serif;"">
        Say the character aloud, then press <strong>Space</strong>.
      </div>
    "," ","369","2.1.0","456667","5kg1szjvwg","block1_then_block2","","","character_naming","","","","","","","","","晃","huang4","character_naming_yellow_block2_rep2","1189","true","true","18650","5kg1szjvwg_character_naming_yellow_block2_rep2.webm","true","{""message"":""Success""}","2","","","","","","yellow","sway","congruent_S_plus_T_minus","yellow","false","","",""
"html-keyboard-response","null","","null","370","2.1.0","456768","5kg1szjvwg","block1_then_block2","","","inter_trial_interval","","","","","","","","","","","","","","","","","","","","","","","","","","","","","","","",""
"html-keyboard-response","null","<div class=""fixation"">+</div>","null","371","2.1.0","457271","5kg1szjvwg","block1_then_block2","","","fixation","","","","","","","","","","","","","","","","","","","","","","","","","","","","","","","",""
"html-keyboard-response","1283","
      <div class=""chinese-character"" style=""color:#000000;"">览</div>
      <div style=""margin-top:32px; font-size:16px; color:#555; font-family:Arial,sans-serif;"">
        Say the character aloud, then press <strong>Space</strong>.
      </div>
    "," ","372","2.1.0","458554","5kg1szjvwg","block1_then_block2","","","character_naming","","","","","","","","","览","lan3","character_naming_blue_block2_rep2","1283","true","true","20582","5kg1szjvwg_character_naming_blue_block2_rep2.webm","true","{""error"":""OSF_FILE_EXISTS"",""message"":""The OSF file already exists. File names must be unique.""}","2","","","","","","blue","view","congruent_S_plus_T_minus","blue","false","","",""
"html-keyboard-response","null","","null","373","2.1.0","458655","5kg1szjvwg","block1_then_block2","","","inter_trial_interval","","","","","","","","","","","","","","","","","","","","","","","","","","","","","","","",""
"html-keyboard-response","null","<div class=""fixation"">+</div>","null","374","2.1.0","459156","5kg1szjvwg","block1_then_block2","","","fixation","","","","","","","","","","","","","","","","","","","","","","","","","","","","","","","",""
"html-keyboard-response","2694","
      <div class=""chinese-character"" style=""color:#000000;"">婪</div>
      <div style=""margin-top:32px; font-size:16px; color:#555; font-family:Arial,sans-serif;"">
        Say the character aloud, then press <strong>Space</strong>.
      </div>
    "," ","375","2.1.0","461850","5kg1szjvwg","block1_then_block2","","","character_naming","","","","","","","","","婪","lan2","character_naming_blue_block2_rep2","2694","true","true","43766","5kg1szjvwg_character_naming_blue_block2_rep2.webm","true","{""error"":""OSF_FILE_EXISTS"",""message"":""The OSF file already exists. File names must be unique.""}","2","","","","","","blue","greedy","congruent_S_T_plus","blue","false","","",""
"html-keyboard-response","null","","null","376","2.1.0","461952","5kg1szjvwg","block1_then_block2","","","inter_trial_interval","","","","","","","","","","","","","","","","","","","","","","","","","","","","","","","",""
"html-keyboard-response","null","<div class=""fixation"">+</div>","null","377","2.1.0","462453","5kg1szjvwg","block1_then_block2","","","fixation","","","","","","","","","","","","","","","","","","","","","","","","","","","","","","","",""
"html-keyboard-response","1028","
      <div class=""chinese-character"" style=""color:#000000;"">口</div>
      <div style=""margin-top:32px; font-size:16px; color:#555; font-family:Arial,sans-serif;"">
        Say the character aloud, then press <strong>Space</strong>.
      </div>
    "," ","378","2.1.0","463482","5kg1szjvwg","block1_then_block2","","","character_naming","","","","","","","","","口","kou3","character_naming_f2_22_block2_norep","1028","true","true","16718","5kg1szjvwg_character_naming_f2_22_block2_norep.webm","true","{""message"":""Success""}","2","","","","","","f2_22","mouth","filler","yellow","true","","",""
"html-keyboard-response","null","","null","379","2.1.0","463583","5kg1szjvwg","block1_then_block2","","","inter_trial_interval","","","","","","","","","","","","","","","","","","","","","","","","","","","","","","","",""
"html-keyboard-response","null","<div class=""fixation"">+</div>","null","380","2.1.0","464084","5kg1szjvwg","block1_then_block2","","","fixation","","","","","","","","","","","","","","","","","","","","","","","","","","","","","","","",""
"html-keyboard-response","1141","
      <div class=""chinese-character"" style=""color:#000000;"">河</div>
      <div style=""margin-top:32px; font-size:16px; color:#555; font-family:Arial,sans-serif;"">
        Say the character aloud, then press <strong>Space</strong>.
      </div>
    "," ","381","2.1.0","465226","5kg1szjvwg","block1_then_block2","","","character_naming","","","","","","","","","河","he2","character_naming_f2_11_block2_norep","1141","true","true","18650","5kg1szjvwg_character_naming_f2_11_block2_norep.webm","true","{""message"":""Success""}","2","","","","","","f2_11","river","filler","blue","true","","",""
"html-keyboard-response","null","","null","382","2.1.0","465328","5kg1szjvwg","block1_then_block2","","","inter_trial_interval","","","","","","","","","","","","","","","","","","","","","","","","","","","","","","","",""
"html-keyboard-response","null","<div class=""fixation"">+</div>","null","383","2.1.0","465829","5kg1szjvwg","block1_then_block2","","","fixation","","","","","","","","","","","","","","","","","","","","","","","","","","","","","","","",""
"html-keyboard-response","1141","
      <div class=""chinese-character"" style=""color:#000000;"">饭</div>
      <div style=""margin-top:32px; font-size:16px; color:#555; font-family:Arial,sans-serif;"">
        Say the character aloud, then press <strong>Space</strong>.
      </div>
    "," ","384","2.1.0","466970","5kg1szjvwg","block1_then_block2","","","character_naming","","","","","","","","","饭","fan4","character_naming_f2_14_block2_norep","1141","true","true","18650","5kg1szjvwg_character_naming_f2_14_block2_norep.webm","true","{""message"":""Success""}","2","","","","","","f2_14","meal","filler","yellow","true","","",""
"html-keyboard-response","null","","null","385","2.1.0","467072","5kg1szjvwg","block1_then_block2","","","inter_trial_interval","","","","","","","","","","","","","","","","","","","","","","","","","","","","","","","",""
"html-keyboard-response","null","<div class=""fixation"">+</div>","null","386","2.1.0","467573","5kg1szjvwg","block1_then_block2","","","fixation","","","","","","","","","","","","","","","","","","","","","","","","","","","","","","","",""
"html-keyboard-response","1317","
      <div class=""chinese-character"" style=""color:#000000;"">椅</div>
      <div style=""margin-top:32px; font-size:16px; color:#555; font-family:Arial,sans-serif;"">
        Say the character aloud, then press <strong>Space</strong>.
      </div>
    "," ","387","2.1.0","468891","5kg1szjvwg","block1_then_block2","","","character_naming","","","","","","","","","椅","yi3","character_naming_f2_7_block2_norep","1317","true","true","20582","5kg1szjvwg_character_naming_f2_7_block2_norep.webm","true","{""message"":""Success""}","2","","","","","","f2_7","chair","filler","blue","true","","",""
"html-keyboard-response","null","","null","388","2.1.0","468992","5kg1szjvwg","block1_then_block2","","","inter_trial_interval","","","","","","","","","","","","","","","","","","","","","","","","","","","","","","","",""
"html-keyboard-response","null","<div class=""fixation"">+</div>","null","389","2.1.0","469493","5kg1szjvwg","block1_then_block2","","","fixation","","","","","","","","","","","","","","","","","","","","","","","","","","","","","","","",""
"html-keyboard-response","1812","
      <div class=""chinese-character"" style=""color:#000000;"">趁</div>
      <div style=""margin-top:32px; font-size:16px; color:#555; font-family:Arial,sans-serif;"">
        Say the character aloud, then press <strong>Space</strong>.
      </div>
    "," ","390","2.1.0","471306","5kg1szjvwg","block1_then_block2","","","character_naming","","","","","","","","","趁","chen4","character_naming_yellow_block2_rep2","1812","true","true","29276","5kg1szjvwg_character_naming_yellow_block2_rep2.webm","true","{""error"":""OSF_FILE_EXISTS"",""message"":""The OSF file already exists. File names must be unique.""}","2","","","","","","yellow","take advantage of","neutral","yellow","false","","",""
"html-keyboard-response","null","","null","391","2.1.0","471407","5kg1szjvwg","block1_then_block2","","","inter_trial_interval","","","","","","","","","","","","","","","","","","","","","","","","","","","","","","","",""
"html-keyboard-response","null","<div class=""fixation"">+</div>","null","392","2.1.0","471909","5kg1szjvwg","block1_then_block2","","","fixation","","","","","","","","","","","","","","","","","","","","","","","","","","","","","","","",""
"html-keyboard-response","1093","
      <div class=""chinese-character"" style=""color:#000000;"">绿</div>
      <div style=""margin-top:32px; font-size:16px; color:#555; font-family:Arial,sans-serif;"">
        Say the character aloud, then press <strong>Space</strong>.
      </div>
    "," ","393","2.1.0","473002","5kg1szjvwg","block1_then_block2","","","character_naming","","","","","","","","","绿","lv4","character_naming_green_block2_rep2","1093","true","true","17684","5kg1szjvwg_character_naming_green_block2_rep2.webm","true","{""error"":""OSF_FILE_EXISTS"",""message"":""The OSF file already exists. File names must be unique.""}","2","","","","","","green","green","incongruent_color_character","yellow","false","","",""
"html-keyboard-response","null","","null","394","2.1.0","473103","5kg1szjvwg","block1_then_block2","","","inter_trial_interval","","","","","","","","","","","","","","","","","","","","","","","","","","","","","","","",""
"html-keyboard-response","null","<div class=""fixation"">+</div>","null","395","2.1.0","473605","5kg1szjvwg","block1_then_block2","","","fixation","","","","","","","","","","","","","","","","","","","","","","","","","","","","","","","",""
"html-keyboard-response","997","
      <div class=""chinese-character"" style=""color:#000000;"">黄</div>
      <div style=""margin-top:32px; font-size:16px; color:#555; font-family:Arial,sans-serif;"">
        Say the character aloud, then press <strong>Space</strong>.
      </div>
    "," ","396","2.1.0","474602","5kg1szjvwg","block1_then_block2","","","character_naming","","","","","","","","","黄","huang2","character_naming_yellow_block2_rep2","997","true","true","15752","5kg1szjvwg_character_naming_yellow_block2_rep2.webm","true","{""error"":""OSF_FILE_EXISTS"",""message"":""The OSF file already exists. File names must be unique.""}","2","","","","","","yellow","yellow","incongruent_color_character","green","false","","",""
"html-keyboard-response","null","","null","397","2.1.0","474704","5kg1szjvwg","block1_then_block2","","","inter_trial_interval","","","","","","","","","","","","","","","","","","","","","","","","","","","","","","","",""
"html-keyboard-response","null","<div class=""fixation"">+</div>","null","398","2.1.0","475206","5kg1szjvwg","block1_then_block2","","","fixation","","","","","","","","","","","","","","","","","","","","","","","","","","","","","","","",""
"html-keyboard-response","1012","
      <div class=""chinese-character"" style=""color:#000000;"">草</div>
      <div style=""margin-top:32px; font-size:16px; color:#555; font-family:Arial,sans-serif;"">
        Say the character aloud, then press <strong>Space</strong>.
      </div>
    "," ","399","2.1.0","476218","5kg1szjvwg","block1_then_block2","","","character_naming","","","","","","","","","草","cao3","character_naming_f2_19_block2_norep","1012","true","true","15752","5kg1szjvwg_character_naming_f2_19_block2_norep.webm","true","{""message"":""Success""}","2","","","","","","f2_19","grass","filler","blue","true","","",""
"html-keyboard-response","null","","null","400","2.1.0","476319","5kg1szjvwg","block1_then_block2","","","inter_trial_interval","","","","","","","","","","","","","","","","","","","","","","","","","","","","","","","",""
"html-keyboard-response","null","<div class=""fixation"">+</div>","null","401","2.1.0","476820","5kg1szjvwg","block1_then_block2","","","fixation","","","","","","","","","","","","","","","","","","","","","","","","","","","","","","","",""
"html-keyboard-response","854","
      <div class=""chinese-character"" style=""color:#000000;"">绿</div>
      <div style=""margin-top:32px; font-size:16px; color:#555; font-family:Arial,sans-serif;"">
        Say the character aloud, then press <strong>Space</strong>.
      </div>
    "," ","402","2.1.0","477675","5kg1szjvwg","block1_then_block2","","","character_naming","","","","","","","","","绿","lv4","character_naming_green_block2_rep2","854","true","true","13820","5kg1szjvwg_character_naming_green_block2_rep2.webm","true","{""error"":""OSF_FILE_EXISTS"",""message"":""The OSF file already exists. File names must be unique.""}","2","","","","","","green","green","congruent_color_character","green","false","","",""
"html-keyboard-response","null","","null","403","2.1.0","477776","5kg1szjvwg","block1_then_block2","","","inter_trial_interval","","","","","","","","","","","","","","","","","","","","","","","","","","","","","","","",""
"html-keyboard-response","null","<div class=""fixation"">+</div>","null","404","2.1.0","478278","5kg1szjvwg","block1_then_block2","","","fixation","","","","","","","","","","","","","","","","","","","","","","","","","","","","","","","",""
"html-keyboard-response","932","
      <div class=""chinese-character"" style=""color:#000000;"">黄</div>
      <div style=""margin-top:32px; font-size:16px; color:#555; font-family:Arial,sans-serif;"">
        Say the character aloud, then press <strong>Space</strong>.
      </div>
    "," ","405","2.1.0","479210","5kg1szjvwg","block1_then_block2","","","character_naming","","","","","","","","","黄","huang2","character_naming_yellow_block2_rep2","932","true","true","14786","5kg1szjvwg_character_naming_yellow_block2_rep2.webm","true","{""error"":""OSF_FILE_EXISTS"",""message"":""The OSF file already exists. File names must be unique.""}","2","","","","","","yellow","yellow","congruent_color_character","yellow","false","","",""
"html-keyboard-response","null","","null","406","2.1.0","479312","5kg1szjvwg","block1_then_block2","","","inter_trial_interval","","","","","","","","","","","","","","","","","","","","","","","","","","","","","","","",""
"html-keyboard-response","null","<div class=""fixation"">+</div>","null","407","2.1.0","479813","5kg1szjvwg","block1_then_block2","","","fixation","","","","","","","","","","","","","","","","","","","","","","","","","","","","","","","",""
"html-keyboard-response","932","
      <div class=""chinese-character"" style=""color:#000000;"">涂</div>
      <div style=""margin-top:32px; font-size:16px; color:#555; font-family:Arial,sans-serif;"">
        Say the character aloud, then press <strong>Space</strong>.
      </div>
    "," ","408","2.1.0","480746","5kg1szjvwg","block1_then_block2","","","character_naming","","","","","","","","","涂","tu2","character_naming_green_block2_rep2","932","true","true","14786","5kg1szjvwg_character_naming_green_block2_rep2.webm","true","{""error"":""OSF_FILE_EXISTS"",""message"":""The OSF file already exists. File names must be unique.""}","2","","","","","","green","paint","neutral","green","false","","",""
"html-keyboard-response","null","","null","409","2.1.0","480847","5kg1szjvwg","block1_then_block2","","","inter_trial_interval","","","","","","","","","","","","","","","","","","","","","","","","","","","","","","","",""
"html-keyboard-response","null","<div class=""fixation"">+</div>","null","410","2.1.0","481348","5kg1szjvwg","block1_then_block2","","","fixation","","","","","","","","","","","","","","","","","","","","","","","","","","","","","","","",""
"html-keyboard-response","997","
      <div class=""chinese-character"" style=""color:#000000;"">雪</div>
      <div style=""margin-top:32px; font-size:16px; color:#555; font-family:Arial,sans-serif;"">
        Say the character aloud, then press <strong>Space</strong>.
      </div>
    "," ","411","2.1.0","482346","5kg1szjvwg","block1_then_block2","","","character_naming","","","","","","","","","雪","xue3","character_naming_f2_20_block2_norep","997","true","true","15752","5kg1szjvwg_character_naming_f2_20_block2_norep.webm","true","{""message"":""Success""}","2","","","","","","f2_20","snow","filler","green","true","","",""
"html-keyboard-response","null","","null","412","2.1.0","482447","5kg1szjvwg","block1_then_block2","","","inter_trial_interval","","","","","","","","","","","","","","","","","","","","","","","","","","","","","","","",""
"html-keyboard-response","null","<div class=""fixation"">+</div>","null","413","2.1.0","482949","5kg1szjvwg","block1_then_block2","","","fixation","","","","","","","","","","","","","","","","","","","","","","","","","","","","","","","",""
"html-keyboard-response","1029","
      <div class=""chinese-character"" style=""color:#000000;"">球</div>
      <div style=""margin-top:32px; font-size:16px; color:#555; font-family:Arial,sans-serif;"">
        Say the character aloud, then press <strong>Space</strong>.
      </div>
    "," ","414","2.1.0","483978","5kg1szjvwg","block1_then_block2","","","character_naming","","","","","","","","","球","qiu2","character_naming_f2_9_block2_norep","1029","true","true","16718","5kg1szjvwg_character_naming_f2_9_block2_norep.webm","true","{""message"":""Success""}","2","","","","","","f2_9","ball","filler","red","true","","",""
"html-keyboard-response","null","","null","415","2.1.0","484081","5kg1szjvwg","block1_then_block2","","","inter_trial_interval","","","","","","","","","","","","","","","","","","","","","","","","","","","","","","","",""
"html-keyboard-response","null","<div class=""fixation"">+</div>","null","416","2.1.0","484582","5kg1szjvwg","block1_then_block2","","","fixation","","","","","","","","","","","","","","","","","","","","","","","","","","","","","","","",""
"html-keyboard-response","1044","
      <div class=""chinese-character"" style=""color:#000000;"">海</div>
      <div style=""margin-top:32px; font-size:16px; color:#555; font-family:Arial,sans-serif;"">
        Say the character aloud, then press <strong>Space</strong>.
      </div>
    "," ","417","2.1.0","485626","5kg1szjvwg","block1_then_block2","","","character_naming","","","","","","","","","海","hai3","character_naming_f2_12_block2_norep","1044","true","true","16717","5kg1szjvwg_character_naming_f2_12_block2_norep.webm","true","{""message"":""Success""}","2","","","","","","f2_12","sea","filler","green","true","","",""
"html-keyboard-response","null","","null","418","2.1.0","485728","5kg1szjvwg","block1_then_block2","","","inter_trial_interval","","","","","","","","","","","","","","","","","","","","","","","","","","","","","","","",""
"html-keyboard-response","null","<div class=""fixation"">+</div>","null","419","2.1.0","486229","5kg1szjvwg","block1_then_block2","","","fixation","","","","","","","","","","","","","","","","","","","","","","","","","","","","","","","",""
"html-keyboard-response","1205","
      <div class=""chinese-character"" style=""color:#000000;"">尝</div>
      <div style=""margin-top:32px; font-size:16px; color:#555; font-family:Arial,sans-serif;"">
        Say the character aloud, then press <strong>Space</strong>.
      </div>
    "," ","420","2.1.0","487434","5kg1szjvwg","block1_then_block2","","","character_naming","","","","","","","","","尝","chang2","character_naming_blue_block2_rep2","1205","true","true","19615","5kg1szjvwg_character_naming_blue_block2_rep2.webm","true","{""error"":""OSF_FILE_EXISTS"",""message"":""The OSF file already exists. File names must be unique.""}","2","","","","","","blue","taste","congruent_S_minus_T_plus","blue","false","","",""
"html-keyboard-response","null","","null","421","2.1.0","487536","5kg1szjvwg","block1_then_block2","","","inter_trial_interval","","","","","","","","","","","","","","","","","","","","","","","","","","","","","","","",""
"html-keyboard-response","null","<div class=""fixation"">+</div>","null","422","2.1.0","488037","5kg1szjvwg","block1_then_block2","","","fixation","","","","","","","","","","","","","","","","","","","","","","","","","","","","","","","",""
"html-keyboard-response","949","
      <div class=""chinese-character"" style=""color:#000000;"">马</div>
      <div style=""margin-top:32px; font-size:16px; color:#555; font-family:Arial,sans-serif;"">
        Say the character aloud, then press <strong>Space</strong>.
      </div>
    "," ","423","2.1.0","488986","5kg1szjvwg","block1_then_block2","","","character_naming","","","","","","","","","马","ma3","character_naming_f2_3_block2_norep","949","true","true","14785","5kg1szjvwg_character_naming_f2_3_block2_norep.webm","true","{""message"":""Success""}","2","","","","","","f2_3","horse","filler","blue","true","","",""
"html-keyboard-response","null","","null","424","2.1.0","489088","5kg1szjvwg","block1_then_block2","","","inter_trial_interval","","","","","","","","","","","","","","","","","","","","","","","","","","","","","","","",""
"html-keyboard-response","null","<div class=""fixation"">+</div>","null","425","2.1.0","489590","5kg1szjvwg","block1_then_block2","","","fixation","","","","","","","","","","","","","","","","","","","","","","","","","","","","","","","",""
"html-keyboard-response","980","
      <div class=""chinese-character"" style=""color:#000000;"">洪</div>
      <div style=""margin-top:32px; font-size:16px; color:#555; font-family:Arial,sans-serif;"">
        Say the character aloud, then press <strong>Space</strong>.
      </div>
    "," ","426","2.1.0","490570","5kg1szjvwg","block1_then_block2","","","character_naming","","","","","","","","","洪","hong2","character_naming_red_block2_rep2","980","true","true","15752","5kg1szjvwg_character_naming_red_block2_rep2.webm","true","{""error"":""OSF_FILE_EXISTS"",""message"":""The OSF file already exists. File names must be unique.""}","2","","","","","","red","flood","congruent_S_T_plus","red","false","","",""
"html-keyboard-response","null","","null","427","2.1.0","490671","5kg1szjvwg","block1_then_block2","","","inter_trial_interval","","","","","","","","","","","","","","","","","","","","","","","","","","","","","","","",""
"html-keyboard-response","null","<div class=""fixation"">+</div>","null","428","2.1.0","491172","5kg1szjvwg","block1_then_block2","","","fixation","","","","","","","","","","","","","","","","","","","","","","","","","","","","","","","",""
"html-keyboard-response","933","
      <div class=""chinese-character"" style=""color:#000000;"">狗</div>
      <div style=""margin-top:32px; font-size:16px; color:#555; font-family:Arial,sans-serif;"">
        Say the character aloud, then press <strong>Space</strong>.
      </div>
    "," ","429","2.1.0","492106","5kg1szjvwg","block1_then_block2","","","character_naming","","","","","","","","","狗","gou3","character_naming_f2_2_block2_norep","933","true","true","14786","5kg1szjvwg_character_naming_f2_2_block2_norep.webm","true","{""message"":""Success""}","2","","","","","","f2_2","dog","filler","yellow","true","","",""
"html-keyboard-response","null","","null","430","2.1.0","492209","5kg1szjvwg","block1_then_block2","","","inter_trial_interval","","","","","","","","","","","","","","","","","","","","","","","","","","","","","","","",""
"html-keyboard-response","null","<div class=""fixation"">+</div>","null","431","2.1.0","492712","5kg1szjvwg","block1_then_block2","","","fixation","","","","","","","","","","","","","","","","","","","","","","","","","","","","","","","",""
"html-keyboard-response","946","
      <div class=""chinese-character"" style=""color:#000000;"">红</div>
      <div style=""margin-top:32px; font-size:16px; color:#555; font-family:Arial,sans-serif;"">
        Say the character aloud, then press <strong>Space</strong>.
      </div>
    "," ","432","2.1.0","493658","5kg1szjvwg","block1_then_block2","","","character_naming","","","","","","","","","红","hong2","character_naming_red_block2_rep2","946","true","true","14786","5kg1szjvwg_character_naming_red_block2_rep2.webm","true","{""error"":""OSF_FILE_EXISTS"",""message"":""The OSF file already exists. File names must be unique.""}","2","","","","","","red","red","incongruent_color_character","blue","false","","",""
"html-keyboard-response","null","","null","433","2.1.0","493759","5kg1szjvwg","block1_then_block2","","","inter_trial_interval","","","","","","","","","","","","","","","","","","","","","","","","","","","","","","","",""
"html-keyboard-response","null","<div class=""fixation"">+</div>","null","434","2.1.0","494260","5kg1szjvwg","block1_then_block2","","","fixation","","","","","","","","","","","","","","","","","","","","","","","","","","","","","","","",""
"html-keyboard-response","1573","
      <div class=""chinese-character"" style=""color:#000000;"">缠</div>
      <div style=""margin-top:32px; font-size:16px; color:#555; font-family:Arial,sans-serif;"">
        Say the character aloud, then press <strong>Space</strong>.
      </div>
    "," ","435","2.1.0","495834","5kg1szjvwg","block1_then_block2","","","character_naming","","","","","","","","","缠","chan2","character_naming_yellow_block2_rep2","1573","true","true","25412","5kg1szjvwg_character_naming_yellow_block2_rep2.webm","true","{""error"":""OSF_FILE_EXISTS"",""message"":""The OSF file already exists. File names must be unique.""}","2","","","","","","yellow","wrap around","congruent_S_minus_T_plus","yellow","false","","",""
"html-keyboard-response","null","","null","436","2.1.0","495935","5kg1szjvwg","block1_then_block2","","","inter_trial_interval","","","","","","","","","","","","","","","","","","","","","","","","","","","","","","","",""
"html-keyboard-response","null","<div class=""fixation"">+</div>","null","437","2.1.0","496437","5kg1szjvwg","block1_then_block2","","","fixation","","","","","","","","","","","","","","","","","","","","","","","","","","","","","","","",""
"html-keyboard-response","1429","
      <div class=""chinese-character"" style=""color:#000000;"">桌</div>
      <div style=""margin-top:32px; font-size:16px; color:#555; font-family:Arial,sans-serif;"">
        Say the character aloud, then press <strong>Space</strong>.
      </div>
    "," ","438","2.1.0","497866","5kg1szjvwg","block1_then_block2","","","character_naming","","","","","","","","","桌","zhuo1","character_naming_f2_6_block2_norep","1429","true","true","22514","5kg1szjvwg_character_naming_f2_6_block2_norep.webm","true","{""message"":""Success""}","2","","","","","","f2_6","table","filler","yellow","true","","",""
"html-keyboard-response","null","","null","439","2.1.0","497967","5kg1szjvwg","block1_then_block2","","","inter_trial_interval","","","","","","","","","","","","","","","","","","","","","","","","","","","","","","","",""
"html-keyboard-response","null","<div class=""fixation"">+</div>","null","440","2.1.0","498468","5kg1szjvwg","block1_then_block2","","","fixation","","","","","","","","","","","","","","","","","","","","","","","","","","","","","","","",""
"html-keyboard-response","1173","
      <div class=""chinese-character"" style=""color:#000000;"">笔</div>
      <div style=""margin-top:32px; font-size:16px; color:#555; font-family:Arial,sans-serif;"">
        Say the character aloud, then press <strong>Space</strong>.
      </div>
    "," ","441","2.1.0","499643","5kg1szjvwg","block1_then_block2","","","character_naming","","","","","","","","","笔","bi3","character_naming_f2_5_block2_norep","1173","true","true","18650","5kg1szjvwg_character_naming_f2_5_block2_norep.webm","true","{""message"":""Success""}","2","","","","","","f2_5","pen","filler","red","true","","",""
"html-keyboard-response","null","","null","442","2.1.0","499744","5kg1szjvwg","block1_then_block2","","","inter_trial_interval","","","","","","","","","","","","","","","","","","","","","","","","","","","","","","","",""
"html-keyboard-response","null","<div class=""fixation"">+</div>","null","443","2.1.0","500246","5kg1szjvwg","block1_then_block2","","","fixation","","","","","","","","","","","","","","","","","","","","","","","","","","","","","","","",""
"html-keyboard-response","2212","
      <div class=""chinese-character"" style=""color:#000000;"">轰</div>
      <div style=""margin-top:32px; font-size:16px; color:#555; font-family:Arial,sans-serif;"">
        Say the character aloud, then press <strong>Space</strong>.
      </div>
    "," ","444","2.1.0","502458","5kg1szjvwg","block1_then_block2","","","character_naming","","","","","","","","","轰","hong1","character_naming_red_block2_rep2","2212","true","true","35072","5kg1szjvwg_character_naming_red_block2_rep2.webm","true","{""error"":""OSF_FILE_EXISTS"",""message"":""The OSF file already exists. File names must be unique.""}","2","","","","","","red","boom","congruent_S_plus_T_minus","red","false","","",""
"html-keyboard-response","null","","null","445","2.1.0","502560","5kg1szjvwg","block1_then_block2","","","inter_trial_interval","","","","","","","","","","","","","","","","","","","","","","","","","","","","","","","",""
"html-keyboard-response","null","<div class=""fixation"">+</div>","null","446","2.1.0","503062","5kg1szjvwg","block1_then_block2","","","fixation","","","","","","","","","","","","","","","","","","","","","","","","","","","","","","","",""
"html-keyboard-response","1028","
      <div class=""chinese-character"" style=""color:#000000;"">心</div>
      <div style=""margin-top:32px; font-size:16px; color:#555; font-family:Arial,sans-serif;"">
        Say the character aloud, then press <strong>Space</strong>.
      </div>
    "," ","447","2.1.0","504090","5kg1szjvwg","block1_then_block2","","","character_naming","","","","","","","","","心","xin1","character_naming_f2_23_block2_norep","1028","true","true","16718","5kg1szjvwg_character_naming_f2_23_block2_norep.webm","true","{""message"":""Success""}","2","","","","","","f2_23","heart","filler","blue","true","","",""
"html-keyboard-response","null","","null","448","2.1.0","504190","5kg1szjvwg","block1_then_block2","","","inter_trial_interval","","","","","","","","","","","","","","","","","","","","","","","","","","","","","","","",""
"html-keyboard-response","null","<div class=""fixation"">+</div>","null","449","2.1.0","504692","5kg1szjvwg","block1_then_block2","","","fixation","","","","","","","","","","","","","","","","","","","","","","","","","","","","","","","",""
"html-keyboard-response","1125","
      <div class=""chinese-character"" style=""color:#000000;"">电</div>
      <div style=""margin-top:32px; font-size:16px; color:#555; font-family:Arial,sans-serif;"">
        Say the character aloud, then press <strong>Space</strong>.
      </div>
    "," ","450","2.1.0","505818","5kg1szjvwg","block1_then_block2","","","character_naming","","","","","","","","","电","dian4","character_naming_f2_15_block2_norep","1125","true","true","17684","5kg1szjvwg_character_naming_f2_15_block2_norep.webm","true","{""message"":""Success""}","2","","","","","","f2_15","electricity","filler","blue","true","","",""
"html-keyboard-response","null","","null","451","2.1.0","505920","5kg1szjvwg","block1_then_block2","","","inter_trial_interval","","","","","","","","","","","","","","","","","","","","","","","","","","","","","","","",""
"html-keyboard-response","null","<div class=""fixation"">+</div>","null","452","2.1.0","506421","5kg1szjvwg","block1_then_block2","","","fixation","","","","","","","","","","","","","","","","","","","","","","","","","","","","","","","",""
"html-keyboard-response","1301","
      <div class=""chinese-character"" style=""color:#000000;"">蓝</div>
      <div style=""margin-top:32px; font-size:16px; color:#555; font-family:Arial,sans-serif;"">
        Say the character aloud, then press <strong>Space</strong>.
      </div>
    "," ","453","2.1.0","507722","5kg1szjvwg","block1_then_block2","","","character_naming","","","","","","","","","蓝","lan2","character_naming_blue_block2_rep2","1301","true","true","20582","5kg1szjvwg_character_naming_blue_block2_rep2.webm","true","{""error"":""OSF_FILE_EXISTS"",""message"":""The OSF file already exists. File names must be unique.""}","2","","","","","","blue","blue","incongruent_color_character","red","false","","",""
"html-keyboard-response","null","","null","454","2.1.0","507823","5kg1szjvwg","block1_then_block2","","","inter_trial_interval","","","","","","","","","","","","","","","","","","","","","","","","","","","","","","","",""
"html-keyboard-response","null","<div class=""fixation"">+</div>","null","455","2.1.0","508324","5kg1szjvwg","block1_then_block2","","","fixation","","","","","","","","","","","","","","","","","","","","","","","","","","","","","","","",""
"html-keyboard-response","1125","
      <div class=""chinese-character"" style=""color:#000000;"">田</div>
      <div style=""margin-top:32px; font-size:16px; color:#555; font-family:Arial,sans-serif;"">
        Say the character aloud, then press <strong>Space</strong>.
      </div>
    "," ","456","2.1.0","509450","5kg1szjvwg","block1_then_block2","","","character_naming","","","","","","","","","田","tian2","character_naming_f2_24_block2_norep","1125","true","true","17684","5kg1szjvwg_character_naming_f2_24_block2_norep.webm","true","{""message"":""Success""}","2","","","","","","f2_24","field","filler","green","true","","",""
"html-keyboard-response","null","","null","457","2.1.0","509552","5kg1szjvwg","block1_then_block2","","","inter_trial_interval","","","","","","","","","","","","","","","","","","","","","","","","","","","","","","","",""
"html-keyboard-response","null","<div class=""fixation"">+</div>","null","458","2.1.0","510053","5kg1szjvwg","block1_then_block2","","","fixation","","","","","","","","","","","","","","","","","","","","","","","","","","","","","","","",""
"html-keyboard-response","1044","
      <div class=""chinese-character"" style=""color:#000000;"">钟</div>
      <div style=""margin-top:32px; font-size:16px; color:#555; font-family:Arial,sans-serif;"">
        Say the character aloud, then press <strong>Space</strong>.
      </div>
    "," ","459","2.1.0","511098","5kg1szjvwg","block1_then_block2","","","character_naming","","","","","","","","","钟","zhong1","character_naming_f2_10_block2_norep","1044","true","true","16718","5kg1szjvwg_character_naming_f2_10_block2_norep.webm","true","{""message"":""Success""}","2","","","","","","f2_10","clock","filler","yellow","true","","",""
"html-keyboard-response","null","","null","460","2.1.0","511200","5kg1szjvwg","block1_then_block2","","","inter_trial_interval","","","","","","","","","","","","","","","","","","","","","","","","","","","","","","","",""
"html-keyboard-response","null","<div class=""fixation"">+</div>","null","461","2.1.0","511701","5kg1szjvwg","block1_then_block2","","","fixation","","","","","","","","","","","","","","","","","","","","","","","","","","","","","","","",""
"html-keyboard-response","1060","
      <div class=""chinese-character"" style=""color:#000000;"">旅</div>
      <div style=""margin-top:32px; font-size:16px; color:#555; font-family:Arial,sans-serif;"">
        Say the character aloud, then press <strong>Space</strong>.
      </div>
    "," ","462","2.1.0","512762","5kg1szjvwg","block1_then_block2","","","character_naming","","","","","","","","","旅","lv3","character_naming_green_block2_rep2","1060","true","true","16718","5kg1szjvwg_character_naming_green_block2_rep2.webm","true","{""error"":""OSF_FILE_EXISTS"",""message"":""The OSF file already exists. File names must be unique.""}","2","","","","","","green","travel","congruent_S_plus_T_minus","green","false","","",""
"html-keyboard-response","null","","null","463","2.1.0","512863","5kg1szjvwg","block1_then_block2","","","inter_trial_interval","","","","","","","","","","","","","","","","","","","","","","","","","","","","","","","",""
"html-keyboard-response","null","<div class=""fixation"">+</div>","null","464","2.1.0","513366","5kg1szjvwg","block1_then_block2","","","fixation","","","","","","","","","","","","","","","","","","","","","","","","","","","","","","","",""
"html-keyboard-response","1363","
      <div class=""chinese-character"" style=""color:#000000;"">虑</div>
      <div style=""margin-top:32px; font-size:16px; color:#555; font-family:Arial,sans-serif;"">
        Say the character aloud, then press <strong>Space</strong>.
      </div>
    "," ","465","2.1.0","514730","5kg1szjvwg","block1_then_block2","","","character_naming","","","","","","","","","虑","lv4","character_naming_green_block2_rep2","1363","true","true","21548","5kg1szjvwg_character_naming_green_block2_rep2.webm","true","{""error"":""OSF_FILE_EXISTS"",""message"":""The OSF file already exists. File names must be unique.""}","2","","","","","","green","ponder","congruent_S_T_plus","green","false","","",""
"html-keyboard-response","null","","null","466","2.1.0","514831","5kg1szjvwg","block1_then_block2","","","inter_trial_interval","","","","","","","","","","","","","","","","","","","","","","","","","","","","","","","",""
"html-keyboard-response","null","<div class=""fixation"">+</div>","null","467","2.1.0","515332","5kg1szjvwg","block1_then_block2","","","fixation","","","","","","","","","","","","","","","","","","","","","","","","","","","","","","","",""
"html-keyboard-response","1078","
      <div class=""chinese-character"" style=""color:#000000;"">耳</div>
      <div style=""margin-top:32px; font-size:16px; color:#555; font-family:Arial,sans-serif;"">
        Say the character aloud, then press <strong>Space</strong>.
      </div>
    "," ","468","2.1.0","516410","5kg1szjvwg","block1_then_block2","","","character_naming","","","","","","","","","耳","er3","character_naming_f2_21_block2_norep","1078","true","true","16718","5kg1szjvwg_character_naming_f2_21_block2_norep.webm","true","{""message"":""Success""}","2","","","","","","f2_21","ear","filler","red","true","","",""
"html-keyboard-response","null","","null","469","2.1.0","516512","5kg1szjvwg","block1_then_block2","","","inter_trial_interval","","","","","","","","","","","","","","","","","","","","","","","","","","","","","","","",""
"html-keyboard-response","2505","
      <div class=""instructions"">
        <h2>English Color-Naming — Block 2</h2>
        <p>You will see Chinese characters printed in color.</p>
        <p>Your task is to identify the <strong>ink color in English</strong>.</p>
        <p>Ignore the character itself.</p>
        <p><strong>R</strong> = red, <strong>Y</strong> = yellow, <strong>B</strong> = blue, <strong>G</strong> = green.</p>
        <p>Press <strong>Space</strong> to begin.</p>
      </div>
    "," ","470","2.1.0","519018","5kg1szjvwg","block1_then_block2","","","","","","","","","","","","","","","","","","","","","","","","","","","","","","","","","","",""
"html-keyboard-response","1472","
      <div class=""instructions"">
        <h2>Keyboard Check</h2>
        <p>Before we continue, please press the <strong>Y</strong> key
        (for <strong>yellow</strong>) on your keyboard.</p>
        <p style=""color:#888;font-size:0.9em;"">
          If your keyboard is set to a Chinese input method (IME),
          please switch to English / Roman input now, otherwise the experiment cannot record your responses.
        </p>
      </div>
    ","y","471","2.1.0","520490","5kg1szjvwg","block1_then_block2","","","keyboard_check","","","","","","","","","","","","","","","","","","","2","y","","","","","","","","","","","",""
"html-keyboard-response","null","<div class=""fixation"">+</div>","null","472","2.1.0","520990","5kg1szjvwg","block1_then_block2","","","fixation","","","","","","","","","","","","","","","","","","","","","","","","","","","","","","","",""
"html-keyboard-response","1099","<div class=""chinese-character"" style=""color:#d62728;"">笔</div>","r","473","2.1.0","522090","5kg1szjvwg","block1_then_block2","","","color_naming","","","","","","","","","笔","bi3","","","","","","","","","2","","red","r","red","true","f2_5","pen","","","true","filler","false","null"
"html-keyboard-response","null","","null","474","2.1.0","523091","5kg1szjvwg","block1_then_block2","","","inter_trial_interval","","","","","","","","","","","","","","","","","","","","","","","","","","","","","","","",""
"html-keyboard-response","null","<div class=""fixation"">+</div>","null","475","2.1.0","523593","5kg1szjvwg","block1_then_block2","","","fixation","","","","","","","","","","","","","","","","","","","","","","","","","","","","","","","",""
"html-keyboard-response","897","<div class=""chinese-character"" style=""color:#d62728;"">猫</div>","r","476","2.1.0","524490","5kg1szjvwg","block1_then_block2","","","color_naming","","","","","","","","","猫","mao1","","","","","","","","","2","","red","r","red","true","f2_1","cat","","","true","filler","false","null"
"html-keyboard-response","null","","null","477","2.1.0","525490","5kg1szjvwg","block1_then_block2","","","inter_trial_interval","","","","","","","","","","","","","","","","","","","","","","","","","","","","","","","",""
"html-keyboard-response","null","<div class=""fixation"">+</div>","null","478","2.1.0","525992","5kg1szjvwg","block1_then_block2","","","fixation","","","","","","","","","","","","","","","","","","","","","","","","","","","","","","","",""
"html-keyboard-response","1074","<div class=""chinese-character"" style=""color:#2ca02c;"">海</div>","g","479","2.1.0","527066","5kg1szjvwg","block1_then_block2","","","color_naming","","","","","","","","","海","hai3","","","","","","","","","2","","green","g","green","true","f2_12","sea","","","true","filler","false","null"
"html-keyboard-response","null","","null","480","2.1.0","528067","5kg1szjvwg","block1_then_block2","","","inter_trial_interval","","","","","","","","","","","","","","","","","","","","","","","","","","","","","","","",""
"html-keyboard-response","null","<div class=""fixation"">+</div>","null","481","2.1.0","528569","5kg1szjvwg","block1_then_block2","","","fixation","","","","","","","","","","","","","","","","","","","","","","","","","","","","","","","",""
"html-keyboard-response","1617","<div class=""chinese-character"" style=""color:#1f77b4;"">河</div>","b","482","2.1.0","530186","5kg1szjvwg","block1_then_block2","","","color_naming","","","","","","","","","河","he2","","","","","","","","","2","","blue","b","blue","true","f2_11","river","","","true","filler","false","null"
"html-keyboard-response","null","","null","483","2.1.0","531188","5kg1szjvwg","block1_then_block2","","","inter_trial_interval","","","","","","","","","","","","","","","","","","","","","","","","","","","","","","","",""
"html-keyboard-response","null","<div class=""fixation"">+</div>","null","484","2.1.0","531689","5kg1szjvwg","block1_then_block2","","","fixation","","","","","","","","","","","","","","","","","","","","","","","","","","","","","","","",""
"html-keyboard-response","1073","<div class=""chinese-character"" style=""color:#d62728;"">蓝</div>","r","485","2.1.0","532762","5kg1szjvwg","block1_then_block2","","","color_naming","","","","","","","","","蓝","lan2","","","","","","","","","2","","red","r","red","true","blue","blue","","","false","incongruent_color_character","true","2"
"html-keyboard-response","null","","null","486","2.1.0","533763","5kg1szjvwg","block1_then_block2","","","inter_trial_interval","","","","","","","","","","","","","","","","","","","","","","","","","","","","","","","",""
"html-keyboard-response","null","<div class=""fixation"">+</div>","null","487","2.1.0","534264","5kg1szjvwg","block1_then_block2","","","fixation","","","","","","","","","","","","","","","","","","","","","","","","","","","","","","","",""
"html-keyboard-response","1169","<div class=""chinese-character"" style=""color:#d6b300;"">饭</div>","y","488","2.1.0","535434","5kg1szjvwg","block1_then_block2","","","color_naming","","","","","","","","","饭","fan4","","","","","","","","","2","","yellow","y","yellow","true","f2_14","meal","","","true","filler","false","null"
"html-keyboard-response","null","","null","489","2.1.0","536435","5kg1szjvwg","block1_then_block2","","","inter_trial_interval","","","","","","","","","","","","","","","","","","","","","","","","","","","","","","","",""
"html-keyboard-response","null","<div class=""fixation"">+</div>","null","490","2.1.0","536935","5kg1szjvwg","block1_then_block2","","","fixation","","","","","","","","","","","","","","","","","","","","","","","","","","","","","","","",""
"html-keyboard-response","1058","<div class=""chinese-character"" style=""color:#d62728;"">脸</div>","r","491","2.1.0","537994","5kg1szjvwg","block1_then_block2","","","color_naming","","","","","","","","","脸","lian3","","","","","","","","","2","","red","r","red","true","f2_13","face","","","true","filler","false","null"
"html-keyboard-response","null","","null","492","2.1.0","538996","5kg1szjvwg","block1_then_block2","","","inter_trial_interval","","","","","","","","","","","","","","","","","","","","","","","","","","","","","","","",""
"html-keyboard-response","null","<div class=""fixation"">+</div>","null","493","2.1.0","539498","5kg1szjvwg","block1_then_block2","","","fixation","","","","","","","","","","","","","","","","","","","","","","","","","","","","","","","",""
"html-keyboard-response","1376","<div class=""chinese-character"" style=""color:#1f77b4;"">婪</div>","b","494","2.1.0","540874","5kg1szjvwg","block1_then_block2","","","color_naming","","","","","","","","","婪","lan2","","","","","","","","","2","","blue","b","blue","true","blue","greedy","","","false","congruent_S_T_plus","true","2"
"html-keyboard-response","null","","null","495","2.1.0","541875","5kg1szjvwg","block1_then_block2","","","inter_trial_interval","","","","","","","","","","","","","","","","","","","","","","","","","","","","","","","",""
"html-keyboard-response","null","<div class=""fixation"">+</div>","null","496","2.1.0","542377","5kg1szjvwg","block1_then_block2","","","fixation","","","","","","","","","","","","","","","","","","","","","","","","","","","","","","","",""
"html-keyboard-response","1105","<div class=""chinese-character"" style=""color:#d6b300;"">桌</div>","y","497","2.1.0","543482","5kg1szjvwg","block1_then_block2","","","color_naming","","","","","","","","","桌","zhuo1","","","","","","","","","2","","yellow","y","yellow","true","f2_6","table","","","true","filler","false","null"
"html-keyboard-response","null","","null","498","2.1.0","544483","5kg1szjvwg","block1_then_block2","","","inter_trial_interval","","","","","","","","","","","","","","","","","","","","","","","","","","","","","","","",""
"html-keyboard-response","null","<div class=""fixation"">+</div>","null","499","2.1.0","544985","5kg1szjvwg","block1_then_block2","","","fixation","","","","","","","","","","","","","","","","","","","","","","","","","","","","","","","",""
"html-keyboard-response","2336","<div class=""chinese-character"" style=""color:#2ca02c;"">米</div>","g","500","2.1.0","547322","5kg1szjvwg","block1_then_block2","","","color_naming","","","","","","","","","米","mi3","","","","","","","","","2","","green","g","green","true","f2_4","rice","","","true","filler","false","null"
"html-keyboard-response","null","","null","501","2.1.0","548323","5kg1szjvwg","block1_then_block2","","","inter_trial_interval","","","","","","","","","","","","","","","","","","","","","","","","","","","","","","","",""
"html-keyboard-response","null","<div class=""fixation"">+</div>","null","502","2.1.0","548826","5kg1szjvwg","block1_then_block2","","","fixation","","","","","","","","","","","","","","","","","","","","","","","","","","","","","","","",""
"html-keyboard-response","1072","<div class=""chinese-character"" style=""color:#d62728;"">红</div>","r","503","2.1.0","549898","5kg1szjvwg","block1_then_block2","","","color_naming","","","","","","","","","红","hong2","","","","","","","","","2","","red","r","red","true","red","red","","","false","congruent_color_character","true","2"
"html-keyboard-response","null","","null","504","2.1.0","550899","5kg1szjvwg","block1_then_block2","","","inter_trial_interval","","","","","","","","","","","","","","","","","","","","","","","","","","","","","","","",""
"html-keyboard-response","null","<div class=""fixation"">+</div>","null","505","2.1.0","551401","5kg1szjvwg","block1_then_block2","","","fixation","","","","","","","","","","","","","","","","","","","","","","","","","","","","","","","",""
"html-keyboard-response","1024","<div class=""chinese-character"" style=""color:#d62728;"">衣</div>","r","506","2.1.0","552425","5kg1szjvwg","block1_then_block2","","","color_naming","","","","","","","","","衣","yi1","","","","","","","","","2","","red","r","red","true","f2_17","clothing","","","true","filler","false","null"
"html-keyboard-response","null","","null","507","2.1.0","553427","5kg1szjvwg","block1_then_block2","","","inter_trial_interval","","","","","","","","","","","","","","","","","","","","","","","","","","","","","","","",""
"html-keyboard-response","null","<div class=""fixation"">+</div>","null","508","2.1.0","553928","5kg1szjvwg","block1_then_block2","","","fixation","","","","","","","","","","","","","","","","","","","","","","","","","","","","","","","",""
"html-keyboard-response","1009","<div class=""chinese-character"" style=""color:#2ca02c;"">田</div>","g","509","2.1.0","554938","5kg1szjvwg","block1_then_block2","","","color_naming","","","","","","","","","田","tian2","","","","","","","","","2","","green","g","green","true","f2_24","field","","","true","filler","false","null"
"html-keyboard-response","null","","null","510","2.1.0","555940","5kg1szjvwg","block1_then_block2","","","inter_trial_interval","","","","","","","","","","","","","","","","","","","","","","","","","","","","","","","",""
"html-keyboard-response","null","<div class=""fixation"">+</div>","null","511","2.1.0","556441","5kg1szjvwg","block1_then_block2","","","fixation","","","","","","","","","","","","","","","","","","","","","","","","","","","","","","","",""
"html-keyboard-response","897","<div class=""chinese-character"" style=""color:#d62728;"">洪</div>","r","512","2.1.0","557338","5kg1szjvwg","block1_then_block2","","","color_naming","","","","","","","","","洪","hong2","","","","","","","","","2","","red","r","red","true","red","flood","","","false","congruent_S_T_plus","true","2"
"html-keyboard-response","null","","null","513","2.1.0","558341","5kg1szjvwg","block1_then_block2","","","inter_trial_interval","","","","","","","","","","","","","","","","","","","","","","","","","","","","","","","",""
"html-keyboard-response","null","<div class=""fixation"">+</div>","null","514","2.1.0","558842","5kg1szjvwg","block1_then_block2","","","fixation","","","","","","","","","","","","","","","","","","","","","","","","","","","","","","","",""
"html-keyboard-response","1632","<div class=""chinese-character"" style=""color:#1f77b4;"">电</div>","b","515","2.1.0","560474","5kg1szjvwg","block1_then_block2","","","color_naming","","","","","","","","","电","dian4","","","","","","","","","2","","blue","b","blue","true","f2_15","electricity","","","true","filler","false","null"
"html-keyboard-response","null","","null","516","2.1.0","561476","5kg1szjvwg","block1_then_block2","","","inter_trial_interval","","","","","","","","","","","","","","","","","","","","","","","","","","","","","","","",""
"html-keyboard-response","null","<div class=""fixation"">+</div>","null","517","2.1.0","561978","5kg1szjvwg","block1_then_block2","","","fixation","","","","","","","","","","","","","","","","","","","","","","","","","","","","","","","",""
"html-keyboard-response","880","<div class=""chinese-character"" style=""color:#1f77b4;"">马</div>","b","518","2.1.0","562858","5kg1szjvwg","block1_then_block2","","","color_naming","","","","","","","","","马","ma3","","","","","","","","","2","","blue","b","blue","true","f2_3","horse","","","true","filler","false","null"
"html-keyboard-response","null","","null","519","2.1.0","563859","5kg1szjvwg","block1_then_block2","","","inter_trial_interval","","","","","","","","","","","","","","","","","","","","","","","","","","","","","","","",""
"html-keyboard-response","null","<div class=""fixation"">+</div>","null","520","2.1.0","564361","5kg1szjvwg","block1_then_block2","","","fixation","","","","","","","","","","","","","","","","","","","","","","","","","","","","","","","",""
"html-keyboard-response","881","<div class=""chinese-character"" style=""color:#2ca02c;"">影</div>","g","521","2.1.0","565242","5kg1szjvwg","block1_then_block2","","","color_naming","","","","","","","","","影","ying3","","","","","","","","","2","","green","g","green","true","f2_16","shadow/movie","","","true","filler","false","null"
"html-keyboard-response","null","","null","522","2.1.0","566243","5kg1szjvwg","block1_then_block2","","","inter_trial_interval","","","","","","","","","","","","","","","","","","","","","","","","","","","","","","","",""
"html-keyboard-response","null","<div class=""fixation"">+</div>","null","523","2.1.0","566744","5kg1szjvwg","block1_then_block2","","","fixation","","","","","","","","","","","","","","","","","","","","","","","","","","","","","","","",""
"html-keyboard-response","898","<div class=""chinese-character"" style=""color:#2ca02c;"">旅</div>","g","524","2.1.0","567642","5kg1szjvwg","block1_then_block2","","","color_naming","","","","","","","","","旅","lv3","","","","","","","","","2","","green","g","green","true","green","travel","","","false","congruent_S_plus_T_minus","true","2"
"html-keyboard-response","null","","null","525","2.1.0","568642","5kg1szjvwg","block1_then_block2","","","inter_trial_interval","","","","","","","","","","","","","","","","","","","","","","","","","","","","","","","",""
"html-keyboard-response","null","<div class=""fixation"">+</div>","null","526","2.1.0","569145","5kg1szjvwg","block1_then_block2","","","fixation","","","","","","","","","","","","","","","","","","","","","","","","","","","","","","","",""
"html-keyboard-response","1105","<div class=""chinese-character"" style=""color:#1f77b4;"">蓝</div>","b","527","2.1.0","570250","5kg1szjvwg","block1_then_block2","","","color_naming","","","","","","","","","蓝","lan2","","","","","","","","","2","","blue","b","blue","true","blue","blue","","","false","congruent_color_character","true","2"
"html-keyboard-response","null","","null","528","2.1.0","571251","5kg1szjvwg","block1_then_block2","","","inter_trial_interval","","","","","","","","","","","","","","","","","","","","","","","","","","","","","","","",""
"html-keyboard-response","null","<div class=""fixation"">+</div>","null","529","2.1.0","571752","5kg1szjvwg","block1_then_block2","","","fixation","","","","","","","","","","","","","","","","","","","","","","","","","","","","","","","",""
"html-keyboard-response","897","<div class=""chinese-character"" style=""color:#d6b300;"">缠</div>","y","530","2.1.0","572650","5kg1szjvwg","block1_then_block2","","","color_naming","","","","","","","","","缠","chan2","","","","","","","","","2","","yellow","y","yellow","true","yellow","wrap around","","","false","congruent_S_minus_T_plus","true","2"
"html-keyboard-response","null","","null","531","2.1.0","573651","5kg1szjvwg","block1_then_block2","","","inter_trial_interval","","","","","","","","","","","","","","","","","","","","","","","","","","","","","","","",""
"html-keyboard-response","null","<div class=""fixation"">+</div>","null","532","2.1.0","574153","5kg1szjvwg","block1_then_block2","","","fixation","","","","","","","","","","","","","","","","","","","","","","","","","","","","","","","",""
"html-keyboard-response","929","<div class=""chinese-character"" style=""color:#d6b300;"">绿</div>","y","533","2.1.0","575082","5kg1szjvwg","block1_then_block2","","","color_naming","","","","","","","","","绿","lv4","","","","","","","","","2","","yellow","y","yellow","true","green","green","","","false","incongruent_color_character","true","2"
"html-keyboard-response","null","","null","534","2.1.0","576083","5kg1szjvwg","block1_then_block2","","","inter_trial_interval","","","","","","","","","","","","","","","","","","","","","","","","","","","","","","","",""
"html-keyboard-response","null","<div class=""fixation"">+</div>","null","535","2.1.0","576586","5kg1szjvwg","block1_then_block2","","","fixation","","","","","","","","","","","","","","","","","","","","","","","","","","","","","","","",""
"html-keyboard-response","1040","<div class=""chinese-character"" style=""color:#d6b300;"">钟</div>","y","536","2.1.0","577626","5kg1szjvwg","block1_then_block2","","","color_naming","","","","","","","","","钟","zhong1","","","","","","","","","2","","yellow","y","yellow","true","f2_10","clock","","","true","filler","false","null"
"html-keyboard-response","null","","null","537","2.1.0","578627","5kg1szjvwg","block1_then_block2","","","inter_trial_interval","","","","","","","","","","","","","","","","","","","","","","","","","","","","","","","",""
"html-keyboard-response","null","<div class=""fixation"">+</div>","null","538","2.1.0","579127","5kg1szjvwg","block1_then_block2","","","fixation","","","","","","","","","","","","","","","","","","","","","","","","","","","","","","","",""
"html-keyboard-response","1058","<div class=""chinese-character"" style=""color:#1f77b4;"">红</div>","b","539","2.1.0","580185","5kg1szjvwg","block1_then_block2","","","color_naming","","","","","","","","","红","hong2","","","","","","","","","2","","blue","b","blue","true","red","red","","","false","incongruent_color_character","true","2"
"html-keyboard-response","null","","null","540","2.1.0","581187","5kg1szjvwg","block1_then_block2","","","inter_trial_interval","","","","","","","","","","","","","","","","","","","","","","","","","","","","","","","",""
"html-keyboard-response","null","<div class=""fixation"">+</div>","null","541","2.1.0","581689","5kg1szjvwg","block1_then_block2","","","fixation","","","","","","","","","","","","","","","","","","","","","","","","","","","","","","","",""
"html-keyboard-response","960","<div class=""chinese-character"" style=""color:#d6b300;"">黄</div>","y","542","2.1.0","582649","5kg1szjvwg","block1_then_block2","","","color_naming","","","","","","","","","黄","huang2","","","","","","","","","2","","yellow","y","yellow","true","yellow","yellow","","","false","congruent_color_character","true","2"
"html-keyboard-response","null","","null","543","2.1.0","583651","5kg1szjvwg","block1_then_block2","","","inter_trial_interval","","","","","","","","","","","","","","","","","","","","","","","","","","","","","","","",""
"html-keyboard-response","null","<div class=""fixation"">+</div>","null","544","2.1.0","584152","5kg1szjvwg","block1_then_block2","","","fixation","","","","","","","","","","","","","","","","","","","","","","","","","","","","","","","",""
"html-keyboard-response","1186","<div class=""chinese-character"" style=""color:#d62728;"">耳</div>","r","545","2.1.0","585338","5kg1szjvwg","block1_then_block2","","","color_naming","","","","","","","","","耳","er3","","","","","","","","","2","","red","r","red","true","f2_21","ear","","","true","filler","false","null"
"html-keyboard-response","null","","null","546","2.1.0","586339","5kg1szjvwg","block1_then_block2","","","inter_trial_interval","","","","","","","","","","","","","","","","","","","","","","","","","","","","","","","",""
"html-keyboard-response","null","<div class=""fixation"">+</div>","null","547","2.1.0","586841","5kg1szjvwg","block1_then_block2","","","fixation","","","","","","","","","","","","","","","","","","","","","","","","","","","","","","","",""
"html-keyboard-response","1056","<div class=""chinese-character"" style=""color:#1f77b4;"">宫</div>","b","548","2.1.0","587897","5kg1szjvwg","block1_then_block2","","","color_naming","","","","","","","","","宫","gong1","","","","","","","","","2","","blue","b","blue","true","blue","palace","","","false","neutral","true","2"
"html-keyboard-response","null","","null","549","2.1.0","588899","5kg1szjvwg","block1_then_block2","","","inter_trial_interval","","","","","","","","","","","","","","","","","","","","","","","","","","","","","","","",""
"html-keyboard-response","null","<div class=""fixation"">+</div>","null","550","2.1.0","589401","5kg1szjvwg","block1_then_block2","","","fixation","","","","","","","","","","","","","","","","","","","","","","","","","","","","","","","",""
"html-keyboard-response","1009","<div class=""chinese-character"" style=""color:#2ca02c;"">房</div>","g","551","2.1.0","590410","5kg1szjvwg","block1_then_block2","","","color_naming","","","","","","","","","房","fang2","","","","","","","","","2","","green","g","green","true","f2_8","room","","","true","filler","false","null"
"html-keyboard-response","null","","null","552","2.1.0","591412","5kg1szjvwg","block1_then_block2","","","inter_trial_interval","","","","","","","","","","","","","","","","","","","","","","","","","","","","","","","",""
"html-keyboard-response","null","<div class=""fixation"">+</div>","null","553","2.1.0","591913","5kg1szjvwg","block1_then_block2","","","fixation","","","","","","","","","","","","","","","","","","","","","","","","","","","","","","","",""
"html-keyboard-response","1088","<div class=""chinese-character"" style=""color:#d6b300;"">趁</div>","y","554","2.1.0","593002","5kg1szjvwg","block1_then_block2","","","color_naming","","","","","","","","","趁","chen4","","","","","","","","","2","","yellow","y","yellow","true","yellow","take advantage of","","","false","neutral","true","2"
"html-keyboard-response","null","","null","555","2.1.0","594003","5kg1szjvwg","block1_then_block2","","","inter_trial_interval","","","","","","","","","","","","","","","","","","","","","","","","","","","","","","","",""
"html-keyboard-response","null","<div class=""fixation"">+</div>","null","556","2.1.0","594505","5kg1szjvwg","block1_then_block2","","","fixation","","","","","","","","","","","","","","","","","","","","","","","","","","","","","","","",""
"html-keyboard-response","1024","<div class=""chinese-character"" style=""color:#d6b300;"">口</div>","y","557","2.1.0","595530","5kg1szjvwg","block1_then_block2","","","color_naming","","","","","","","","","口","kou3","","","","","","","","","2","","yellow","y","yellow","true","f2_22","mouth","","","true","filler","false","null"
"html-keyboard-response","null","","null","558","2.1.0","596531","5kg1szjvwg","block1_then_block2","","","inter_trial_interval","","","","","","","","","","","","","","","","","","","","","","","","","","","","","","","",""
"html-keyboard-response","null","<div class=""fixation"">+</div>","null","559","2.1.0","597033","5kg1szjvwg","block1_then_block2","","","fixation","","","","","","","","","","","","","","","","","","","","","","","","","","","","","","","",""
"html-keyboard-response","1009","<div class=""chinese-character"" style=""color:#2ca02c;"">绿</div>","g","560","2.1.0","598042","5kg1szjvwg","block1_then_block2","","","color_naming","","","","","","","","","绿","lv4","","","","","","","","","2","","green","g","green","true","green","green","","","false","congruent_color_character","true","2"
"html-keyboard-response","null","","null","561","2.1.0","599043","5kg1szjvwg","block1_then_block2","","","inter_trial_interval","","","","","","","","","","","","","","","","","","","","","","","","","","","","","","","",""
"html-keyboard-response","null","<div class=""fixation"">+</div>","null","562","2.1.0","599545","5kg1szjvwg","block1_then_block2","","","fixation","","","","","","","","","","","","","","","","","","","","","","","","","","","","","","","",""
"html-keyboard-response","1216","<div class=""chinese-character"" style=""color:#1f77b4;"">草</div>","b","563","2.1.0","600761","5kg1szjvwg","block1_then_block2","","","color_naming","","","","","","","","","草","cao3","","","","","","","","","2","","blue","b","blue","true","f2_19","grass","","","true","filler","false","null"
"html-keyboard-response","null","","null","564","2.1.0","601764","5kg1szjvwg","block1_then_block2","","","inter_trial_interval","","","","","","","","","","","","","","","","","","","","","","","","","","","","","","","",""
"html-keyboard-response","null","<div class=""fixation"">+</div>","null","565","2.1.0","602266","5kg1szjvwg","block1_then_block2","","","fixation","","","","","","","","","","","","","","","","","","","","","","","","","","","","","","","",""
"html-keyboard-response","1055","<div class=""chinese-character"" style=""color:#d62728;"">球</div>","r","566","2.1.0","603322","5kg1szjvwg","block1_then_block2","","","color_naming","","","","","","","","","球","qiu2","","","","","","","","","2","","red","r","red","true","f2_9","ball","","","true","filler","false","null"
"html-keyboard-response","null","","null","567","2.1.0","604323","5kg1szjvwg","block1_then_block2","","","inter_trial_interval","","","","","","","","","","","","","","","","","","","","","","","","","","","","","","","",""
"html-keyboard-response","null","<div class=""fixation"">+</div>","null","568","2.1.0","604824","5kg1szjvwg","block1_then_block2","","","fixation","","","","","","","","","","","","","","","","","","","","","","","","","","","","","","","",""
"html-keyboard-response","1025","<div class=""chinese-character"" style=""color:#1f77b4;"">览</div>","b","569","2.1.0","605850","5kg1szjvwg","block1_then_block2","","","color_naming","","","","","","","","","览","lan3","","","","","","","","","2","","blue","b","blue","true","blue","view","","","false","congruent_S_plus_T_minus","true","2"
"html-keyboard-response","null","","null","570","2.1.0","606851","5kg1szjvwg","block1_then_block2","","","inter_trial_interval","","","","","","","","","","","","","","","","","","","","","","","","","","","","","","","",""
"html-keyboard-response","null","<div class=""fixation"">+</div>","null","571","2.1.0","607352","5kg1szjvwg","block1_then_block2","","","fixation","","","","","","","","","","","","","","","","","","","","","","","","","","","","","","","",""
"html-keyboard-response","960","<div class=""chinese-character"" style=""color:#d62728;"">瓶</div>","r","572","2.1.0","608313","5kg1szjvwg","block1_then_block2","","","color_naming","","","","","","","","","瓶","ping2","","","","","","","","","2","","red","r","red","true","red","bottle","","","false","congruent_S_minus_T_plus","true","2"
"html-keyboard-response","null","","null","573","2.1.0","609315","5kg1szjvwg","block1_then_block2","","","inter_trial_interval","","","","","","","","","","","","","","","","","","","","","","","","","","","","","","","",""
"html-keyboard-response","null","<div class=""fixation"">+</div>","null","574","2.1.0","609816","5kg1szjvwg","block1_then_block2","","","fixation","","","","","","","","","","","","","","","","","","","","","","","","","","","","","","","",""
"html-keyboard-response","977","<div class=""chinese-character"" style=""color:#1f77b4;"">心</div>","b","575","2.1.0","610793","5kg1szjvwg","block1_then_block2","","","color_naming","","","","","","","","","心","xin1","","","","","","","","","2","","blue","b","blue","true","f2_23","heart","","","true","filler","false","null"
"html-keyboard-response","null","","null","576","2.1.0","611794","5kg1szjvwg","block1_then_block2","","","inter_trial_interval","","","","","","","","","","","","","","","","","","","","","","","","","","","","","","","",""
"html-keyboard-response","null","<div class=""fixation"">+</div>","null","577","2.1.0","612296","5kg1szjvwg","block1_then_block2","","","fixation","","","","","","","","","","","","","","","","","","","","","","","","","","","","","","","",""
"html-keyboard-response","849","<div class=""chinese-character"" style=""color:#d62728;"">轰</div>","r","578","2.1.0","613145","5kg1szjvwg","block1_then_block2","","","color_naming","","","","","","","","","轰","hong1","","","","","","","","","2","","red","r","red","true","red","boom","","","false","congruent_S_plus_T_minus","true","2"
"html-keyboard-response","null","","null","579","2.1.0","614147","5kg1szjvwg","block1_then_block2","","","inter_trial_interval","","","","","","","","","","","","","","","","","","","","","","","","","","","","","","","",""
"html-keyboard-response","null","<div class=""fixation"">+</div>","null","580","2.1.0","614648","5kg1szjvwg","block1_then_block2","","","fixation","","","","","","","","","","","","","","","","","","","","","","","","","","","","","","","",""
"html-keyboard-response","977","<div class=""chinese-character"" style=""color:#d6b300;"">晃</div>","y","581","2.1.0","615625","5kg1szjvwg","block1_then_block2","","","color_naming","","","","","","","","","晃","huang4","","","","","","","","","2","","yellow","y","yellow","true","yellow","sway","","","false","congruent_S_plus_T_minus","true","2"
"html-keyboard-response","null","","null","582","2.1.0","616627","5kg1szjvwg","block1_then_block2","","","inter_trial_interval","","","","","","","","","","","","","","","","","","","","","","","","","","","","","","","",""
"html-keyboard-response","null","<div class=""fixation"">+</div>","null","583","2.1.0","617128","5kg1szjvwg","block1_then_block2","","","fixation","","","","","","","","","","","","","","","","","","","","","","","","","","","","","","","",""
"html-keyboard-response","833","<div class=""chinese-character"" style=""color:#d6b300;"">狗</div>","y","584","2.1.0","617962","5kg1szjvwg","block1_then_block2","","","color_naming","","","","","","","","","狗","gou3","","","","","","","","","2","","yellow","y","yellow","true","f2_2","dog","","","true","filler","false","null"
"html-keyboard-response","null","","null","585","2.1.0","618963","5kg1szjvwg","block1_then_block2","","","inter_trial_interval","","","","","","","","","","","","","","","","","","","","","","","","","","","","","","","",""
"html-keyboard-response","null","<div class=""fixation"">+</div>","null","586","2.1.0","619465","5kg1szjvwg","block1_then_block2","","","fixation","","","","","","","","","","","","","","","","","","","","","","","","","","","","","","","",""
"html-keyboard-response","1136","<div class=""chinese-character"" style=""color:#2ca02c;"">雪</div>","g","587","2.1.0","620602","5kg1szjvwg","block1_then_block2","","","color_naming","","","","","","","","","雪","xue3","","","","","","","","","2","","green","g","green","true","f2_20","snow","","","true","filler","false","null"
"html-keyboard-response","null","","null","588","2.1.0","621603","5kg1szjvwg","block1_then_block2","","","inter_trial_interval","","","","","","","","","","","","","","","","","","","","","","","","","","","","","","","",""
"html-keyboard-response","null","<div class=""fixation"">+</div>","null","589","2.1.0","622105","5kg1szjvwg","block1_then_block2","","","fixation","","","","","","","","","","","","","","","","","","","","","","","","","","","","","","","",""
"html-keyboard-response","848","<div class=""chinese-character"" style=""color:#2ca02c;"">黄</div>","g","590","2.1.0","622953","5kg1szjvwg","block1_then_block2","","","color_naming","","","","","","","","","黄","huang2","","","","","","","","","2","","green","g","green","true","yellow","yellow","","","false","incongruent_color_character","true","2"
"html-keyboard-response","null","","null","591","2.1.0","623956","5kg1szjvwg","block1_then_block2","","","inter_trial_interval","","","","","","","","","","","","","","","","","","","","","","","","","","","","","","","",""
"html-keyboard-response","null","<div class=""fixation"">+</div>","null","592","2.1.0","624457","5kg1szjvwg","block1_then_block2","","","fixation","","","","","","","","","","","","","","","","","","","","","","","","","","","","","","","",""
"html-keyboard-response","833","<div class=""chinese-character"" style=""color:#2ca02c;"">洞</div>","g","593","2.1.0","625290","5kg1szjvwg","block1_then_block2","","","color_naming","","","","","","","","","洞","dong4","","","","","","","","","2","","green","g","green","true","green","hole","","","false","congruent_S_minus_T_plus","true","2"
"html-keyboard-response","null","","null","594","2.1.0","626291","5kg1szjvwg","block1_then_block2","","","inter_trial_interval","","","","","","","","","","","","","","","","","","","","","","","","","","","","","","","",""
"html-keyboard-response","null","<div class=""fixation"">+</div>","null","595","2.1.0","626792","5kg1szjvwg","block1_then_block2","","","fixation","","","","","","","","","","","","","","","","","","","","","","","","","","","","","","","",""
"html-keyboard-response","1073","<div class=""chinese-character"" style=""color:#d6b300;"">皇</div>","y","596","2.1.0","627865","5kg1szjvwg","block1_then_block2","","","color_naming","","","","","","","","","皇","huang2","","","","","","","","","2","","yellow","y","yellow","true","yellow","emperor","","","false","congruent_S_T_plus","true","2"
"html-keyboard-response","null","","null","597","2.1.0","628867","5kg1szjvwg","block1_then_block2","","","inter_trial_interval","","","","","","","","","","","","","","","","","","","","","","","","","","","","","","","",""
"html-keyboard-response","null","<div class=""fixation"">+</div>","null","598","2.1.0","629368","5kg1szjvwg","block1_then_block2","","","fixation","","","","","","","","","","","","","","","","","","","","","","","","","","","","","","","",""
"html-keyboard-response","1009","<div class=""chinese-character"" style=""color:#2ca02c;"">虑</div>","g","599","2.1.0","630377","5kg1szjvwg","block1_then_block2","","","color_naming","","","","","","","","","虑","lv4","","","","","","","","","2","","green","g","green","true","green","ponder","","","false","congruent_S_T_plus","true","2"
"html-keyboard-response","null","","null","600","2.1.0","631379","5kg1szjvwg","block1_then_block2","","","inter_trial_interval","","","","","","","","","","","","","","","","","","","","","","","","","","","","","","","",""
"html-keyboard-response","null","<div class=""fixation"">+</div>","null","601","2.1.0","631880","5kg1szjvwg","block1_then_block2","","","fixation","","","","","","","","","","","","","","","","","","","","","","","","","","","","","","","",""
"html-keyboard-response","817","<div class=""chinese-character"" style=""color:#2ca02c;"">涂</div>","g","602","2.1.0","632698","5kg1szjvwg","block1_then_block2","","","color_naming","","","","","","","","","涂","tu2","","","","","","","","","2","","green","g","green","true","green","paint","","","false","neutral","true","2"
"html-keyboard-response","null","","null","603","2.1.0","633699","5kg1szjvwg","block1_then_block2","","","inter_trial_interval","","","","","","","","","","","","","","","","","","","","","","","","","","","","","","","",""
"html-keyboard-response","null","<div class=""fixation"">+</div>","null","604","2.1.0","634200","5kg1szjvwg","block1_then_block2","","","fixation","","","","","","","","","","","","","","","","","","","","","","","","","","","","","","","",""
"html-keyboard-response","849","<div class=""chinese-character"" style=""color:#d62728;"">牵</div>","r","605","2.1.0","635049","5kg1szjvwg","block1_then_block2","","","color_naming","","","","","","","","","牵","qian1","","","","","","","","","2","","red","r","red","true","red","lead along","","","false","neutral","true","2"
"html-keyboard-response","null","","null","606","2.1.0","636051","5kg1szjvwg","block1_then_block2","","","inter_trial_interval","","","","","","","","","","","","","","","","","","","","","","","","","","","","","","","",""
"html-keyboard-response","null","<div class=""fixation"">+</div>","null","607","2.1.0","636552","5kg1szjvwg","block1_then_block2","","","fixation","","","","","","","","","","","","","","","","","","","","","","","","","","","","","","","",""
"html-keyboard-response","865","<div class=""chinese-character"" style=""color:#1f77b4;"">尝</div>","b","608","2.1.0","637417","5kg1szjvwg","block1_then_block2","","","color_naming","","","","","","","","","尝","chang2","","","","","","","","","2","","blue","b","blue","true","blue","taste","","","false","congruent_S_minus_T_plus","true","2"
"html-keyboard-response","null","","null","609","2.1.0","638419","5kg1szjvwg","block1_then_block2","","","inter_trial_interval","","","","","","","","","","","","","","","","","","","","","","","","","","","","","","","",""
"html-keyboard-response","null","<div class=""fixation"">+</div>","null","610","2.1.0","638920","5kg1szjvwg","block1_then_block2","","","fixation","","","","","","","","","","","","","","","","","","","","","","","","","","","","","","","",""
"html-keyboard-response","801","<div class=""chinese-character"" style=""color:#1f77b4;"">椅</div>","b","611","2.1.0","639721","5kg1szjvwg","block1_then_block2","","","color_naming","","","","","","","","","椅","yi3","","","","","","","","","2","","blue","b","blue","true","f2_7","chair","","","true","filler","false","null"
"html-keyboard-response","null","","null","612","2.1.0","640723","5kg1szjvwg","block1_then_block2","","","inter_trial_interval","","","","","","","","","","","","","","","","","","","","","","","","","","","","","","","",""
"html-keyboard-response","null","<div class=""fixation"">+</div>","null","613","2.1.0","641224","5kg1szjvwg","block1_then_block2","","","fixation","","","","","","","","","","","","","","","","","","","","","","","","","","","","","","","",""
"html-keyboard-response","865","<div class=""chinese-character"" style=""color:#d6b300;"">星</div>","y","614","2.1.0","642089","5kg1szjvwg","block1_then_block2","","","color_naming","","","","","","","","","星","xing1","","","","","","","","","2","","yellow","y","yellow","true","f2_18","star","","","true","filler","false","null"
"html-keyboard-response","null","","null","615","2.1.0","643091","5kg1szjvwg","block1_then_block2","","","inter_trial_interval","","","","","","","","","","","","","","","","","","","","","","","","","","","","","","","",""
"html-keyboard-response","4615","
      <div class=""instructions"">
        <h2>Experiment Complete</h2>
        <p>Thank you for participating!</p>
        <p>Your keyboard color-naming accuracy was <strong>96</strong> out of <strong>96</strong> trials (100%).</p>
        <p>Press <strong>Space</strong> to view the data.</p>
      </div>
    "," ","616","2.1.0","647706","5kg1szjvwg","block1_then_block2","","","","","","","","","","","","","","","","","","","","","","","","","","","","","","","","","","",""
