"trial_type","rt","stimulus","response","trial_index","plugin_version","time_elapsed","subject_id","experimental_order","consent_response","consent_timestamp","task","mandarin_english_bilingual","native_language","english_age_of_acquisition","years_in_us","english_proficiency_score","mandarin_proficiency","english_proficiency","normal_or_corrected_vision","character","pinyin","recording_key","space_rt_ms","mic_available","audio_recorded","audio_size_bytes","audio_filename","audio_upload_ok","audio_upload_status","block","expected_key","ink_color","correct_key","response_color","correct","item_id","translation","source_condition","source_ink_color","is_filler","condition","is_critical","repetition"
"html-button-response","5950","<div class=""consent-text""> <h2>Consent Agreement</h2> <p> Please read this consent agreement carefully before deciding whether to participate in this experiment. </p> <p> <strong>Description:</strong> You are invited to participate in a research study about language and language learning. The purpose of the research is to understand how people learn new words. This research will be conducted through the Prolific platform, including participants from the US, UK, and Canada. If you decide to participate in this research, you will learn and use new words. </p> <p> <strong>Time Involvement:</strong> The task will last the amount of time advertised on Prolific. You are free to withdraw from the study at any time. </p> <p> <strong>Risks and Benefits:</strong> Study data will be stored securely, in compliance with Stanford University standards, minimizing the risk of confiden-tiality breach. This study advances our scientific understanding of how people learn new languages. We cannot and do not guarantee or promise that you will receive any benefits from this study. </p> <p> <strong>Compensation:</strong> You will receive payment in the amount advertised on Prolific. If you do not complete this study, you will receive prorated payment based on the time that you have spent. Additionally, you may be eligible for bonus payments as described in the instructions. </p> <p> <strong>Participant's Rights:</strong> If you have read this form and have decided to participate in this project, please understand your participation is voluntary and you have the right to withdraw your consent or discontinue participation at any time without penalty or loss of benefits to which you are otherwise entitled. The alternative is not to participate. You have the right to refuse to answer particular questions. The results of this research study may be presented at scientific or professional meetings or published in scientific journals. Your individual privacy will be maintained in all published and writ-ten data resulting from the study. In accordance with scientific norms, the data from this study may be used or shared with other researchers for future research (after removing personally identifying information) without additional consent from you. </p> <p> <strong>Contact Information:</strong> If you have any questions, concerns or complaints about this research, its procedures, risks and benefits, contact the Protocol Director, Robert Hawkins (<a href=""mailto:rdhawkins@stanford.edu"">rdhawkins@stanford.edu</a>, 217-549-6923). </p> <p> <strong>Independent Contact:</strong> If you are not satisfied with how this study is being conducted, or if you have any concerns, com-plaints, or general questions about the research or your rights as a participant, please contact the Stanford Institutional Review Board (IRB) to speak to someone independent of the research team at 650-723-2480 or toll free at 1-866-680-2906, or email at irbnonmed@stanford.edu. You can also write to the Stanford IRB, Stanford University, 1705 El Camino Real, Palo Alto, CA 94306. Please save or print a copy of this page for your records. </p> <p> <strong>If you agree to participate in this research, please click ""I agree""</strong> </p></br> </div>","0","0","2.1.0","5983","93y10e46f3","block1_then_block2","agree","2026-05-26T23:12:51.382Z","","","","","","","","","","","","","","","","","","","","","","","","","","","","","","","","",""
"html-keyboard-response","3813","
    <div class=""instructions"">
      <h2>Welcome</h2>
      <p>Thank you for participating in this experiment.</p>
      <p>This study has two kinds of tasks:</p>
      <ol>
        <li>Read Chinese characters aloud in Mandarin.</li>
        <li>Name the ink color of Chinese characters in English.</li>
      </ol>
      <p>Press <strong>Space</strong> to continue.</p>
    </div>
  "," ","1","2.1.0","9799","93y10e46f3","block1_then_block2","","","","","","","","","","","","","","","","","","","","","","","","","","","","","","","","","","",""
"survey-html-form","53516","","{""mandarin_english_bilingual"":""yes"",""native_language"":""Mandarin"",""english_age_of_acquisition"":""0"",""years_in_us"":""0"",""english_proficiency_score"":""IELTS 6.5"",""mandarin_proficiency"":""native"",""english_proficiency"":""advanced"",""normal_or_corrected_vision"":""yes""}","2","2.1.0","63318","93y10e46f3","block1_then_block2","","","participant_information","yes","Mandarin","0","0","IELTS 6.5","native","advanced","yes","","","","","","","","","","","","","","","","","","","","","","","",""
"html-keyboard-response","5293","
    <div class=""instructions"">
      <h2>Color Response Keys</h2>
      <p>In the color-naming task, respond to the <strong>ink color</strong>, not the meaning of the character.</p>
      <ul>
        <li><strong>R</strong> = red</li>
        <li><strong>Y</strong> = yellow</li>
        <li><strong>B</strong> = blue</li>
        <li><strong>G</strong> = green</li>
      </ul>
      <p>Respond as quickly and accurately as possible.</p>
      <p>Press <strong>Space</strong> to continue.</p>
    </div>
  "," ","3","2.1.0","68612","93y10e46f3","block1_then_block2","","","","","","","","","","","","","","","","","","","","","","","","","","","","","","","","","","",""
"html-keyboard-response","7109","
    <div class=""instructions"">
      <h2>Microphone Access</h2>
      <p>This experiment records your voice responses during the Chinese character-naming task.</p>
      <p>Your browser may ask for microphone permission — please click <strong>Allow</strong>.</p>
      <p>Your voice recordings will be securely uploaded to our research server (DataPipe) for analysis.</p>
      <p>Press <strong>Space</strong> once you have granted permission (or if no prompt appeared).</p>
    </div>
  "," ","4","2.1.0","75722","93y10e46f3","block1_then_block2","","","mic_permission","","","","","","","","","","","","","","","","","","","","","","","","","","","","","","","",""
"html-keyboard-response","5324","
      <div class=""instructions"">
        <h2>Practice — Character Reading</h2>
        <p>First, you will practice reading Chinese characters aloud.</p>
        <p>Each character will appear on screen. Say it aloud in Mandarin, then press <strong>Space</strong> to move immediately to the next character.</p>
        <p>Your voice will be recorded during the real experiment.</p>
        <p>Press <strong>Space</strong> to start.</p>
      </div>
    "," ","5","2.1.0","81048","93y10e46f3","block1_then_block2","","","","","","","","","","","","","","","","","","","","","","","","","","","","","","","","","","",""
"html-keyboard-response","null","<div class=""fixation"">+</div>","null","6","2.1.0","81560","93y10e46f3","block1_then_block2","","","fixation","","","","","","","","","","","","","","","","","","","","","","","","","","","","","","","",""
"html-keyboard-response","3221","
      <div class=""chinese-character"" style=""color:#000000;"">日</div>
      <div style=""margin-top:32px; font-size:16px; color:#555; font-family:Arial,sans-serif;"">
        Say the character aloud, then press <strong>Space</strong>.
      </div>
    "," ","7","2.1.0","84784","93y10e46f3","block1_then_block2","","","practice_character_naming","","","","","","","","","日","ri4","practice_character_日","3221","true","true","51494","93y10e46f3_practice_character_日.webm","true","{""message"":""Success""}","","","","","","","","","","","","","",""
"html-keyboard-response","null","","null","8","2.1.0","84887","93y10e46f3","block1_then_block2","","","inter_trial_interval","","","","","","","","","","","","","","","","","","","","","","","","","","","","","","","",""
"html-keyboard-response","null","<div class=""fixation"">+</div>","null","9","2.1.0","85395","93y10e46f3","block1_then_block2","","","fixation","","","","","","","","","","","","","","","","","","","","","","","","","","","","","","","",""
"html-keyboard-response","1706","
      <div class=""chinese-character"" style=""color:#000000;"">木</div>
      <div style=""margin-top:32px; font-size:16px; color:#555; font-family:Arial,sans-serif;"">
        Say the character aloud, then press <strong>Space</strong>.
      </div>
    "," ","10","2.1.0","87102","93y10e46f3","block1_then_block2","","","practice_character_naming","","","","","","","","","木","mu4","practice_character_木","1706","true","true","27344","93y10e46f3_practice_character_木.webm","true","{""message"":""Success""}","","","","","","","","","","","","","",""
"html-keyboard-response","null","","null","11","2.1.0","87210","93y10e46f3","block1_then_block2","","","inter_trial_interval","","","","","","","","","","","","","","","","","","","","","","","","","","","","","","","",""
"html-keyboard-response","null","<div class=""fixation"">+</div>","null","12","2.1.0","87724","93y10e46f3","block1_then_block2","","","fixation","","","","","","","","","","","","","","","","","","","","","","","","","","","","","","","",""
"html-keyboard-response","1397","
      <div class=""chinese-character"" style=""color:#000000;"">人</div>
      <div style=""margin-top:32px; font-size:16px; color:#555; font-family:Arial,sans-serif;"">
        Say the character aloud, then press <strong>Space</strong>.
      </div>
    "," ","13","2.1.0","89123","93y10e46f3","block1_then_block2","","","practice_character_naming","","","","","","","","","人","ren2","practice_character_人","1397","true","true","22514","93y10e46f3_practice_character_人.webm","true","{""message"":""Success""}","","","","","","","","","","","","","",""
"html-keyboard-response","null","","null","14","2.1.0","89224","93y10e46f3","block1_then_block2","","","inter_trial_interval","","","","","","","","","","","","","","","","","","","","","","","","","","","","","","","",""
"html-keyboard-response","null","<div class=""fixation"">+</div>","null","15","2.1.0","89739","93y10e46f3","block1_then_block2","","","fixation","","","","","","","","","","","","","","","","","","","","","","","","","","","","","","","",""
"html-keyboard-response","1266","
      <div class=""chinese-character"" style=""color:#000000;"">火</div>
      <div style=""margin-top:32px; font-size:16px; color:#555; font-family:Arial,sans-serif;"">
        Say the character aloud, then press <strong>Space</strong>.
      </div>
    "," ","16","2.1.0","91006","93y10e46f3","block1_then_block2","","","practice_character_naming","","","","","","","","","火","huo3","practice_character_火","1266","true","true","20582","93y10e46f3_practice_character_火.webm","true","{""message"":""Success""}","","","","","","","","","","","","","",""
"html-keyboard-response","null","","null","17","2.1.0","91109","93y10e46f3","block1_then_block2","","","inter_trial_interval","","","","","","","","","","","","","","","","","","","","","","","","","","","","","","","",""
"html-keyboard-response","4779","
      <div class=""instructions"">
        <h2>Practice — Color Naming</h2>
        <p>Now practice naming the ink color in English using the keyboard.</p>
        <p><strong>R</strong> = red, <strong>Y</strong> = yellow, <strong>B</strong> = blue, <strong>G</strong> = green.</p>
        <p>Press <strong>Space</strong> to start.</p>
      </div>
    "," ","18","2.1.0","95889","93y10e46f3","block1_then_block2","","","","","","","","","","","","","","","","","","","","","","","","","","","","","","","","","","",""
"html-keyboard-response","3153","
      <div class=""instructions"">
        <h2>Keyboard Check</h2>
        <p>Before we continue, please press the <strong>G</strong> key
        (for <strong>green</strong>) on your keyboard.</p>
        <p style=""color:#888;font-size:0.9em;"">
          If your keyboard is set to a Chinese input method (IME),
          please switch to English / Roman input now, otherwise the experiment cannot record your responses.
        </p>
      </div>
    ","g","19","2.1.0","99043","93y10e46f3","block1_then_block2","","","keyboard_check","","","","","","","","","","","","","","","","","","","practice","g","","","","","","","","","","","",""
"html-keyboard-response","null","<div class=""fixation"">+</div>","null","20","2.1.0","99557","93y10e46f3","block1_then_block2","","","fixation","","","","","","","","","","","","","","","","","","","","","","","","","","","","","","","",""
"html-keyboard-response","2042","<div class=""chinese-character"" style=""color:#d62728;"">日</div>","r","21","2.1.0","101600","93y10e46f3","block1_then_block2","","","practice_color_naming","","","","","","","","","日","","","","","","","","","","","","red","r","red","true","","","","","","","",""
"html-keyboard-response","null","","null","22","2.1.0","102603","93y10e46f3","block1_then_block2","","","inter_trial_interval","","","","","","","","","","","","","","","","","","","","","","","","","","","","","","","",""
"html-keyboard-response","null","<div class=""fixation"">+</div>","null","23","2.1.0","103105","93y10e46f3","block1_then_block2","","","fixation","","","","","","","","","","","","","","","","","","","","","","","","","","","","","","","",""
"html-keyboard-response","2223","<div class=""chinese-character"" style=""color:#2ca02c;"">木</div>","g","24","2.1.0","105329","93y10e46f3","block1_then_block2","","","practice_color_naming","","","","","","","","","木","","","","","","","","","","","","green","g","green","true","","","","","","","",""
"html-keyboard-response","null","","null","25","2.1.0","106341","93y10e46f3","block1_then_block2","","","inter_trial_interval","","","","","","","","","","","","","","","","","","","","","","","","","","","","","","","",""
"html-keyboard-response","null","<div class=""fixation"">+</div>","null","26","2.1.0","106854","93y10e46f3","block1_then_block2","","","fixation","","","","","","","","","","","","","","","","","","","","","","","","","","","","","","","",""
"html-keyboard-response","1558","<div class=""chinese-character"" style=""color:#d6b300;"">人</div>","y","27","2.1.0","108413","93y10e46f3","block1_then_block2","","","practice_color_naming","","","","","","","","","人","","","","","","","","","","","","yellow","y","yellow","true","","","","","","","",""
"html-keyboard-response","null","","null","28","2.1.0","109414","93y10e46f3","block1_then_block2","","","inter_trial_interval","","","","","","","","","","","","","","","","","","","","","","","","","","","","","","","",""
"html-keyboard-response","null","<div class=""fixation"">+</div>","null","29","2.1.0","109919","93y10e46f3","block1_then_block2","","","fixation","","","","","","","","","","","","","","","","","","","","","","","","","","","","","","","",""
"html-keyboard-response","765","<div class=""chinese-character"" style=""color:#1f77b4;"">火</div>","b","30","2.1.0","110685","93y10e46f3","block1_then_block2","","","practice_color_naming","","","","","","","","","火","","","","","","","","","","","","blue","b","blue","true","","","","","","","",""
"html-keyboard-response","null","","null","31","2.1.0","111700","93y10e46f3","block1_then_block2","","","inter_trial_interval","","","","","","","","","","","","","","","","","","","","","","","","","","","","","","","",""
"html-keyboard-response","1794","
      <div class=""instructions"">
        <h2>End of Practice</h2>
        <p>The practice is over. The experiment will now begin.</p>
        <p>Press <strong>Space</strong> to continue.</p>
      </div>
    "," ","32","2.1.0","113495","93y10e46f3","block1_then_block2","","","","","","","","","","","","","","","","","","","","","","","","","","","","","","","","","","",""
"html-keyboard-response","7149","
      <div class=""instructions"">
        <h2>Chinese Character Naming — Block 1</h2>
        <p>You will see Chinese characters printed in black.</p>
        <p>Please <strong>say the character aloud in Mandarin</strong> as quickly and accurately as possible.</p>
        <p>After speaking, press <strong>Space</strong> to move to the next character immediately.</p>
        <p>Your voice will be recorded so we can verify your responses.</p>
        <p>Press <strong>Space</strong> to begin.</p>
      </div>
    "," ","33","2.1.0","120645","93y10e46f3","block1_then_block2","","","","","","","","","","","","","","","","","","","","","","","","","","","","","","","","","","",""
"html-keyboard-response","null","<div class=""fixation"">+</div>","null","34","2.1.0","121161","93y10e46f3","block1_then_block2","","","fixation","","","","","","","","","","","","","","","","","","","","","","","","","","","","","","","",""
"html-keyboard-response","2455","
      <div class=""chinese-character"" style=""color:#000000;"">晃</div>
      <div style=""margin-top:32px; font-size:16px; color:#555; font-family:Arial,sans-serif;"">
        Say the character aloud, then press <strong>Space</strong>.
      </div>
    "," ","35","2.1.0","123617","93y10e46f3","block1_then_block2","","","character_naming","","","","","","","","","晃","huang4","character_naming_yellow_block1_rep1","2455","true","true","38936","93y10e46f3_character_naming_yellow_block1_rep1.webm","true","{""message"":""Success""}","1","","","","","","yellow","sway","congruent_S_plus_T_minus","yellow","false","","",""
"html-keyboard-response","null","","null","36","2.1.0","123718","93y10e46f3","block1_then_block2","","","inter_trial_interval","","","","","","","","","","","","","","","","","","","","","","","","","","","","","","","",""
"html-keyboard-response","null","<div class=""fixation"">+</div>","null","37","2.1.0","124232","93y10e46f3","block1_then_block2","","","fixation","","","","","","","","","","","","","","","","","","","","","","","","","","","","","","","",""
"html-keyboard-response","1174","
      <div class=""chinese-character"" style=""color:#000000;"">车</div>
      <div style=""margin-top:32px; font-size:16px; color:#555; font-family:Arial,sans-serif;"">
        Say the character aloud, then press <strong>Space</strong>.
      </div>
    "," ","38","2.1.0","125407","93y10e46f3","block1_then_block2","","","character_naming","","","","","","","","","车","che1","character_naming_f1_5_block1_norep","1174","true","true","18650","93y10e46f3_character_naming_f1_5_block1_norep.webm","true","{""message"":""Success""}","1","","","","","","f1_5","car","filler","red","true","","",""
"html-keyboard-response","null","","null","39","2.1.0","125516","93y10e46f3","block1_then_block2","","","inter_trial_interval","","","","","","","","","","","","","","","","","","","","","","","","","","","","","","","",""
"html-keyboard-response","null","<div class=""fixation"">+</div>","null","40","2.1.0","126032","93y10e46f3","block1_then_block2","","","fixation","","","","","","","","","","","","","","","","","","","","","","","","","","","","","","","",""
"html-keyboard-response","1188","
      <div class=""chinese-character"" style=""color:#000000;"">绿</div>
      <div style=""margin-top:32px; font-size:16px; color:#555; font-family:Arial,sans-serif;"">
        Say the character aloud, then press <strong>Space</strong>.
      </div>
    "," ","41","2.1.0","127221","93y10e46f3","block1_then_block2","","","character_naming","","","","","","","","","绿","lv4","character_naming_green_block1_rep1","1188","true","true","18650","93y10e46f3_character_naming_green_block1_rep1.webm","true","{""message"":""Success""}","1","","","","","","green","green","congruent_color_character","green","false","","",""
"html-keyboard-response","null","","null","42","2.1.0","127321","93y10e46f3","block1_then_block2","","","inter_trial_interval","","","","","","","","","","","","","","","","","","","","","","","","","","","","","","","",""
"html-keyboard-response","null","<div class=""fixation"">+</div>","null","43","2.1.0","127834","93y10e46f3","block1_then_block2","","","fixation","","","","","","","","","","","","","","","","","","","","","","","","","","","","","","","",""
"html-keyboard-response","1145","
      <div class=""chinese-character"" style=""color:#000000;"">茶</div>
      <div style=""margin-top:32px; font-size:16px; color:#555; font-family:Arial,sans-serif;"">
        Say the character aloud, then press <strong>Space</strong>.
      </div>
    "," ","44","2.1.0","128979","93y10e46f3","block1_then_block2","","","character_naming","","","","","","","","","茶","cha2","character_naming_f1_20_block1_norep","1145","true","true","18650","93y10e46f3_character_naming_f1_20_block1_norep.webm","true","{""message"":""Success""}","1","","","","","","f1_20","tea","filler","green","true","","",""
"html-keyboard-response","null","","null","45","2.1.0","129083","93y10e46f3","block1_then_block2","","","inter_trial_interval","","","","","","","","","","","","","","","","","","","","","","","","","","","","","","","",""
"html-keyboard-response","null","<div class=""fixation"">+</div>","null","46","2.1.0","129593","93y10e46f3","block1_then_block2","","","fixation","","","","","","","","","","","","","","","","","","","","","","","","","","","","","","","",""
"html-keyboard-response","1276","
      <div class=""chinese-character"" style=""color:#000000;"">桥</div>
      <div style=""margin-top:32px; font-size:16px; color:#555; font-family:Arial,sans-serif;"">
        Say the character aloud, then press <strong>Space</strong>.
      </div>
    "," ","47","2.1.0","130870","93y10e46f3","block1_then_block2","","","character_naming","","","","","","","","","桥","qiao2","character_naming_f1_18_block1_norep","1276","true","true","20582","93y10e46f3_character_naming_f1_18_block1_norep.webm","true","{""message"":""Success""}","1","","","","","","f1_18","bridge","filler","yellow","true","","",""
"html-keyboard-response","null","","null","48","2.1.0","130980","93y10e46f3","block1_then_block2","","","inter_trial_interval","","","","","","","","","","","","","","","","","","","","","","","","","","","","","","","",""
"html-keyboard-response","null","<div class=""fixation"">+</div>","null","49","2.1.0","131483","93y10e46f3","block1_then_block2","","","fixation","","","","","","","","","","","","","","","","","","","","","","","","","","","","","","","",""
"html-keyboard-response","1069","
      <div class=""chinese-character"" style=""color:#000000;"">鱼</div>
      <div style=""margin-top:32px; font-size:16px; color:#555; font-family:Arial,sans-serif;"">
        Say the character aloud, then press <strong>Space</strong>.
      </div>
    "," ","50","2.1.0","132553","93y10e46f3","block1_then_block2","","","character_naming","","","","","","","","","鱼","yu2","character_naming_f1_12_block1_norep","1069","true","true","16718","93y10e46f3_character_naming_f1_12_block1_norep.webm","true","{""message"":""Success""}","1","","","","","","f1_12","fish","filler","green","true","","",""
"html-keyboard-response","null","","null","51","2.1.0","132663","93y10e46f3","block1_then_block2","","","inter_trial_interval","","","","","","","","","","","","","","","","","","","","","","","","","","","","","","","",""
"html-keyboard-response","null","<div class=""fixation"">+</div>","null","52","2.1.0","133181","93y10e46f3","block1_then_block2","","","fixation","","","","","","","","","","","","","","","","","","","","","","","","","","","","","","","",""
"html-keyboard-response","1248","
      <div class=""chinese-character"" style=""color:#000000;"">路</div>
      <div style=""margin-top:32px; font-size:16px; color:#555; font-family:Arial,sans-serif;"">
        Say the character aloud, then press <strong>Space</strong>.
      </div>
    "," ","53","2.1.0","134430","93y10e46f3","block1_then_block2","","","character_naming","","","","","","","","","路","lu4","character_naming_f1_14_block1_norep","1248","true","true","19616","93y10e46f3_character_naming_f1_14_block1_norep.webm","true","{""message"":""Success""}","1","","","","","","f1_14","road","filler","yellow","true","","",""
"html-keyboard-response","null","","null","54","2.1.0","134532","93y10e46f3","block1_then_block2","","","inter_trial_interval","","","","","","","","","","","","","","","","","","","","","","","","","","","","","","","",""
"html-keyboard-response","null","<div class=""fixation"">+</div>","null","55","2.1.0","135043","93y10e46f3","block1_then_block2","","","fixation","","","","","","","","","","","","","","","","","","","","","","","","","","","","","","","",""
"html-keyboard-response","1160","
      <div class=""chinese-character"" style=""color:#000000;"">宫</div>
      <div style=""margin-top:32px; font-size:16px; color:#555; font-family:Arial,sans-serif;"">
        Say the character aloud, then press <strong>Space</strong>.
      </div>
    "," ","56","2.1.0","136204","93y10e46f3","block1_then_block2","","","character_naming","","","","","","","","","宫","gong1","character_naming_blue_block1_rep1","1160","true","true","18650","93y10e46f3_character_naming_blue_block1_rep1.webm","true","{""message"":""Success""}","1","","","","","","blue","palace","neutral","blue","false","","",""
"html-keyboard-response","null","","null","57","2.1.0","136316","93y10e46f3","block1_then_block2","","","inter_trial_interval","","","","","","","","","","","","","","","","","","","","","","","","","","","","","","","",""
"html-keyboard-response","null","<div class=""fixation"">+</div>","null","58","2.1.0","136829","93y10e46f3","block1_then_block2","","","fixation","","","","","","","","","","","","","","","","","","","","","","","","","","","","","","","",""
"html-keyboard-response","1319","
      <div class=""chinese-character"" style=""color:#000000;"">蓝</div>
      <div style=""margin-top:32px; font-size:16px; color:#555; font-family:Arial,sans-serif;"">
        Say the character aloud, then press <strong>Space</strong>.
      </div>
    "," ","59","2.1.0","138149","93y10e46f3","block1_then_block2","","","character_naming","","","","","","","","","蓝","lan2","character_naming_blue_block1_rep1","1319","true","true","21548","93y10e46f3_character_naming_blue_block1_rep1.webm","true","{""error"":null,""message"":""Data received. OSF upload will be retried automatically.""}","1","","","","","","blue","blue","congruent_color_character","blue","false","","",""
"html-keyboard-response","null","","null","60","2.1.0","138262","93y10e46f3","block1_then_block2","","","inter_trial_interval","","","","","","","","","","","","","","","","","","","","","","","","","","","","","","","",""
"html-keyboard-response","null","<div class=""fixation"">+</div>","null","61","2.1.0","138765","93y10e46f3","block1_then_block2","","","fixation","","","","","","","","","","","","","","","","","","","","","","","","","","","","","","","",""
"html-keyboard-response","979","
      <div class=""chinese-character"" style=""color:#000000;"">绿</div>
      <div style=""margin-top:32px; font-size:16px; color:#555; font-family:Arial,sans-serif;"">
        Say the character aloud, then press <strong>Space</strong>.
      </div>
    "," ","62","2.1.0","139745","93y10e46f3","block1_then_block2","","","character_naming","","","","","","","","","绿","lv4","character_naming_green_block1_rep1","979","true","true","15752","93y10e46f3_character_naming_green_block1_rep1.webm","true","{""error"":""OSF_FILE_EXISTS"",""message"":""The OSF file already exists. File names must be unique.""}","1","","","","","","green","green","incongruent_color_character","yellow","false","","",""
"html-keyboard-response","null","","null","63","2.1.0","139851","93y10e46f3","block1_then_block2","","","inter_trial_interval","","","","","","","","","","","","","","","","","","","","","","","","","","","","","","","",""
"html-keyboard-response","null","<div class=""fixation"">+</div>","null","64","2.1.0","140359","93y10e46f3","block1_then_block2","","","fixation","","","","","","","","","","","","","","","","","","","","","","","","","","","","","","","",""
"html-keyboard-response","1165","
      <div class=""chinese-character"" style=""color:#000000;"">城</div>
      <div style=""margin-top:32px; font-size:16px; color:#555; font-family:Arial,sans-serif;"">
        Say the character aloud, then press <strong>Space</strong>.
      </div>
    "," ","65","2.1.0","141525","93y10e46f3","block1_then_block2","","","character_naming","","","","","","","","","城","cheng2","character_naming_f1_22_block1_norep","1165","true","true","18650","93y10e46f3_character_naming_f1_22_block1_norep.webm","true","{""message"":""Success""}","1","","","","","","f1_22","city","filler","yellow","true","","",""
"html-keyboard-response","null","","null","66","2.1.0","141628","93y10e46f3","block1_then_block2","","","inter_trial_interval","","","","","","","","","","","","","","","","","","","","","","","","","","","","","","","",""
"html-keyboard-response","null","<div class=""fixation"">+</div>","null","67","2.1.0","142145","93y10e46f3","block1_then_block2","","","fixation","","","","","","","","","","","","","","","","","","","","","","","","","","","","","","","",""
"html-keyboard-response","1247","
      <div class=""chinese-character"" style=""color:#000000;"">瓶</div>
      <div style=""margin-top:32px; font-size:16px; color:#555; font-family:Arial,sans-serif;"">
        Say the character aloud, then press <strong>Space</strong>.
      </div>
    "," ","68","2.1.0","143393","93y10e46f3","block1_then_block2","","","character_naming","","","","","","","","","瓶","ping2","character_naming_red_block1_rep1","1247","true","true","19616","93y10e46f3_character_naming_red_block1_rep1.webm","true","{""message"":""Success""}","1","","","","","","red","bottle","congruent_S_minus_T_plus","red","false","","",""
"html-keyboard-response","null","","null","69","2.1.0","143509","93y10e46f3","block1_then_block2","","","inter_trial_interval","","","","","","","","","","","","","","","","","","","","","","","","","","","","","","","",""
"html-keyboard-response","null","<div class=""fixation"">+</div>","null","70","2.1.0","144025","93y10e46f3","block1_then_block2","","","fixation","","","","","","","","","","","","","","","","","","","","","","","","","","","","","","","",""
"html-keyboard-response","2857","
      <div class=""chinese-character"" style=""color:#000000;"">缠</div>
      <div style=""margin-top:32px; font-size:16px; color:#555; font-family:Arial,sans-serif;"">
        Say the character aloud, then press <strong>Space</strong>.
      </div>
    "," ","71","2.1.0","146882","93y10e46f3","block1_then_block2","","","character_naming","","","","","","","","","缠","chan2","character_naming_yellow_block1_rep1","2857","true","true","45698","93y10e46f3_character_naming_yellow_block1_rep1.webm","true","{""error"":""OSF_FILE_EXISTS"",""message"":""The OSF file already exists. File names must be unique.""}","1","","","","","","yellow","wrap around","congruent_S_minus_T_plus","yellow","false","","",""
"html-keyboard-response","null","","null","72","2.1.0","146985","93y10e46f3","block1_then_block2","","","inter_trial_interval","","","","","","","","","","","","","","","","","","","","","","","","","","","","","","","",""
"html-keyboard-response","null","<div class=""fixation"">+</div>","null","73","2.1.0","147492","93y10e46f3","block1_then_block2","","","fixation","","","","","","","","","","","","","","","","","","","","","","","","","","","","","","","",""
"html-keyboard-response","1273","
      <div class=""chinese-character"" style=""color:#000000;"">石</div>
      <div style=""margin-top:32px; font-size:16px; color:#555; font-family:Arial,sans-serif;"">
        Say the character aloud, then press <strong>Space</strong>.
      </div>
    "," ","74","2.1.0","148766","93y10e46f3","block1_then_block2","","","character_naming","","","","","","","","","石","shi2","character_naming_f1_24_block1_norep","1273","true","true","20582","93y10e46f3_character_naming_f1_24_block1_norep.webm","true","{""message"":""Success""}","1","","","","","","f1_24","stone","filler","green","true","","",""
"html-keyboard-response","null","","null","75","2.1.0","148870","93y10e46f3","block1_then_block2","","","inter_trial_interval","","","","","","","","","","","","","","","","","","","","","","","","","","","","","","","",""
"html-keyboard-response","null","<div class=""fixation"">+</div>","null","76","2.1.0","149375","93y10e46f3","block1_then_block2","","","fixation","","","","","","","","","","","","","","","","","","","","","","","","","","","","","","","",""
"html-keyboard-response","1526","
      <div class=""chinese-character"" style=""color:#000000;"">水</div>
      <div style=""margin-top:32px; font-size:16px; color:#555; font-family:Arial,sans-serif;"">
        Say the character aloud, then press <strong>Space</strong>.
      </div>
    "," ","77","2.1.0","150902","93y10e46f3","block1_then_block2","","","character_naming","","","","","","","","","水","shui3","character_naming_f1_3_block1_norep","1526","true","true","24446","93y10e46f3_character_naming_f1_3_block1_norep.webm","true","{""message"":""Success""}","1","","","","","","f1_3","water","filler","blue","true","","",""
"html-keyboard-response","null","","null","78","2.1.0","151008","93y10e46f3","block1_then_block2","","","inter_trial_interval","","","","","","","","","","","","","","","","","","","","","","","","","","","","","","","",""
"html-keyboard-response","null","<div class=""fixation"">+</div>","null","79","2.1.0","151514","93y10e46f3","block1_then_block2","","","fixation","","","","","","","","","","","","","","","","","","","","","","","","","","","","","","","",""
"html-keyboard-response","1136","
      <div class=""chinese-character"" style=""color:#000000;"">尝</div>
      <div style=""margin-top:32px; font-size:16px; color:#555; font-family:Arial,sans-serif;"">
        Say the character aloud, then press <strong>Space</strong>.
      </div>
    "," ","80","2.1.0","152651","93y10e46f3","block1_then_block2","","","character_naming","","","","","","","","","尝","chang2","character_naming_blue_block1_rep1","1136","true","true","18650","93y10e46f3_character_naming_blue_block1_rep1.webm","true","{""error"":""OSF_FILE_EXISTS"",""message"":""The OSF file already exists. File names must be unique.""}","1","","","","","","blue","taste","congruent_S_minus_T_plus","blue","false","","",""
"html-keyboard-response","null","","null","81","2.1.0","152759","93y10e46f3","block1_then_block2","","","inter_trial_interval","","","","","","","","","","","","","","","","","","","","","","","","","","","","","","","",""
"html-keyboard-response","null","<div class=""fixation"">+</div>","null","82","2.1.0","153274","93y10e46f3","block1_then_block2","","","fixation","","","","","","","","","","","","","","","","","","","","","","","","","","","","","","","",""
"html-keyboard-response","1133","
      <div class=""chinese-character"" style=""color:#000000;"">洞</div>
      <div style=""margin-top:32px; font-size:16px; color:#555; font-family:Arial,sans-serif;"">
        Say the character aloud, then press <strong>Space</strong>.
      </div>
    "," ","83","2.1.0","154408","93y10e46f3","block1_then_block2","","","character_naming","","","","","","","","","洞","dong4","character_naming_green_block1_rep1","1133","true","true","17684","93y10e46f3_character_naming_green_block1_rep1.webm","true","{""error"":""OSF_FILE_EXISTS"",""message"":""The OSF file already exists. File names must be unique.""}","1","","","","","","green","hole","congruent_S_minus_T_plus","green","false","","",""
"html-keyboard-response","null","","null","84","2.1.0","154514","93y10e46f3","block1_then_block2","","","inter_trial_interval","","","","","","","","","","","","","","","","","","","","","","","","","","","","","","","",""
"html-keyboard-response","null","<div class=""fixation"">+</div>","null","85","2.1.0","155023","93y10e46f3","block1_then_block2","","","fixation","","","","","","","","","","","","","","","","","","","","","","","","","","","","","","","",""
"html-keyboard-response","1606","
      <div class=""chinese-character"" style=""color:#000000;"">婪</div>
      <div style=""margin-top:32px; font-size:16px; color:#555; font-family:Arial,sans-serif;"">
        Say the character aloud, then press <strong>Space</strong>.
      </div>
    "," ","86","2.1.0","156630","93y10e46f3","block1_then_block2","","","character_naming","","","","","","","","","婪","lan2","character_naming_blue_block1_rep1","1606","true","true","25412","93y10e46f3_character_naming_blue_block1_rep1.webm","true","{""error"":""OSF_FILE_EXISTS"",""message"":""The OSF file already exists. File names must be unique.""}","1","","","","","","blue","greedy","congruent_S_T_plus","blue","false","","",""
"html-keyboard-response","null","","null","87","2.1.0","156741","93y10e46f3","block1_then_block2","","","inter_trial_interval","","","","","","","","","","","","","","","","","","","","","","","","","","","","","","","",""
"html-keyboard-response","null","<div class=""fixation"">+</div>","null","88","2.1.0","157258","93y10e46f3","block1_then_block2","","","fixation","","","","","","","","","","","","","","","","","","","","","","","","","","","","","","","",""
"html-keyboard-response","1296","
      <div class=""chinese-character"" style=""color:#000000;"">月</div>
      <div style=""margin-top:32px; font-size:16px; color:#555; font-family:Arial,sans-serif;"">
        Say the character aloud, then press <strong>Space</strong>.
      </div>
    "," ","89","2.1.0","158555","93y10e46f3","block1_then_block2","","","character_naming","","","","","","","","","月","yue4","character_naming_f1_7_block1_norep","1296","true","true","20582","93y10e46f3_character_naming_f1_7_block1_norep.webm","true","{""message"":""Success""}","1","","","","","","f1_7","moon","filler","blue","true","","",""
"html-keyboard-response","null","","null","90","2.1.0","158661","93y10e46f3","block1_then_block2","","","inter_trial_interval","","","","","","","","","","","","","","","","","","","","","","","","","","","","","","","",""
"html-keyboard-response","null","<div class=""fixation"">+</div>","null","91","2.1.0","159174","93y10e46f3","block1_then_block2","","","fixation","","","","","","","","","","","","","","","","","","","","","","","","","","","","","","","",""
"html-keyboard-response","1122","
      <div class=""chinese-character"" style=""color:#000000;"">门</div>
      <div style=""margin-top:32px; font-size:16px; color:#555; font-family:Arial,sans-serif;"">
        Say the character aloud, then press <strong>Space</strong>.
      </div>
    "," ","92","2.1.0","160297","93y10e46f3","block1_then_block2","","","character_naming","","","","","","","","","门","men2","character_naming_f1_4_block1_norep","1122","true","true","17684","93y10e46f3_character_naming_f1_4_block1_norep.webm","true","{""message"":""Success""}","1","","","","","","f1_4","door","filler","green","true","","",""
"html-keyboard-response","null","","null","93","2.1.0","160410","93y10e46f3","block1_then_block2","","","inter_trial_interval","","","","","","","","","","","","","","","","","","","","","","","","","","","","","","","",""
"html-keyboard-response","null","<div class=""fixation"">+</div>","null","94","2.1.0","160923","93y10e46f3","block1_then_block2","","","fixation","","","","","","","","","","","","","","","","","","","","","","","","","","","","","","","",""
"html-keyboard-response","1201","
      <div class=""chinese-character"" style=""color:#000000;"">览</div>
      <div style=""margin-top:32px; font-size:16px; color:#555; font-family:Arial,sans-serif;"">
        Say the character aloud, then press <strong>Space</strong>.
      </div>
    "," ","95","2.1.0","162124","93y10e46f3","block1_then_block2","","","character_naming","","","","","","","","","览","lan3","character_naming_blue_block1_rep1","1201","true","true","19616","93y10e46f3_character_naming_blue_block1_rep1.webm","true","{""error"":""OSF_FILE_EXISTS"",""message"":""The OSF file already exists. File names must be unique.""}","1","","","","","","blue","view","congruent_S_plus_T_minus","blue","false","","",""
"html-keyboard-response","null","","null","96","2.1.0","162226","93y10e46f3","block1_then_block2","","","inter_trial_interval","","","","","","","","","","","","","","","","","","","","","","","","","","","","","","","",""
"html-keyboard-response","null","<div class=""fixation"">+</div>","null","97","2.1.0","162736","93y10e46f3","block1_then_block2","","","fixation","","","","","","","","","","","","","","","","","","","","","","","","","","","","","","","",""
"html-keyboard-response","1018","
      <div class=""chinese-character"" style=""color:#000000;"">红</div>
      <div style=""margin-top:32px; font-size:16px; color:#555; font-family:Arial,sans-serif;"">
        Say the character aloud, then press <strong>Space</strong>.
      </div>
    "," ","98","2.1.0","163755","93y10e46f3","block1_then_block2","","","character_naming","","","","","","","","","红","hong2","character_naming_red_block1_rep1","1018","true","true","16718","93y10e46f3_character_naming_red_block1_rep1.webm","true","{""error"":""OSF_FILE_EXISTS"",""message"":""The OSF file already exists. File names must be unique.""}","1","","","","","","red","red","congruent_color_character","red","false","","",""
"html-keyboard-response","null","","null","99","2.1.0","163868","93y10e46f3","block1_then_block2","","","inter_trial_interval","","","","","","","","","","","","","","","","","","","","","","","","","","","","","","","",""
"html-keyboard-response","null","<div class=""fixation"">+</div>","null","100","2.1.0","164371","93y10e46f3","block1_then_block2","","","fixation","","","","","","","","","","","","","","","","","","","","","","","","","","","","","","","",""
"html-keyboard-response","1173","
      <div class=""chinese-character"" style=""color:#000000;"">灯</div>
      <div style=""margin-top:32px; font-size:16px; color:#555; font-family:Arial,sans-serif;"">
        Say the character aloud, then press <strong>Space</strong>.
      </div>
    "," ","101","2.1.0","165545","93y10e46f3","block1_then_block2","","","character_naming","","","","","","","","","灯","deng1","character_naming_f1_21_block1_norep","1173","true","true","18650","93y10e46f3_character_naming_f1_21_block1_norep.webm","true","{""message"":""Success""}","1","","","","","","f1_21","lamp","filler","red","true","","",""
"html-keyboard-response","null","","null","102","2.1.0","165654","93y10e46f3","block1_then_block2","","","inter_trial_interval","","","","","","","","","","","","","","","","","","","","","","","","","","","","","","","",""
"html-keyboard-response","null","<div class=""fixation"">+</div>","null","103","2.1.0","166170","93y10e46f3","block1_then_block2","","","fixation","","","","","","","","","","","","","","","","","","","","","","","","","","","","","","","",""
"html-keyboard-response","1322","
      <div class=""chinese-character"" style=""color:#000000;"">涂</div>
      <div style=""margin-top:32px; font-size:16px; color:#555; font-family:Arial,sans-serif;"">
        Say the character aloud, then press <strong>Space</strong>.
      </div>
    "," ","104","2.1.0","167493","93y10e46f3","block1_then_block2","","","character_naming","","","","","","","","","涂","tu2","character_naming_green_block1_rep1","1322","true","true","21548","93y10e46f3_character_naming_green_block1_rep1.webm","true","{""error"":""OSF_FILE_EXISTS"",""message"":""The OSF file already exists. File names must be unique.""}","1","","","","","","green","paint","neutral","green","false","","",""
"html-keyboard-response","null","","null","105","2.1.0","167604","93y10e46f3","block1_then_block2","","","inter_trial_interval","","","","","","","","","","","","","","","","","","","","","","","","","","","","","","","",""
"html-keyboard-response","null","<div class=""fixation"">+</div>","null","106","2.1.0","168120","93y10e46f3","block1_then_block2","","","fixation","","","","","","","","","","","","","","","","","","","","","","","","","","","","","","","",""
"html-keyboard-response","1191","
      <div class=""chinese-character"" style=""color:#000000;"">手</div>
      <div style=""margin-top:32px; font-size:16px; color:#555; font-family:Arial,sans-serif;"">
        Say the character aloud, then press <strong>Space</strong>.
      </div>
    "," ","107","2.1.0","169312","93y10e46f3","block1_then_block2","","","character_naming","","","","","","","","","手","shou3","character_naming_f1_8_block1_norep","1191","true","true","18650","93y10e46f3_character_naming_f1_8_block1_norep.webm","true","{""message"":""Success""}","1","","","","","","f1_8","hand","filler","green","true","","",""
"html-keyboard-response","null","","null","108","2.1.0","169420","93y10e46f3","block1_then_block2","","","inter_trial_interval","","","","","","","","","","","","","","","","","","","","","","","","","","","","","","","",""
"html-keyboard-response","null","<div class=""fixation"">+</div>","null","109","2.1.0","169935","93y10e46f3","block1_then_block2","","","fixation","","","","","","","","","","","","","","","","","","","","","","","","","","","","","","","",""
"html-keyboard-response","1098","
      <div class=""chinese-character"" style=""color:#000000;"">纸</div>
      <div style=""margin-top:32px; font-size:16px; color:#555; font-family:Arial,sans-serif;"">
        Say the character aloud, then press <strong>Space</strong>.
      </div>
    "," ","110","2.1.0","171034","93y10e46f3","block1_then_block2","","","character_naming","","","","","","","","","纸","zhi3","character_naming_f1_19_block1_norep","1098","true","true","17684","93y10e46f3_character_naming_f1_19_block1_norep.webm","true","{""message"":""Success""}","1","","","","","","f1_19","paper","filler","blue","true","","",""
"html-keyboard-response","null","","null","111","2.1.0","171136","93y10e46f3","block1_then_block2","","","inter_trial_interval","","","","","","","","","","","","","","","","","","","","","","","","","","","","","","","",""
"html-keyboard-response","null","<div class=""fixation"">+</div>","null","112","2.1.0","171643","93y10e46f3","block1_then_block2","","","fixation","","","","","","","","","","","","","","","","","","","","","","","","","","","","","","","",""
"html-keyboard-response","1166","
      <div class=""chinese-character"" style=""color:#000000;"">鸟</div>
      <div style=""margin-top:32px; font-size:16px; color:#555; font-family:Arial,sans-serif;"">
        Say the character aloud, then press <strong>Space</strong>.
      </div>
    "," ","113","2.1.0","172810","93y10e46f3","block1_then_block2","","","character_naming","","","","","","","","","鸟","niao3","character_naming_f1_11_block1_norep","1166","true","true","18650","93y10e46f3_character_naming_f1_11_block1_norep.webm","true","{""message"":""Success""}","1","","","","","","f1_11","bird","filler","blue","true","","",""
"html-keyboard-response","null","","null","114","2.1.0","172918","93y10e46f3","block1_then_block2","","","inter_trial_interval","","","","","","","","","","","","","","","","","","","","","","","","","","","","","","","",""
"html-keyboard-response","null","<div class=""fixation"">+</div>","null","115","2.1.0","173425","93y10e46f3","block1_then_block2","","","fixation","","","","","","","","","","","","","","","","","","","","","","","","","","","","","","","",""
"html-keyboard-response","1068","
      <div class=""chinese-character"" style=""color:#000000;"">云</div>
      <div style=""margin-top:32px; font-size:16px; color:#555; font-family:Arial,sans-serif;"">
        Say the character aloud, then press <strong>Space</strong>.
      </div>
    "," ","116","2.1.0","174494","93y10e46f3","block1_then_block2","","","character_naming","","","","","","","","","云","yun2","character_naming_f1_9_block1_norep","1068","true","true","16718","93y10e46f3_character_naming_f1_9_block1_norep.webm","true","{""message"":""Success""}","1","","","","","","f1_9","cloud","filler","red","true","","",""
"html-keyboard-response","null","","null","117","2.1.0","174601","93y10e46f3","block1_then_block2","","","inter_trial_interval","","","","","","","","","","","","","","","","","","","","","","","","","","","","","","","",""
"html-keyboard-response","null","<div class=""fixation"">+</div>","null","118","2.1.0","175118","93y10e46f3","block1_then_block2","","","fixation","","","","","","","","","","","","","","","","","","","","","","","","","","","","","","","",""
"html-keyboard-response","1084","
      <div class=""chinese-character"" style=""color:#000000;"">皇</div>
      <div style=""margin-top:32px; font-size:16px; color:#555; font-family:Arial,sans-serif;"">
        Say the character aloud, then press <strong>Space</strong>.
      </div>
    "," ","119","2.1.0","176203","93y10e46f3","block1_then_block2","","","character_naming","","","","","","","","","皇","huang2","character_naming_yellow_block1_rep1","1084","true","true","17684","93y10e46f3_character_naming_yellow_block1_rep1.webm","true","{""error"":""OSF_FILE_EXISTS"",""message"":""The OSF file already exists. File names must be unique.""}","1","","","","","","yellow","emperor","congruent_S_T_plus","yellow","false","","",""
"html-keyboard-response","null","","null","120","2.1.0","176315","93y10e46f3","block1_then_block2","","","inter_trial_interval","","","","","","","","","","","","","","","","","","","","","","","","","","","","","","","",""
"html-keyboard-response","null","<div class=""fixation"">+</div>","null","121","2.1.0","176830","93y10e46f3","block1_then_block2","","","fixation","","","","","","","","","","","","","","","","","","","","","","","","","","","","","","","",""
"html-keyboard-response","1068","
      <div class=""chinese-character"" style=""color:#000000;"">蓝</div>
      <div style=""margin-top:32px; font-size:16px; color:#555; font-family:Arial,sans-serif;"">
        Say the character aloud, then press <strong>Space</strong>.
      </div>
    "," ","122","2.1.0","177899","93y10e46f3","block1_then_block2","","","character_naming","","","","","","","","","蓝","lan2","character_naming_blue_block1_rep1","1068","true","true","16718","93y10e46f3_character_naming_blue_block1_rep1.webm","true","{""error"":""OSF_FILE_EXISTS"",""message"":""The OSF file already exists. File names must be unique.""}","1","","","","","","blue","blue","incongruent_color_character","red","false","","",""
"html-keyboard-response","null","","null","123","2.1.0","178002","93y10e46f3","block1_then_block2","","","inter_trial_interval","","","","","","","","","","","","","","","","","","","","","","","","","","","","","","","",""
"html-keyboard-response","null","<div class=""fixation"">+</div>","null","124","2.1.0","178516","93y10e46f3","block1_then_block2","","","fixation","","","","","","","","","","","","","","","","","","","","","","","","","","","","","","","",""
"html-keyboard-response","1185","
      <div class=""chinese-character"" style=""color:#000000;"">风</div>
      <div style=""margin-top:32px; font-size:16px; color:#555; font-family:Arial,sans-serif;"">
        Say the character aloud, then press <strong>Space</strong>.
      </div>
    "," ","125","2.1.0","179702","93y10e46f3","block1_then_block2","","","character_naming","","","","","","","","","风","feng1","character_naming_f1_10_block1_norep","1185","true","true","18650","93y10e46f3_character_naming_f1_10_block1_norep.webm","true","{""message"":""Success""}","1","","","","","","f1_10","wind","filler","yellow","true","","",""
"html-keyboard-response","null","","null","126","2.1.0","179810","93y10e46f3","block1_then_block2","","","inter_trial_interval","","","","","","","","","","","","","","","","","","","","","","","","","","","","","","","",""
"html-keyboard-response","null","<div class=""fixation"">+</div>","null","127","2.1.0","180316","93y10e46f3","block1_then_block2","","","fixation","","","","","","","","","","","","","","","","","","","","","","","","","","","","","","","",""
"html-keyboard-response","1314","
      <div class=""chinese-character"" style=""color:#000000;"">船</div>
      <div style=""margin-top:32px; font-size:16px; color:#555; font-family:Arial,sans-serif;"">
        Say the character aloud, then press <strong>Space</strong>.
      </div>
    "," ","128","2.1.0","181630","93y10e46f3","block1_then_block2","","","character_naming","","","","","","","","","船","chuan2","character_naming_f1_23_block1_norep","1314","true","true","21548","93y10e46f3_character_naming_f1_23_block1_norep.webm","true","{""message"":""Success""}","1","","","","","","f1_23","boat","filler","blue","true","","",""
"html-keyboard-response","null","","null","129","2.1.0","181732","93y10e46f3","block1_then_block2","","","inter_trial_interval","","","","","","","","","","","","","","","","","","","","","","","","","","","","","","","",""
"html-keyboard-response","null","<div class=""fixation"">+</div>","null","130","2.1.0","182247","93y10e46f3","block1_then_block2","","","fixation","","","","","","","","","","","","","","","","","","","","","","","","","","","","","","","",""
"html-keyboard-response","1603","
      <div class=""chinese-character"" style=""color:#000000;"">牵</div>
      <div style=""margin-top:32px; font-size:16px; color:#555; font-family:Arial,sans-serif;"">
        Say the character aloud, then press <strong>Space</strong>.
      </div>
    "," ","131","2.1.0","183851","93y10e46f3","block1_then_block2","","","character_naming","","","","","","","","","牵","qian1","character_naming_red_block1_rep1","1603","true","true","25412","93y10e46f3_character_naming_red_block1_rep1.webm","true","{""error"":""OSF_FILE_EXISTS"",""message"":""The OSF file already exists. File names must be unique.""}","1","","","","","","red","lead along","neutral","red","false","","",""
"html-keyboard-response","null","","null","132","2.1.0","183956","93y10e46f3","block1_then_block2","","","inter_trial_interval","","","","","","","","","","","","","","","","","","","","","","","","","","","","","","","",""
"html-keyboard-response","null","<div class=""fixation"">+</div>","null","133","2.1.0","184460","93y10e46f3","block1_then_block2","","","fixation","","","","","","","","","","","","","","","","","","","","","","","","","","","","","","","",""
"html-keyboard-response","1082","
      <div class=""chinese-character"" style=""color:#000000;"">书</div>
      <div style=""margin-top:32px; font-size:16px; color:#555; font-family:Arial,sans-serif;"">
        Say the character aloud, then press <strong>Space</strong>.
      </div>
    "," ","134","2.1.0","185544","93y10e46f3","block1_then_block2","","","character_naming","","","","","","","","","书","shu1","character_naming_f1_1_block1_norep","1082","true","true","17684","93y10e46f3_character_naming_f1_1_block1_norep.webm","true","{""message"":""Success""}","1","","","","","","f1_1","book","filler","red","true","","",""
"html-keyboard-response","null","","null","135","2.1.0","185647","93y10e46f3","block1_then_block2","","","inter_trial_interval","","","","","","","","","","","","","","","","","","","","","","","","","","","","","","","",""
"html-keyboard-response","null","<div class=""fixation"">+</div>","null","136","2.1.0","186163","93y10e46f3","block1_then_block2","","","fixation","","","","","","","","","","","","","","","","","","","","","","","","","","","","","","","",""
"html-keyboard-response","1393","
      <div class=""chinese-character"" style=""color:#000000;"">洪</div>
      <div style=""margin-top:32px; font-size:16px; color:#555; font-family:Arial,sans-serif;"">
        Say the character aloud, then press <strong>Space</strong>.
      </div>
    "," ","137","2.1.0","187557","93y10e46f3","block1_then_block2","","","character_naming","","","","","","","","","洪","hong2","character_naming_red_block1_rep1","1393","true","true","22514","93y10e46f3_character_naming_red_block1_rep1.webm","true","{""error"":""OSF_FILE_EXISTS"",""message"":""The OSF file already exists. File names must be unique.""}","1","","","","","","red","flood","congruent_S_T_plus","red","false","","",""
"html-keyboard-response","null","","null","138","2.1.0","187663","93y10e46f3","block1_then_block2","","","inter_trial_interval","","","","","","","","","","","","","","","","","","","","","","","","","","","","","","","",""
"html-keyboard-response","null","<div class=""fixation"">+</div>","null","139","2.1.0","188178","93y10e46f3","block1_then_block2","","","fixation","","","","","","","","","","","","","","","","","","","","","","","","","","","","","","","",""
"html-keyboard-response","1093","
      <div class=""chinese-character"" style=""color:#000000;"">黄</div>
      <div style=""margin-top:32px; font-size:16px; color:#555; font-family:Arial,sans-serif;"">
        Say the character aloud, then press <strong>Space</strong>.
      </div>
    "," ","140","2.1.0","189272","93y10e46f3","block1_then_block2","","","character_naming","","","","","","","","","黄","huang2","character_naming_yellow_block1_rep1","1093","true","true","17684","93y10e46f3_character_naming_yellow_block1_rep1.webm","true","{""error"":""OSF_FILE_EXISTS"",""message"":""The OSF file already exists. File names must be unique.""}","1","","","","","","yellow","yellow","congruent_color_character","yellow","false","","",""
"html-keyboard-response","null","","null","141","2.1.0","189380","93y10e46f3","block1_then_block2","","","inter_trial_interval","","","","","","","","","","","","","","","","","","","","","","","","","","","","","","","",""
"html-keyboard-response","null","<div class=""fixation"">+</div>","null","142","2.1.0","189881","93y10e46f3","block1_then_block2","","","fixation","","","","","","","","","","","","","","","","","","","","","","","","","","","","","","","",""
"html-keyboard-response","1047","
      <div class=""chinese-character"" style=""color:#000000;"">山</div>
      <div style=""margin-top:32px; font-size:16px; color:#555; font-family:Arial,sans-serif;"">
        Say the character aloud, then press <strong>Space</strong>.
      </div>
    "," ","143","2.1.0","190929","93y10e46f3","block1_then_block2","","","character_naming","","","","","","","","","山","shan1","character_naming_f1_2_block1_norep","1047","true","true","16718","93y10e46f3_character_naming_f1_2_block1_norep.webm","true","{""message"":""Success""}","1","","","","","","f1_2","mountain","filler","yellow","true","","",""
"html-keyboard-response","null","","null","144","2.1.0","191043","93y10e46f3","block1_then_block2","","","inter_trial_interval","","","","","","","","","","","","","","","","","","","","","","","","","","","","","","","",""
"html-keyboard-response","null","<div class=""fixation"">+</div>","null","145","2.1.0","191545","93y10e46f3","block1_then_block2","","","fixation","","","","","","","","","","","","","","","","","","","","","","","","","","","","","","","",""
"html-keyboard-response","1116","
      <div class=""chinese-character"" style=""color:#000000;"">黄</div>
      <div style=""margin-top:32px; font-size:16px; color:#555; font-family:Arial,sans-serif;"">
        Say the character aloud, then press <strong>Space</strong>.
      </div>
    "," ","146","2.1.0","192662","93y10e46f3","block1_then_block2","","","character_naming","","","","","","","","","黄","huang2","character_naming_yellow_block1_rep1","1116","true","true","17684","93y10e46f3_character_naming_yellow_block1_rep1.webm","true","{""error"":""OSF_FILE_EXISTS"",""message"":""The OSF file already exists. File names must be unique.""}","1","","","","","","yellow","yellow","incongruent_color_character","green","false","","",""
"html-keyboard-response","null","","null","147","2.1.0","192764","93y10e46f3","block1_then_block2","","","inter_trial_interval","","","","","","","","","","","","","","","","","","","","","","","","","","","","","","","",""
"html-keyboard-response","null","<div class=""fixation"">+</div>","null","148","2.1.0","193279","93y10e46f3","block1_then_block2","","","fixation","","","","","","","","","","","","","","","","","","","","","","","","","","","","","","","",""
"html-keyboard-response","1069","
      <div class=""chinese-character"" style=""color:#000000;"">树</div>
      <div style=""margin-top:32px; font-size:16px; color:#555; font-family:Arial,sans-serif;"">
        Say the character aloud, then press <strong>Space</strong>.
      </div>
    "," ","149","2.1.0","194350","93y10e46f3","block1_then_block2","","","character_naming","","","","","","","","","树","shu4","character_naming_f1_16_block1_norep","1069","true","true","16718","93y10e46f3_character_naming_f1_16_block1_norep.webm","true","{""message"":""Success""}","1","","","","","","f1_16","tree","filler","green","true","","",""
"html-keyboard-response","null","","null","150","2.1.0","194464","93y10e46f3","block1_then_block2","","","inter_trial_interval","","","","","","","","","","","","","","","","","","","","","","","","","","","","","","","",""
"html-keyboard-response","null","<div class=""fixation"">+</div>","null","151","2.1.0","194981","93y10e46f3","block1_then_block2","","","fixation","","","","","","","","","","","","","","","","","","","","","","","","","","","","","","","",""
"html-keyboard-response","998","
      <div class=""chinese-character"" style=""color:#000000;"">花</div>
      <div style=""margin-top:32px; font-size:16px; color:#555; font-family:Arial,sans-serif;"">
        Say the character aloud, then press <strong>Space</strong>.
      </div>
    "," ","152","2.1.0","195979","93y10e46f3","block1_then_block2","","","character_naming","","","","","","","","","花","hua1","character_naming_f1_6_block1_norep","998","true","true","15752","93y10e46f3_character_naming_f1_6_block1_norep.webm","true","{""message"":""Success""}","1","","","","","","f1_6","flower","filler","yellow","true","","",""
"html-keyboard-response","null","","null","153","2.1.0","196081","93y10e46f3","block1_then_block2","","","inter_trial_interval","","","","","","","","","","","","","","","","","","","","","","","","","","","","","","","",""
"html-keyboard-response","null","<div class=""fixation"">+</div>","null","154","2.1.0","196592","93y10e46f3","block1_then_block2","","","fixation","","","","","","","","","","","","","","","","","","","","","","","","","","","","","","","",""
"html-keyboard-response","915","
      <div class=""chinese-character"" style=""color:#000000;"">红</div>
      <div style=""margin-top:32px; font-size:16px; color:#555; font-family:Arial,sans-serif;"">
        Say the character aloud, then press <strong>Space</strong>.
      </div>
    "," ","155","2.1.0","197507","93y10e46f3","block1_then_block2","","","character_naming","","","","","","","","","红","hong2","character_naming_red_block1_rep1","915","true","true","14786","93y10e46f3_character_naming_red_block1_rep1.webm","true","{""error"":null,""message"":""Data received. OSF upload will be retried automatically.""}","1","","","","","","red","red","incongruent_color_character","blue","false","","",""
"html-keyboard-response","null","","null","156","2.1.0","197609","93y10e46f3","block1_then_block2","","","inter_trial_interval","","","","","","","","","","","","","","","","","","","","","","","","","","","","","","","",""
"html-keyboard-response","null","<div class=""fixation"">+</div>","null","157","2.1.0","198113","93y10e46f3","block1_then_block2","","","fixation","","","","","","","","","","","","","","","","","","","","","","","","","","","","","","","",""
"html-keyboard-response","1206","
      <div class=""chinese-character"" style=""color:#000000;"">轰</div>
      <div style=""margin-top:32px; font-size:16px; color:#555; font-family:Arial,sans-serif;"">
        Say the character aloud, then press <strong>Space</strong>.
      </div>
    "," ","158","2.1.0","199319","93y10e46f3","block1_then_block2","","","character_naming","","","","","","","","","轰","hong1","character_naming_red_block1_rep1","1206","true","true","19616","93y10e46f3_character_naming_red_block1_rep1.webm","true","{""error"":""OSF_FILE_EXISTS"",""message"":""The OSF file already exists. File names must be unique.""}","1","","","","","","red","boom","congruent_S_plus_T_minus","red","false","","",""
"html-keyboard-response","null","","null","159","2.1.0","199427","93y10e46f3","block1_then_block2","","","inter_trial_interval","","","","","","","","","","","","","","","","","","","","","","","","","","","","","","","",""
"html-keyboard-response","null","<div class=""fixation"">+</div>","null","160","2.1.0","199938","93y10e46f3","block1_then_block2","","","fixation","","","","","","","","","","","","","","","","","","","","","","","","","","","","","","","",""
"html-keyboard-response","1187","
      <div class=""chinese-character"" style=""color:#000000;"">窗</div>
      <div style=""margin-top:32px; font-size:16px; color:#555; font-family:Arial,sans-serif;"">
        Say the character aloud, then press <strong>Space</strong>.
      </div>
    "," ","161","2.1.0","201125","93y10e46f3","block1_then_block2","","","character_naming","","","","","","","","","窗","chuang1","character_naming_f1_15_block1_norep","1187","true","true","18650","93y10e46f3_character_naming_f1_15_block1_norep.webm","true","{""error"":null,""message"":""Data received. OSF upload will be retried automatically.""}","1","","","","","","f1_15","window","filler","blue","true","","",""
"html-keyboard-response","null","","null","162","2.1.0","201229","93y10e46f3","block1_then_block2","","","inter_trial_interval","","","","","","","","","","","","","","","","","","","","","","","","","","","","","","","",""
"html-keyboard-response","null","<div class=""fixation"">+</div>","null","163","2.1.0","201743","93y10e46f3","block1_then_block2","","","fixation","","","","","","","","","","","","","","","","","","","","","","","","","","","","","","","",""
"html-keyboard-response","1546","
      <div class=""chinese-character"" style=""color:#000000;"">趁</div>
      <div style=""margin-top:32px; font-size:16px; color:#555; font-family:Arial,sans-serif;"">
        Say the character aloud, then press <strong>Space</strong>.
      </div>
    "," ","164","2.1.0","203289","93y10e46f3","block1_then_block2","","","character_naming","","","","","","","","","趁","chen4","character_naming_yellow_block1_rep1","1546","true","true","24446","93y10e46f3_character_naming_yellow_block1_rep1.webm","true","{""error"":""OSF_FILE_EXISTS"",""message"":""The OSF file already exists. File names must be unique.""}","1","","","","","","yellow","take advantage of","neutral","yellow","false","","",""
"html-keyboard-response","null","","null","165","2.1.0","203391","93y10e46f3","block1_then_block2","","","inter_trial_interval","","","","","","","","","","","","","","","","","","","","","","","","","","","","","","","",""
"html-keyboard-response","null","<div class=""fixation"">+</div>","null","166","2.1.0","203905","93y10e46f3","block1_then_block2","","","fixation","","","","","","","","","","","","","","","","","","","","","","","","","","","","","","","",""
"html-keyboard-response","1869","
      <div class=""chinese-character"" style=""color:#000000;"">雨</div>
      <div style=""margin-top:32px; font-size:16px; color:#555; font-family:Arial,sans-serif;"">
        Say the character aloud, then press <strong>Space</strong>.
      </div>
    "," ","167","2.1.0","205775","93y10e46f3","block1_then_block2","","","character_naming","","","","","","","","","雨","yu3","character_naming_f1_17_block1_norep","1869","true","true","30242","93y10e46f3_character_naming_f1_17_block1_norep.webm","true","{""message"":""Success""}","1","","","","","","f1_17","rain","filler","red","true","","",""
"html-keyboard-response","null","","null","168","2.1.0","205878","93y10e46f3","block1_then_block2","","","inter_trial_interval","","","","","","","","","","","","","","","","","","","","","","","","","","","","","","","",""
"html-keyboard-response","null","<div class=""fixation"">+</div>","null","169","2.1.0","206391","93y10e46f3","block1_then_block2","","","fixation","","","","","","","","","","","","","","","","","","","","","","","","","","","","","","","",""
"html-keyboard-response","1084","
      <div class=""chinese-character"" style=""color:#000000;"">旅</div>
      <div style=""margin-top:32px; font-size:16px; color:#555; font-family:Arial,sans-serif;"">
        Say the character aloud, then press <strong>Space</strong>.
      </div>
    "," ","170","2.1.0","207476","93y10e46f3","block1_then_block2","","","character_naming","","","","","","","","","旅","lv3","character_naming_green_block1_rep1","1084","true","true","17684","93y10e46f3_character_naming_green_block1_rep1.webm","true","{""error"":null,""message"":""Data received. OSF upload will be retried automatically.""}","1","","","","","","green","travel","congruent_S_plus_T_minus","green","false","","",""
"html-keyboard-response","null","","null","171","2.1.0","207583","93y10e46f3","block1_then_block2","","","inter_trial_interval","","","","","","","","","","","","","","","","","","","","","","","","","","","","","","","",""
"html-keyboard-response","null","<div class=""fixation"">+</div>","null","172","2.1.0","208096","93y10e46f3","block1_then_block2","","","fixation","","","","","","","","","","","","","","","","","","","","","","","","","","","","","","","",""
"html-keyboard-response","3817","
      <div class=""chinese-character"" style=""color:#000000;"">虑</div>
      <div style=""margin-top:32px; font-size:16px; color:#555; font-family:Arial,sans-serif;"">
        Say the character aloud, then press <strong>Space</strong>.
      </div>
    "," ","173","2.1.0","211914","93y10e46f3","block1_then_block2","","","character_naming","","","","","","","","","虑","lv4","character_naming_green_block1_rep1","3817","true","true","61154","93y10e46f3_character_naming_green_block1_rep1.webm","true","{""error"":""OSF_FILE_EXISTS"",""message"":""The OSF file already exists. File names must be unique.""}","1","","","","","","green","ponder","congruent_S_T_plus","green","false","","",""
"html-keyboard-response","null","","null","174","2.1.0","212022","93y10e46f3","block1_then_block2","","","inter_trial_interval","","","","","","","","","","","","","","","","","","","","","","","","","","","","","","","",""
"html-keyboard-response","null","<div class=""fixation"">+</div>","null","175","2.1.0","212534","93y10e46f3","block1_then_block2","","","fixation","","","","","","","","","","","","","","","","","","","","","","","","","","","","","","","",""
"html-keyboard-response","1208","
      <div class=""chinese-character"" style=""color:#000000;"">家</div>
      <div style=""margin-top:32px; font-size:16px; color:#555; font-family:Arial,sans-serif;"">
        Say the character aloud, then press <strong>Space</strong>.
      </div>
    "," ","176","2.1.0","213743","93y10e46f3","block1_then_block2","","","character_naming","","","","","","","","","家","jia1","character_naming_f1_13_block1_norep","1208","true","true","19616","93y10e46f3_character_naming_f1_13_block1_norep.webm","true","{""message"":""Success""}","1","","","","","","f1_13","home","filler","red","true","","",""
"html-keyboard-response","null","","null","177","2.1.0","213856","93y10e46f3","block1_then_block2","","","inter_trial_interval","","","","","","","","","","","","","","","","","","","","","","","","","","","","","","","",""
"html-keyboard-response","8847","
      <div class=""instructions"">
        <h2>English Color-Naming — Block 1</h2>
        <p>You will see Chinese characters printed in color.</p>
        <p>Your task is to identify the <strong>ink color in English</strong>.</p>
        <p>Ignore the character itself.</p>
        <p><strong>R</strong> = red, <strong>Y</strong> = yellow, <strong>B</strong> = blue, <strong>G</strong> = green.</p>
        <p>Press <strong>Space</strong> to begin.</p>
      </div>
    "," ","178","2.1.0","222704","93y10e46f3","block1_then_block2","","","","","","","","","","","","","","","","","","","","","","","","","","","","","","","","","","",""
"html-keyboard-response","1479","
      <div class=""instructions"">
        <h2>Keyboard Check</h2>
        <p>Before we continue, please press the <strong>Y</strong> key
        (for <strong>yellow</strong>) on your keyboard.</p>
        <p style=""color:#888;font-size:0.9em;"">
          If your keyboard is set to a Chinese input method (IME),
          please switch to English / Roman input now, otherwise the experiment cannot record your responses.
        </p>
      </div>
    ","y","179","2.1.0","224184","93y10e46f3","block1_then_block2","","","keyboard_check","","","","","","","","","","","","","","","","","","","1","y","","","","","","","","","","","",""
"html-keyboard-response","null","<div class=""fixation"">+</div>","null","180","2.1.0","224697","93y10e46f3","block1_then_block2","","","fixation","","","","","","","","","","","","","","","","","","","","","","","","","","","","","","","",""
"html-keyboard-response","1587","<div class=""chinese-character"" style=""color:#2ca02c;"">绿</div>","g","181","2.1.0","226285","93y10e46f3","block1_then_block2","","","color_naming","","","","","","","","","绿","lv4","","","","","","","","","1","","green","g","green","true","green","green","","","false","congruent_color_character","true","1"
"html-keyboard-response","null","","null","182","2.1.0","227295","93y10e46f3","block1_then_block2","","","inter_trial_interval","","","","","","","","","","","","","","","","","","","","","","","","","","","","","","","",""
"html-keyboard-response","null","<div class=""fixation"">+</div>","null","183","2.1.0","227803","93y10e46f3","block1_then_block2","","","fixation","","","","","","","","","","","","","","","","","","","","","","","","","","","","","","","",""
"html-keyboard-response","805","<div class=""chinese-character"" style=""color:#1f77b4;"">船</div>","b","184","2.1.0","228609","93y10e46f3","block1_then_block2","","","color_naming","","","","","","","","","船","chuan2","","","","","","","","","1","","blue","b","blue","true","f1_23","boat","","","true","filler","false","null"
"html-keyboard-response","null","","null","185","2.1.0","229620","93y10e46f3","block1_then_block2","","","inter_trial_interval","","","","","","","","","","","","","","","","","","","","","","","","","","","","","","","",""
"html-keyboard-response","null","<div class=""fixation"">+</div>","null","186","2.1.0","230131","93y10e46f3","block1_then_block2","","","fixation","","","","","","","","","","","","","","","","","","","","","","","","","","","","","","","",""
"html-keyboard-response","934","<div class=""chinese-character"" style=""color:#d62728;"">灯</div>","r","187","2.1.0","231066","93y10e46f3","block1_then_block2","","","color_naming","","","","","","","","","灯","deng1","","","","","","","","","1","","red","r","red","true","f1_21","lamp","","","true","filler","false","null"
"html-keyboard-response","null","","null","188","2.1.0","232079","93y10e46f3","block1_then_block2","","","inter_trial_interval","","","","","","","","","","","","","","","","","","","","","","","","","","","","","","","",""
"html-keyboard-response","null","<div class=""fixation"">+</div>","null","189","2.1.0","232583","93y10e46f3","block1_then_block2","","","fixation","","","","","","","","","","","","","","","","","","","","","","","","","","","","","","","",""
"html-keyboard-response","1196","<div class=""chinese-character"" style=""color:#d6b300;"">晃</div>","y","190","2.1.0","233780","93y10e46f3","block1_then_block2","","","color_naming","","","","","","","","","晃","huang4","","","","","","","","","1","","yellow","y","yellow","true","yellow","sway","","","false","congruent_S_plus_T_minus","true","1"
"html-keyboard-response","null","","null","191","2.1.0","234792","93y10e46f3","block1_then_block2","","","inter_trial_interval","","","","","","","","","","","","","","","","","","","","","","","","","","","","","","","",""
"html-keyboard-response","null","<div class=""fixation"">+</div>","null","192","2.1.0","235297","93y10e46f3","block1_then_block2","","","fixation","","","","","","","","","","","","","","","","","","","","","","","","","","","","","","","",""
"html-keyboard-response","659","<div class=""chinese-character"" style=""color:#1f77b4;"">水</div>","b","193","2.1.0","235957","93y10e46f3","block1_then_block2","","","color_naming","","","","","","","","","水","shui3","","","","","","","","","1","","blue","b","blue","true","f1_3","water","","","true","filler","false","null"
"html-keyboard-response","null","","null","194","2.1.0","236960","93y10e46f3","block1_then_block2","","","inter_trial_interval","","","","","","","","","","","","","","","","","","","","","","","","","","","","","","","",""
"html-keyboard-response","null","<div class=""fixation"">+</div>","null","195","2.1.0","237466","93y10e46f3","block1_then_block2","","","fixation","","","","","","","","","","","","","","","","","","","","","","","","","","","","","","","",""
"html-keyboard-response","1335","<div class=""chinese-character"" style=""color:#2ca02c;"">虑</div>","g","196","2.1.0","238802","93y10e46f3","block1_then_block2","","","color_naming","","","","","","","","","虑","lv4","","","","","","","","","1","","green","g","green","true","green","ponder","","","false","congruent_S_T_plus","true","1"
"html-keyboard-response","null","","null","197","2.1.0","239811","93y10e46f3","block1_then_block2","","","inter_trial_interval","","","","","","","","","","","","","","","","","","","","","","","","","","","","","","","",""
"html-keyboard-response","null","<div class=""fixation"">+</div>","null","198","2.1.0","240313","93y10e46f3","block1_then_block2","","","fixation","","","","","","","","","","","","","","","","","","","","","","","","","","","","","","","",""
"html-keyboard-response","690","<div class=""chinese-character"" style=""color:#1f77b4;"">纸</div>","b","199","2.1.0","241005","93y10e46f3","block1_then_block2","","","color_naming","","","","","","","","","纸","zhi3","","","","","","","","","1","","blue","b","blue","true","f1_19","paper","","","true","filler","false","null"
"html-keyboard-response","null","","null","200","2.1.0","242017","93y10e46f3","block1_then_block2","","","inter_trial_interval","","","","","","","","","","","","","","","","","","","","","","","","","","","","","","","",""
"html-keyboard-response","null","<div class=""fixation"">+</div>","null","201","2.1.0","242534","93y10e46f3","block1_then_block2","","","fixation","","","","","","","","","","","","","","","","","","","","","","","","","","","","","","","",""
"html-keyboard-response","908","<div class=""chinese-character"" style=""color:#d62728;"">红</div>","r","202","2.1.0","243444","93y10e46f3","block1_then_block2","","","color_naming","","","","","","","","","红","hong2","","","","","","","","","1","","red","r","red","true","red","red","","","false","congruent_color_character","true","1"
"html-keyboard-response","null","","null","203","2.1.0","244457","93y10e46f3","block1_then_block2","","","inter_trial_interval","","","","","","","","","","","","","","","","","","","","","","","","","","","","","","","",""
"html-keyboard-response","null","<div class=""fixation"">+</div>","null","204","2.1.0","244963","93y10e46f3","block1_then_block2","","","fixation","","","","","","","","","","","","","","","","","","","","","","","","","","","","","","","",""
"html-keyboard-response","741","<div class=""chinese-character"" style=""color:#2ca02c;"">洞</div>","g","205","2.1.0","245704","93y10e46f3","block1_then_block2","","","color_naming","","","","","","","","","洞","dong4","","","","","","","","","1","","green","g","green","true","green","hole","","","false","congruent_S_minus_T_plus","true","1"
"html-keyboard-response","null","","null","206","2.1.0","246711","93y10e46f3","block1_then_block2","","","inter_trial_interval","","","","","","","","","","","","","","","","","","","","","","","","","","","","","","","",""
"html-keyboard-response","null","<div class=""fixation"">+</div>","null","207","2.1.0","247227","93y10e46f3","block1_then_block2","","","fixation","","","","","","","","","","","","","","","","","","","","","","","","","","","","","","","",""
"html-keyboard-response","876","<div class=""chinese-character"" style=""color:#d6b300;"">山</div>","y","208","2.1.0","248105","93y10e46f3","block1_then_block2","","","color_naming","","","","","","","","","山","shan1","","","","","","","","","1","","yellow","y","yellow","true","f1_2","mountain","","","true","filler","false","null"
"html-keyboard-response","null","","null","209","2.1.0","249122","93y10e46f3","block1_then_block2","","","inter_trial_interval","","","","","","","","","","","","","","","","","","","","","","","","","","","","","","","",""
"html-keyboard-response","null","<div class=""fixation"">+</div>","null","210","2.1.0","249637","93y10e46f3","block1_then_block2","","","fixation","","","","","","","","","","","","","","","","","","","","","","","","","","","","","","","",""
"html-keyboard-response","521","<div class=""chinese-character"" style=""color:#d6b300;"">风</div>","y","211","2.1.0","250159","93y10e46f3","block1_then_block2","","","color_naming","","","","","","","","","风","feng1","","","","","","","","","1","","yellow","y","yellow","true","f1_10","wind","","","true","filler","false","null"
"html-keyboard-response","null","","null","212","2.1.0","251162","93y10e46f3","block1_then_block2","","","inter_trial_interval","","","","","","","","","","","","","","","","","","","","","","","","","","","","","","","",""
"html-keyboard-response","null","<div class=""fixation"">+</div>","null","213","2.1.0","251678","93y10e46f3","block1_then_block2","","","fixation","","","","","","","","","","","","","","","","","","","","","","","","","","","","","","","",""
"html-keyboard-response","797","<div class=""chinese-character"" style=""color:#2ca02c;"">树</div>","g","214","2.1.0","252476","93y10e46f3","block1_then_block2","","","color_naming","","","","","","","","","树","shu4","","","","","","","","","1","","green","g","green","true","f1_16","tree","","","true","filler","false","null"
"html-keyboard-response","null","","null","215","2.1.0","253479","93y10e46f3","block1_then_block2","","","inter_trial_interval","","","","","","","","","","","","","","","","","","","","","","","","","","","","","","","",""
"html-keyboard-response","null","<div class=""fixation"">+</div>","null","216","2.1.0","253980","93y10e46f3","block1_then_block2","","","fixation","","","","","","","","","","","","","","","","","","","","","","","","","","","","","","","",""
"html-keyboard-response","1690","<div class=""chinese-character"" style=""color:#d62728;"">书</div>","r","217","2.1.0","255671","93y10e46f3","block1_then_block2","","","color_naming","","","","","","","","","书","shu1","","","","","","","","","1","","red","r","red","true","f1_1","book","","","true","filler","false","null"
"html-keyboard-response","null","","null","218","2.1.0","256676","93y10e46f3","block1_then_block2","","","inter_trial_interval","","","","","","","","","","","","","","","","","","","","","","","","","","","","","","","",""
"html-keyboard-response","null","<div class=""fixation"">+</div>","null","219","2.1.0","257191","93y10e46f3","block1_then_block2","","","fixation","","","","","","","","","","","","","","","","","","","","","","","","","","","","","","","",""
"html-keyboard-response","1897","<div class=""chinese-character"" style=""color:#1f77b4;"">红</div>","b","220","2.1.0","259088","93y10e46f3","block1_then_block2","","","color_naming","","","","","","","","","红","hong2","","","","","","","","","1","","blue","b","blue","true","red","red","","","false","incongruent_color_character","true","1"
"html-keyboard-response","null","","null","221","2.1.0","260096","93y10e46f3","block1_then_block2","","","inter_trial_interval","","","","","","","","","","","","","","","","","","","","","","","","","","","","","","","",""
"html-keyboard-response","null","<div class=""fixation"">+</div>","null","222","2.1.0","260606","93y10e46f3","block1_then_block2","","","fixation","","","","","","","","","","","","","","","","","","","","","","","","","","","","","","","",""
"html-keyboard-response","2245","<div class=""chinese-character"" style=""color:#d6b300;"">绿</div>","y","223","2.1.0","262852","93y10e46f3","block1_then_block2","","","color_naming","","","","","","","","","绿","lv4","","","","","","","","","1","","yellow","y","yellow","true","green","green","","","false","incongruent_color_character","true","1"
"html-keyboard-response","null","","null","224","2.1.0","263854","93y10e46f3","block1_then_block2","","","inter_trial_interval","","","","","","","","","","","","","","","","","","","","","","","","","","","","","","","",""
"html-keyboard-response","null","<div class=""fixation"">+</div>","null","225","2.1.0","264358","93y10e46f3","block1_then_block2","","","fixation","","","","","","","","","","","","","","","","","","","","","","","","","","","","","","","",""
"html-keyboard-response","1070","<div class=""chinese-character"" style=""color:#2ca02c;"">门</div>","g","226","2.1.0","265429","93y10e46f3","block1_then_block2","","","color_naming","","","","","","","","","门","men2","","","","","","","","","1","","green","g","green","true","f1_4","door","","","true","filler","false","null"
"html-keyboard-response","null","","null","227","2.1.0","266439","93y10e46f3","block1_then_block2","","","inter_trial_interval","","","","","","","","","","","","","","","","","","","","","","","","","","","","","","","",""
"html-keyboard-response","null","<div class=""fixation"">+</div>","null","228","2.1.0","266941","93y10e46f3","block1_then_block2","","","fixation","","","","","","","","","","","","","","","","","","","","","","","","","","","","","","","",""
"html-keyboard-response","919","<div class=""chinese-character"" style=""color:#d6b300;"">趁</div>","y","229","2.1.0","267861","93y10e46f3","block1_then_block2","","","color_naming","","","","","","","","","趁","chen4","","","","","","","","","1","","yellow","y","yellow","true","yellow","take advantage of","","","false","neutral","true","1"
"html-keyboard-response","null","","null","230","2.1.0","268877","93y10e46f3","block1_then_block2","","","inter_trial_interval","","","","","","","","","","","","","","","","","","","","","","","","","","","","","","","",""
"html-keyboard-response","null","<div class=""fixation"">+</div>","null","231","2.1.0","269392","93y10e46f3","block1_then_block2","","","fixation","","","","","","","","","","","","","","","","","","","","","","","","","","","","","","","",""
"html-keyboard-response","833","<div class=""chinese-character"" style=""color:#d6b300;"">皇</div>","y","232","2.1.0","270225","93y10e46f3","block1_then_block2","","","color_naming","","","","","","","","","皇","huang2","","","","","","","","","1","","yellow","y","yellow","true","yellow","emperor","","","false","congruent_S_T_plus","true","1"
"html-keyboard-response","null","","null","233","2.1.0","271241","93y10e46f3","block1_then_block2","","","inter_trial_interval","","","","","","","","","","","","","","","","","","","","","","","","","","","","","","","",""
"html-keyboard-response","null","<div class=""fixation"">+</div>","null","234","2.1.0","271750","93y10e46f3","block1_then_block2","","","fixation","","","","","","","","","","","","","","","","","","","","","","","","","","","","","","","",""
"html-keyboard-response","596","<div class=""chinese-character"" style=""color:#1f77b4;"">尝</div>","b","235","2.1.0","272347","93y10e46f3","block1_then_block2","","","color_naming","","","","","","","","","尝","chang2","","","","","","","","","1","","blue","b","blue","true","blue","taste","","","false","congruent_S_minus_T_plus","true","1"
"html-keyboard-response","null","","null","236","2.1.0","273349","93y10e46f3","block1_then_block2","","","inter_trial_interval","","","","","","","","","","","","","","","","","","","","","","","","","","","","","","","",""
"html-keyboard-response","null","<div class=""fixation"">+</div>","null","237","2.1.0","273854","93y10e46f3","block1_then_block2","","","fixation","","","","","","","","","","","","","","","","","","","","","","","","","","","","","","","",""
"html-keyboard-response","591","<div class=""chinese-character"" style=""color:#1f77b4;"">鸟</div>","b","238","2.1.0","274446","93y10e46f3","block1_then_block2","","","color_naming","","","","","","","","","鸟","niao3","","","","","","","","","1","","blue","b","blue","true","f1_11","bird","","","true","filler","false","null"
"html-keyboard-response","null","","null","239","2.1.0","275461","93y10e46f3","block1_then_block2","","","inter_trial_interval","","","","","","","","","","","","","","","","","","","","","","","","","","","","","","","",""
"html-keyboard-response","null","<div class=""fixation"">+</div>","null","240","2.1.0","275971","93y10e46f3","block1_then_block2","","","fixation","","","","","","","","","","","","","","","","","","","","","","","","","","","","","","","",""
"html-keyboard-response","811","<div class=""chinese-character"" style=""color:#d6b300;"">城</div>","y","241","2.1.0","276783","93y10e46f3","block1_then_block2","","","color_naming","","","","","","","","","城","cheng2","","","","","","","","","1","","yellow","y","yellow","true","f1_22","city","","","true","filler","false","null"
"html-keyboard-response","null","","null","242","2.1.0","277798","93y10e46f3","block1_then_block2","","","inter_trial_interval","","","","","","","","","","","","","","","","","","","","","","","","","","","","","","","",""
"html-keyboard-response","null","<div class=""fixation"">+</div>","null","243","2.1.0","278303","93y10e46f3","block1_then_block2","","","fixation","","","","","","","","","","","","","","","","","","","","","","","","","","","","","","","",""
"html-keyboard-response","700","<div class=""chinese-character"" style=""color:#1f77b4;"">窗</div>","b","244","2.1.0","279004","93y10e46f3","block1_then_block2","","","color_naming","","","","","","","","","窗","chuang1","","","","","","","","","1","","blue","b","blue","true","f1_15","window","","","true","filler","false","null"
"html-keyboard-response","null","","null","245","2.1.0","280015","93y10e46f3","block1_then_block2","","","inter_trial_interval","","","","","","","","","","","","","","","","","","","","","","","","","","","","","","","",""
"html-keyboard-response","null","<div class=""fixation"">+</div>","null","246","2.1.0","280519","93y10e46f3","block1_then_block2","","","fixation","","","","","","","","","","","","","","","","","","","","","","","","","","","","","","","",""
"html-keyboard-response","534","<div class=""chinese-character"" style=""color:#1f77b4;"">月</div>","b","247","2.1.0","281053","93y10e46f3","block1_then_block2","","","color_naming","","","","","","","","","月","yue4","","","","","","","","","1","","blue","b","blue","true","f1_7","moon","","","true","filler","false","null"
"html-keyboard-response","null","","null","248","2.1.0","282062","93y10e46f3","block1_then_block2","","","inter_trial_interval","","","","","","","","","","","","","","","","","","","","","","","","","","","","","","","",""
"html-keyboard-response","null","<div class=""fixation"">+</div>","null","249","2.1.0","282568","93y10e46f3","block1_then_block2","","","fixation","","","","","","","","","","","","","","","","","","","","","","","","","","","","","","","",""
"html-keyboard-response","905","<div class=""chinese-character"" style=""color:#d6b300;"">路</div>","y","250","2.1.0","283473","93y10e46f3","block1_then_block2","","","color_naming","","","","","","","","","路","lu4","","","","","","","","","1","","yellow","y","yellow","true","f1_14","road","","","true","filler","false","null"
"html-keyboard-response","null","","null","251","2.1.0","284481","93y10e46f3","block1_then_block2","","","inter_trial_interval","","","","","","","","","","","","","","","","","","","","","","","","","","","","","","","",""
"html-keyboard-response","null","<div class=""fixation"">+</div>","null","252","2.1.0","284985","93y10e46f3","block1_then_block2","","","fixation","","","","","","","","","","","","","","","","","","","","","","","","","","","","","","","",""
"html-keyboard-response","632","<div class=""chinese-character"" style=""color:#d6b300;"">缠</div>","y","253","2.1.0","285618","93y10e46f3","block1_then_block2","","","color_naming","","","","","","","","","缠","chan2","","","","","","","","","1","","yellow","y","yellow","true","yellow","wrap around","","","false","congruent_S_minus_T_plus","true","1"
"html-keyboard-response","null","","null","254","2.1.0","286632","93y10e46f3","block1_then_block2","","","inter_trial_interval","","","","","","","","","","","","","","","","","","","","","","","","","","","","","","","",""
"html-keyboard-response","null","<div class=""fixation"">+</div>","null","255","2.1.0","287149","93y10e46f3","block1_then_block2","","","fixation","","","","","","","","","","","","","","","","","","","","","","","","","","","","","","","",""
"html-keyboard-response","820","<div class=""chinese-character"" style=""color:#2ca02c;"">茶</div>","g","256","2.1.0","287970","93y10e46f3","block1_then_block2","","","color_naming","","","","","","","","","茶","cha2","","","","","","","","","1","","green","g","green","true","f1_20","tea","","","true","filler","false","null"
"html-keyboard-response","null","","null","257","2.1.0","288975","93y10e46f3","block1_then_block2","","","inter_trial_interval","","","","","","","","","","","","","","","","","","","","","","","","","","","","","","","",""
"html-keyboard-response","null","<div class=""fixation"">+</div>","null","258","2.1.0","289476","93y10e46f3","block1_then_block2","","","fixation","","","","","","","","","","","","","","","","","","","","","","","","","","","","","","","",""
"html-keyboard-response","637","<div class=""chinese-character"" style=""color:#d62728;"">云</div>","r","259","2.1.0","290114","93y10e46f3","block1_then_block2","","","color_naming","","","","","","","","","云","yun2","","","","","","","","","1","","red","r","red","true","f1_9","cloud","","","true","filler","false","null"
"html-keyboard-response","null","","null","260","2.1.0","291130","93y10e46f3","block1_then_block2","","","inter_trial_interval","","","","","","","","","","","","","","","","","","","","","","","","","","","","","","","",""
"html-keyboard-response","null","<div class=""fixation"">+</div>","null","261","2.1.0","291646","93y10e46f3","block1_then_block2","","","fixation","","","","","","","","","","","","","","","","","","","","","","","","","","","","","","","",""
"html-keyboard-response","1220","<div class=""chinese-character"" style=""color:#2ca02c;"">黄</div>","g","262","2.1.0","292867","93y10e46f3","block1_then_block2","","","color_naming","","","","","","","","","黄","huang2","","","","","","","","","1","","green","g","green","true","yellow","yellow","","","false","incongruent_color_character","true","1"
"html-keyboard-response","null","","null","263","2.1.0","293875","93y10e46f3","block1_then_block2","","","inter_trial_interval","","","","","","","","","","","","","","","","","","","","","","","","","","","","","","","",""
"html-keyboard-response","null","<div class=""fixation"">+</div>","null","264","2.1.0","294390","93y10e46f3","block1_then_block2","","","fixation","","","","","","","","","","","","","","","","","","","","","","","","","","","","","","","",""
"html-keyboard-response","757","<div class=""chinese-character"" style=""color:#1f77b4;"">览</div>","b","265","2.1.0","295148","93y10e46f3","block1_then_block2","","","color_naming","","","","","","","","","览","lan3","","","","","","","","","1","","blue","b","blue","true","blue","view","","","false","congruent_S_plus_T_minus","true","1"
"html-keyboard-response","null","","null","266","2.1.0","296161","93y10e46f3","block1_then_block2","","","inter_trial_interval","","","","","","","","","","","","","","","","","","","","","","","","","","","","","","","",""
"html-keyboard-response","null","<div class=""fixation"">+</div>","null","267","2.1.0","296666","93y10e46f3","block1_then_block2","","","fixation","","","","","","","","","","","","","","","","","","","","","","","","","","","","","","","",""
"html-keyboard-response","843","<div class=""chinese-character"" style=""color:#d62728;"">洪</div>","r","268","2.1.0","297510","93y10e46f3","block1_then_block2","","","color_naming","","","","","","","","","洪","hong2","","","","","","","","","1","","red","r","red","true","red","flood","","","false","congruent_S_T_plus","true","1"
"html-keyboard-response","null","","null","269","2.1.0","298525","93y10e46f3","block1_then_block2","","","inter_trial_interval","","","","","","","","","","","","","","","","","","","","","","","","","","","","","","","",""
"html-keyboard-response","null","<div class=""fixation"">+</div>","null","270","2.1.0","299031","93y10e46f3","block1_then_block2","","","fixation","","","","","","","","","","","","","","","","","","","","","","","","","","","","","","","",""
"html-keyboard-response","710","<div class=""chinese-character"" style=""color:#d6b300;"">黄</div>","y","271","2.1.0","299741","93y10e46f3","block1_then_block2","","","color_naming","","","","","","","","","黄","huang2","","","","","","","","","1","","yellow","y","yellow","true","yellow","yellow","","","false","congruent_color_character","true","1"
"html-keyboard-response","null","","null","272","2.1.0","300755","93y10e46f3","block1_then_block2","","","inter_trial_interval","","","","","","","","","","","","","","","","","","","","","","","","","","","","","","","",""
"html-keyboard-response","null","<div class=""fixation"">+</div>","null","273","2.1.0","301262","93y10e46f3","block1_then_block2","","","fixation","","","","","","","","","","","","","","","","","","","","","","","","","","","","","","","",""
"html-keyboard-response","616","<div class=""chinese-character"" style=""color:#d62728;"">雨</div>","r","274","2.1.0","301879","93y10e46f3","block1_then_block2","","","color_naming","","","","","","","","","雨","yu3","","","","","","","","","1","","red","r","red","true","f1_17","rain","","","true","filler","false","null"
"html-keyboard-response","null","","null","275","2.1.0","302891","93y10e46f3","block1_then_block2","","","inter_trial_interval","","","","","","","","","","","","","","","","","","","","","","","","","","","","","","","",""
"html-keyboard-response","null","<div class=""fixation"">+</div>","null","276","2.1.0","303397","93y10e46f3","block1_then_block2","","","fixation","","","","","","","","","","","","","","","","","","","","","","","","","","","","","","","",""
"html-keyboard-response","955","<div class=""chinese-character"" style=""color:#2ca02c;"">旅</div>","g","277","2.1.0","304353","93y10e46f3","block1_then_block2","","","color_naming","","","","","","","","","旅","lv3","","","","","","","","","1","","green","g","green","true","green","travel","","","false","congruent_S_plus_T_minus","true","1"
"html-keyboard-response","null","","null","278","2.1.0","305358","93y10e46f3","block1_then_block2","","","inter_trial_interval","","","","","","","","","","","","","","","","","","","","","","","","","","","","","","","",""
"html-keyboard-response","null","<div class=""fixation"">+</div>","null","279","2.1.0","305862","93y10e46f3","block1_then_block2","","","fixation","","","","","","","","","","","","","","","","","","","","","","","","","","","","","","","",""
"html-keyboard-response","774","<div class=""chinese-character"" style=""color:#d62728;"">瓶</div>","r","280","2.1.0","306637","93y10e46f3","block1_then_block2","","","color_naming","","","","","","","","","瓶","ping2","","","","","","","","","1","","red","r","red","true","red","bottle","","","false","congruent_S_minus_T_plus","true","1"
"html-keyboard-response","null","","null","281","2.1.0","307647","93y10e46f3","block1_then_block2","","","inter_trial_interval","","","","","","","","","","","","","","","","","","","","","","","","","","","","","","","",""
"html-keyboard-response","null","<div class=""fixation"">+</div>","null","282","2.1.0","308158","93y10e46f3","block1_then_block2","","","fixation","","","","","","","","","","","","","","","","","","","","","","","","","","","","","","","",""
"html-keyboard-response","642","<div class=""chinese-character"" style=""color:#2ca02c;"">涂</div>","g","283","2.1.0","308801","93y10e46f3","block1_then_block2","","","color_naming","","","","","","","","","涂","tu2","","","","","","","","","1","","green","g","green","true","green","paint","","","false","neutral","true","1"
"html-keyboard-response","null","","null","284","2.1.0","309817","93y10e46f3","block1_then_block2","","","inter_trial_interval","","","","","","","","","","","","","","","","","","","","","","","","","","","","","","","",""
"html-keyboard-response","null","<div class=""fixation"">+</div>","null","285","2.1.0","310326","93y10e46f3","block1_then_block2","","","fixation","","","","","","","","","","","","","","","","","","","","","","","","","","","","","","","",""
"html-keyboard-response","637","<div class=""chinese-character"" style=""color:#1f77b4;"">宫</div>","b","286","2.1.0","310964","93y10e46f3","block1_then_block2","","","color_naming","","","","","","","","","宫","gong1","","","","","","","","","1","","blue","b","blue","true","blue","palace","","","false","neutral","true","1"
"html-keyboard-response","null","","null","287","2.1.0","311976","93y10e46f3","block1_then_block2","","","inter_trial_interval","","","","","","","","","","","","","","","","","","","","","","","","","","","","","","","",""
"html-keyboard-response","null","<div class=""fixation"">+</div>","null","288","2.1.0","312477","93y10e46f3","block1_then_block2","","","fixation","","","","","","","","","","","","","","","","","","","","","","","","","","","","","","","",""
"html-keyboard-response","770","<div class=""chinese-character"" style=""color:#d62728;"">家</div>","r","289","2.1.0","313248","93y10e46f3","block1_then_block2","","","color_naming","","","","","","","","","家","jia1","","","","","","","","","1","","red","r","red","true","f1_13","home","","","true","filler","false","null"
"html-keyboard-response","null","","null","290","2.1.0","314254","93y10e46f3","block1_then_block2","","","inter_trial_interval","","","","","","","","","","","","","","","","","","","","","","","","","","","","","","","",""
"html-keyboard-response","null","<div class=""fixation"">+</div>","null","291","2.1.0","314761","93y10e46f3","block1_then_block2","","","fixation","","","","","","","","","","","","","","","","","","","","","","","","","","","","","","","",""
"html-keyboard-response","498","<div class=""chinese-character"" style=""color:#d62728;"">车</div>","r","292","2.1.0","315259","93y10e46f3","block1_then_block2","","","color_naming","","","","","","","","","车","che1","","","","","","","","","1","","red","r","red","true","f1_5","car","","","true","filler","false","null"
"html-keyboard-response","null","","null","293","2.1.0","316267","93y10e46f3","block1_then_block2","","","inter_trial_interval","","","","","","","","","","","","","","","","","","","","","","","","","","","","","","","",""
"html-keyboard-response","null","<div class=""fixation"">+</div>","null","294","2.1.0","316780","93y10e46f3","block1_then_block2","","","fixation","","","","","","","","","","","","","","","","","","","","","","","","","","","","","","","",""
"html-keyboard-response","697","<div class=""chinese-character"" style=""color:#d62728;"">牵</div>","r","295","2.1.0","317478","93y10e46f3","block1_then_block2","","","color_naming","","","","","","","","","牵","qian1","","","","","","","","","1","","red","r","red","true","red","lead along","","","false","neutral","true","1"
"html-keyboard-response","null","","null","296","2.1.0","318487","93y10e46f3","block1_then_block2","","","inter_trial_interval","","","","","","","","","","","","","","","","","","","","","","","","","","","","","","","",""
"html-keyboard-response","null","<div class=""fixation"">+</div>","null","297","2.1.0","318996","93y10e46f3","block1_then_block2","","","fixation","","","","","","","","","","","","","","","","","","","","","","","","","","","","","","","",""
"html-keyboard-response","719","<div class=""chinese-character"" style=""color:#2ca02c;"">石</div>","g","298","2.1.0","319716","93y10e46f3","block1_then_block2","","","color_naming","","","","","","","","","石","shi2","","","","","","","","","1","","green","g","green","true","f1_24","stone","","","true","filler","false","null"
"html-keyboard-response","null","","null","299","2.1.0","320732","93y10e46f3","block1_then_block2","","","inter_trial_interval","","","","","","","","","","","","","","","","","","","","","","","","","","","","","","","",""
"html-keyboard-response","null","<div class=""fixation"">+</div>","null","300","2.1.0","321241","93y10e46f3","block1_then_block2","","","fixation","","","","","","","","","","","","","","","","","","","","","","","","","","","","","","","",""
"html-keyboard-response","941","<div class=""chinese-character"" style=""color:#d62728;"">蓝</div>","r","301","2.1.0","322183","93y10e46f3","block1_then_block2","","","color_naming","","","","","","","","","蓝","lan2","","","","","","","","","1","","red","r","red","true","blue","blue","","","false","incongruent_color_character","true","1"
"html-keyboard-response","null","","null","302","2.1.0","323197","93y10e46f3","block1_then_block2","","","inter_trial_interval","","","","","","","","","","","","","","","","","","","","","","","","","","","","","","","",""
"html-keyboard-response","null","<div class=""fixation"">+</div>","null","303","2.1.0","323705","93y10e46f3","block1_then_block2","","","fixation","","","","","","","","","","","","","","","","","","","","","","","","","","","","","","","",""
"html-keyboard-response","757","<div class=""chinese-character"" style=""color:#1f77b4;"">婪</div>","b","304","2.1.0","324464","93y10e46f3","block1_then_block2","","","color_naming","","","","","","","","","婪","lan2","","","","","","","","","1","","blue","b","blue","true","blue","greedy","","","false","congruent_S_T_plus","true","1"
"html-keyboard-response","null","","null","305","2.1.0","325474","93y10e46f3","block1_then_block2","","","inter_trial_interval","","","","","","","","","","","","","","","","","","","","","","","","","","","","","","","",""
"html-keyboard-response","null","<div class=""fixation"">+</div>","null","306","2.1.0","325979","93y10e46f3","block1_then_block2","","","fixation","","","","","","","","","","","","","","","","","","","","","","","","","","","","","","","",""
"html-keyboard-response","1090","<div class=""chinese-character"" style=""color:#2ca02c;"">鱼</div>","g","307","2.1.0","327070","93y10e46f3","block1_then_block2","","","color_naming","","","","","","","","","鱼","yu2","","","","","","","","","1","","green","g","green","true","f1_12","fish","","","true","filler","false","null"
"html-keyboard-response","null","","null","308","2.1.0","328082","93y10e46f3","block1_then_block2","","","inter_trial_interval","","","","","","","","","","","","","","","","","","","","","","","","","","","","","","","",""
"html-keyboard-response","null","<div class=""fixation"">+</div>","null","309","2.1.0","328589","93y10e46f3","block1_then_block2","","","fixation","","","","","","","","","","","","","","","","","","","","","","","","","","","","","","","",""
"html-keyboard-response","451","<div class=""chinese-character"" style=""color:#2ca02c;"">手</div>","g","310","2.1.0","329041","93y10e46f3","block1_then_block2","","","color_naming","","","","","","","","","手","shou3","","","","","","","","","1","","green","g","green","true","f1_8","hand","","","true","filler","false","null"
"html-keyboard-response","null","","null","311","2.1.0","330051","93y10e46f3","block1_then_block2","","","inter_trial_interval","","","","","","","","","","","","","","","","","","","","","","","","","","","","","","","",""
"html-keyboard-response","null","<div class=""fixation"">+</div>","null","312","2.1.0","330558","93y10e46f3","block1_then_block2","","","fixation","","","","","","","","","","","","","","","","","","","","","","","","","","","","","","","",""
"html-keyboard-response","444","<div class=""chinese-character"" style=""color:#1f77b4;"">蓝</div>","b","313","2.1.0","331003","93y10e46f3","block1_then_block2","","","color_naming","","","","","","","","","蓝","lan2","","","","","","","","","1","","blue","b","blue","true","blue","blue","","","false","congruent_color_character","true","1"
"html-keyboard-response","null","","null","314","2.1.0","332005","93y10e46f3","block1_then_block2","","","inter_trial_interval","","","","","","","","","","","","","","","","","","","","","","","","","","","","","","","",""
"html-keyboard-response","null","<div class=""fixation"">+</div>","null","315","2.1.0","332514","93y10e46f3","block1_then_block2","","","fixation","","","","","","","","","","","","","","","","","","","","","","","","","","","","","","","",""
"html-keyboard-response","576","<div class=""chinese-character"" style=""color:#d6b300;"">桥</div>","y","316","2.1.0","333091","93y10e46f3","block1_then_block2","","","color_naming","","","","","","","","","桥","qiao2","","","","","","","","","1","","yellow","y","yellow","true","f1_18","bridge","","","true","filler","false","null"
"html-keyboard-response","null","","null","317","2.1.0","334101","93y10e46f3","block1_then_block2","","","inter_trial_interval","","","","","","","","","","","","","","","","","","","","","","","","","","","","","","","",""
"html-keyboard-response","null","<div class=""fixation"">+</div>","null","318","2.1.0","334604","93y10e46f3","block1_then_block2","","","fixation","","","","","","","","","","","","","","","","","","","","","","","","","","","","","","","",""
"html-keyboard-response","485","<div class=""chinese-character"" style=""color:#d62728;"">轰</div>","r","319","2.1.0","335090","93y10e46f3","block1_then_block2","","","color_naming","","","","","","","","","轰","hong1","","","","","","","","","1","","red","r","red","true","red","boom","","","false","congruent_S_plus_T_minus","true","1"
"html-keyboard-response","null","","null","320","2.1.0","336099","93y10e46f3","block1_then_block2","","","inter_trial_interval","","","","","","","","","","","","","","","","","","","","","","","","","","","","","","","",""
"html-keyboard-response","null","<div class=""fixation"">+</div>","null","321","2.1.0","336607","93y10e46f3","block1_then_block2","","","fixation","","","","","","","","","","","","","","","","","","","","","","","","","","","","","","","",""
"html-keyboard-response","675","<div class=""chinese-character"" style=""color:#d6b300;"">花</div>","g","322","2.1.0","337283","93y10e46f3","block1_then_block2","","","color_naming","","","","","","","","","花","hua1","","","","","","","","","1","","yellow","y","green","false","f1_6","flower","","","true","filler","false","null"
"html-keyboard-response","null","","null","323","2.1.0","338286","93y10e46f3","block1_then_block2","","","inter_trial_interval","","","","","","","","","","","","","","","","","","","","","","","","","","","","","","","",""
"html-keyboard-response","3859","
    <div class=""instructions"">
      <h2>Short Break</h2>
      <p>You have completed the first half of the experiment.</p>
      <p>Press <strong>Space</strong> when you are ready to continue.</p>
    </div>
  "," ","324","2.1.0","342149","93y10e46f3","block1_then_block2","","","","","","","","","","","","","","","","","","","","","","","","","","","","","","","","","","",""
"html-keyboard-response","5827","
      <div class=""instructions"">
        <h2>Chinese Character Naming — Block 2</h2>
        <p>You will see Chinese characters printed in black.</p>
        <p>Please <strong>say the character aloud in Mandarin</strong> as quickly and accurately as possible.</p>
        <p>After speaking, press <strong>Space</strong> to move to the next character immediately.</p>
        <p>Your voice will be recorded so we can verify your responses.</p>
        <p>Press <strong>Space</strong> to begin.</p>
      </div>
    "," ","325","2.1.0","347977","93y10e46f3","block1_then_block2","","","","","","","","","","","","","","","","","","","","","","","","","","","","","","","","","","",""
"html-keyboard-response","null","<div class=""fixation"">+</div>","null","326","2.1.0","348483","93y10e46f3","block1_then_block2","","","fixation","","","","","","","","","","","","","","","","","","","","","","","","","","","","","","","",""
"html-keyboard-response","1138","
      <div class=""chinese-character"" style=""color:#000000;"">田</div>
      <div style=""margin-top:32px; font-size:16px; color:#555; font-family:Arial,sans-serif;"">
        Say the character aloud, then press <strong>Space</strong>.
      </div>
    "," ","327","2.1.0","349623","93y10e46f3","block1_then_block2","","","character_naming","","","","","","","","","田","tian2","character_naming_f2_24_block2_norep","1138","true","true","18650","93y10e46f3_character_naming_f2_24_block2_norep.webm","true","{""message"":""Success""}","2","","","","","","f2_24","field","filler","green","true","","",""
"html-keyboard-response","null","","null","328","2.1.0","349728","93y10e46f3","block1_then_block2","","","inter_trial_interval","","","","","","","","","","","","","","","","","","","","","","","","","","","","","","","",""
"html-keyboard-response","null","<div class=""fixation"">+</div>","null","329","2.1.0","350232","93y10e46f3","block1_then_block2","","","fixation","","","","","","","","","","","","","","","","","","","","","","","","","","","","","","","",""
"html-keyboard-response","1020","
      <div class=""chinese-character"" style=""color:#000000;"">衣</div>
      <div style=""margin-top:32px; font-size:16px; color:#555; font-family:Arial,sans-serif;"">
        Say the character aloud, then press <strong>Space</strong>.
      </div>
    "," ","330","2.1.0","351253","93y10e46f3","block1_then_block2","","","character_naming","","","","","","","","","衣","yi1","character_naming_f2_17_block2_norep","1020","true","true","16718","93y10e46f3_character_naming_f2_17_block2_norep.webm","true","{""message"":""Success""}","2","","","","","","f2_17","clothing","filler","red","true","","",""
"html-keyboard-response","null","","null","331","2.1.0","351358","93y10e46f3","block1_then_block2","","","inter_trial_interval","","","","","","","","","","","","","","","","","","","","","","","","","","","","","","","",""
"html-keyboard-response","null","<div class=""fixation"">+</div>","null","332","2.1.0","351865","93y10e46f3","block1_then_block2","","","fixation","","","","","","","","","","","","","","","","","","","","","","","","","","","","","","","",""
"html-keyboard-response","1033","
      <div class=""chinese-character"" style=""color:#000000;"">草</div>
      <div style=""margin-top:32px; font-size:16px; color:#555; font-family:Arial,sans-serif;"">
        Say the character aloud, then press <strong>Space</strong>.
      </div>
    "," ","333","2.1.0","352899","93y10e46f3","block1_then_block2","","","character_naming","","","","","","","","","草","cao3","character_naming_f2_19_block2_norep","1033","true","true","16718","93y10e46f3_character_naming_f2_19_block2_norep.webm","true","{""message"":""Success""}","2","","","","","","f2_19","grass","filler","blue","true","","",""
"html-keyboard-response","null","","null","334","2.1.0","353000","93y10e46f3","block1_then_block2","","","inter_trial_interval","","","","","","","","","","","","","","","","","","","","","","","","","","","","","","","",""
"html-keyboard-response","null","<div class=""fixation"">+</div>","null","335","2.1.0","353508","93y10e46f3","block1_then_block2","","","fixation","","","","","","","","","","","","","","","","","","","","","","","","","","","","","","","",""
"html-keyboard-response","1180","
      <div class=""chinese-character"" style=""color:#000000;"">缠</div>
      <div style=""margin-top:32px; font-size:16px; color:#555; font-family:Arial,sans-serif;"">
        Say the character aloud, then press <strong>Space</strong>.
      </div>
    "," ","336","2.1.0","354689","93y10e46f3","block1_then_block2","","","character_naming","","","","","","","","","缠","chan2","character_naming_yellow_block2_rep2","1180","true","true","18650","93y10e46f3_character_naming_yellow_block2_rep2.webm","true","{""message"":""Success""}","2","","","","","","yellow","wrap around","congruent_S_minus_T_plus","yellow","false","","",""
"html-keyboard-response","null","","null","337","2.1.0","354798","93y10e46f3","block1_then_block2","","","inter_trial_interval","","","","","","","","","","","","","","","","","","","","","","","","","","","","","","","",""
"html-keyboard-response","null","<div class=""fixation"">+</div>","null","338","2.1.0","355315","93y10e46f3","block1_then_block2","","","fixation","","","","","","","","","","","","","","","","","","","","","","","","","","","","","","","",""
"html-keyboard-response","1241","
      <div class=""chinese-character"" style=""color:#000000;"">电</div>
      <div style=""margin-top:32px; font-size:16px; color:#555; font-family:Arial,sans-serif;"">
        Say the character aloud, then press <strong>Space</strong>.
      </div>
    "," ","339","2.1.0","356557","93y10e46f3","block1_then_block2","","","character_naming","","","","","","","","","电","dian4","character_naming_f2_15_block2_norep","1241","true","true","19616","93y10e46f3_character_naming_f2_15_block2_norep.webm","true","{""message"":""Success""}","2","","","","","","f2_15","electricity","filler","blue","true","","",""
"html-keyboard-response","null","","null","340","2.1.0","356659","93y10e46f3","block1_then_block2","","","inter_trial_interval","","","","","","","","","","","","","","","","","","","","","","","","","","","","","","","",""
"html-keyboard-response","null","<div class=""fixation"">+</div>","null","341","2.1.0","357165","93y10e46f3","block1_then_block2","","","fixation","","","","","","","","","","","","","","","","","","","","","","","","","","","","","","","",""
"html-keyboard-response","972","
      <div class=""chinese-character"" style=""color:#000000;"">旅</div>
      <div style=""margin-top:32px; font-size:16px; color:#555; font-family:Arial,sans-serif;"">
        Say the character aloud, then press <strong>Space</strong>.
      </div>
    "," ","342","2.1.0","358138","93y10e46f3","block1_then_block2","","","character_naming","","","","","","","","","旅","lv3","character_naming_green_block2_rep2","972","true","true","15752","93y10e46f3_character_naming_green_block2_rep2.webm","true","{""message"":""Success""}","2","","","","","","green","travel","congruent_S_plus_T_minus","green","false","","",""
"html-keyboard-response","null","","null","343","2.1.0","358247","93y10e46f3","block1_then_block2","","","inter_trial_interval","","","","","","","","","","","","","","","","","","","","","","","","","","","","","","","",""
"html-keyboard-response","null","<div class=""fixation"">+</div>","null","344","2.1.0","358763","93y10e46f3","block1_then_block2","","","fixation","","","","","","","","","","","","","","","","","","","","","","","","","","","","","","","",""
"html-keyboard-response","993","
      <div class=""chinese-character"" style=""color:#000000;"">房</div>
      <div style=""margin-top:32px; font-size:16px; color:#555; font-family:Arial,sans-serif;"">
        Say the character aloud, then press <strong>Space</strong>.
      </div>
    "," ","345","2.1.0","359757","93y10e46f3","block1_then_block2","","","character_naming","","","","","","","","","房","fang2","character_naming_f2_8_block2_norep","993","true","true","15752","93y10e46f3_character_naming_f2_8_block2_norep.webm","true","{""message"":""Success""}","2","","","","","","f2_8","room","filler","green","true","","",""
"html-keyboard-response","null","","null","346","2.1.0","359864","93y10e46f3","block1_then_block2","","","inter_trial_interval","","","","","","","","","","","","","","","","","","","","","","","","","","","","","","","",""
"html-keyboard-response","null","<div class=""fixation"">+</div>","null","347","2.1.0","360378","93y10e46f3","block1_then_block2","","","fixation","","","","","","","","","","","","","","","","","","","","","","","","","","","","","","","",""
"html-keyboard-response","1113","
      <div class=""chinese-character"" style=""color:#000000;"">河</div>
      <div style=""margin-top:32px; font-size:16px; color:#555; font-family:Arial,sans-serif;"">
        Say the character aloud, then press <strong>Space</strong>.
      </div>
    "," ","348","2.1.0","361492","93y10e46f3","block1_then_block2","","","character_naming","","","","","","","","","河","he2","character_naming_f2_11_block2_norep","1113","true","true","17684","93y10e46f3_character_naming_f2_11_block2_norep.webm","true","{""message"":""Success""}","2","","","","","","f2_11","river","filler","blue","true","","",""
"html-keyboard-response","null","","null","349","2.1.0","361596","93y10e46f3","block1_then_block2","","","inter_trial_interval","","","","","","","","","","","","","","","","","","","","","","","","","","","","","","","",""
"html-keyboard-response","null","<div class=""fixation"">+</div>","null","350","2.1.0","362113","93y10e46f3","block1_then_block2","","","fixation","","","","","","","","","","","","","","","","","","","","","","","","","","","","","","","",""
"html-keyboard-response","1065","
      <div class=""chinese-character"" style=""color:#000000;"">览</div>
      <div style=""margin-top:32px; font-size:16px; color:#555; font-family:Arial,sans-serif;"">
        Say the character aloud, then press <strong>Space</strong>.
      </div>
    "," ","351","2.1.0","363179","93y10e46f3","block1_then_block2","","","character_naming","","","","","","","","","览","lan3","character_naming_blue_block2_rep2","1065","true","true","16718","93y10e46f3_character_naming_blue_block2_rep2.webm","true","{""message"":""Success""}","2","","","","","","blue","view","congruent_S_plus_T_minus","blue","false","","",""
"html-keyboard-response","null","","null","352","2.1.0","363280","93y10e46f3","block1_then_block2","","","inter_trial_interval","","","","","","","","","","","","","","","","","","","","","","","","","","","","","","","",""
"html-keyboard-response","null","<div class=""fixation"">+</div>","null","353","2.1.0","363795","93y10e46f3","block1_then_block2","","","fixation","","","","","","","","","","","","","","","","","","","","","","","","","","","","","","","",""
"html-keyboard-response","1278","
      <div class=""chinese-character"" style=""color:#000000;"">婪</div>
      <div style=""margin-top:32px; font-size:16px; color:#555; font-family:Arial,sans-serif;"">
        Say the character aloud, then press <strong>Space</strong>.
      </div>
    "," ","354","2.1.0","365074","93y10e46f3","block1_then_block2","","","character_naming","","","","","","","","","婪","lan2","character_naming_blue_block2_rep2","1278","true","true","20582","93y10e46f3_character_naming_blue_block2_rep2.webm","true","{""error"":null,""message"":""Data received. OSF upload will be retried automatically.""}","2","","","","","","blue","greedy","congruent_S_T_plus","blue","false","","",""
"html-keyboard-response","null","","null","355","2.1.0","365178","93y10e46f3","block1_then_block2","","","inter_trial_interval","","","","","","","","","","","","","","","","","","","","","","","","","","","","","","","",""
"html-keyboard-response","null","<div class=""fixation"">+</div>","null","356","2.1.0","365694","93y10e46f3","block1_then_block2","","","fixation","","","","","","","","","","","","","","","","","","","","","","","","","","","","","","","",""
"html-keyboard-response","1146","
      <div class=""chinese-character"" style=""color:#000000;"">海</div>
      <div style=""margin-top:32px; font-size:16px; color:#555; font-family:Arial,sans-serif;"">
        Say the character aloud, then press <strong>Space</strong>.
      </div>
    "," ","357","2.1.0","366841","93y10e46f3","block1_then_block2","","","character_naming","","","","","","","","","海","hai3","character_naming_f2_12_block2_norep","1146","true","true","18650","93y10e46f3_character_naming_f2_12_block2_norep.webm","true","{""message"":""Success""}","2","","","","","","f2_12","sea","filler","green","true","","",""
"html-keyboard-response","null","","null","358","2.1.0","366945","93y10e46f3","block1_then_block2","","","inter_trial_interval","","","","","","","","","","","","","","","","","","","","","","","","","","","","","","","",""
"html-keyboard-response","null","<div class=""fixation"">+</div>","null","359","2.1.0","367460","93y10e46f3","block1_then_block2","","","fixation","","","","","","","","","","","","","","","","","","","","","","","","","","","","","","","",""
"html-keyboard-response","1215","
      <div class=""chinese-character"" style=""color:#000000;"">蓝</div>
      <div style=""margin-top:32px; font-size:16px; color:#555; font-family:Arial,sans-serif;"">
        Say the character aloud, then press <strong>Space</strong>.
      </div>
    "," ","360","2.1.0","368676","93y10e46f3","block1_then_block2","","","character_naming","","","","","","","","","蓝","lan2","character_naming_blue_block2_rep2","1215","true","true","19616","93y10e46f3_character_naming_blue_block2_rep2.webm","true","{""error"":""OSF_FILE_EXISTS"",""message"":""The OSF file already exists. File names must be unique.""}","2","","","","","","blue","blue","incongruent_color_character","red","false","","",""
"html-keyboard-response","null","","null","361","2.1.0","368780","93y10e46f3","block1_then_block2","","","inter_trial_interval","","","","","","","","","","","","","","","","","","","","","","","","","","","","","","","",""
"html-keyboard-response","null","<div class=""fixation"">+</div>","null","362","2.1.0","369292","93y10e46f3","block1_then_block2","","","fixation","","","","","","","","","","","","","","","","","","","","","","","","","","","","","","","",""
"html-keyboard-response","1076","
      <div class=""chinese-character"" style=""color:#000000;"">洞</div>
      <div style=""margin-top:32px; font-size:16px; color:#555; font-family:Arial,sans-serif;"">
        Say the character aloud, then press <strong>Space</strong>.
      </div>
    "," ","363","2.1.0","370369","93y10e46f3","block1_then_block2","","","character_naming","","","","","","","","","洞","dong4","character_naming_green_block2_rep2","1076","true","true","17684","93y10e46f3_character_naming_green_block2_rep2.webm","true","{""error"":""OSF_FILE_EXISTS"",""message"":""The OSF file already exists. File names must be unique.""}","2","","","","","","green","hole","congruent_S_minus_T_plus","green","false","","",""
"html-keyboard-response","null","","null","364","2.1.0","370478","93y10e46f3","block1_then_block2","","","inter_trial_interval","","","","","","","","","","","","","","","","","","","","","","","","","","","","","","","",""
"html-keyboard-response","null","<div class=""fixation"">+</div>","null","365","2.1.0","370993","93y10e46f3","block1_then_block2","","","fixation","","","","","","","","","","","","","","","","","","","","","","","","","","","","","","","",""
"html-keyboard-response","1068","
      <div class=""chinese-character"" style=""color:#000000;"">星</div>
      <div style=""margin-top:32px; font-size:16px; color:#555; font-family:Arial,sans-serif;"">
        Say the character aloud, then press <strong>Space</strong>.
      </div>
    "," ","366","2.1.0","372062","93y10e46f3","block1_then_block2","","","character_naming","","","","","","","","","星","xing1","character_naming_f2_18_block2_norep","1068","true","true","16718","93y10e46f3_character_naming_f2_18_block2_norep.webm","true","{""message"":""Success""}","2","","","","","","f2_18","star","filler","yellow","true","","",""
"html-keyboard-response","null","","null","367","2.1.0","372178","93y10e46f3","block1_then_block2","","","inter_trial_interval","","","","","","","","","","","","","","","","","","","","","","","","","","","","","","","",""
"html-keyboard-response","null","<div class=""fixation"">+</div>","null","368","2.1.0","372693","93y10e46f3","block1_then_block2","","","fixation","","","","","","","","","","","","","","","","","","","","","","","","","","","","","","","",""
"html-keyboard-response","1096","
      <div class=""chinese-character"" style=""color:#000000;"">脸</div>
      <div style=""margin-top:32px; font-size:16px; color:#555; font-family:Arial,sans-serif;"">
        Say the character aloud, then press <strong>Space</strong>.
      </div>
    "," ","369","2.1.0","373790","93y10e46f3","block1_then_block2","","","character_naming","","","","","","","","","脸","lian3","character_naming_f2_13_block2_norep","1096","true","true","17684","93y10e46f3_character_naming_f2_13_block2_norep.webm","true","{""message"":""Success""}","2","","","","","","f2_13","face","filler","red","true","","",""
"html-keyboard-response","null","","null","370","2.1.0","373892","93y10e46f3","block1_then_block2","","","inter_trial_interval","","","","","","","","","","","","","","","","","","","","","","","","","","","","","","","",""
"html-keyboard-response","null","<div class=""fixation"">+</div>","null","371","2.1.0","374404","93y10e46f3","block1_then_block2","","","fixation","","","","","","","","","","","","","","","","","","","","","","","","","","","","","","","",""
"html-keyboard-response","1103","
      <div class=""chinese-character"" style=""color:#000000;"">影</div>
      <div style=""margin-top:32px; font-size:16px; color:#555; font-family:Arial,sans-serif;"">
        Say the character aloud, then press <strong>Space</strong>.
      </div>
    "," ","372","2.1.0","375507","93y10e46f3","block1_then_block2","","","character_naming","","","","","","","","","影","ying3","character_naming_f2_16_block2_norep","1103","true","true","17684","93y10e46f3_character_naming_f2_16_block2_norep.webm","true","{""message"":""Success""}","2","","","","","","f2_16","shadow/movie","filler","green","true","","",""
"html-keyboard-response","null","","null","373","2.1.0","375624","93y10e46f3","block1_then_block2","","","inter_trial_interval","","","","","","","","","","","","","","","","","","","","","","","","","","","","","","","",""
"html-keyboard-response","null","<div class=""fixation"">+</div>","null","374","2.1.0","376137","93y10e46f3","block1_then_block2","","","fixation","","","","","","","","","","","","","","","","","","","","","","","","","","","","","","","",""
"html-keyboard-response","997","
      <div class=""chinese-character"" style=""color:#000000;"">轰</div>
      <div style=""margin-top:32px; font-size:16px; color:#555; font-family:Arial,sans-serif;"">
        Say the character aloud, then press <strong>Space</strong>.
      </div>
    "," ","375","2.1.0","377134","93y10e46f3","block1_then_block2","","","character_naming","","","","","","","","","轰","hong1","character_naming_red_block2_rep2","997","true","true","15752","93y10e46f3_character_naming_red_block2_rep2.webm","true","{""message"":""Success""}","2","","","","","","red","boom","congruent_S_plus_T_minus","red","false","","",""
"html-keyboard-response","null","","null","376","2.1.0","377241","93y10e46f3","block1_then_block2","","","inter_trial_interval","","","","","","","","","","","","","","","","","","","","","","","","","","","","","","","",""
"html-keyboard-response","null","<div class=""fixation"">+</div>","null","377","2.1.0","377756","93y10e46f3","block1_then_block2","","","fixation","","","","","","","","","","","","","","","","","","","","","","","","","","","","","","","",""
"html-keyboard-response","1089","
      <div class=""chinese-character"" style=""color:#000000;"">蓝</div>
      <div style=""margin-top:32px; font-size:16px; color:#555; font-family:Arial,sans-serif;"">
        Say the character aloud, then press <strong>Space</strong>.
      </div>
    "," ","378","2.1.0","378846","93y10e46f3","block1_then_block2","","","character_naming","","","","","","","","","蓝","lan2","character_naming_blue_block2_rep2","1089","true","true","17684","93y10e46f3_character_naming_blue_block2_rep2.webm","true","{""error"":""OSF_FILE_EXISTS"",""message"":""The OSF file already exists. File names must be unique.""}","2","","","","","","blue","blue","congruent_color_character","blue","false","","",""
"html-keyboard-response","null","","null","379","2.1.0","378963","93y10e46f3","block1_then_block2","","","inter_trial_interval","","","","","","","","","","","","","","","","","","","","","","","","","","","","","","","",""
"html-keyboard-response","null","<div class=""fixation"">+</div>","null","380","2.1.0","379469","93y10e46f3","block1_then_block2","","","fixation","","","","","","","","","","","","","","","","","","","","","","","","","","","","","","","",""
"html-keyboard-response","1161","
      <div class=""chinese-character"" style=""color:#000000;"">涂</div>
      <div style=""margin-top:32px; font-size:16px; color:#555; font-family:Arial,sans-serif;"">
        Say the character aloud, then press <strong>Space</strong>.
      </div>
    "," ","381","2.1.0","380631","93y10e46f3","block1_then_block2","","","character_naming","","","","","","","","","涂","tu2","character_naming_green_block2_rep2","1161","true","true","18650","93y10e46f3_character_naming_green_block2_rep2.webm","true","{""error"":""OSF_FILE_EXISTS"",""message"":""The OSF file already exists. File names must be unique.""}","2","","","","","","green","paint","neutral","green","false","","",""
"html-keyboard-response","null","","null","382","2.1.0","380741","93y10e46f3","block1_then_block2","","","inter_trial_interval","","","","","","","","","","","","","","","","","","","","","","","","","","","","","","","",""
"html-keyboard-response","null","<div class=""fixation"">+</div>","null","383","2.1.0","381255","93y10e46f3","block1_then_block2","","","fixation","","","","","","","","","","","","","","","","","","","","","","","","","","","","","","","",""
"html-keyboard-response","1139","
      <div class=""chinese-character"" style=""color:#000000;"">饭</div>
      <div style=""margin-top:32px; font-size:16px; color:#555; font-family:Arial,sans-serif;"">
        Say the character aloud, then press <strong>Space</strong>.
      </div>
    "," ","384","2.1.0","382395","93y10e46f3","block1_then_block2","","","character_naming","","","","","","","","","饭","fan4","character_naming_f2_14_block2_norep","1139","true","true","18650","93y10e46f3_character_naming_f2_14_block2_norep.webm","true","{""message"":""Success""}","2","","","","","","f2_14","meal","filler","yellow","true","","",""
"html-keyboard-response","null","","null","385","2.1.0","382507","93y10e46f3","block1_then_block2","","","inter_trial_interval","","","","","","","","","","","","","","","","","","","","","","","","","","","","","","","",""
"html-keyboard-response","null","<div class=""fixation"">+</div>","null","386","2.1.0","383022","93y10e46f3","block1_then_block2","","","fixation","","","","","","","","","","","","","","","","","","","","","","","","","","","","","","","",""
"html-keyboard-response","1109","
      <div class=""chinese-character"" style=""color:#000000;"">尝</div>
      <div style=""margin-top:32px; font-size:16px; color:#555; font-family:Arial,sans-serif;"">
        Say the character aloud, then press <strong>Space</strong>.
      </div>
    "," ","387","2.1.0","384132","93y10e46f3","block1_then_block2","","","character_naming","","","","","","","","","尝","chang2","character_naming_blue_block2_rep2","1109","true","true","17684","93y10e46f3_character_naming_blue_block2_rep2.webm","true","{""error"":""OSF_FILE_EXISTS"",""message"":""The OSF file already exists. File names must be unique.""}","2","","","","","","blue","taste","congruent_S_minus_T_plus","blue","false","","",""
"html-keyboard-response","null","","null","388","2.1.0","384240","93y10e46f3","block1_then_block2","","","inter_trial_interval","","","","","","","","","","","","","","","","","","","","","","","","","","","","","","","",""
"html-keyboard-response","null","<div class=""fixation"">+</div>","null","389","2.1.0","384743","93y10e46f3","block1_then_block2","","","fixation","","","","","","","","","","","","","","","","","","","","","","","","","","","","","","","",""
"html-keyboard-response","1403","
      <div class=""chinese-character"" style=""color:#000000;"">晃</div>
      <div style=""margin-top:32px; font-size:16px; color:#555; font-family:Arial,sans-serif;"">
        Say the character aloud, then press <strong>Space</strong>.
      </div>
    "," ","390","2.1.0","386146","93y10e46f3","block1_then_block2","","","character_naming","","","","","","","","","晃","huang4","character_naming_yellow_block2_rep2","1403","true","true","22514","93y10e46f3_character_naming_yellow_block2_rep2.webm","true","{""error"":""OSF_FILE_EXISTS"",""message"":""The OSF file already exists. File names must be unique.""}","2","","","","","","yellow","sway","congruent_S_plus_T_minus","yellow","false","","",""
"html-keyboard-response","null","","null","391","2.1.0","386255","93y10e46f3","block1_then_block2","","","inter_trial_interval","","","","","","","","","","","","","","","","","","","","","","","","","","","","","","","",""
"html-keyboard-response","null","<div class=""fixation"">+</div>","null","392","2.1.0","386769","93y10e46f3","block1_then_block2","","","fixation","","","","","","","","","","","","","","","","","","","","","","","","","","","","","","","",""
"html-keyboard-response","1252","
      <div class=""chinese-character"" style=""color:#000000;"">宫</div>
      <div style=""margin-top:32px; font-size:16px; color:#555; font-family:Arial,sans-serif;"">
        Say the character aloud, then press <strong>Space</strong>.
      </div>
    "," ","393","2.1.0","388022","93y10e46f3","block1_then_block2","","","character_naming","","","","","","","","","宫","gong1","character_naming_blue_block2_rep2","1252","true","true","19616","93y10e46f3_character_naming_blue_block2_rep2.webm","true","{""error"":""OSF_FILE_EXISTS"",""message"":""The OSF file already exists. File names must be unique.""}","2","","","","","","blue","palace","neutral","blue","false","","",""
"html-keyboard-response","null","","null","394","2.1.0","388129","93y10e46f3","block1_then_block2","","","inter_trial_interval","","","","","","","","","","","","","","","","","","","","","","","","","","","","","","","",""
"html-keyboard-response","null","<div class=""fixation"">+</div>","null","395","2.1.0","388631","93y10e46f3","block1_then_block2","","","fixation","","","","","","","","","","","","","","","","","","","","","","","","","","","","","","","",""
"html-keyboard-response","1552","
      <div class=""chinese-character"" style=""color:#000000;"">钟</div>
      <div style=""margin-top:32px; font-size:16px; color:#555; font-family:Arial,sans-serif;"">
        Say the character aloud, then press <strong>Space</strong>.
      </div>
    "," ","396","2.1.0","390183","93y10e46f3","block1_then_block2","","","character_naming","","","","","","","","","钟","zhong1","character_naming_f2_10_block2_norep","1552","true","true","24446","93y10e46f3_character_naming_f2_10_block2_norep.webm","true","{""message"":""Success""}","2","","","","","","f2_10","clock","filler","yellow","true","","",""
"html-keyboard-response","null","","null","397","2.1.0","390289","93y10e46f3","block1_then_block2","","","inter_trial_interval","","","","","","","","","","","","","","","","","","","","","","","","","","","","","","","",""
"html-keyboard-response","null","<div class=""fixation"">+</div>","null","398","2.1.0","390792","93y10e46f3","block1_then_block2","","","fixation","","","","","","","","","","","","","","","","","","","","","","","","","","","","","","","",""
"html-keyboard-response","1141","
      <div class=""chinese-character"" style=""color:#000000;"">球</div>
      <div style=""margin-top:32px; font-size:16px; color:#555; font-family:Arial,sans-serif;"">
        Say the character aloud, then press <strong>Space</strong>.
      </div>
    "," ","399","2.1.0","391934","93y10e46f3","block1_then_block2","","","character_naming","","","","","","","","","球","qiu2","character_naming_f2_9_block2_norep","1141","true","true","18650","93y10e46f3_character_naming_f2_9_block2_norep.webm","true","{""message"":""Success""}","2","","","","","","f2_9","ball","filler","red","true","","",""
"html-keyboard-response","null","","null","400","2.1.0","392039","93y10e46f3","block1_then_block2","","","inter_trial_interval","","","","","","","","","","","","","","","","","","","","","","","","","","","","","","","",""
"html-keyboard-response","null","<div class=""fixation"">+</div>","null","401","2.1.0","392554","93y10e46f3","block1_then_block2","","","fixation","","","","","","","","","","","","","","","","","","","","","","","","","","","","","","","",""
"html-keyboard-response","846","
      <div class=""chinese-character"" style=""color:#000000;"">口</div>
      <div style=""margin-top:32px; font-size:16px; color:#555; font-family:Arial,sans-serif;"">
        Say the character aloud, then press <strong>Space</strong>.
      </div>
    "," ","402","2.1.0","393401","93y10e46f3","block1_then_block2","","","character_naming","","","","","","","","","口","kou3","character_naming_f2_22_block2_norep","846","true","true","13820","93y10e46f3_character_naming_f2_22_block2_norep.webm","true","{""message"":""Success""}","2","","","","","","f2_22","mouth","filler","yellow","true","","",""
"html-keyboard-response","null","","null","403","2.1.0","393505","93y10e46f3","block1_then_block2","","","inter_trial_interval","","","","","","","","","","","","","","","","","","","","","","","","","","","","","","","",""
"html-keyboard-response","null","<div class=""fixation"">+</div>","null","404","2.1.0","394021","93y10e46f3","block1_then_block2","","","fixation","","","","","","","","","","","","","","","","","","","","","","","","","","","","","","","",""
"html-keyboard-response","882","
      <div class=""chinese-character"" style=""color:#000000;"">椅</div>
      <div style=""margin-top:32px; font-size:16px; color:#555; font-family:Arial,sans-serif;"">
        Say the character aloud, then press <strong>Space</strong>.
      </div>
    "," ","405","2.1.0","394904","93y10e46f3","block1_then_block2","","","character_naming","","","","","","","","","椅","yi3","character_naming_f2_7_block2_norep","882","true","true","13820","93y10e46f3_character_naming_f2_7_block2_norep.webm","true","{""message"":""Success""}","2","","","","","","f2_7","chair","filler","blue","true","","",""
"html-keyboard-response","null","","null","406","2.1.0","395005","93y10e46f3","block1_then_block2","","","inter_trial_interval","","","","","","","","","","","","","","","","","","","","","","","","","","","","","","","",""
"html-keyboard-response","null","<div class=""fixation"">+</div>","null","407","2.1.0","395534","93y10e46f3","block1_then_block2","","","fixation","","","","","","","","","","","","","","","","","","","","","","","","","","","","","","","",""
"html-keyboard-response","1006","
      <div class=""chinese-character"" style=""color:#000000;"">桌</div>
      <div style=""margin-top:32px; font-size:16px; color:#555; font-family:Arial,sans-serif;"">
        Say the character aloud, then press <strong>Space</strong>.
      </div>
    "," ","408","2.1.0","396541","93y10e46f3","block1_then_block2","","","character_naming","","","","","","","","","桌","zhuo1","character_naming_f2_6_block2_norep","1006","true","true","15752","93y10e46f3_character_naming_f2_6_block2_norep.webm","true","{""message"":""Success""}","2","","","","","","f2_6","table","filler","yellow","true","","",""
"html-keyboard-response","null","","null","409","2.1.0","396650","93y10e46f3","block1_then_block2","","","inter_trial_interval","","","","","","","","","","","","","","","","","","","","","","","","","","","","","","","",""
"html-keyboard-response","null","<div class=""fixation"">+</div>","null","410","2.1.0","397154","93y10e46f3","block1_then_block2","","","fixation","","","","","","","","","","","","","","","","","","","","","","","","","","","","","","","",""
"html-keyboard-response","879","
      <div class=""chinese-character"" style=""color:#000000;"">红</div>
      <div style=""margin-top:32px; font-size:16px; color:#555; font-family:Arial,sans-serif;"">
        Say the character aloud, then press <strong>Space</strong>.
      </div>
    "," ","411","2.1.0","398034","93y10e46f3","block1_then_block2","","","character_naming","","","","","","","","","红","hong2","character_naming_red_block2_rep2","879","true","true","13820","93y10e46f3_character_naming_red_block2_rep2.webm","true","{""error"":""OSF_FILE_EXISTS"",""message"":""The OSF file already exists. File names must be unique.""}","2","","","","","","red","red","congruent_color_character","red","false","","",""
"html-keyboard-response","null","","null","412","2.1.0","398136","93y10e46f3","block1_then_block2","","","inter_trial_interval","","","","","","","","","","","","","","","","","","","","","","","","","","","","","","","",""
"html-keyboard-response","null","<div class=""fixation"">+</div>","null","413","2.1.0","398652","93y10e46f3","block1_then_block2","","","fixation","","","","","","","","","","","","","","","","","","","","","","","","","","","","","","","",""
"html-keyboard-response","737","
      <div class=""chinese-character"" style=""color:#000000;"">黄</div>
      <div style=""margin-top:32px; font-size:16px; color:#555; font-family:Arial,sans-serif;"">
        Say the character aloud, then press <strong>Space</strong>.
      </div>
    "," ","414","2.1.0","399389","93y10e46f3","block1_then_block2","","","character_naming","","","","","","","","","黄","huang2","character_naming_yellow_block2_rep2","737","true","true","11888","93y10e46f3_character_naming_yellow_block2_rep2.webm","true","{""error"":""OSF_FILE_EXISTS"",""message"":""The OSF file already exists. File names must be unique.""}","2","","","","","","yellow","yellow","congruent_color_character","yellow","false","","",""
"html-keyboard-response","null","","null","415","2.1.0","399501","93y10e46f3","block1_then_block2","","","inter_trial_interval","","","","","","","","","","","","","","","","","","","","","","","","","","","","","","","",""
"html-keyboard-response","null","<div class=""fixation"">+</div>","null","416","2.1.0","400002","93y10e46f3","block1_then_block2","","","fixation","","","","","","","","","","","","","","","","","","","","","","","","","","","","","","","",""
"html-keyboard-response","1187","
      <div class=""chinese-character"" style=""color:#000000;"">猫</div>
      <div style=""margin-top:32px; font-size:16px; color:#555; font-family:Arial,sans-serif;"">
        Say the character aloud, then press <strong>Space</strong>.
      </div>
    "," ","417","2.1.0","401190","93y10e46f3","block1_then_block2","","","character_naming","","","","","","","","","猫","mao1","character_naming_f2_1_block2_norep","1187","true","true","18650","93y10e46f3_character_naming_f2_1_block2_norep.webm","true","{""message"":""Success""}","2","","","","","","f2_1","cat","filler","red","true","","",""
"html-keyboard-response","null","","null","418","2.1.0","401300","93y10e46f3","block1_then_block2","","","inter_trial_interval","","","","","","","","","","","","","","","","","","","","","","","","","","","","","","","",""
"html-keyboard-response","null","<div class=""fixation"">+</div>","null","419","2.1.0","401807","93y10e46f3","block1_then_block2","","","fixation","","","","","","","","","","","","","","","","","","","","","","","","","","","","","","","",""
"html-keyboard-response","703","
      <div class=""chinese-character"" style=""color:#000000;"">狗</div>
      <div style=""margin-top:32px; font-size:16px; color:#555; font-family:Arial,sans-serif;"">
        Say the character aloud, then press <strong>Space</strong>.
      </div>
    "," ","420","2.1.0","402511","93y10e46f3","block1_then_block2","","","character_naming","","","","","","","","","狗","gou3","character_naming_f2_2_block2_norep","703","true","true","10922","93y10e46f3_character_naming_f2_2_block2_norep.webm","true","{""message"":""Success""}","2","","","","","","f2_2","dog","filler","yellow","true","","",""
"html-keyboard-response","null","","null","421","2.1.0","402618","93y10e46f3","block1_then_block2","","","inter_trial_interval","","","","","","","","","","","","","","","","","","","","","","","","","","","","","","","",""
"html-keyboard-response","null","<div class=""fixation"">+</div>","null","422","2.1.0","403134","93y10e46f3","block1_then_block2","","","fixation","","","","","","","","","","","","","","","","","","","","","","","","","","","","","","","",""
"html-keyboard-response","869","
      <div class=""chinese-character"" style=""color:#000000;"">米</div>
      <div style=""margin-top:32px; font-size:16px; color:#555; font-family:Arial,sans-serif;"">
        Say the character aloud, then press <strong>Space</strong>.
      </div>
    "," ","423","2.1.0","404004","93y10e46f3","block1_then_block2","","","character_naming","","","","","","","","","米","mi3","character_naming_f2_4_block2_norep","869","true","true","13820","93y10e46f3_character_naming_f2_4_block2_norep.webm","true","{""message"":""Success""}","2","","","","","","f2_4","rice","filler","green","true","","",""
"html-keyboard-response","null","","null","424","2.1.0","404108","93y10e46f3","block1_then_block2","","","inter_trial_interval","","","","","","","","","","","","","","","","","","","","","","","","","","","","","","","",""
"html-keyboard-response","null","<div class=""fixation"">+</div>","null","425","2.1.0","404621","93y10e46f3","block1_then_block2","","","fixation","","","","","","","","","","","","","","","","","","","","","","","","","","","","","","","",""
"html-keyboard-response","913","
      <div class=""chinese-character"" style=""color:#000000;"">绿</div>
      <div style=""margin-top:32px; font-size:16px; color:#555; font-family:Arial,sans-serif;"">
        Say the character aloud, then press <strong>Space</strong>.
      </div>
    "," ","426","2.1.0","405534","93y10e46f3","block1_then_block2","","","character_naming","","","","","","","","","绿","lv4","character_naming_green_block2_rep2","913","true","true","14786","93y10e46f3_character_naming_green_block2_rep2.webm","true","{""error"":""OSF_FILE_EXISTS"",""message"":""The OSF file already exists. File names must be unique.""}","2","","","","","","green","green","congruent_color_character","green","false","","",""
"html-keyboard-response","null","","null","427","2.1.0","405651","93y10e46f3","block1_then_block2","","","inter_trial_interval","","","","","","","","","","","","","","","","","","","","","","","","","","","","","","","",""
"html-keyboard-response","null","<div class=""fixation"">+</div>","null","428","2.1.0","406167","93y10e46f3","block1_then_block2","","","fixation","","","","","","","","","","","","","","","","","","","","","","","","","","","","","","","",""
"html-keyboard-response","894","
      <div class=""chinese-character"" style=""color:#000000;"">雪</div>
      <div style=""margin-top:32px; font-size:16px; color:#555; font-family:Arial,sans-serif;"">
        Say the character aloud, then press <strong>Space</strong>.
      </div>
    "," ","429","2.1.0","407062","93y10e46f3","block1_then_block2","","","character_naming","","","","","","","","","雪","xue3","character_naming_f2_20_block2_norep","894","true","true","13820","93y10e46f3_character_naming_f2_20_block2_norep.webm","true","{""message"":""Success""}","2","","","","","","f2_20","snow","filler","green","true","","",""
"html-keyboard-response","null","","null","430","2.1.0","407167","93y10e46f3","block1_then_block2","","","inter_trial_interval","","","","","","","","","","","","","","","","","","","","","","","","","","","","","","","",""
"html-keyboard-response","null","<div class=""fixation"">+</div>","null","431","2.1.0","407668","93y10e46f3","block1_then_block2","","","fixation","","","","","","","","","","","","","","","","","","","","","","","","","","","","","","","",""
"html-keyboard-response","1361","
      <div class=""chinese-character"" style=""color:#000000;"">趁</div>
      <div style=""margin-top:32px; font-size:16px; color:#555; font-family:Arial,sans-serif;"">
        Say the character aloud, then press <strong>Space</strong>.
      </div>
    "," ","432","2.1.0","409030","93y10e46f3","block1_then_block2","","","character_naming","","","","","","","","","趁","chen4","character_naming_yellow_block2_rep2","1361","true","true","21548","93y10e46f3_character_naming_yellow_block2_rep2.webm","true","{""error"":""OSF_FILE_EXISTS"",""message"":""The OSF file already exists. File names must be unique.""}","2","","","","","","yellow","take advantage of","neutral","yellow","false","","",""
"html-keyboard-response","null","","null","433","2.1.0","409133","93y10e46f3","block1_then_block2","","","inter_trial_interval","","","","","","","","","","","","","","","","","","","","","","","","","","","","","","","",""
"html-keyboard-response","null","<div class=""fixation"">+</div>","null","434","2.1.0","409641","93y10e46f3","block1_then_block2","","","fixation","","","","","","","","","","","","","","","","","","","","","","","","","","","","","","","",""
"html-keyboard-response","737","
      <div class=""chinese-character"" style=""color:#000000;"">绿</div>
      <div style=""margin-top:32px; font-size:16px; color:#555; font-family:Arial,sans-serif;"">
        Say the character aloud, then press <strong>Space</strong>.
      </div>
    "," ","435","2.1.0","410378","93y10e46f3","block1_then_block2","","","character_naming","","","","","","","","","绿","lv4","character_naming_green_block2_rep2","737","true","true","11888","93y10e46f3_character_naming_green_block2_rep2.webm","true","{""error"":""OSF_FILE_EXISTS"",""message"":""The OSF file already exists. File names must be unique.""}","2","","","","","","green","green","incongruent_color_character","yellow","false","","",""
"html-keyboard-response","null","","null","436","2.1.0","410483","93y10e46f3","block1_then_block2","","","inter_trial_interval","","","","","","","","","","","","","","","","","","","","","","","","","","","","","","","",""
"html-keyboard-response","null","<div class=""fixation"">+</div>","null","437","2.1.0","411000","93y10e46f3","block1_then_block2","","","fixation","","","","","","","","","","","","","","","","","","","","","","","","","","","","","","","",""
"html-keyboard-response","1046","
      <div class=""chinese-character"" style=""color:#000000;"">虑</div>
      <div style=""margin-top:32px; font-size:16px; color:#555; font-family:Arial,sans-serif;"">
        Say the character aloud, then press <strong>Space</strong>.
      </div>
    "," ","438","2.1.0","412047","93y10e46f3","block1_then_block2","","","character_naming","","","","","","","","","虑","lv4","character_naming_green_block2_rep2","1046","true","true","16718","93y10e46f3_character_naming_green_block2_rep2.webm","true","{""error"":""OSF_FILE_EXISTS"",""message"":""The OSF file already exists. File names must be unique.""}","2","","","","","","green","ponder","congruent_S_T_plus","green","false","","",""
"html-keyboard-response","null","","null","439","2.1.0","412159","93y10e46f3","block1_then_block2","","","inter_trial_interval","","","","","","","","","","","","","","","","","","","","","","","","","","","","","","","",""
"html-keyboard-response","null","<div class=""fixation"">+</div>","null","440","2.1.0","412670","93y10e46f3","block1_then_block2","","","fixation","","","","","","","","","","","","","","","","","","","","","","","","","","","","","","","",""
"html-keyboard-response","765","
      <div class=""chinese-character"" style=""color:#000000;"">红</div>
      <div style=""margin-top:32px; font-size:16px; color:#555; font-family:Arial,sans-serif;"">
        Say the character aloud, then press <strong>Space</strong>.
      </div>
    "," ","441","2.1.0","413436","93y10e46f3","block1_then_block2","","","character_naming","","","","","","","","","红","hong2","character_naming_red_block2_rep2","765","true","true","11888","93y10e46f3_character_naming_red_block2_rep2.webm","true","{""error"":""OSF_FILE_EXISTS"",""message"":""The OSF file already exists. File names must be unique.""}","2","","","","","","red","red","incongruent_color_character","blue","false","","",""
"html-keyboard-response","null","","null","442","2.1.0","413549","93y10e46f3","block1_then_block2","","","inter_trial_interval","","","","","","","","","","","","","","","","","","","","","","","","","","","","","","","",""
"html-keyboard-response","null","<div class=""fixation"">+</div>","null","443","2.1.0","414052","93y10e46f3","block1_then_block2","","","fixation","","","","","","","","","","","","","","","","","","","","","","","","","","","","","","","",""
"html-keyboard-response","1053","
      <div class=""chinese-character"" style=""color:#000000;"">牵</div>
      <div style=""margin-top:32px; font-size:16px; color:#555; font-family:Arial,sans-serif;"">
        Say the character aloud, then press <strong>Space</strong>.
      </div>
    "," ","444","2.1.0","415106","93y10e46f3","block1_then_block2","","","character_naming","","","","","","","","","牵","qian1","character_naming_red_block2_rep2","1053","true","true","16718","93y10e46f3_character_naming_red_block2_rep2.webm","true","{""error"":""OSF_FILE_EXISTS"",""message"":""The OSF file already exists. File names must be unique.""}","2","","","","","","red","lead along","neutral","red","false","","",""
"html-keyboard-response","null","","null","445","2.1.0","415214","93y10e46f3","block1_then_block2","","","inter_trial_interval","","","","","","","","","","","","","","","","","","","","","","","","","","","","","","","",""
"html-keyboard-response","null","<div class=""fixation"">+</div>","null","446","2.1.0","415716","93y10e46f3","block1_then_block2","","","fixation","","","","","","","","","","","","","","","","","","","","","","","","","","","","","","","",""
"html-keyboard-response","1003","
      <div class=""chinese-character"" style=""color:#000000;"">洪</div>
      <div style=""margin-top:32px; font-size:16px; color:#555; font-family:Arial,sans-serif;"">
        Say the character aloud, then press <strong>Space</strong>.
      </div>
    "," ","447","2.1.0","416721","93y10e46f3","block1_then_block2","","","character_naming","","","","","","","","","洪","hong2","character_naming_red_block2_rep2","1003","true","true","15752","93y10e46f3_character_naming_red_block2_rep2.webm","true","{""error"":""OSF_FILE_EXISTS"",""message"":""The OSF file already exists. File names must be unique.""}","2","","","","","","red","flood","congruent_S_T_plus","red","false","","",""
"html-keyboard-response","null","","null","448","2.1.0","416830","93y10e46f3","block1_then_block2","","","inter_trial_interval","","","","","","","","","","","","","","","","","","","","","","","","","","","","","","","",""
"html-keyboard-response","null","<div class=""fixation"">+</div>","null","449","2.1.0","417346","93y10e46f3","block1_then_block2","","","fixation","","","","","","","","","","","","","","","","","","","","","","","","","","","","","","","",""
"html-keyboard-response","988","
      <div class=""chinese-character"" style=""color:#000000;"">瓶</div>
      <div style=""margin-top:32px; font-size:16px; color:#555; font-family:Arial,sans-serif;"">
        Say the character aloud, then press <strong>Space</strong>.
      </div>
    "," ","450","2.1.0","418335","93y10e46f3","block1_then_block2","","","character_naming","","","","","","","","","瓶","ping2","character_naming_red_block2_rep2","988","true","true","15752","93y10e46f3_character_naming_red_block2_rep2.webm","true","{""error"":""OSF_FILE_EXISTS"",""message"":""The OSF file already exists. File names must be unique.""}","2","","","","","","red","bottle","congruent_S_minus_T_plus","red","false","","",""
"html-keyboard-response","null","","null","451","2.1.0","418436","93y10e46f3","block1_then_block2","","","inter_trial_interval","","","","","","","","","","","","","","","","","","","","","","","","","","","","","","","",""
"html-keyboard-response","null","<div class=""fixation"">+</div>","null","452","2.1.0","418945","93y10e46f3","block1_then_block2","","","fixation","","","","","","","","","","","","","","","","","","","","","","","","","","","","","","","",""
"html-keyboard-response","943","
      <div class=""chinese-character"" style=""color:#000000;"">黄</div>
      <div style=""margin-top:32px; font-size:16px; color:#555; font-family:Arial,sans-serif;"">
        Say the character aloud, then press <strong>Space</strong>.
      </div>
    "," ","453","2.1.0","419889","93y10e46f3","block1_then_block2","","","character_naming","","","","","","","","","黄","huang2","character_naming_yellow_block2_rep2","943","true","true","14786","93y10e46f3_character_naming_yellow_block2_rep2.webm","true","{""error"":""OSF_FILE_EXISTS"",""message"":""The OSF file already exists. File names must be unique.""}","2","","","","","","yellow","yellow","incongruent_color_character","green","false","","",""
"html-keyboard-response","null","","null","454","2.1.0","419997","93y10e46f3","block1_then_block2","","","inter_trial_interval","","","","","","","","","","","","","","","","","","","","","","","","","","","","","","","",""
"html-keyboard-response","null","<div class=""fixation"">+</div>","null","455","2.1.0","420514","93y10e46f3","block1_then_block2","","","fixation","","","","","","","","","","","","","","","","","","","","","","","","","","","","","","","",""
"html-keyboard-response","879","
      <div class=""chinese-character"" style=""color:#000000;"">耳</div>
      <div style=""margin-top:32px; font-size:16px; color:#555; font-family:Arial,sans-serif;"">
        Say the character aloud, then press <strong>Space</strong>.
      </div>
    "," ","456","2.1.0","421394","93y10e46f3","block1_then_block2","","","character_naming","","","","","","","","","耳","er3","character_naming_f2_21_block2_norep","879","true","true","13820","93y10e46f3_character_naming_f2_21_block2_norep.webm","true","{""message"":""Success""}","2","","","","","","f2_21","ear","filler","red","true","","",""
"html-keyboard-response","null","","null","457","2.1.0","421504","93y10e46f3","block1_then_block2","","","inter_trial_interval","","","","","","","","","","","","","","","","","","","","","","","","","","","","","","","",""
"html-keyboard-response","null","<div class=""fixation"">+</div>","null","458","2.1.0","422011","93y10e46f3","block1_then_block2","","","fixation","","","","","","","","","","","","","","","","","","","","","","","","","","","","","","","",""
"html-keyboard-response","1019","
      <div class=""chinese-character"" style=""color:#000000;"">马</div>
      <div style=""margin-top:32px; font-size:16px; color:#555; font-family:Arial,sans-serif;"">
        Say the character aloud, then press <strong>Space</strong>.
      </div>
    "," ","459","2.1.0","423031","93y10e46f3","block1_then_block2","","","character_naming","","","","","","","","","马","ma3","character_naming_f2_3_block2_norep","1019","true","true","16718","93y10e46f3_character_naming_f2_3_block2_norep.webm","true","{""message"":""Success""}","2","","","","","","f2_3","horse","filler","blue","true","","",""
"html-keyboard-response","null","","null","460","2.1.0","423145","93y10e46f3","block1_then_block2","","","inter_trial_interval","","","","","","","","","","","","","","","","","","","","","","","","","","","","","","","",""
"html-keyboard-response","null","<div class=""fixation"">+</div>","null","461","2.1.0","423652","93y10e46f3","block1_then_block2","","","fixation","","","","","","","","","","","","","","","","","","","","","","","","","","","","","","","",""
"html-keyboard-response","1035","
      <div class=""chinese-character"" style=""color:#000000;"">心</div>
      <div style=""margin-top:32px; font-size:16px; color:#555; font-family:Arial,sans-serif;"">
        Say the character aloud, then press <strong>Space</strong>.
      </div>
    "," ","462","2.1.0","424688","93y10e46f3","block1_then_block2","","","character_naming","","","","","","","","","心","xin1","character_naming_f2_23_block2_norep","1035","true","true","16718","93y10e46f3_character_naming_f2_23_block2_norep.webm","true","{""message"":""Success""}","2","","","","","","f2_23","heart","filler","blue","true","","",""
"html-keyboard-response","null","","null","463","2.1.0","424795","93y10e46f3","block1_then_block2","","","inter_trial_interval","","","","","","","","","","","","","","","","","","","","","","","","","","","","","","","",""
"html-keyboard-response","null","<div class=""fixation"">+</div>","null","464","2.1.0","425311","93y10e46f3","block1_then_block2","","","fixation","","","","","","","","","","","","","","","","","","","","","","","","","","","","","","","",""
"html-keyboard-response","876","
      <div class=""chinese-character"" style=""color:#000000;"">皇</div>
      <div style=""margin-top:32px; font-size:16px; color:#555; font-family:Arial,sans-serif;"">
        Say the character aloud, then press <strong>Space</strong>.
      </div>
    "," ","465","2.1.0","426188","93y10e46f3","block1_then_block2","","","character_naming","","","","","","","","","皇","huang2","character_naming_yellow_block2_rep2","876","true","true","13820","93y10e46f3_character_naming_yellow_block2_rep2.webm","true","{""error"":""OSF_FILE_EXISTS"",""message"":""The OSF file already exists. File names must be unique.""}","2","","","","","","yellow","emperor","congruent_S_T_plus","yellow","false","","",""
"html-keyboard-response","null","","null","466","2.1.0","426294","93y10e46f3","block1_then_block2","","","inter_trial_interval","","","","","","","","","","","","","","","","","","","","","","","","","","","","","","","",""
"html-keyboard-response","null","<div class=""fixation"">+</div>","null","467","2.1.0","426796","93y10e46f3","block1_then_block2","","","fixation","","","","","","","","","","","","","","","","","","","","","","","","","","","","","","","",""
"html-keyboard-response","1007","
      <div class=""chinese-character"" style=""color:#000000;"">笔</div>
      <div style=""margin-top:32px; font-size:16px; color:#555; font-family:Arial,sans-serif;"">
        Say the character aloud, then press <strong>Space</strong>.
      </div>
    "," ","468","2.1.0","427804","93y10e46f3","block1_then_block2","","","character_naming","","","","","","","","","笔","bi3","character_naming_f2_5_block2_norep","1007","true","true","15752","93y10e46f3_character_naming_f2_5_block2_norep.webm","true","{""message"":""Success""}","2","","","","","","f2_5","pen","filler","red","true","","",""
"html-keyboard-response","null","","null","469","2.1.0","427905","93y10e46f3","block1_then_block2","","","inter_trial_interval","","","","","","","","","","","","","","","","","","","","","","","","","","","","","","","",""
"html-keyboard-response","3772","
      <div class=""instructions"">
        <h2>English Color-Naming — Block 2</h2>
        <p>You will see Chinese characters printed in color.</p>
        <p>Your task is to identify the <strong>ink color in English</strong>.</p>
        <p>Ignore the character itself.</p>
        <p><strong>R</strong> = red, <strong>Y</strong> = yellow, <strong>B</strong> = blue, <strong>G</strong> = green.</p>
        <p>Press <strong>Space</strong> to begin.</p>
      </div>
    "," ","470","2.1.0","431677","93y10e46f3","block1_then_block2","","","","","","","","","","","","","","","","","","","","","","","","","","","","","","","","","","",""
"html-keyboard-response","1416","
      <div class=""instructions"">
        <h2>Keyboard Check</h2>
        <p>Before we continue, please press the <strong>Y</strong> key
        (for <strong>yellow</strong>) on your keyboard.</p>
        <p style=""color:#888;font-size:0.9em;"">
          If your keyboard is set to a Chinese input method (IME),
          please switch to English / Roman input now, otherwise the experiment cannot record your responses.
        </p>
      </div>
    ","y","471","2.1.0","433094","93y10e46f3","block1_then_block2","","","keyboard_check","","","","","","","","","","","","","","","","","","","2","y","","","","","","","","","","","",""
"html-keyboard-response","null","<div class=""fixation"">+</div>","null","472","2.1.0","433606","93y10e46f3","block1_then_block2","","","fixation","","","","","","","","","","","","","","","","","","","","","","","","","","","","","","","",""
"html-keyboard-response","890","<div class=""chinese-character"" style=""color:#1f77b4;"">马</div>","b","473","2.1.0","434497","93y10e46f3","block1_then_block2","","","color_naming","","","","","","","","","马","ma3","","","","","","","","","2","","blue","b","blue","true","f2_3","horse","","","true","filler","false","null"
"html-keyboard-response","null","","null","474","2.1.0","435505","93y10e46f3","block1_then_block2","","","inter_trial_interval","","","","","","","","","","","","","","","","","","","","","","","","","","","","","","","",""
"html-keyboard-response","null","<div class=""fixation"">+</div>","null","475","2.1.0","436019","93y10e46f3","block1_then_block2","","","fixation","","","","","","","","","","","","","","","","","","","","","","","","","","","","","","","",""
"html-keyboard-response","635","<div class=""chinese-character"" style=""color:#d6b300;"">皇</div>","y","476","2.1.0","436655","93y10e46f3","block1_then_block2","","","color_naming","","","","","","","","","皇","huang2","","","","","","","","","2","","yellow","y","yellow","true","yellow","emperor","","","false","congruent_S_T_plus","true","2"
"html-keyboard-response","null","","null","477","2.1.0","437668","93y10e46f3","block1_then_block2","","","inter_trial_interval","","","","","","","","","","","","","","","","","","","","","","","","","","","","","","","",""
"html-keyboard-response","null","<div class=""fixation"">+</div>","null","478","2.1.0","438176","93y10e46f3","block1_then_block2","","","fixation","","","","","","","","","","","","","","","","","","","","","","","","","","","","","","","",""
"html-keyboard-response","629","<div class=""chinese-character"" style=""color:#d62728;"">球</div>","r","479","2.1.0","438806","93y10e46f3","block1_then_block2","","","color_naming","","","","","","","","","球","qiu2","","","","","","","","","2","","red","r","red","true","f2_9","ball","","","true","filler","false","null"
"html-keyboard-response","null","","null","480","2.1.0","439818","93y10e46f3","block1_then_block2","","","inter_trial_interval","","","","","","","","","","","","","","","","","","","","","","","","","","","","","","","",""
"html-keyboard-response","null","<div class=""fixation"">+</div>","null","481","2.1.0","440322","93y10e46f3","block1_then_block2","","","fixation","","","","","","","","","","","","","","","","","","","","","","","","","","","","","","","",""
"html-keyboard-response","661","<div class=""chinese-character"" style=""color:#d6b300;"">钟</div>","y","482","2.1.0","440984","93y10e46f3","block1_then_block2","","","color_naming","","","","","","","","","钟","zhong1","","","","","","","","","2","","yellow","y","yellow","true","f2_10","clock","","","true","filler","false","null"
"html-keyboard-response","null","","null","483","2.1.0","441988","93y10e46f3","block1_then_block2","","","inter_trial_interval","","","","","","","","","","","","","","","","","","","","","","","","","","","","","","","",""
"html-keyboard-response","null","<div class=""fixation"">+</div>","null","484","2.1.0","442505","93y10e46f3","block1_then_block2","","","fixation","","","","","","","","","","","","","","","","","","","","","","","","","","","","","","","",""
"html-keyboard-response","459","<div class=""chinese-character"" style=""color:#d6b300;"">狗</div>","y","485","2.1.0","442964","93y10e46f3","block1_then_block2","","","color_naming","","","","","","","","","狗","gou3","","","","","","","","","2","","yellow","y","yellow","true","f2_2","dog","","","true","filler","false","null"
"html-keyboard-response","null","","null","486","2.1.0","443972","93y10e46f3","block1_then_block2","","","inter_trial_interval","","","","","","","","","","","","","","","","","","","","","","","","","","","","","","","",""
"html-keyboard-response","null","<div class=""fixation"">+</div>","null","487","2.1.0","444478","93y10e46f3","block1_then_block2","","","fixation","","","","","","","","","","","","","","","","","","","","","","","","","","","","","","","",""
"html-keyboard-response","553","<div class=""chinese-character"" style=""color:#d62728;"">牵</div>","r","488","2.1.0","445031","93y10e46f3","block1_then_block2","","","color_naming","","","","","","","","","牵","qian1","","","","","","","","","2","","red","r","red","true","red","lead along","","","false","neutral","true","2"
"html-keyboard-response","null","","null","489","2.1.0","446034","93y10e46f3","block1_then_block2","","","inter_trial_interval","","","","","","","","","","","","","","","","","","","","","","","","","","","","","","","",""
"html-keyboard-response","null","<div class=""fixation"">+</div>","null","490","2.1.0","446536","93y10e46f3","block1_then_block2","","","fixation","","","","","","","","","","","","","","","","","","","","","","","","","","","","","","","",""
"html-keyboard-response","648","<div class=""chinese-character"" style=""color:#1f77b4;"">河</div>","b","491","2.1.0","447184","93y10e46f3","block1_then_block2","","","color_naming","","","","","","","","","河","he2","","","","","","","","","2","","blue","b","blue","true","f2_11","river","","","true","filler","false","null"
"html-keyboard-response","null","","null","492","2.1.0","448186","93y10e46f3","block1_then_block2","","","inter_trial_interval","","","","","","","","","","","","","","","","","","","","","","","","","","","","","","","",""
"html-keyboard-response","null","<div class=""fixation"">+</div>","null","493","2.1.0","448691","93y10e46f3","block1_then_block2","","","fixation","","","","","","","","","","","","","","","","","","","","","","","","","","","","","","","",""
"html-keyboard-response","834","<div class=""chinese-character"" style=""color:#2ca02c;"">洞</div>","g","494","2.1.0","449526","93y10e46f3","block1_then_block2","","","color_naming","","","","","","","","","洞","dong4","","","","","","","","","2","","green","g","green","true","green","hole","","","false","congruent_S_minus_T_plus","true","2"
"html-keyboard-response","null","","null","495","2.1.0","450539","93y10e46f3","block1_then_block2","","","inter_trial_interval","","","","","","","","","","","","","","","","","","","","","","","","","","","","","","","",""
"html-keyboard-response","null","<div class=""fixation"">+</div>","null","496","2.1.0","451054","93y10e46f3","block1_then_block2","","","fixation","","","","","","","","","","","","","","","","","","","","","","","","","","","","","","","",""
"html-keyboard-response","574","<div class=""chinese-character"" style=""color:#1f77b4;"">览</div>","b","497","2.1.0","451629","93y10e46f3","block1_then_block2","","","color_naming","","","","","","","","","览","lan3","","","","","","","","","2","","blue","b","blue","true","blue","view","","","false","congruent_S_plus_T_minus","true","2"
"html-keyboard-response","null","","null","498","2.1.0","452642","93y10e46f3","block1_then_block2","","","inter_trial_interval","","","","","","","","","","","","","","","","","","","","","","","","","","","","","","","",""
"html-keyboard-response","null","<div class=""fixation"">+</div>","null","499","2.1.0","453153","93y10e46f3","block1_then_block2","","","fixation","","","","","","","","","","","","","","","","","","","","","","","","","","","","","","","",""
"html-keyboard-response","591","<div class=""chinese-character"" style=""color:#d6b300;"">口</div>","y","500","2.1.0","453745","93y10e46f3","block1_then_block2","","","color_naming","","","","","","","","","口","kou3","","","","","","","","","2","","yellow","y","yellow","true","f2_22","mouth","","","true","filler","false","null"
"html-keyboard-response","null","","null","501","2.1.0","454757","93y10e46f3","block1_then_block2","","","inter_trial_interval","","","","","","","","","","","","","","","","","","","","","","","","","","","","","","","",""
"html-keyboard-response","null","<div class=""fixation"">+</div>","null","502","2.1.0","455269","93y10e46f3","block1_then_block2","","","fixation","","","","","","","","","","","","","","","","","","","","","","","","","","","","","","","",""
"html-keyboard-response","536","<div class=""chinese-character"" style=""color:#d62728;"">猫</div>","r","503","2.1.0","455806","93y10e46f3","block1_then_block2","","","color_naming","","","","","","","","","猫","mao1","","","","","","","","","2","","red","r","red","true","f2_1","cat","","","true","filler","false","null"
"html-keyboard-response","null","","null","504","2.1.0","456814","93y10e46f3","block1_then_block2","","","inter_trial_interval","","","","","","","","","","","","","","","","","","","","","","","","","","","","","","","",""
"html-keyboard-response","null","<div class=""fixation"">+</div>","null","505","2.1.0","457317","93y10e46f3","block1_then_block2","","","fixation","","","","","","","","","","","","","","","","","","","","","","","","","","","","","","","",""
"html-keyboard-response","698","<div class=""chinese-character"" style=""color:#d6b300;"">饭</div>","y","506","2.1.0","458016","93y10e46f3","block1_then_block2","","","color_naming","","","","","","","","","饭","fan4","","","","","","","","","2","","yellow","y","yellow","true","f2_14","meal","","","true","filler","false","null"
"html-keyboard-response","null","","null","507","2.1.0","459026","93y10e46f3","block1_then_block2","","","inter_trial_interval","","","","","","","","","","","","","","","","","","","","","","","","","","","","","","","",""
"html-keyboard-response","null","<div class=""fixation"">+</div>","null","508","2.1.0","459535","93y10e46f3","block1_then_block2","","","fixation","","","","","","","","","","","","","","","","","","","","","","","","","","","","","","","",""
"html-keyboard-response","695","<div class=""chinese-character"" style=""color:#d62728;"">瓶</div>","r","509","2.1.0","460232","93y10e46f3","block1_then_block2","","","color_naming","","","","","","","","","瓶","ping2","","","","","","","","","2","","red","r","red","true","red","bottle","","","false","congruent_S_minus_T_plus","true","2"
"html-keyboard-response","null","","null","510","2.1.0","461246","93y10e46f3","block1_then_block2","","","inter_trial_interval","","","","","","","","","","","","","","","","","","","","","","","","","","","","","","","",""
"html-keyboard-response","null","<div class=""fixation"">+</div>","null","511","2.1.0","461750","93y10e46f3","block1_then_block2","","","fixation","","","","","","","","","","","","","","","","","","","","","","","","","","","","","","","",""
"html-keyboard-response","866","<div class=""chinese-character"" style=""color:#2ca02c;"">绿</div>","b","512","2.1.0","462617","93y10e46f3","block1_then_block2","","","color_naming","","","","","","","","","绿","lv4","","","","","","","","","2","","green","g","blue","false","green","green","","","false","congruent_color_character","true","2"
"html-keyboard-response","null","","null","513","2.1.0","463624","93y10e46f3","block1_then_block2","","","inter_trial_interval","","","","","","","","","","","","","","","","","","","","","","","","","","","","","","","",""
"html-keyboard-response","null","<div class=""fixation"">+</div>","null","514","2.1.0","464133","93y10e46f3","block1_then_block2","","","fixation","","","","","","","","","","","","","","","","","","","","","","","","","","","","","","","",""
"html-keyboard-response","626","<div class=""chinese-character"" style=""color:#d62728;"">耳</div>","r","515","2.1.0","464759","93y10e46f3","block1_then_block2","","","color_naming","","","","","","","","","耳","er3","","","","","","","","","2","","red","r","red","true","f2_21","ear","","","true","filler","false","null"
"html-keyboard-response","null","","null","516","2.1.0","465764","93y10e46f3","block1_then_block2","","","inter_trial_interval","","","","","","","","","","","","","","","","","","","","","","","","","","","","","","","",""
"html-keyboard-response","null","<div class=""fixation"">+</div>","null","517","2.1.0","466268","93y10e46f3","block1_then_block2","","","fixation","","","","","","","","","","","","","","","","","","","","","","","","","","","","","","","",""
"html-keyboard-response","569","<div class=""chinese-character"" style=""color:#d62728;"">脸</div>","r","518","2.1.0","466838","93y10e46f3","block1_then_block2","","","color_naming","","","","","","","","","脸","lian3","","","","","","","","","2","","red","r","red","true","f2_13","face","","","true","filler","false","null"
"html-keyboard-response","null","","null","519","2.1.0","467850","93y10e46f3","block1_then_block2","","","inter_trial_interval","","","","","","","","","","","","","","","","","","","","","","","","","","","","","","","",""
"html-keyboard-response","null","<div class=""fixation"">+</div>","null","520","2.1.0","468358","93y10e46f3","block1_then_block2","","","fixation","","","","","","","","","","","","","","","","","","","","","","","","","","","","","","","",""
"html-keyboard-response","656","<div class=""chinese-character"" style=""color:#1f77b4;"">婪</div>","b","521","2.1.0","469015","93y10e46f3","block1_then_block2","","","color_naming","","","","","","","","","婪","lan2","","","","","","","","","2","","blue","b","blue","true","blue","greedy","","","false","congruent_S_T_plus","true","2"
"html-keyboard-response","null","","null","522","2.1.0","470030","93y10e46f3","block1_then_block2","","","inter_trial_interval","","","","","","","","","","","","","","","","","","","","","","","","","","","","","","","",""
"html-keyboard-response","null","<div class=""fixation"">+</div>","null","523","2.1.0","470546","93y10e46f3","block1_then_block2","","","fixation","","","","","","","","","","","","","","","","","","","","","","","","","","","","","","","",""
"html-keyboard-response","745","<div class=""chinese-character"" style=""color:#2ca02c;"">影</div>","g","524","2.1.0","471292","93y10e46f3","block1_then_block2","","","color_naming","","","","","","","","","影","ying3","","","","","","","","","2","","green","g","green","true","f2_16","shadow/movie","","","true","filler","false","null"
"html-keyboard-response","null","","null","525","2.1.0","472303","93y10e46f3","block1_then_block2","","","inter_trial_interval","","","","","","","","","","","","","","","","","","","","","","","","","","","","","","","",""
"html-keyboard-response","null","<div class=""fixation"">+</div>","null","526","2.1.0","472816","93y10e46f3","block1_then_block2","","","fixation","","","","","","","","","","","","","","","","","","","","","","","","","","","","","","","",""
"html-keyboard-response","550","<div class=""chinese-character"" style=""color:#1f77b4;"">草</div>","b","527","2.1.0","473367","93y10e46f3","block1_then_block2","","","color_naming","","","","","","","","","草","cao3","","","","","","","","","2","","blue","b","blue","true","f2_19","grass","","","true","filler","false","null"
"html-keyboard-response","null","","null","528","2.1.0","474377","93y10e46f3","block1_then_block2","","","inter_trial_interval","","","","","","","","","","","","","","","","","","","","","","","","","","","","","","","",""
"html-keyboard-response","null","<div class=""fixation"">+</div>","null","529","2.1.0","474879","93y10e46f3","block1_then_block2","","","fixation","","","","","","","","","","","","","","","","","","","","","","","","","","","","","","","",""
"html-keyboard-response","892","<div class=""chinese-character"" style=""color:#2ca02c;"">雪</div>","g","530","2.1.0","475773","93y10e46f3","block1_then_block2","","","color_naming","","","","","","","","","雪","xue3","","","","","","","","","2","","green","g","green","true","f2_20","snow","","","true","filler","false","null"
"html-keyboard-response","null","","null","531","2.1.0","476774","93y10e46f3","block1_then_block2","","","inter_trial_interval","","","","","","","","","","","","","","","","","","","","","","","","","","","","","","","",""
"html-keyboard-response","null","<div class=""fixation"">+</div>","null","532","2.1.0","477280","93y10e46f3","block1_then_block2","","","fixation","","","","","","","","","","","","","","","","","","","","","","","","","","","","","","","",""
"html-keyboard-response","523","<div class=""chinese-character"" style=""color:#1f77b4;"">蓝</div>","b","533","2.1.0","477804","93y10e46f3","block1_then_block2","","","color_naming","","","","","","","","","蓝","lan2","","","","","","","","","2","","blue","b","blue","true","blue","blue","","","false","congruent_color_character","true","2"
"html-keyboard-response","null","","null","534","2.1.0","478808","93y10e46f3","block1_then_block2","","","inter_trial_interval","","","","","","","","","","","","","","","","","","","","","","","","","","","","","","","",""
"html-keyboard-response","null","<div class=""fixation"">+</div>","null","535","2.1.0","479318","93y10e46f3","block1_then_block2","","","fixation","","","","","","","","","","","","","","","","","","","","","","","","","","","","","","","",""
"html-keyboard-response","551","<div class=""chinese-character"" style=""color:#d62728;"">笔</div>","r","536","2.1.0","479870","93y10e46f3","block1_then_block2","","","color_naming","","","","","","","","","笔","bi3","","","","","","","","","2","","red","r","red","true","f2_5","pen","","","true","filler","false","null"
"html-keyboard-response","null","","null","537","2.1.0","480878","93y10e46f3","block1_then_block2","","","inter_trial_interval","","","","","","","","","","","","","","","","","","","","","","","","","","","","","","","",""
"html-keyboard-response","null","<div class=""fixation"">+</div>","null","538","2.1.0","481395","93y10e46f3","block1_then_block2","","","fixation","","","","","","","","","","","","","","","","","","","","","","","","","","","","","","","",""
"html-keyboard-response","637","<div class=""chinese-character"" style=""color:#1f77b4;"">电</div>","b","539","2.1.0","482032","93y10e46f3","block1_then_block2","","","color_naming","","","","","","","","","电","dian4","","","","","","","","","2","","blue","b","blue","true","f2_15","electricity","","","true","filler","false","null"
"html-keyboard-response","null","","null","540","2.1.0","483038","93y10e46f3","block1_then_block2","","","inter_trial_interval","","","","","","","","","","","","","","","","","","","","","","","","","","","","","","","",""
"html-keyboard-response","null","<div class=""fixation"">+</div>","null","541","2.1.0","483546","93y10e46f3","block1_then_block2","","","fixation","","","","","","","","","","","","","","","","","","","","","","","","","","","","","","","",""
"html-keyboard-response","548","<div class=""chinese-character"" style=""color:#d62728;"">蓝</div>","r","542","2.1.0","484095","93y10e46f3","block1_then_block2","","","color_naming","","","","","","","","","蓝","lan2","","","","","","","","","2","","red","r","red","true","blue","blue","","","false","incongruent_color_character","true","2"
"html-keyboard-response","null","","null","543","2.1.0","485101","93y10e46f3","block1_then_block2","","","inter_trial_interval","","","","","","","","","","","","","","","","","","","","","","","","","","","","","","","",""
"html-keyboard-response","null","<div class=""fixation"">+</div>","null","544","2.1.0","485604","93y10e46f3","block1_then_block2","","","fixation","","","","","","","","","","","","","","","","","","","","","","","","","","","","","","","",""
"html-keyboard-response","987","<div class=""chinese-character"" style=""color:#2ca02c;"">米</div>","g","545","2.1.0","486592","93y10e46f3","block1_then_block2","","","color_naming","","","","","","","","","米","mi3","","","","","","","","","2","","green","g","green","true","f2_4","rice","","","true","filler","false","null"
"html-keyboard-response","null","","null","546","2.1.0","487604","93y10e46f3","block1_then_block2","","","inter_trial_interval","","","","","","","","","","","","","","","","","","","","","","","","","","","","","","","",""
"html-keyboard-response","null","<div class=""fixation"">+</div>","null","547","2.1.0","488108","93y10e46f3","block1_then_block2","","","fixation","","","","","","","","","","","","","","","","","","","","","","","","","","","","","","","",""
"html-keyboard-response","485","<div class=""chinese-character"" style=""color:#1f77b4;"">宫</div>","b","548","2.1.0","488594","93y10e46f3","block1_then_block2","","","color_naming","","","","","","","","","宫","gong1","","","","","","","","","2","","blue","b","blue","true","blue","palace","","","false","neutral","true","2"
"html-keyboard-response","null","","null","549","2.1.0","489602","93y10e46f3","block1_then_block2","","","inter_trial_interval","","","","","","","","","","","","","","","","","","","","","","","","","","","","","","","",""
"html-keyboard-response","null","<div class=""fixation"">+</div>","null","550","2.1.0","490113","93y10e46f3","block1_then_block2","","","fixation","","","","","","","","","","","","","","","","","","","","","","","","","","","","","","","",""
"html-keyboard-response","751","<div class=""chinese-character"" style=""color:#d6b300;"">绿</div>","y","551","2.1.0","490864","93y10e46f3","block1_then_block2","","","color_naming","","","","","","","","","绿","lv4","","","","","","","","","2","","yellow","y","yellow","true","green","green","","","false","incongruent_color_character","true","2"
"html-keyboard-response","null","","null","552","2.1.0","491876","93y10e46f3","block1_then_block2","","","inter_trial_interval","","","","","","","","","","","","","","","","","","","","","","","","","","","","","","","",""
"html-keyboard-response","null","<div class=""fixation"">+</div>","null","553","2.1.0","492390","93y10e46f3","block1_then_block2","","","fixation","","","","","","","","","","","","","","","","","","","","","","","","","","","","","","","",""
"html-keyboard-response","1269","<div class=""chinese-character"" style=""color:#2ca02c;"">黄</div>","g","554","2.1.0","493659","93y10e46f3","block1_then_block2","","","color_naming","","","","","","","","","黄","huang2","","","","","","","","","2","","green","g","green","true","yellow","yellow","","","false","incongruent_color_character","true","2"
"html-keyboard-response","null","","null","555","2.1.0","494674","93y10e46f3","block1_then_block2","","","inter_trial_interval","","","","","","","","","","","","","","","","","","","","","","","","","","","","","","","",""
"html-keyboard-response","null","<div class=""fixation"">+</div>","null","556","2.1.0","495189","93y10e46f3","block1_then_block2","","","fixation","","","","","","","","","","","","","","","","","","","","","","","","","","","","","","","",""
"html-keyboard-response","554","<div class=""chinese-character"" style=""color:#d62728;"">轰</div>","r","557","2.1.0","495744","93y10e46f3","block1_then_block2","","","color_naming","","","","","","","","","轰","hong1","","","","","","","","","2","","red","r","red","true","red","boom","","","false","congruent_S_plus_T_minus","true","2"
"html-keyboard-response","null","","null","558","2.1.0","496751","93y10e46f3","block1_then_block2","","","inter_trial_interval","","","","","","","","","","","","","","","","","","","","","","","","","","","","","","","",""
"html-keyboard-response","null","<div class=""fixation"">+</div>","null","559","2.1.0","497259","93y10e46f3","block1_then_block2","","","fixation","","","","","","","","","","","","","","","","","","","","","","","","","","","","","","","",""
"html-keyboard-response","671","<div class=""chinese-character"" style=""color:#2ca02c;"">海</div>","g","560","2.1.0","497931","93y10e46f3","block1_then_block2","","","color_naming","","","","","","","","","海","hai3","","","","","","","","","2","","green","g","green","true","f2_12","sea","","","true","filler","false","null"
"html-keyboard-response","null","","null","561","2.1.0","498934","93y10e46f3","block1_then_block2","","","inter_trial_interval","","","","","","","","","","","","","","","","","","","","","","","","","","","","","","","",""
"html-keyboard-response","null","<div class=""fixation"">+</div>","null","562","2.1.0","499440","93y10e46f3","block1_then_block2","","","fixation","","","","","","","","","","","","","","","","","","","","","","","","","","","","","","","",""
"html-keyboard-response","916","<div class=""chinese-character"" style=""color:#1f77b4;"">尝</div>","b","563","2.1.0","500357","93y10e46f3","block1_then_block2","","","color_naming","","","","","","","","","尝","chang2","","","","","","","","","2","","blue","b","blue","true","blue","taste","","","false","congruent_S_minus_T_plus","true","2"
"html-keyboard-response","null","","null","564","2.1.0","501358","93y10e46f3","block1_then_block2","","","inter_trial_interval","","","","","","","","","","","","","","","","","","","","","","","","","","","","","","","",""
"html-keyboard-response","null","<div class=""fixation"">+</div>","null","565","2.1.0","501872","93y10e46f3","block1_then_block2","","","fixation","","","","","","","","","","","","","","","","","","","","","","","","","","","","","","","",""
"html-keyboard-response","567","<div class=""chinese-character"" style=""color:#d62728;"">衣</div>","r","566","2.1.0","502440","93y10e46f3","block1_then_block2","","","color_naming","","","","","","","","","衣","yi1","","","","","","","","","2","","red","r","red","true","f2_17","clothing","","","true","filler","false","null"
"html-keyboard-response","null","","null","567","2.1.0","503444","93y10e46f3","block1_then_block2","","","inter_trial_interval","","","","","","","","","","","","","","","","","","","","","","","","","","","","","","","",""
"html-keyboard-response","null","<div class=""fixation"">+</div>","null","568","2.1.0","503953","93y10e46f3","block1_then_block2","","","fixation","","","","","","","","","","","","","","","","","","","","","","","","","","","","","","","",""
"html-keyboard-response","784","<div class=""chinese-character"" style=""color:#2ca02c;"">旅</div>","g","569","2.1.0","504738","93y10e46f3","block1_then_block2","","","color_naming","","","","","","","","","旅","lv3","","","","","","","","","2","","green","g","green","true","green","travel","","","false","congruent_S_plus_T_minus","true","2"
"html-keyboard-response","null","","null","570","2.1.0","505749","93y10e46f3","block1_then_block2","","","inter_trial_interval","","","","","","","","","","","","","","","","","","","","","","","","","","","","","","","",""
"html-keyboard-response","null","<div class=""fixation"">+</div>","null","571","2.1.0","506254","93y10e46f3","block1_then_block2","","","fixation","","","","","","","","","","","","","","","","","","","","","","","","","","","","","","","",""
"html-keyboard-response","358","<div class=""chinese-character"" style=""color:#d6b300;"">趁</div>","y","572","2.1.0","506613","93y10e46f3","block1_then_block2","","","color_naming","","","","","","","","","趁","chen4","","","","","","","","","2","","yellow","y","yellow","true","yellow","take advantage of","","","false","neutral","true","2"
"html-keyboard-response","null","","null","573","2.1.0","507620","93y10e46f3","block1_then_block2","","","inter_trial_interval","","","","","","","","","","","","","","","","","","","","","","","","","","","","","","","",""
"html-keyboard-response","null","<div class=""fixation"">+</div>","null","574","2.1.0","508137","93y10e46f3","block1_then_block2","","","fixation","","","","","","","","","","","","","","","","","","","","","","","","","","","","","","","",""
"html-keyboard-response","444","<div class=""chinese-character"" style=""color:#d6b300;"">晃</div>","y","575","2.1.0","508582","93y10e46f3","block1_then_block2","","","color_naming","","","","","","","","","晃","huang4","","","","","","","","","2","","yellow","y","yellow","true","yellow","sway","","","false","congruent_S_plus_T_minus","true","2"
"html-keyboard-response","null","","null","576","2.1.0","509585","93y10e46f3","block1_then_block2","","","inter_trial_interval","","","","","","","","","","","","","","","","","","","","","","","","","","","","","","","",""
"html-keyboard-response","null","<div class=""fixation"">+</div>","null","577","2.1.0","510087","93y10e46f3","block1_then_block2","","","fixation","","","","","","","","","","","","","","","","","","","","","","","","","","","","","","","",""
"html-keyboard-response","693","<div class=""chinese-character"" style=""color:#1f77b4;"">椅</div>","b","578","2.1.0","510781","93y10e46f3","block1_then_block2","","","color_naming","","","","","","","","","椅","yi3","","","","","","","","","2","","blue","b","blue","true","f2_7","chair","","","true","filler","false","null"
"html-keyboard-response","null","","null","579","2.1.0","511795","93y10e46f3","block1_then_block2","","","inter_trial_interval","","","","","","","","","","","","","","","","","","","","","","","","","","","","","","","",""
"html-keyboard-response","null","<div class=""fixation"">+</div>","null","580","2.1.0","512304","93y10e46f3","block1_then_block2","","","fixation","","","","","","","","","","","","","","","","","","","","","","","","","","","","","","","",""
"html-keyboard-response","498","<div class=""chinese-character"" style=""color:#2ca02c;"">涂</div>","g","581","2.1.0","512803","93y10e46f3","block1_then_block2","","","color_naming","","","","","","","","","涂","tu2","","","","","","","","","2","","green","g","green","true","green","paint","","","false","neutral","true","2"
"html-keyboard-response","null","","null","582","2.1.0","513814","93y10e46f3","block1_then_block2","","","inter_trial_interval","","","","","","","","","","","","","","","","","","","","","","","","","","","","","","","",""
"html-keyboard-response","null","<div class=""fixation"">+</div>","null","583","2.1.0","514318","93y10e46f3","block1_then_block2","","","fixation","","","","","","","","","","","","","","","","","","","","","","","","","","","","","","","",""
"html-keyboard-response","590","<div class=""chinese-character"" style=""color:#d62728;"">红</div>","r","584","2.1.0","514909","93y10e46f3","block1_then_block2","","","color_naming","","","","","","","","","红","hong2","","","","","","","","","2","","red","r","red","true","red","red","","","false","congruent_color_character","true","2"
"html-keyboard-response","null","","null","585","2.1.0","515924","93y10e46f3","block1_then_block2","","","inter_trial_interval","","","","","","","","","","","","","","","","","","","","","","","","","","","","","","","",""
"html-keyboard-response","null","<div class=""fixation"">+</div>","null","586","2.1.0","516427","93y10e46f3","block1_then_block2","","","fixation","","","","","","","","","","","","","","","","","","","","","","","","","","","","","","","",""
"html-keyboard-response","519","<div class=""chinese-character"" style=""color:#d6b300;"">桌</div>","y","587","2.1.0","516947","93y10e46f3","block1_then_block2","","","color_naming","","","","","","","","","桌","zhuo1","","","","","","","","","2","","yellow","y","yellow","true","f2_6","table","","","true","filler","false","null"
"html-keyboard-response","null","","null","588","2.1.0","517954","93y10e46f3","block1_then_block2","","","inter_trial_interval","","","","","","","","","","","","","","","","","","","","","","","","","","","","","","","",""
"html-keyboard-response","null","<div class=""fixation"">+</div>","null","589","2.1.0","518455","93y10e46f3","block1_then_block2","","","fixation","","","","","","","","","","","","","","","","","","","","","","","","","","","","","","","",""
"html-keyboard-response","645","<div class=""chinese-character"" style=""color:#2ca02c;"">田</div>","g","590","2.1.0","519101","93y10e46f3","block1_then_block2","","","color_naming","","","","","","","","","田","tian2","","","","","","","","","2","","green","g","green","true","f2_24","field","","","true","filler","false","null"
"html-keyboard-response","null","","null","591","2.1.0","520116","93y10e46f3","block1_then_block2","","","inter_trial_interval","","","","","","","","","","","","","","","","","","","","","","","","","","","","","","","",""
"html-keyboard-response","null","<div class=""fixation"">+</div>","null","592","2.1.0","520621","93y10e46f3","block1_then_block2","","","fixation","","","","","","","","","","","","","","","","","","","","","","","","","","","","","","","",""
"html-keyboard-response","629","<div class=""chinese-character"" style=""color:#d6b300;"">黄</div>","y","593","2.1.0","521251","93y10e46f3","block1_then_block2","","","color_naming","","","","","","","","","黄","huang2","","","","","","","","","2","","yellow","y","yellow","true","yellow","yellow","","","false","congruent_color_character","true","2"
"html-keyboard-response","null","","null","594","2.1.0","522258","93y10e46f3","block1_then_block2","","","inter_trial_interval","","","","","","","","","","","","","","","","","","","","","","","","","","","","","","","",""
"html-keyboard-response","null","<div class=""fixation"">+</div>","null","595","2.1.0","522770","93y10e46f3","block1_then_block2","","","fixation","","","","","","","","","","","","","","","","","","","","","","","","","","","","","","","",""
"html-keyboard-response","736","<div class=""chinese-character"" style=""color:#1f77b4;"">心</div>","b","596","2.1.0","523507","93y10e46f3","block1_then_block2","","","color_naming","","","","","","","","","心","xin1","","","","","","","","","2","","blue","b","blue","true","f2_23","heart","","","true","filler","false","null"
"html-keyboard-response","null","","null","597","2.1.0","524511","93y10e46f3","block1_then_block2","","","inter_trial_interval","","","","","","","","","","","","","","","","","","","","","","","","","","","","","","","",""
"html-keyboard-response","null","<div class=""fixation"">+</div>","null","598","2.1.0","525015","93y10e46f3","block1_then_block2","","","fixation","","","","","","","","","","","","","","","","","","","","","","","","","","","","","","","",""
"html-keyboard-response","608","<div class=""chinese-character"" style=""color:#d6b300;"">缠</div>","y","599","2.1.0","525625","93y10e46f3","block1_then_block2","","","color_naming","","","","","","","","","缠","chan2","","","","","","","","","2","","yellow","y","yellow","true","yellow","wrap around","","","false","congruent_S_minus_T_plus","true","2"
"html-keyboard-response","null","","null","600","2.1.0","526627","93y10e46f3","block1_then_block2","","","inter_trial_interval","","","","","","","","","","","","","","","","","","","","","","","","","","","","","","","",""
"html-keyboard-response","null","<div class=""fixation"">+</div>","null","601","2.1.0","527132","93y10e46f3","block1_then_block2","","","fixation","","","","","","","","","","","","","","","","","","","","","","","","","","","","","","","",""
"html-keyboard-response","693","<div class=""chinese-character"" style=""color:#2ca02c;"">房</div>","g","602","2.1.0","527825","93y10e46f3","block1_then_block2","","","color_naming","","","","","","","","","房","fang2","","","","","","","","","2","","green","g","green","true","f2_8","room","","","true","filler","false","null"
"html-keyboard-response","null","","null","603","2.1.0","528833","93y10e46f3","block1_then_block2","","","inter_trial_interval","","","","","","","","","","","","","","","","","","","","","","","","","","","","","","","",""
"html-keyboard-response","null","<div class=""fixation"">+</div>","null","604","2.1.0","529347","93y10e46f3","block1_then_block2","","","fixation","","","","","","","","","","","","","","","","","","","","","","","","","","","","","","","",""
"html-keyboard-response","1309","<div class=""chinese-character"" style=""color:#d62728;"">洪</div>","r","605","2.1.0","530657","93y10e46f3","block1_then_block2","","","color_naming","","","","","","","","","洪","hong2","","","","","","","","","2","","red","r","red","true","red","flood","","","false","congruent_S_T_plus","true","2"
"html-keyboard-response","null","","null","606","2.1.0","531667","93y10e46f3","block1_then_block2","","","inter_trial_interval","","","","","","","","","","","","","","","","","","","","","","","","","","","","","","","",""
"html-keyboard-response","null","<div class=""fixation"">+</div>","null","607","2.1.0","532179","93y10e46f3","block1_then_block2","","","fixation","","","","","","","","","","","","","","","","","","","","","","","","","","","","","","","",""
"html-keyboard-response","838","<div class=""chinese-character"" style=""color:#1f77b4;"">红</div>","b","608","2.1.0","533018","93y10e46f3","block1_then_block2","","","color_naming","","","","","","","","","红","hong2","","","","","","","","","2","","blue","b","blue","true","red","red","","","false","incongruent_color_character","true","2"
"html-keyboard-response","null","","null","609","2.1.0","534033","93y10e46f3","block1_then_block2","","","inter_trial_interval","","","","","","","","","","","","","","","","","","","","","","","","","","","","","","","",""
"html-keyboard-response","null","<div class=""fixation"">+</div>","null","610","2.1.0","534540","93y10e46f3","block1_then_block2","","","fixation","","","","","","","","","","","","","","","","","","","","","","","","","","","","","","","",""
"html-keyboard-response","747","<div class=""chinese-character"" style=""color:#2ca02c;"">虑</div>","g","611","2.1.0","535288","93y10e46f3","block1_then_block2","","","color_naming","","","","","","","","","虑","lv4","","","","","","","","","2","","green","g","green","true","green","ponder","","","false","congruent_S_T_plus","true","2"
"html-keyboard-response","null","","null","612","2.1.0","536304","93y10e46f3","block1_then_block2","","","inter_trial_interval","","","","","","","","","","","","","","","","","","","","","","","","","","","","","","","",""
"html-keyboard-response","null","<div class=""fixation"">+</div>","null","613","2.1.0","536817","93y10e46f3","block1_then_block2","","","fixation","","","","","","","","","","","","","","","","","","","","","","","","","","","","","","","",""
"html-keyboard-response","628","<div class=""chinese-character"" style=""color:#d6b300;"">星</div>","y","614","2.1.0","537446","93y10e46f3","block1_then_block2","","","color_naming","","","","","","","","","星","xing1","","","","","","","","","2","","yellow","y","yellow","true","f2_18","star","","","true","filler","false","null"
"html-keyboard-response","null","","null","615","2.1.0","538459","93y10e46f3","block1_then_block2","","","inter_trial_interval","","","","","","","","","","","","","","","","","","","","","","","","","","","","","","","",""
"html-keyboard-response","7696","
      <div class=""instructions"">
        <h2>Experiment Complete</h2>
        <p>Thank you for participating!</p>
        <p>Your keyboard color-naming accuracy was <strong>94</strong> out of <strong>96</strong> trials (98%).</p>
        <p>Press <strong>Space</strong> to view the data.</p>
      </div>
    "," ","616","2.1.0","546159","93y10e46f3","block1_then_block2","","","","","","","","","","","","","","","","","","","","","","","","","","","","","","","","","","",""
