"trial_type","rt","stimulus","response","trial_index","plugin_version","time_elapsed","subject_id","experimental_order","consent_response","consent_timestamp","task","mandarin_english_bilingual","native_language","english_age_of_acquisition","years_in_us","english_proficiency_score","mandarin_proficiency","english_proficiency","normal_or_corrected_vision","character","pinyin","recording_key","space_rt_ms","mic_available","audio_recorded","audio_size_bytes","audio_filename","audio_upload_ok","audio_upload_status","block","expected_key","ink_color","correct_key","response_color","correct","item_id","translation","source_condition","source_ink_color","is_filler","condition","is_critical","repetition"
"html-button-response","111663","<div class=""consent-text""> <h2>Consent Agreement</h2> <p> Please read this consent agreement carefully before deciding whether to participate in this experiment. </p> <p> <strong>Description:</strong> You are invited to participate in a research study about language and language learning. The purpose of the research is to understand how people learn new words. This research will be conducted through the Prolific platform, including participants from the US, UK, and Canada. If you decide to participate in this research, you will learn and use new words. </p> <p> <strong>Time Involvement:</strong> The task will last the amount of time advertised on Prolific. You are free to withdraw from the study at any time. </p> <p> <strong>Risks and Benefits:</strong> Study data will be stored securely, in compliance with Stanford University standards, minimizing the risk of confiden-tiality breach. This study advances our scientific understanding of how people learn new languages. We cannot and do not guarantee or promise that you will receive any benefits from this study. </p> <p> <strong>Compensation:</strong> You will receive payment in the amount advertised on Prolific. If you do not complete this study, you will receive prorated payment based on the time that you have spent. Additionally, you may be eligible for bonus payments as described in the instructions. </p> <p> <strong>Participant's Rights:</strong> If you have read this form and have decided to participate in this project, please understand your participation is voluntary and you have the right to withdraw your consent or discontinue participation at any time without penalty or loss of benefits to which you are otherwise entitled. The alternative is not to participate. You have the right to refuse to answer particular questions. The results of this research study may be presented at scientific or professional meetings or published in scientific journals. Your individual privacy will be maintained in all published and writ-ten data resulting from the study. In accordance with scientific norms, the data from this study may be used or shared with other researchers for future research (after removing personally identifying information) without additional consent from you. </p> <p> <strong>Contact Information:</strong> If you have any questions, concerns or complaints about this research, its procedures, risks and benefits, contact the Protocol Director, Robert Hawkins (<a href=""mailto:rdhawkins@stanford.edu"">rdhawkins@stanford.edu</a>, 217-549-6923). </p> <p> <strong>Independent Contact:</strong> If you are not satisfied with how this study is being conducted, or if you have any concerns, com-plaints, or general questions about the research or your rights as a participant, please contact the Stanford Institutional Review Board (IRB) to speak to someone independent of the research team at 650-723-2480 or toll free at 1-866-680-2906, or email at irbnonmed@stanford.edu. You can also write to the Stanford IRB, Stanford University, 1705 El Camino Real, Palo Alto, CA 94306. Please save or print a copy of this page for your records. </p> <p> <strong>If you agree to participate in this research, please click ""I agree""</strong> </p></br> </div>","0","0","2.1.0","112075","axv5r965od","block1_then_block2","agree","2026-05-27T15:21:02.132Z","","","","","","","","","","","","","","","","","","","","","","","","","","","","","","","","",""
"html-keyboard-response","29917","
    <div class=""instructions"">
      <h2>Welcome</h2>
      <p>Thank you for participating in this experiment.</p>
      <p>This study has two kinds of tasks:</p>
      <ol>
        <li>Read Chinese characters aloud in Mandarin.</li>
        <li>Name the ink color of Chinese characters in English.</li>
      </ol>
      <p>Press <strong>Space</strong> to continue.</p>
    </div>
  "," ","1","2.1.0","142448","axv5r965od","block1_then_block2","","","","","","","","","","","","","","","","","","","","","","","","","","","","","","","","","","",""
"survey-html-form","119868","","{""mandarin_english_bilingual"":""yes"",""native_language"":""Mandarin"",""english_age_of_acquisition"":""12"",""years_in_us"":""0"",""english_proficiency_score"":""IELTS 7, GCSE English language 5"",""mandarin_proficiency"":""native"",""english_proficiency"":""advanced"",""normal_or_corrected_vision"":""yes""}","2","2.1.0","262827","axv5r965od","block1_then_block2","","","participant_information","yes","Mandarin","12","0","IELTS 7, GCSE English language 5","native","advanced","yes","","","","","","","","","","","","","","","","","","","","","","","",""
"html-keyboard-response","21502","
    <div class=""instructions"">
      <h2>Color Response Keys</h2>
      <p>In the color-naming task, respond to the <strong>ink color</strong>, not the meaning of the character.</p>
      <ul>
        <li><strong>R</strong> = red</li>
        <li><strong>Y</strong> = yellow</li>
        <li><strong>B</strong> = blue</li>
        <li><strong>G</strong> = green</li>
      </ul>
      <p>Respond as quickly and accurately as possible.</p>
      <p>Press <strong>Space</strong> to continue.</p>
    </div>
  "," ","3","2.1.0","284331","axv5r965od","block1_then_block2","","","","","","","","","","","","","","","","","","","","","","","","","","","","","","","","","","",""
"html-keyboard-response","21429","
    <div class=""instructions"">
      <h2>Microphone Access</h2>
      <p>This experiment records your voice responses during the Chinese character-naming task.</p>
      <p>Your browser may ask for microphone permission — please click <strong>Allow</strong>.</p>
      <p>Your voice recordings will be securely uploaded to our research server (DataPipe) for analysis.</p>
      <p>Press <strong>Space</strong> once you have granted permission (or if no prompt appeared).</p>
    </div>
  "," ","4","2.1.0","305762","axv5r965od","block1_then_block2","","","mic_permission","","","","","","","","","","","","","","","","","","","","","","","","","","","","","","","",""
"html-keyboard-response","15350","
      <div class=""instructions"">
        <h2>Practice — Character Reading</h2>
        <p>First, you will practice reading Chinese characters aloud.</p>
        <p>Each character will appear on screen. Say it aloud in Mandarin, then press <strong>Space</strong> to move immediately to the next character.</p>
        <p>Your voice will be recorded during the real experiment.</p>
        <p>Press <strong>Space</strong> to start.</p>
      </div>
    "," ","5","2.1.0","321114","axv5r965od","block1_then_block2","","","","","","","","","","","","","","","","","","","","","","","","","","","","","","","","","","",""
"html-keyboard-response","null","<div class=""fixation"">+</div>","null","6","2.1.0","321616","axv5r965od","block1_then_block2","","","fixation","","","","","","","","","","","","","","","","","","","","","","","","","","","","","","","",""
"html-keyboard-response","3187","
      <div class=""chinese-character"" style=""color:#000000;"">日</div>
      <div style=""margin-top:32px; font-size:16px; color:#555; font-family:Arial,sans-serif;"">
        Say the character aloud, then press <strong>Space</strong>.
      </div>
    "," ","7","2.1.0","324806","axv5r965od","block1_then_block2","","","practice_character_naming","","","","","","","","","日","ri4","practice_character_日","3187","true","true","51494","axv5r965od_practice_character_日.webm","true","{""message"":""Success""}","","","","","","","","","","","","","",""
"html-keyboard-response","null","","null","8","2.1.0","324914","axv5r965od","block1_then_block2","","","inter_trial_interval","","","","","","","","","","","","","","","","","","","","","","","","","","","","","","","",""
"html-keyboard-response","null","<div class=""fixation"">+</div>","null","9","2.1.0","325430","axv5r965od","block1_then_block2","","","fixation","","","","","","","","","","","","","","","","","","","","","","","","","","","","","","","",""
"html-keyboard-response","2419","
      <div class=""chinese-character"" style=""color:#000000;"">木</div>
      <div style=""margin-top:32px; font-size:16px; color:#555; font-family:Arial,sans-serif;"">
        Say the character aloud, then press <strong>Space</strong>.
      </div>
    "," ","10","2.1.0","327850","axv5r965od","block1_then_block2","","","practice_character_naming","","","","","","","","","木","mu4","practice_character_木","2419","true","true","38936","axv5r965od_practice_character_木.webm","true","{""message"":""Success""}","","","","","","","","","","","","","",""
"html-keyboard-response","null","","null","11","2.1.0","327953","axv5r965od","block1_then_block2","","","inter_trial_interval","","","","","","","","","","","","","","","","","","","","","","","","","","","","","","","",""
"html-keyboard-response","null","<div class=""fixation"">+</div>","null","12","2.1.0","328458","axv5r965od","block1_then_block2","","","fixation","","","","","","","","","","","","","","","","","","","","","","","","","","","","","","","",""
"html-keyboard-response","1938","
      <div class=""chinese-character"" style=""color:#000000;"">人</div>
      <div style=""margin-top:32px; font-size:16px; color:#555; font-family:Arial,sans-serif;"">
        Say the character aloud, then press <strong>Space</strong>.
      </div>
    "," ","13","2.1.0","330398","axv5r965od","block1_then_block2","","","practice_character_naming","","","","","","","","","人","ren2","practice_character_人","1938","true","true","31208","axv5r965od_practice_character_人.webm","true","{""message"":""Success""}","","","","","","","","","","","","","",""
"html-keyboard-response","null","","null","14","2.1.0","330505","axv5r965od","block1_then_block2","","","inter_trial_interval","","","","","","","","","","","","","","","","","","","","","","","","","","","","","","","",""
"html-keyboard-response","null","<div class=""fixation"">+</div>","null","15","2.1.0","331011","axv5r965od","block1_then_block2","","","fixation","","","","","","","","","","","","","","","","","","","","","","","","","","","","","","","",""
"html-keyboard-response","1684","
      <div class=""chinese-character"" style=""color:#000000;"">火</div>
      <div style=""margin-top:32px; font-size:16px; color:#555; font-family:Arial,sans-serif;"">
        Say the character aloud, then press <strong>Space</strong>.
      </div>
    "," ","16","2.1.0","332696","axv5r965od","block1_then_block2","","","practice_character_naming","","","","","","","","","火","huo3","practice_character_火","1684","true","true","27344","axv5r965od_practice_character_火.webm","true","{""message"":""Success""}","","","","","","","","","","","","","",""
"html-keyboard-response","null","","null","17","2.1.0","332800","axv5r965od","block1_then_block2","","","inter_trial_interval","","","","","","","","","","","","","","","","","","","","","","","","","","","","","","","",""
"html-keyboard-response","7273","
      <div class=""instructions"">
        <h2>Practice — Color Naming</h2>
        <p>Now practice naming the ink color in English using the keyboard.</p>
        <p><strong>R</strong> = red, <strong>Y</strong> = yellow, <strong>B</strong> = blue, <strong>G</strong> = green.</p>
        <p>Press <strong>Space</strong> to start.</p>
      </div>
    "," ","18","2.1.0","340074","axv5r965od","block1_then_block2","","","","","","","","","","","","","","","","","","","","","","","","","","","","","","","","","","",""
"html-keyboard-response","12624","
      <div class=""instructions"">
        <h2>Keyboard Check</h2>
        <p>Before we continue, please press the <strong>R</strong> key
        (for <strong>red</strong>) on your keyboard.</p>
        <p style=""color:#888;font-size:0.9em;"">
          If your keyboard is set to a Chinese input method (IME),
          please switch to English / Roman input now, otherwise the experiment cannot record your responses.
        </p>
      </div>
    ","r","19","2.1.0","352699","axv5r965od","block1_then_block2","","","keyboard_check","","","","","","","","","","","","","","","","","","","practice","r","","","","","","","","","","","",""
"html-keyboard-response","null","<div class=""fixation"">+</div>","null","20","2.1.0","353213","axv5r965od","block1_then_block2","","","fixation","","","","","","","","","","","","","","","","","","","","","","","","","","","","","","","",""
"html-keyboard-response","null","<div class=""chinese-character"" style=""color:#d62728;"">日</div>","null","21","2.1.0","356216","axv5r965od","block1_then_block2","","","practice_color_naming","","","","","","","","","日","","","","","","","","","","","","red","r","null","false","","","","","","","",""
"html-keyboard-response","null","","null","22","2.1.0","357223","axv5r965od","block1_then_block2","","","inter_trial_interval","","","","","","","","","","","","","","","","","","","","","","","","","","","","","","","",""
"html-keyboard-response","null","<div class=""fixation"">+</div>","null","23","2.1.0","357736","axv5r965od","block1_then_block2","","","fixation","","","","","","","","","","","","","","","","","","","","","","","","","","","","","","","",""
"html-keyboard-response","956","<div class=""chinese-character"" style=""color:#2ca02c;"">木</div>","g","24","2.1.0","358693","axv5r965od","block1_then_block2","","","practice_color_naming","","","","","","","","","木","","","","","","","","","","","","green","g","green","true","","","","","","","",""
"html-keyboard-response","null","","null","25","2.1.0","359706","axv5r965od","block1_then_block2","","","inter_trial_interval","","","","","","","","","","","","","","","","","","","","","","","","","","","","","","","",""
"html-keyboard-response","null","<div class=""fixation"">+</div>","null","26","2.1.0","360212","axv5r965od","block1_then_block2","","","fixation","","","","","","","","","","","","","","","","","","","","","","","","","","","","","","","",""
"html-keyboard-response","1328","<div class=""chinese-character"" style=""color:#d6b300;"">人</div>","y","27","2.1.0","361541","axv5r965od","block1_then_block2","","","practice_color_naming","","","","","","","","","人","","","","","","","","","","","","yellow","y","yellow","true","","","","","","","",""
"html-keyboard-response","null","","null","28","2.1.0","362550","axv5r965od","block1_then_block2","","","inter_trial_interval","","","","","","","","","","","","","","","","","","","","","","","","","","","","","","","",""
"html-keyboard-response","null","<div class=""fixation"">+</div>","null","29","2.1.0","363062","axv5r965od","block1_then_block2","","","fixation","","","","","","","","","","","","","","","","","","","","","","","","","","","","","","","",""
"html-keyboard-response","1610","<div class=""chinese-character"" style=""color:#1f77b4;"">火</div>","b","30","2.1.0","364674","axv5r965od","block1_then_block2","","","practice_color_naming","","","","","","","","","火","","","","","","","","","","","","blue","b","blue","true","","","","","","","",""
"html-keyboard-response","null","","null","31","2.1.0","365677","axv5r965od","block1_then_block2","","","inter_trial_interval","","","","","","","","","","","","","","","","","","","","","","","","","","","","","","","",""
"html-keyboard-response","5375","
      <div class=""instructions"">
        <h2>End of Practice</h2>
        <p>The practice is over. The experiment will now begin.</p>
        <p>Press <strong>Space</strong> to continue.</p>
      </div>
    "," ","32","2.1.0","371054","axv5r965od","block1_then_block2","","","","","","","","","","","","","","","","","","","","","","","","","","","","","","","","","","",""
"html-keyboard-response","13278","
      <div class=""instructions"">
        <h2>Chinese Character Naming — Block 1</h2>
        <p>You will see Chinese characters printed in black.</p>
        <p>Please <strong>say the character aloud in Mandarin</strong> as quickly and accurately as possible.</p>
        <p>After speaking, press <strong>Space</strong> to move to the next character immediately.</p>
        <p>Your voice will be recorded so we can verify your responses.</p>
        <p>Press <strong>Space</strong> to begin.</p>
      </div>
    "," ","33","2.1.0","384332","axv5r965od","block1_then_block2","","","","","","","","","","","","","","","","","","","","","","","","","","","","","","","","","","",""
"html-keyboard-response","null","<div class=""fixation"">+</div>","null","34","2.1.0","384844","axv5r965od","block1_then_block2","","","fixation","","","","","","","","","","","","","","","","","","","","","","","","","","","","","","","",""
"html-keyboard-response","3587","
      <div class=""chinese-character"" style=""color:#000000;"">红</div>
      <div style=""margin-top:32px; font-size:16px; color:#555; font-family:Arial,sans-serif;"">
        Say the character aloud, then press <strong>Space</strong>.
      </div>
    "," ","35","2.1.0","388432","axv5r965od","block1_then_block2","","","character_naming","","","","","","","","","红","hong2","character_naming_red_block1_rep1","3587","true","true","57290","axv5r965od_character_naming_red_block1_rep1.webm","true","{""message"":""Success""}","1","","","","","","red","red","congruent_color_character","red","false","","",""
"html-keyboard-response","null","","null","36","2.1.0","388534","axv5r965od","block1_then_block2","","","inter_trial_interval","","","","","","","","","","","","","","","","","","","","","","","","","","","","","","","",""
"html-keyboard-response","null","<div class=""fixation"">+</div>","null","37","2.1.0","389038","axv5r965od","block1_then_block2","","","fixation","","","","","","","","","","","","","","","","","","","","","","","","","","","","","","","",""
"html-keyboard-response","2611","
      <div class=""chinese-character"" style=""color:#000000;"">缠</div>
      <div style=""margin-top:32px; font-size:16px; color:#555; font-family:Arial,sans-serif;"">
        Say the character aloud, then press <strong>Space</strong>.
      </div>
    "," ","38","2.1.0","391650","axv5r965od","block1_then_block2","","","character_naming","","","","","","","","","缠","chan2","character_naming_yellow_block1_rep1","2611","true","true","41834","axv5r965od_character_naming_yellow_block1_rep1.webm","true","{""message"":""Success""}","1","","","","","","yellow","wrap around","congruent_S_minus_T_plus","yellow","false","","",""
"html-keyboard-response","null","","null","39","2.1.0","391767","axv5r965od","block1_then_block2","","","inter_trial_interval","","","","","","","","","","","","","","","","","","","","","","","","","","","","","","","",""
"html-keyboard-response","null","<div class=""fixation"">+</div>","null","40","2.1.0","392278","axv5r965od","block1_then_block2","","","fixation","","","","","","","","","","","","","","","","","","","","","","","","","","","","","","","",""
"html-keyboard-response","1898","
      <div class=""chinese-character"" style=""color:#000000;"">洞</div>
      <div style=""margin-top:32px; font-size:16px; color:#555; font-family:Arial,sans-serif;"">
        Say the character aloud, then press <strong>Space</strong>.
      </div>
    "," ","41","2.1.0","394177","axv5r965od","block1_then_block2","","","character_naming","","","","","","","","","洞","dong4","character_naming_green_block1_rep1","1898","true","true","30242","axv5r965od_character_naming_green_block1_rep1.webm","true","{""message"":""Success""}","1","","","","","","green","hole","congruent_S_minus_T_plus","green","false","","",""
"html-keyboard-response","null","","null","42","2.1.0","394285","axv5r965od","block1_then_block2","","","inter_trial_interval","","","","","","","","","","","","","","","","","","","","","","","","","","","","","","","",""
"html-keyboard-response","null","<div class=""fixation"">+</div>","null","43","2.1.0","394789","axv5r965od","block1_then_block2","","","fixation","","","","","","","","","","","","","","","","","","","","","","","","","","","","","","","",""
"html-keyboard-response","1640","
      <div class=""chinese-character"" style=""color:#000000;"">雨</div>
      <div style=""margin-top:32px; font-size:16px; color:#555; font-family:Arial,sans-serif;"">
        Say the character aloud, then press <strong>Space</strong>.
      </div>
    "," ","44","2.1.0","396430","axv5r965od","block1_then_block2","","","character_naming","","","","","","","","","雨","yu3","character_naming_f1_17_block1_norep","1640","true","true","26378","axv5r965od_character_naming_f1_17_block1_norep.webm","true","{""message"":""Success""}","1","","","","","","f1_17","rain","filler","red","true","","",""
"html-keyboard-response","null","","null","45","2.1.0","396534","axv5r965od","block1_then_block2","","","inter_trial_interval","","","","","","","","","","","","","","","","","","","","","","","","","","","","","","","",""
"html-keyboard-response","null","<div class=""fixation"">+</div>","null","46","2.1.0","397043","axv5r965od","block1_then_block2","","","fixation","","","","","","","","","","","","","","","","","","","","","","","","","","","","","","","",""
"html-keyboard-response","1533","
      <div class=""chinese-character"" style=""color:#000000;"">水</div>
      <div style=""margin-top:32px; font-size:16px; color:#555; font-family:Arial,sans-serif;"">
        Say the character aloud, then press <strong>Space</strong>.
      </div>
    "," ","47","2.1.0","398578","axv5r965od","block1_then_block2","","","character_naming","","","","","","","","","水","shui3","character_naming_f1_3_block1_norep","1533","true","true","24446","axv5r965od_character_naming_f1_3_block1_norep.webm","true","{""message"":""Success""}","1","","","","","","f1_3","water","filler","blue","true","","",""
"html-keyboard-response","null","","null","48","2.1.0","398685","axv5r965od","block1_then_block2","","","inter_trial_interval","","","","","","","","","","","","","","","","","","","","","","","","","","","","","","","",""
"html-keyboard-response","null","<div class=""fixation"">+</div>","null","49","2.1.0","399193","axv5r965od","block1_then_block2","","","fixation","","","","","","","","","","","","","","","","","","","","","","","","","","","","","","","",""
"html-keyboard-response","1574","
      <div class=""chinese-character"" style=""color:#000000;"">洪</div>
      <div style=""margin-top:32px; font-size:16px; color:#555; font-family:Arial,sans-serif;"">
        Say the character aloud, then press <strong>Space</strong>.
      </div>
    "," ","50","2.1.0","400768","axv5r965od","block1_then_block2","","","character_naming","","","","","","","","","洪","hong2","character_naming_red_block1_rep1","1574","true","true","25412","axv5r965od_character_naming_red_block1_rep1.webm","true","{""error"":""OSF_FILE_EXISTS"",""message"":""The OSF file already exists. File names must be unique.""}","1","","","","","","red","flood","congruent_S_T_plus","red","false","","",""
"html-keyboard-response","null","","null","51","2.1.0","400884","axv5r965od","block1_then_block2","","","inter_trial_interval","","","","","","","","","","","","","","","","","","","","","","","","","","","","","","","",""
"html-keyboard-response","null","<div class=""fixation"">+</div>","null","52","2.1.0","401393","axv5r965od","block1_then_block2","","","fixation","","","","","","","","","","","","","","","","","","","","","","","","","","","","","","","",""
"html-keyboard-response","1620","
      <div class=""chinese-character"" style=""color:#000000;"">茶</div>
      <div style=""margin-top:32px; font-size:16px; color:#555; font-family:Arial,sans-serif;"">
        Say the character aloud, then press <strong>Space</strong>.
      </div>
    "," ","53","2.1.0","403014","axv5r965od","block1_then_block2","","","character_naming","","","","","","","","","茶","cha2","character_naming_f1_20_block1_norep","1620","true","true","26378","axv5r965od_character_naming_f1_20_block1_norep.webm","true","{""message"":""Success""}","1","","","","","","f1_20","tea","filler","green","true","","",""
"html-keyboard-response","null","","null","54","2.1.0","403116","axv5r965od","block1_then_block2","","","inter_trial_interval","","","","","","","","","","","","","","","","","","","","","","","","","","","","","","","",""
"html-keyboard-response","null","<div class=""fixation"">+</div>","null","55","2.1.0","403626","axv5r965od","block1_then_block2","","","fixation","","","","","","","","","","","","","","","","","","","","","","","","","","","","","","","",""
"html-keyboard-response","1409","
      <div class=""chinese-character"" style=""color:#000000;"">黄</div>
      <div style=""margin-top:32px; font-size:16px; color:#555; font-family:Arial,sans-serif;"">
        Say the character aloud, then press <strong>Space</strong>.
      </div>
    "," ","56","2.1.0","405036","axv5r965od","block1_then_block2","","","character_naming","","","","","","","","","黄","huang2","character_naming_yellow_block1_rep1","1409","true","true","22514","axv5r965od_character_naming_yellow_block1_rep1.webm","true","{""error"":""OSF_FILE_EXISTS"",""message"":""The OSF file already exists. File names must be unique.""}","1","","","","","","yellow","yellow","congruent_color_character","yellow","false","","",""
"html-keyboard-response","null","","null","57","2.1.0","405142","axv5r965od","block1_then_block2","","","inter_trial_interval","","","","","","","","","","","","","","","","","","","","","","","","","","","","","","","",""
"html-keyboard-response","null","<div class=""fixation"">+</div>","null","58","2.1.0","405655","axv5r965od","block1_then_block2","","","fixation","","","","","","","","","","","","","","","","","","","","","","","","","","","","","","","",""
"html-keyboard-response","1246","
      <div class=""chinese-character"" style=""color:#000000;"">树</div>
      <div style=""margin-top:32px; font-size:16px; color:#555; font-family:Arial,sans-serif;"">
        Say the character aloud, then press <strong>Space</strong>.
      </div>
    "," ","59","2.1.0","406902","axv5r965od","block1_then_block2","","","character_naming","","","","","","","","","树","shu4","character_naming_f1_16_block1_norep","1246","true","true","19616","axv5r965od_character_naming_f1_16_block1_norep.webm","true","{""message"":""Success""}","1","","","","","","f1_16","tree","filler","green","true","","",""
"html-keyboard-response","null","","null","60","2.1.0","407004","axv5r965od","block1_then_block2","","","inter_trial_interval","","","","","","","","","","","","","","","","","","","","","","","","","","","","","","","",""
"html-keyboard-response","null","<div class=""fixation"">+</div>","null","61","2.1.0","407518","axv5r965od","block1_then_block2","","","fixation","","","","","","","","","","","","","","","","","","","","","","","","","","","","","","","",""
"html-keyboard-response","1554","
      <div class=""chinese-character"" style=""color:#000000;"">书</div>
      <div style=""margin-top:32px; font-size:16px; color:#555; font-family:Arial,sans-serif;"">
        Say the character aloud, then press <strong>Space</strong>.
      </div>
    "," ","62","2.1.0","409073","axv5r965od","block1_then_block2","","","character_naming","","","","","","","","","书","shu1","character_naming_f1_1_block1_norep","1554","true","true","24446","axv5r965od_character_naming_f1_1_block1_norep.webm","true","{""message"":""Success""}","1","","","","","","f1_1","book","filler","red","true","","",""
"html-keyboard-response","null","","null","63","2.1.0","409178","axv5r965od","block1_then_block2","","","inter_trial_interval","","","","","","","","","","","","","","","","","","","","","","","","","","","","","","","",""
"html-keyboard-response","null","<div class=""fixation"">+</div>","null","64","2.1.0","409688","axv5r965od","block1_then_block2","","","fixation","","","","","","","","","","","","","","","","","","","","","","","","","","","","","","","",""
"html-keyboard-response","2564","
      <div class=""chinese-character"" style=""color:#000000;"">涂</div>
      <div style=""margin-top:32px; font-size:16px; color:#555; font-family:Arial,sans-serif;"">
        Say the character aloud, then press <strong>Space</strong>.
      </div>
    "," ","65","2.1.0","412253","axv5r965od","block1_then_block2","","","character_naming","","","","","","","","","涂","tu2","character_naming_green_block1_rep1","2564","true","true","40868","axv5r965od_character_naming_green_block1_rep1.webm","true","{""error"":""OSF_FILE_EXISTS"",""message"":""The OSF file already exists. File names must be unique.""}","1","","","","","","green","paint","neutral","green","false","","",""
"html-keyboard-response","null","","null","66","2.1.0","412358","axv5r965od","block1_then_block2","","","inter_trial_interval","","","","","","","","","","","","","","","","","","","","","","","","","","","","","","","",""
"html-keyboard-response","null","<div class=""fixation"">+</div>","null","67","2.1.0","412862","axv5r965od","block1_then_block2","","","fixation","","","","","","","","","","","","","","","","","","","","","","","","","","","","","","","",""
"html-keyboard-response","1606","
      <div class=""chinese-character"" style=""color:#000000;"">门</div>
      <div style=""margin-top:32px; font-size:16px; color:#555; font-family:Arial,sans-serif;"">
        Say the character aloud, then press <strong>Space</strong>.
      </div>
    "," ","68","2.1.0","414469","axv5r965od","block1_then_block2","","","character_naming","","","","","","","","","门","men2","character_naming_f1_4_block1_norep","1606","true","true","25412","axv5r965od_character_naming_f1_4_block1_norep.webm","true","{""message"":""Success""}","1","","","","","","f1_4","door","filler","green","true","","",""
"html-keyboard-response","null","","null","69","2.1.0","414576","axv5r965od","block1_then_block2","","","inter_trial_interval","","","","","","","","","","","","","","","","","","","","","","","","","","","","","","","",""
"html-keyboard-response","null","<div class=""fixation"">+</div>","null","70","2.1.0","415088","axv5r965od","block1_then_block2","","","fixation","","","","","","","","","","","","","","","","","","","","","","","","","","","","","","","",""
"html-keyboard-response","1577","
      <div class=""chinese-character"" style=""color:#000000;"">花</div>
      <div style=""margin-top:32px; font-size:16px; color:#555; font-family:Arial,sans-serif;"">
        Say the character aloud, then press <strong>Space</strong>.
      </div>
    "," ","71","2.1.0","416666","axv5r965od","block1_then_block2","","","character_naming","","","","","","","","","花","hua1","character_naming_f1_6_block1_norep","1577","true","true","25412","axv5r965od_character_naming_f1_6_block1_norep.webm","true","{""message"":""Success""}","1","","","","","","f1_6","flower","filler","yellow","true","","",""
"html-keyboard-response","null","","null","72","2.1.0","416781","axv5r965od","block1_then_block2","","","inter_trial_interval","","","","","","","","","","","","","","","","","","","","","","","","","","","","","","","",""
"html-keyboard-response","null","<div class=""fixation"">+</div>","null","73","2.1.0","417291","axv5r965od","block1_then_block2","","","fixation","","","","","","","","","","","","","","","","","","","","","","","","","","","","","","","",""
"html-keyboard-response","1484","
      <div class=""chinese-character"" style=""color:#000000;"">桥</div>
      <div style=""margin-top:32px; font-size:16px; color:#555; font-family:Arial,sans-serif;"">
        Say the character aloud, then press <strong>Space</strong>.
      </div>
    "," ","74","2.1.0","418777","axv5r965od","block1_then_block2","","","character_naming","","","","","","","","","桥","qiao2","character_naming_f1_18_block1_norep","1484","true","true","23480","axv5r965od_character_naming_f1_18_block1_norep.webm","true","{""message"":""Success""}","1","","","","","","f1_18","bridge","filler","yellow","true","","",""
"html-keyboard-response","null","","null","75","2.1.0","418884","axv5r965od","block1_then_block2","","","inter_trial_interval","","","","","","","","","","","","","","","","","","","","","","","","","","","","","","","",""
"html-keyboard-response","null","<div class=""fixation"">+</div>","null","76","2.1.0","419392","axv5r965od","block1_then_block2","","","fixation","","","","","","","","","","","","","","","","","","","","","","","","","","","","","","","",""
"html-keyboard-response","1667","
      <div class=""chinese-character"" style=""color:#000000;"">纸</div>
      <div style=""margin-top:32px; font-size:16px; color:#555; font-family:Arial,sans-serif;"">
        Say the character aloud, then press <strong>Space</strong>.
      </div>
    "," ","77","2.1.0","421060","axv5r965od","block1_then_block2","","","character_naming","","","","","","","","","纸","zhi3","character_naming_f1_19_block1_norep","1667","true","true","26378","axv5r965od_character_naming_f1_19_block1_norep.webm","true","{""message"":""Success""}","1","","","","","","f1_19","paper","filler","blue","true","","",""
"html-keyboard-response","null","","null","78","2.1.0","421167","axv5r965od","block1_then_block2","","","inter_trial_interval","","","","","","","","","","","","","","","","","","","","","","","","","","","","","","","",""
"html-keyboard-response","null","<div class=""fixation"">+</div>","null","79","2.1.0","421673","axv5r965od","block1_then_block2","","","fixation","","","","","","","","","","","","","","","","","","","","","","","","","","","","","","","",""
"html-keyboard-response","1685","
      <div class=""chinese-character"" style=""color:#000000;"">窗</div>
      <div style=""margin-top:32px; font-size:16px; color:#555; font-family:Arial,sans-serif;"">
        Say the character aloud, then press <strong>Space</strong>.
      </div>
    "," ","80","2.1.0","423359","axv5r965od","block1_then_block2","","","character_naming","","","","","","","","","窗","chuang1","character_naming_f1_15_block1_norep","1685","true","true","27344","axv5r965od_character_naming_f1_15_block1_norep.webm","true","{""message"":""Success""}","1","","","","","","f1_15","window","filler","blue","true","","",""
"html-keyboard-response","null","","null","81","2.1.0","423474","axv5r965od","block1_then_block2","","","inter_trial_interval","","","","","","","","","","","","","","","","","","","","","","","","","","","","","","","",""
"html-keyboard-response","null","<div class=""fixation"">+</div>","null","82","2.1.0","423988","axv5r965od","block1_then_block2","","","fixation","","","","","","","","","","","","","","","","","","","","","","","","","","","","","","","",""
"html-keyboard-response","1721","
      <div class=""chinese-character"" style=""color:#000000;"">牵</div>
      <div style=""margin-top:32px; font-size:16px; color:#555; font-family:Arial,sans-serif;"">
        Say the character aloud, then press <strong>Space</strong>.
      </div>
    "," ","83","2.1.0","425710","axv5r965od","block1_then_block2","","","character_naming","","","","","","","","","牵","qian1","character_naming_red_block1_rep1","1721","true","true","27344","axv5r965od_character_naming_red_block1_rep1.webm","true","{""error"":""OSF_FILE_EXISTS"",""message"":""The OSF file already exists. File names must be unique.""}","1","","","","","","red","lead along","neutral","red","false","","",""
"html-keyboard-response","null","","null","84","2.1.0","425817","axv5r965od","block1_then_block2","","","inter_trial_interval","","","","","","","","","","","","","","","","","","","","","","","","","","","","","","","",""
"html-keyboard-response","null","<div class=""fixation"">+</div>","null","85","2.1.0","426326","axv5r965od","block1_then_block2","","","fixation","","","","","","","","","","","","","","","","","","","","","","","","","","","","","","","",""
"html-keyboard-response","1759","
      <div class=""chinese-character"" style=""color:#000000;"">云</div>
      <div style=""margin-top:32px; font-size:16px; color:#555; font-family:Arial,sans-serif;"">
        Say the character aloud, then press <strong>Space</strong>.
      </div>
    "," ","86","2.1.0","428087","axv5r965od","block1_then_block2","","","character_naming","","","","","","","","","云","yun2","character_naming_f1_9_block1_norep","1759","true","true","28310","axv5r965od_character_naming_f1_9_block1_norep.webm","true","{""message"":""Success""}","1","","","","","","f1_9","cloud","filler","red","true","","",""
"html-keyboard-response","null","","null","87","2.1.0","428192","axv5r965od","block1_then_block2","","","inter_trial_interval","","","","","","","","","","","","","","","","","","","","","","","","","","","","","","","",""
"html-keyboard-response","null","<div class=""fixation"">+</div>","null","88","2.1.0","428695","axv5r965od","block1_then_block2","","","fixation","","","","","","","","","","","","","","","","","","","","","","","","","","","","","","","",""
"html-keyboard-response","2326","
      <div class=""chinese-character"" style=""color:#000000;"">黄</div>
      <div style=""margin-top:32px; font-size:16px; color:#555; font-family:Arial,sans-serif;"">
        Say the character aloud, then press <strong>Space</strong>.
      </div>
    "," ","89","2.1.0","431022","axv5r965od","block1_then_block2","","","character_naming","","","","","","","","","黄","huang2","character_naming_yellow_block1_rep1","2326","true","true","37004","axv5r965od_character_naming_yellow_block1_rep1.webm","true","{""error"":""OSF_FILE_EXISTS"",""message"":""The OSF file already exists. File names must be unique.""}","1","","","","","","yellow","yellow","incongruent_color_character","green","false","","",""
"html-keyboard-response","null","","null","90","2.1.0","431133","axv5r965od","block1_then_block2","","","inter_trial_interval","","","","","","","","","","","","","","","","","","","","","","","","","","","","","","","",""
"html-keyboard-response","null","<div class=""fixation"">+</div>","null","91","2.1.0","431642","axv5r965od","block1_then_block2","","","fixation","","","","","","","","","","","","","","","","","","","","","","","","","","","","","","","",""
"html-keyboard-response","1385","
      <div class=""chinese-character"" style=""color:#000000;"">城</div>
      <div style=""margin-top:32px; font-size:16px; color:#555; font-family:Arial,sans-serif;"">
        Say the character aloud, then press <strong>Space</strong>.
      </div>
    "," ","92","2.1.0","433029","axv5r965od","block1_then_block2","","","character_naming","","","","","","","","","城","cheng2","character_naming_f1_22_block1_norep","1385","true","true","22514","axv5r965od_character_naming_f1_22_block1_norep.webm","true","{""message"":""Success""}","1","","","","","","f1_22","city","filler","yellow","true","","",""
"html-keyboard-response","null","","null","93","2.1.0","433131","axv5r965od","block1_then_block2","","","inter_trial_interval","","","","","","","","","","","","","","","","","","","","","","","","","","","","","","","",""
"html-keyboard-response","null","<div class=""fixation"">+</div>","null","94","2.1.0","433635","axv5r965od","block1_then_block2","","","fixation","","","","","","","","","","","","","","","","","","","","","","","","","","","","","","","",""
"html-keyboard-response","1504","
      <div class=""chinese-character"" style=""color:#000000;"">绿</div>
      <div style=""margin-top:32px; font-size:16px; color:#555; font-family:Arial,sans-serif;"">
        Say the character aloud, then press <strong>Space</strong>.
      </div>
    "," ","95","2.1.0","435139","axv5r965od","block1_then_block2","","","character_naming","","","","","","","","","绿","lv4","character_naming_green_block1_rep1","1504","true","true","24446","axv5r965od_character_naming_green_block1_rep1.webm","true","{""error"":""OSF_FILE_EXISTS"",""message"":""The OSF file already exists. File names must be unique.""}","1","","","","","","green","green","congruent_color_character","green","false","","",""
"html-keyboard-response","null","","null","96","2.1.0","435245","axv5r965od","block1_then_block2","","","inter_trial_interval","","","","","","","","","","","","","","","","","","","","","","","","","","","","","","","",""
"html-keyboard-response","null","<div class=""fixation"">+</div>","null","97","2.1.0","435757","axv5r965od","block1_then_block2","","","fixation","","","","","","","","","","","","","","","","","","","","","","","","","","","","","","","",""
"html-keyboard-response","1684","
      <div class=""chinese-character"" style=""color:#000000;"">风</div>
      <div style=""margin-top:32px; font-size:16px; color:#555; font-family:Arial,sans-serif;"">
        Say the character aloud, then press <strong>Space</strong>.
      </div>
    "," ","98","2.1.0","437443","axv5r965od","block1_then_block2","","","character_naming","","","","","","","","","风","feng1","character_naming_f1_10_block1_norep","1684","true","true","27344","axv5r965od_character_naming_f1_10_block1_norep.webm","true","{""message"":""Success""}","1","","","","","","f1_10","wind","filler","yellow","true","","",""
"html-keyboard-response","null","","null","99","2.1.0","437548","axv5r965od","block1_then_block2","","","inter_trial_interval","","","","","","","","","","","","","","","","","","","","","","","","","","","","","","","",""
"html-keyboard-response","null","<div class=""fixation"">+</div>","null","100","2.1.0","438058","axv5r965od","block1_then_block2","","","fixation","","","","","","","","","","","","","","","","","","","","","","","","","","","","","","","",""
"html-keyboard-response","1777","
      <div class=""chinese-character"" style=""color:#000000;"">鸟</div>
      <div style=""margin-top:32px; font-size:16px; color:#555; font-family:Arial,sans-serif;"">
        Say the character aloud, then press <strong>Space</strong>.
      </div>
    "," ","101","2.1.0","439837","axv5r965od","block1_then_block2","","","character_naming","","","","","","","","","鸟","niao3","character_naming_f1_11_block1_norep","1777","true","true","28310","axv5r965od_character_naming_f1_11_block1_norep.webm","true","{""message"":""Success""}","1","","","","","","f1_11","bird","filler","blue","true","","",""
"html-keyboard-response","null","","null","102","2.1.0","439947","axv5r965od","block1_then_block2","","","inter_trial_interval","","","","","","","","","","","","","","","","","","","","","","","","","","","","","","","",""
"html-keyboard-response","null","<div class=""fixation"">+</div>","null","103","2.1.0","440458","axv5r965od","block1_then_block2","","","fixation","","","","","","","","","","","","","","","","","","","","","","","","","","","","","","","",""
"html-keyboard-response","1450","
      <div class=""chinese-character"" style=""color:#000000;"">灯</div>
      <div style=""margin-top:32px; font-size:16px; color:#555; font-family:Arial,sans-serif;"">
        Say the character aloud, then press <strong>Space</strong>.
      </div>
    "," ","104","2.1.0","441910","axv5r965od","block1_then_block2","","","character_naming","","","","","","","","","灯","deng1","character_naming_f1_21_block1_norep","1450","true","true","23480","axv5r965od_character_naming_f1_21_block1_norep.webm","true","{""message"":""Success""}","1","","","","","","f1_21","lamp","filler","red","true","","",""
"html-keyboard-response","null","","null","105","2.1.0","442015","axv5r965od","block1_then_block2","","","inter_trial_interval","","","","","","","","","","","","","","","","","","","","","","","","","","","","","","","",""
"html-keyboard-response","null","<div class=""fixation"">+</div>","null","106","2.1.0","442522","axv5r965od","block1_then_block2","","","fixation","","","","","","","","","","","","","","","","","","","","","","","","","","","","","","","",""
"html-keyboard-response","1606","
      <div class=""chinese-character"" style=""color:#000000;"">山</div>
      <div style=""margin-top:32px; font-size:16px; color:#555; font-family:Arial,sans-serif;"">
        Say the character aloud, then press <strong>Space</strong>.
      </div>
    "," ","107","2.1.0","444130","axv5r965od","block1_then_block2","","","character_naming","","","","","","","","","山","shan1","character_naming_f1_2_block1_norep","1606","true","true","25412","axv5r965od_character_naming_f1_2_block1_norep.webm","true","{""message"":""Success""}","1","","","","","","f1_2","mountain","filler","yellow","true","","",""
"html-keyboard-response","null","","null","108","2.1.0","444232","axv5r965od","block1_then_block2","","","inter_trial_interval","","","","","","","","","","","","","","","","","","","","","","","","","","","","","","","",""
"html-keyboard-response","null","<div class=""fixation"">+</div>","null","109","2.1.0","444741","axv5r965od","block1_then_block2","","","fixation","","","","","","","","","","","","","","","","","","","","","","","","","","","","","","","",""
"html-keyboard-response","1695","
      <div class=""chinese-character"" style=""color:#000000;"">手</div>
      <div style=""margin-top:32px; font-size:16px; color:#555; font-family:Arial,sans-serif;"">
        Say the character aloud, then press <strong>Space</strong>.
      </div>
    "," ","110","2.1.0","446438","axv5r965od","block1_then_block2","","","character_naming","","","","","","","","","手","shou3","character_naming_f1_8_block1_norep","1695","true","true","27344","axv5r965od_character_naming_f1_8_block1_norep.webm","true","{""message"":""Success""}","1","","","","","","f1_8","hand","filler","green","true","","",""
"html-keyboard-response","null","","null","111","2.1.0","446543","axv5r965od","block1_then_block2","","","inter_trial_interval","","","","","","","","","","","","","","","","","","","","","","","","","","","","","","","",""
"html-keyboard-response","null","<div class=""fixation"">+</div>","null","112","2.1.0","447052","axv5r965od","block1_then_block2","","","fixation","","","","","","","","","","","","","","","","","","","","","","","","","","","","","","","",""
"html-keyboard-response","1478","
      <div class=""chinese-character"" style=""color:#000000;"">蓝</div>
      <div style=""margin-top:32px; font-size:16px; color:#555; font-family:Arial,sans-serif;"">
        Say the character aloud, then press <strong>Space</strong>.
      </div>
    "," ","113","2.1.0","448530","axv5r965od","block1_then_block2","","","character_naming","","","","","","","","","蓝","lan2","character_naming_blue_block1_rep1","1478","true","true","23480","axv5r965od_character_naming_blue_block1_rep1.webm","true","{""message"":""Success""}","1","","","","","","blue","blue","congruent_color_character","blue","false","","",""
"html-keyboard-response","null","","null","114","2.1.0","448632","axv5r965od","block1_then_block2","","","inter_trial_interval","","","","","","","","","","","","","","","","","","","","","","","","","","","","","","","",""
"html-keyboard-response","null","<div class=""fixation"">+</div>","null","115","2.1.0","449141","axv5r965od","block1_then_block2","","","fixation","","","","","","","","","","","","","","","","","","","","","","","","","","","","","","","",""
"html-keyboard-response","1644","
      <div class=""chinese-character"" style=""color:#000000;"">趁</div>
      <div style=""margin-top:32px; font-size:16px; color:#555; font-family:Arial,sans-serif;"">
        Say the character aloud, then press <strong>Space</strong>.
      </div>
    "," ","116","2.1.0","450786","axv5r965od","block1_then_block2","","","character_naming","","","","","","","","","趁","chen4","character_naming_yellow_block1_rep1","1644","true","true","26378","axv5r965od_character_naming_yellow_block1_rep1.webm","true","{""error"":""OSF_FILE_EXISTS"",""message"":""The OSF file already exists. File names must be unique.""}","1","","","","","","yellow","take advantage of","neutral","yellow","false","","",""
"html-keyboard-response","null","","null","117","2.1.0","450889","axv5r965od","block1_then_block2","","","inter_trial_interval","","","","","","","","","","","","","","","","","","","","","","","","","","","","","","","",""
"html-keyboard-response","null","<div class=""fixation"">+</div>","null","118","2.1.0","451393","axv5r965od","block1_then_block2","","","fixation","","","","","","","","","","","","","","","","","","","","","","","","","","","","","","","",""
"html-keyboard-response","1494","
      <div class=""chinese-character"" style=""color:#000000;"">尝</div>
      <div style=""margin-top:32px; font-size:16px; color:#555; font-family:Arial,sans-serif;"">
        Say the character aloud, then press <strong>Space</strong>.
      </div>
    "," ","119","2.1.0","452888","axv5r965od","block1_then_block2","","","character_naming","","","","","","","","","尝","chang2","character_naming_blue_block1_rep1","1494","true","true","23480","axv5r965od_character_naming_blue_block1_rep1.webm","true","{""error"":""OSF_FILE_EXISTS"",""message"":""The OSF file already exists. File names must be unique.""}","1","","","","","","blue","taste","congruent_S_minus_T_plus","blue","false","","",""
"html-keyboard-response","null","","null","120","2.1.0","452992","axv5r965od","block1_then_block2","","","inter_trial_interval","","","","","","","","","","","","","","","","","","","","","","","","","","","","","","","",""
"html-keyboard-response","null","<div class=""fixation"">+</div>","null","121","2.1.0","453507","axv5r965od","block1_then_block2","","","fixation","","","","","","","","","","","","","","","","","","","","","","","","","","","","","","","",""
"html-keyboard-response","1543","
      <div class=""chinese-character"" style=""color:#000000;"">家</div>
      <div style=""margin-top:32px; font-size:16px; color:#555; font-family:Arial,sans-serif;"">
        Say the character aloud, then press <strong>Space</strong>.
      </div>
    "," ","122","2.1.0","455051","axv5r965od","block1_then_block2","","","character_naming","","","","","","","","","家","jia1","character_naming_f1_13_block1_norep","1543","true","true","24446","axv5r965od_character_naming_f1_13_block1_norep.webm","true","{""message"":""Success""}","1","","","","","","f1_13","home","filler","red","true","","",""
"html-keyboard-response","null","","null","123","2.1.0","455160","axv5r965od","block1_then_block2","","","inter_trial_interval","","","","","","","","","","","","","","","","","","","","","","","","","","","","","","","",""
"html-keyboard-response","null","<div class=""fixation"">+</div>","null","124","2.1.0","455674","axv5r965od","block1_then_block2","","","fixation","","","","","","","","","","","","","","","","","","","","","","","","","","","","","","","",""
"html-keyboard-response","1704","
      <div class=""chinese-character"" style=""color:#000000;"">月</div>
      <div style=""margin-top:32px; font-size:16px; color:#555; font-family:Arial,sans-serif;"">
        Say the character aloud, then press <strong>Space</strong>.
      </div>
    "," ","125","2.1.0","457379","axv5r965od","block1_then_block2","","","character_naming","","","","","","","","","月","yue4","character_naming_f1_7_block1_norep","1704","true","true","27344","axv5r965od_character_naming_f1_7_block1_norep.webm","true","{""message"":""Success""}","1","","","","","","f1_7","moon","filler","blue","true","","",""
"html-keyboard-response","null","","null","126","2.1.0","457480","axv5r965od","block1_then_block2","","","inter_trial_interval","","","","","","","","","","","","","","","","","","","","","","","","","","","","","","","",""
"html-keyboard-response","null","<div class=""fixation"">+</div>","null","127","2.1.0","457991","axv5r965od","block1_then_block2","","","fixation","","","","","","","","","","","","","","","","","","","","","","","","","","","","","","","",""
"html-keyboard-response","1529","
      <div class=""chinese-character"" style=""color:#000000;"">车</div>
      <div style=""margin-top:32px; font-size:16px; color:#555; font-family:Arial,sans-serif;"">
        Say the character aloud, then press <strong>Space</strong>.
      </div>
    "," ","128","2.1.0","459521","axv5r965od","block1_then_block2","","","character_naming","","","","","","","","","车","che1","character_naming_f1_5_block1_norep","1529","true","true","24446","axv5r965od_character_naming_f1_5_block1_norep.webm","true","{""message"":""Success""}","1","","","","","","f1_5","car","filler","red","true","","",""
"html-keyboard-response","null","","null","129","2.1.0","459624","axv5r965od","block1_then_block2","","","inter_trial_interval","","","","","","","","","","","","","","","","","","","","","","","","","","","","","","","",""
"html-keyboard-response","null","<div class=""fixation"">+</div>","null","130","2.1.0","460140","axv5r965od","block1_then_block2","","","fixation","","","","","","","","","","","","","","","","","","","","","","","","","","","","","","","",""
"html-keyboard-response","1582","
      <div class=""chinese-character"" style=""color:#000000;"">旅</div>
      <div style=""margin-top:32px; font-size:16px; color:#555; font-family:Arial,sans-serif;"">
        Say the character aloud, then press <strong>Space</strong>.
      </div>
    "," ","131","2.1.0","461723","axv5r965od","block1_then_block2","","","character_naming","","","","","","","","","旅","lv3","character_naming_green_block1_rep1","1582","true","true","25412","axv5r965od_character_naming_green_block1_rep1.webm","true","{""error"":""OSF_FILE_EXISTS"",""message"":""The OSF file already exists. File names must be unique.""}","1","","","","","","green","travel","congruent_S_plus_T_minus","green","false","","",""
"html-keyboard-response","null","","null","132","2.1.0","461829","axv5r965od","block1_then_block2","","","inter_trial_interval","","","","","","","","","","","","","","","","","","","","","","","","","","","","","","","",""
"html-keyboard-response","null","<div class=""fixation"">+</div>","null","133","2.1.0","462333","axv5r965od","block1_then_block2","","","fixation","","","","","","","","","","","","","","","","","","","","","","","","","","","","","","","",""
"html-keyboard-response","1364","
      <div class=""chinese-character"" style=""color:#000000;"">鱼</div>
      <div style=""margin-top:32px; font-size:16px; color:#555; font-family:Arial,sans-serif;"">
        Say the character aloud, then press <strong>Space</strong>.
      </div>
    "," ","134","2.1.0","463697","axv5r965od","block1_then_block2","","","character_naming","","","","","","","","","鱼","yu2","character_naming_f1_12_block1_norep","1364","true","true","21548","axv5r965od_character_naming_f1_12_block1_norep.webm","true","{""message"":""Success""}","1","","","","","","f1_12","fish","filler","green","true","","",""
"html-keyboard-response","null","","null","135","2.1.0","463813","axv5r965od","block1_then_block2","","","inter_trial_interval","","","","","","","","","","","","","","","","","","","","","","","","","","","","","","","",""
"html-keyboard-response","null","<div class=""fixation"">+</div>","null","136","2.1.0","464325","axv5r965od","block1_then_block2","","","fixation","","","","","","","","","","","","","","","","","","","","","","","","","","","","","","","",""
"html-keyboard-response","1522","
      <div class=""chinese-character"" style=""color:#000000;"">皇</div>
      <div style=""margin-top:32px; font-size:16px; color:#555; font-family:Arial,sans-serif;"">
        Say the character aloud, then press <strong>Space</strong>.
      </div>
    "," ","137","2.1.0","465849","axv5r965od","block1_then_block2","","","character_naming","","","","","","","","","皇","huang2","character_naming_yellow_block1_rep1","1522","true","true","24446","axv5r965od_character_naming_yellow_block1_rep1.webm","true","{""error"":""OSF_FILE_EXISTS"",""message"":""The OSF file already exists. File names must be unique.""}","1","","","","","","yellow","emperor","congruent_S_T_plus","yellow","false","","",""
"html-keyboard-response","null","","null","138","2.1.0","465963","axv5r965od","block1_then_block2","","","inter_trial_interval","","","","","","","","","","","","","","","","","","","","","","","","","","","","","","","",""
"html-keyboard-response","null","<div class=""fixation"">+</div>","null","139","2.1.0","466465","axv5r965od","block1_then_block2","","","fixation","","","","","","","","","","","","","","","","","","","","","","","","","","","","","","","",""
"html-keyboard-response","2263","
      <div class=""chinese-character"" style=""color:#000000;"">婪</div>
      <div style=""margin-top:32px; font-size:16px; color:#555; font-family:Arial,sans-serif;"">
        Say the character aloud, then press <strong>Space</strong>.
      </div>
    "," ","140","2.1.0","468729","axv5r965od","block1_then_block2","","","character_naming","","","","","","","","","婪","lan2","character_naming_blue_block1_rep1","2263","true","true","36038","axv5r965od_character_naming_blue_block1_rep1.webm","true","{""error"":""OSF_FILE_EXISTS"",""message"":""The OSF file already exists. File names must be unique.""}","1","","","","","","blue","greedy","congruent_S_T_plus","blue","false","","",""
"html-keyboard-response","null","","null","141","2.1.0","468840","axv5r965od","block1_then_block2","","","inter_trial_interval","","","","","","","","","","","","","","","","","","","","","","","","","","","","","","","",""
"html-keyboard-response","null","<div class=""fixation"">+</div>","null","142","2.1.0","469355","axv5r965od","block1_then_block2","","","fixation","","","","","","","","","","","","","","","","","","","","","","","","","","","","","","","",""
"html-keyboard-response","1432","
      <div class=""chinese-character"" style=""color:#000000;"">览</div>
      <div style=""margin-top:32px; font-size:16px; color:#555; font-family:Arial,sans-serif;"">
        Say the character aloud, then press <strong>Space</strong>.
      </div>
    "," ","143","2.1.0","470788","axv5r965od","block1_then_block2","","","character_naming","","","","","","","","","览","lan3","character_naming_blue_block1_rep1","1432","true","true","22514","axv5r965od_character_naming_blue_block1_rep1.webm","true","{""error"":""OSF_FILE_EXISTS"",""message"":""The OSF file already exists. File names must be unique.""}","1","","","","","","blue","view","congruent_S_plus_T_minus","blue","false","","",""
"html-keyboard-response","null","","null","144","2.1.0","470893","axv5r965od","block1_then_block2","","","inter_trial_interval","","","","","","","","","","","","","","","","","","","","","","","","","","","","","","","",""
"html-keyboard-response","null","<div class=""fixation"">+</div>","null","145","2.1.0","471406","axv5r965od","block1_then_block2","","","fixation","","","","","","","","","","","","","","","","","","","","","","","","","","","","","","","",""
"html-keyboard-response","2473","
      <div class=""chinese-character"" style=""color:#000000;"">红</div>
      <div style=""margin-top:32px; font-size:16px; color:#555; font-family:Arial,sans-serif;"">
        Say the character aloud, then press <strong>Space</strong>.
      </div>
    "," ","146","2.1.0","473879","axv5r965od","block1_then_block2","","","character_naming","","","","","","","","","红","hong2","character_naming_red_block1_rep1","2473","true","true","39902","axv5r965od_character_naming_red_block1_rep1.webm","true","{""error"":""OSF_FILE_EXISTS"",""message"":""The OSF file already exists. File names must be unique.""}","1","","","","","","red","red","incongruent_color_character","blue","false","","",""
"html-keyboard-response","null","","null","147","2.1.0","473981","axv5r965od","block1_then_block2","","","inter_trial_interval","","","","","","","","","","","","","","","","","","","","","","","","","","","","","","","",""
"html-keyboard-response","null","<div class=""fixation"">+</div>","null","148","2.1.0","474491","axv5r965od","block1_then_block2","","","fixation","","","","","","","","","","","","","","","","","","","","","","","","","","","","","","","",""
"html-keyboard-response","1376","
      <div class=""chinese-character"" style=""color:#000000;"">蓝</div>
      <div style=""margin-top:32px; font-size:16px; color:#555; font-family:Arial,sans-serif;"">
        Say the character aloud, then press <strong>Space</strong>.
      </div>
    "," ","149","2.1.0","475868","axv5r965od","block1_then_block2","","","character_naming","","","","","","","","","蓝","lan2","character_naming_blue_block1_rep1","1376","true","true","22514","axv5r965od_character_naming_blue_block1_rep1.webm","true","{""error"":""OSF_FILE_EXISTS"",""message"":""The OSF file already exists. File names must be unique.""}","1","","","","","","blue","blue","incongruent_color_character","red","false","","",""
"html-keyboard-response","null","","null","150","2.1.0","475975","axv5r965od","block1_then_block2","","","inter_trial_interval","","","","","","","","","","","","","","","","","","","","","","","","","","","","","","","",""
"html-keyboard-response","null","<div class=""fixation"">+</div>","null","151","2.1.0","476491","axv5r965od","block1_then_block2","","","fixation","","","","","","","","","","","","","","","","","","","","","","","","","","","","","","","",""
"html-keyboard-response","1484","
      <div class=""chinese-character"" style=""color:#000000;"">虑</div>
      <div style=""margin-top:32px; font-size:16px; color:#555; font-family:Arial,sans-serif;"">
        Say the character aloud, then press <strong>Space</strong>.
      </div>
    "," ","152","2.1.0","477976","axv5r965od","block1_then_block2","","","character_naming","","","","","","","","","虑","lv4","character_naming_green_block1_rep1","1484","true","true","23480","axv5r965od_character_naming_green_block1_rep1.webm","true","{""error"":""OSF_FILE_EXISTS"",""message"":""The OSF file already exists. File names must be unique.""}","1","","","","","","green","ponder","congruent_S_T_plus","green","false","","",""
"html-keyboard-response","null","","null","153","2.1.0","478080","axv5r965od","block1_then_block2","","","inter_trial_interval","","","","","","","","","","","","","","","","","","","","","","","","","","","","","","","",""
"html-keyboard-response","null","<div class=""fixation"">+</div>","null","154","2.1.0","478590","axv5r965od","block1_then_block2","","","fixation","","","","","","","","","","","","","","","","","","","","","","","","","","","","","","","",""
"html-keyboard-response","1596","
      <div class=""chinese-character"" style=""color:#000000;"">石</div>
      <div style=""margin-top:32px; font-size:16px; color:#555; font-family:Arial,sans-serif;"">
        Say the character aloud, then press <strong>Space</strong>.
      </div>
    "," ","155","2.1.0","480187","axv5r965od","block1_then_block2","","","character_naming","","","","","","","","","石","shi2","character_naming_f1_24_block1_norep","1596","true","true","25412","axv5r965od_character_naming_f1_24_block1_norep.webm","true","{""message"":""Success""}","1","","","","","","f1_24","stone","filler","green","true","","",""
"html-keyboard-response","null","","null","156","2.1.0","480297","axv5r965od","block1_then_block2","","","inter_trial_interval","","","","","","","","","","","","","","","","","","","","","","","","","","","","","","","",""
"html-keyboard-response","null","<div class=""fixation"">+</div>","null","157","2.1.0","480805","axv5r965od","block1_then_block2","","","fixation","","","","","","","","","","","","","","","","","","","","","","","","","","","","","","","",""
"html-keyboard-response","2082","
      <div class=""chinese-character"" style=""color:#000000;"">路</div>
      <div style=""margin-top:32px; font-size:16px; color:#555; font-family:Arial,sans-serif;"">
        Say the character aloud, then press <strong>Space</strong>.
      </div>
    "," ","158","2.1.0","482888","axv5r965od","block1_then_block2","","","character_naming","","","","","","","","","路","lu4","character_naming_f1_14_block1_norep","2082","true","true","33140","axv5r965od_character_naming_f1_14_block1_norep.webm","true","{""message"":""Success""}","1","","","","","","f1_14","road","filler","yellow","true","","",""
"html-keyboard-response","null","","null","159","2.1.0","482993","axv5r965od","block1_then_block2","","","inter_trial_interval","","","","","","","","","","","","","","","","","","","","","","","","","","","","","","","",""
"html-keyboard-response","null","<div class=""fixation"">+</div>","null","160","2.1.0","483507","axv5r965od","block1_then_block2","","","fixation","","","","","","","","","","","","","","","","","","","","","","","","","","","","","","","",""
"html-keyboard-response","1479","
      <div class=""chinese-character"" style=""color:#000000;"">绿</div>
      <div style=""margin-top:32px; font-size:16px; color:#555; font-family:Arial,sans-serif;"">
        Say the character aloud, then press <strong>Space</strong>.
      </div>
    "," ","161","2.1.0","484987","axv5r965od","block1_then_block2","","","character_naming","","","","","","","","","绿","lv4","character_naming_green_block1_rep1","1479","true","true","23480","axv5r965od_character_naming_green_block1_rep1.webm","true","{""error"":""OSF_FILE_EXISTS"",""message"":""The OSF file already exists. File names must be unique.""}","1","","","","","","green","green","incongruent_color_character","yellow","false","","",""
"html-keyboard-response","null","","null","162","2.1.0","485095","axv5r965od","block1_then_block2","","","inter_trial_interval","","","","","","","","","","","","","","","","","","","","","","","","","","","","","","","",""
"html-keyboard-response","null","<div class=""fixation"">+</div>","null","163","2.1.0","485607","axv5r965od","block1_then_block2","","","fixation","","","","","","","","","","","","","","","","","","","","","","","","","","","","","","","",""
"html-keyboard-response","1363","
      <div class=""chinese-character"" style=""color:#000000;"">晃</div>
      <div style=""margin-top:32px; font-size:16px; color:#555; font-family:Arial,sans-serif;"">
        Say the character aloud, then press <strong>Space</strong>.
      </div>
    "," ","164","2.1.0","486972","axv5r965od","block1_then_block2","","","character_naming","","","","","","","","","晃","huang4","character_naming_yellow_block1_rep1","1363","true","true","21548","axv5r965od_character_naming_yellow_block1_rep1.webm","true","{""error"":""OSF_FILE_EXISTS"",""message"":""The OSF file already exists. File names must be unique.""}","1","","","","","","yellow","sway","congruent_S_plus_T_minus","yellow","false","","",""
"html-keyboard-response","null","","null","165","2.1.0","487076","axv5r965od","block1_then_block2","","","inter_trial_interval","","","","","","","","","","","","","","","","","","","","","","","","","","","","","","","",""
"html-keyboard-response","null","<div class=""fixation"">+</div>","null","166","2.1.0","487589","axv5r965od","block1_then_block2","","","fixation","","","","","","","","","","","","","","","","","","","","","","","","","","","","","","","",""
"html-keyboard-response","1429","
      <div class=""chinese-character"" style=""color:#000000;"">瓶</div>
      <div style=""margin-top:32px; font-size:16px; color:#555; font-family:Arial,sans-serif;"">
        Say the character aloud, then press <strong>Space</strong>.
      </div>
    "," ","167","2.1.0","489019","axv5r965od","block1_then_block2","","","character_naming","","","","","","","","","瓶","ping2","character_naming_red_block1_rep1","1429","true","true","22514","axv5r965od_character_naming_red_block1_rep1.webm","true","{""error"":""OSF_FILE_EXISTS"",""message"":""The OSF file already exists. File names must be unique.""}","1","","","","","","red","bottle","congruent_S_minus_T_plus","red","false","","",""
"html-keyboard-response","null","","null","168","2.1.0","489125","axv5r965od","block1_then_block2","","","inter_trial_interval","","","","","","","","","","","","","","","","","","","","","","","","","","","","","","","",""
"html-keyboard-response","null","<div class=""fixation"">+</div>","null","169","2.1.0","489640","axv5r965od","block1_then_block2","","","fixation","","","","","","","","","","","","","","","","","","","","","","","","","","","","","","","",""
"html-keyboard-response","1552","
      <div class=""chinese-character"" style=""color:#000000;"">宫</div>
      <div style=""margin-top:32px; font-size:16px; color:#555; font-family:Arial,sans-serif;"">
        Say the character aloud, then press <strong>Space</strong>.
      </div>
    "," ","170","2.1.0","491193","axv5r965od","block1_then_block2","","","character_naming","","","","","","","","","宫","gong1","character_naming_blue_block1_rep1","1552","true","true","24446","axv5r965od_character_naming_blue_block1_rep1.webm","true","{""error"":""OSF_FILE_EXISTS"",""message"":""The OSF file already exists. File names must be unique.""}","1","","","","","","blue","palace","neutral","blue","false","","",""
"html-keyboard-response","null","","null","171","2.1.0","491295","axv5r965od","block1_then_block2","","","inter_trial_interval","","","","","","","","","","","","","","","","","","","","","","","","","","","","","","","",""
"html-keyboard-response","null","<div class=""fixation"">+</div>","null","172","2.1.0","491805","axv5r965od","block1_then_block2","","","fixation","","","","","","","","","","","","","","","","","","","","","","","","","","","","","","","",""
"html-keyboard-response","1497","
      <div class=""chinese-character"" style=""color:#000000;"">轰</div>
      <div style=""margin-top:32px; font-size:16px; color:#555; font-family:Arial,sans-serif;"">
        Say the character aloud, then press <strong>Space</strong>.
      </div>
    "," ","173","2.1.0","493303","axv5r965od","block1_then_block2","","","character_naming","","","","","","","","","轰","hong1","character_naming_red_block1_rep1","1497","true","true","24446","axv5r965od_character_naming_red_block1_rep1.webm","true","{""error"":""OSF_FILE_EXISTS"",""message"":""The OSF file already exists. File names must be unique.""}","1","","","","","","red","boom","congruent_S_plus_T_minus","red","false","","",""
"html-keyboard-response","null","","null","174","2.1.0","493408","axv5r965od","block1_then_block2","","","inter_trial_interval","","","","","","","","","","","","","","","","","","","","","","","","","","","","","","","",""
"html-keyboard-response","null","<div class=""fixation"">+</div>","null","175","2.1.0","493919","axv5r965od","block1_then_block2","","","fixation","","","","","","","","","","","","","","","","","","","","","","","","","","","","","","","",""
"html-keyboard-response","1905","
      <div class=""chinese-character"" style=""color:#000000;"">船</div>
      <div style=""margin-top:32px; font-size:16px; color:#555; font-family:Arial,sans-serif;"">
        Say the character aloud, then press <strong>Space</strong>.
      </div>
    "," ","176","2.1.0","495826","axv5r965od","block1_then_block2","","","character_naming","","","","","","","","","船","chuan2","character_naming_f1_23_block1_norep","1905","true","true","30242","axv5r965od_character_naming_f1_23_block1_norep.webm","true","{""message"":""Success""}","1","","","","","","f1_23","boat","filler","blue","true","","",""
"html-keyboard-response","null","","null","177","2.1.0","495927","axv5r965od","block1_then_block2","","","inter_trial_interval","","","","","","","","","","","","","","","","","","","","","","","","","","","","","","","",""
"html-keyboard-response","6582","
      <div class=""instructions"">
        <h2>English Color-Naming — Block 1</h2>
        <p>You will see Chinese characters printed in color.</p>
        <p>Your task is to identify the <strong>ink color in English</strong>.</p>
        <p>Ignore the character itself.</p>
        <p><strong>R</strong> = red, <strong>Y</strong> = yellow, <strong>B</strong> = blue, <strong>G</strong> = green.</p>
        <p>Press <strong>Space</strong> to begin.</p>
      </div>
    "," ","178","2.1.0","502510","axv5r965od","block1_then_block2","","","","","","","","","","","","","","","","","","","","","","","","","","","","","","","","","","",""
"html-keyboard-response","2899","
      <div class=""instructions"">
        <h2>Keyboard Check</h2>
        <p>Before we continue, please press the <strong>B</strong> key
        (for <strong>blue</strong>) on your keyboard.</p>
        <p style=""color:#888;font-size:0.9em;"">
          If your keyboard is set to a Chinese input method (IME),
          please switch to English / Roman input now, otherwise the experiment cannot record your responses.
        </p>
      </div>
    ","b","179","2.1.0","505410","axv5r965od","block1_then_block2","","","keyboard_check","","","","","","","","","","","","","","","","","","","1","b","","","","","","","","","","","",""
"html-keyboard-response","null","<div class=""fixation"">+</div>","null","180","2.1.0","505921","axv5r965od","block1_then_block2","","","fixation","","","","","","","","","","","","","","","","","","","","","","","","","","","","","","","",""
"html-keyboard-response","1193","<div class=""chinese-character"" style=""color:#d62728;"">瓶</div>","r","181","2.1.0","507115","axv5r965od","block1_then_block2","","","color_naming","","","","","","","","","瓶","ping2","","","","","","","","","1","","red","r","red","true","red","bottle","","","false","congruent_S_minus_T_plus","true","1"
"html-keyboard-response","null","","null","182","2.1.0","508117","axv5r965od","block1_then_block2","","","inter_trial_interval","","","","","","","","","","","","","","","","","","","","","","","","","","","","","","","",""
"html-keyboard-response","null","<div class=""fixation"">+</div>","null","183","2.1.0","508620","axv5r965od","block1_then_block2","","","fixation","","","","","","","","","","","","","","","","","","","","","","","","","","","","","","","",""
"html-keyboard-response","2206","<div class=""chinese-character"" style=""color:#2ca02c;"">鱼</div>","g","184","2.1.0","510828","axv5r965od","block1_then_block2","","","color_naming","","","","","","","","","鱼","yu2","","","","","","","","","1","","green","g","green","true","f1_12","fish","","","true","filler","false","null"
"html-keyboard-response","null","","null","185","2.1.0","511845","axv5r965od","block1_then_block2","","","inter_trial_interval","","","","","","","","","","","","","","","","","","","","","","","","","","","","","","","",""
"html-keyboard-response","null","<div class=""fixation"">+</div>","null","186","2.1.0","512358","axv5r965od","block1_then_block2","","","fixation","","","","","","","","","","","","","","","","","","","","","","","","","","","","","","","",""
"html-keyboard-response","1197","<div class=""chinese-character"" style=""color:#d62728;"">车</div>","r","187","2.1.0","513556","axv5r965od","block1_then_block2","","","color_naming","","","","","","","","","车","che1","","","","","","","","","1","","red","r","red","true","f1_5","car","","","true","filler","false","null"
"html-keyboard-response","null","","null","188","2.1.0","514559","axv5r965od","block1_then_block2","","","inter_trial_interval","","","","","","","","","","","","","","","","","","","","","","","","","","","","","","","",""
"html-keyboard-response","null","<div class=""fixation"">+</div>","null","189","2.1.0","515063","axv5r965od","block1_then_block2","","","fixation","","","","","","","","","","","","","","","","","","","","","","","","","","","","","","","",""
"html-keyboard-response","827","<div class=""chinese-character"" style=""color:#d62728;"">红</div>","r","190","2.1.0","515891","axv5r965od","block1_then_block2","","","color_naming","","","","","","","","","红","hong2","","","","","","","","","1","","red","r","red","true","red","red","","","false","congruent_color_character","true","1"
"html-keyboard-response","null","","null","191","2.1.0","516894","axv5r965od","block1_then_block2","","","inter_trial_interval","","","","","","","","","","","","","","","","","","","","","","","","","","","","","","","",""
"html-keyboard-response","null","<div class=""fixation"">+</div>","null","192","2.1.0","517403","axv5r965od","block1_then_block2","","","fixation","","","","","","","","","","","","","","","","","","","","","","","","","","","","","","","",""
"html-keyboard-response","931","<div class=""chinese-character"" style=""color:#2ca02c;"">虑</div>","g","193","2.1.0","518336","axv5r965od","block1_then_block2","","","color_naming","","","","","","","","","虑","lv4","","","","","","","","","1","","green","g","green","true","green","ponder","","","false","congruent_S_T_plus","true","1"
"html-keyboard-response","null","","null","194","2.1.0","519344","axv5r965od","block1_then_block2","","","inter_trial_interval","","","","","","","","","","","","","","","","","","","","","","","","","","","","","","","",""
"html-keyboard-response","null","<div class=""fixation"">+</div>","null","195","2.1.0","519846","axv5r965od","block1_then_block2","","","fixation","","","","","","","","","","","","","","","","","","","","","","","","","","","","","","","",""
"html-keyboard-response","829","<div class=""chinese-character"" style=""color:#2ca02c;"">茶</div>","g","196","2.1.0","520677","axv5r965od","block1_then_block2","","","color_naming","","","","","","","","","茶","cha2","","","","","","","","","1","","green","g","green","true","f1_20","tea","","","true","filler","false","null"
"html-keyboard-response","null","","null","197","2.1.0","521691","axv5r965od","block1_then_block2","","","inter_trial_interval","","","","","","","","","","","","","","","","","","","","","","","","","","","","","","","",""
"html-keyboard-response","null","<div class=""fixation"">+</div>","null","198","2.1.0","522203","axv5r965od","block1_then_block2","","","fixation","","","","","","","","","","","","","","","","","","","","","","","","","","","","","","","",""
"html-keyboard-response","1164","<div class=""chinese-character"" style=""color:#d6b300;"">山</div>","y","199","2.1.0","523369","axv5r965od","block1_then_block2","","","color_naming","","","","","","","","","山","shan1","","","","","","","","","1","","yellow","y","yellow","true","f1_2","mountain","","","true","filler","false","null"
"html-keyboard-response","null","","null","200","2.1.0","524373","axv5r965od","block1_then_block2","","","inter_trial_interval","","","","","","","","","","","","","","","","","","","","","","","","","","","","","","","",""
"html-keyboard-response","null","<div class=""fixation"">+</div>","null","201","2.1.0","524875","axv5r965od","block1_then_block2","","","fixation","","","","","","","","","","","","","","","","","","","","","","","","","","","","","","","",""
"html-keyboard-response","1041","<div class=""chinese-character"" style=""color:#1f77b4;"">水</div>","b","202","2.1.0","525917","axv5r965od","block1_then_block2","","","color_naming","","","","","","","","","水","shui3","","","","","","","","","1","","blue","b","blue","true","f1_3","water","","","true","filler","false","null"
"html-keyboard-response","null","","null","203","2.1.0","526927","axv5r965od","block1_then_block2","","","inter_trial_interval","","","","","","","","","","","","","","","","","","","","","","","","","","","","","","","",""
"html-keyboard-response","null","<div class=""fixation"">+</div>","null","204","2.1.0","527436","axv5r965od","block1_then_block2","","","fixation","","","","","","","","","","","","","","","","","","","","","","","","","","","","","","","",""
"html-keyboard-response","926","<div class=""chinese-character"" style=""color:#d6b300;"">趁</div>","y","205","2.1.0","528363","axv5r965od","block1_then_block2","","","color_naming","","","","","","","","","趁","chen4","","","","","","","","","1","","yellow","y","yellow","true","yellow","take advantage of","","","false","neutral","true","1"
"html-keyboard-response","null","","null","206","2.1.0","529374","axv5r965od","block1_then_block2","","","inter_trial_interval","","","","","","","","","","","","","","","","","","","","","","","","","","","","","","","",""
"html-keyboard-response","null","<div class=""fixation"">+</div>","null","207","2.1.0","529886","axv5r965od","block1_then_block2","","","fixation","","","","","","","","","","","","","","","","","","","","","","","","","","","","","","","",""
"html-keyboard-response","1744","<div class=""chinese-character"" style=""color:#d6b300;"">绿</div>","y","208","2.1.0","531631","axv5r965od","block1_then_block2","","","color_naming","","","","","","","","","绿","lv4","","","","","","","","","1","","yellow","y","yellow","true","green","green","","","false","incongruent_color_character","true","1"
"html-keyboard-response","null","","null","209","2.1.0","532640","axv5r965od","block1_then_block2","","","inter_trial_interval","","","","","","","","","","","","","","","","","","","","","","","","","","","","","","","",""
"html-keyboard-response","null","<div class=""fixation"">+</div>","null","210","2.1.0","533151","axv5r965od","block1_then_block2","","","fixation","","","","","","","","","","","","","","","","","","","","","","","","","","","","","","","",""
"html-keyboard-response","846","<div class=""chinese-character"" style=""color:#d6b300;"">缠</div>","y","211","2.1.0","533998","axv5r965od","block1_then_block2","","","color_naming","","","","","","","","","缠","chan2","","","","","","","","","1","","yellow","y","yellow","true","yellow","wrap around","","","false","congruent_S_minus_T_plus","true","1"
"html-keyboard-response","null","","null","212","2.1.0","535007","axv5r965od","block1_then_block2","","","inter_trial_interval","","","","","","","","","","","","","","","","","","","","","","","","","","","","","","","",""
"html-keyboard-response","null","<div class=""fixation"">+</div>","null","213","2.1.0","535520","axv5r965od","block1_then_block2","","","fixation","","","","","","","","","","","","","","","","","","","","","","","","","","","","","","","",""
"html-keyboard-response","848","<div class=""chinese-character"" style=""color:#2ca02c;"">门</div>","g","214","2.1.0","536369","axv5r965od","block1_then_block2","","","color_naming","","","","","","","","","门","men2","","","","","","","","","1","","green","g","green","true","f1_4","door","","","true","filler","false","null"
"html-keyboard-response","null","","null","215","2.1.0","537382","axv5r965od","block1_then_block2","","","inter_trial_interval","","","","","","","","","","","","","","","","","","","","","","","","","","","","","","","",""
"html-keyboard-response","null","<div class=""fixation"">+</div>","null","216","2.1.0","537893","axv5r965od","block1_then_block2","","","fixation","","","","","","","","","","","","","","","","","","","","","","","","","","","","","","","",""
"html-keyboard-response","650","<div class=""chinese-character"" style=""color:#2ca02c;"">树</div>","g","217","2.1.0","538544","axv5r965od","block1_then_block2","","","color_naming","","","","","","","","","树","shu4","","","","","","","","","1","","green","g","green","true","f1_16","tree","","","true","filler","false","null"
"html-keyboard-response","null","","null","218","2.1.0","539555","axv5r965od","block1_then_block2","","","inter_trial_interval","","","","","","","","","","","","","","","","","","","","","","","","","","","","","","","",""
"html-keyboard-response","null","<div class=""fixation"">+</div>","null","219","2.1.0","540067","axv5r965od","block1_then_block2","","","fixation","","","","","","","","","","","","","","","","","","","","","","","","","","","","","","","",""
"html-keyboard-response","1418","<div class=""chinese-character"" style=""color:#1f77b4;"">览</div>","b","220","2.1.0","541487","axv5r965od","block1_then_block2","","","color_naming","","","","","","","","","览","lan3","","","","","","","","","1","","blue","b","blue","true","blue","view","","","false","congruent_S_plus_T_minus","true","1"
"html-keyboard-response","null","","null","221","2.1.0","542490","axv5r965od","block1_then_block2","","","inter_trial_interval","","","","","","","","","","","","","","","","","","","","","","","","","","","","","","","",""
"html-keyboard-response","null","<div class=""fixation"">+</div>","null","222","2.1.0","543003","axv5r965od","block1_then_block2","","","fixation","","","","","","","","","","","","","","","","","","","","","","","","","","","","","","","",""
"html-keyboard-response","1282","<div class=""chinese-character"" style=""color:#2ca02c;"">旅</div>","g","223","2.1.0","544286","axv5r965od","block1_then_block2","","","color_naming","","","","","","","","","旅","lv3","","","","","","","","","1","","green","g","green","true","green","travel","","","false","congruent_S_plus_T_minus","true","1"
"html-keyboard-response","null","","null","224","2.1.0","545300","axv5r965od","block1_then_block2","","","inter_trial_interval","","","","","","","","","","","","","","","","","","","","","","","","","","","","","","","",""
"html-keyboard-response","null","<div class=""fixation"">+</div>","null","225","2.1.0","545805","axv5r965od","block1_then_block2","","","fixation","","","","","","","","","","","","","","","","","","","","","","","","","","","","","","","",""
"html-keyboard-response","600","<div class=""chinese-character"" style=""color:#2ca02c;"">涂</div>","g","226","2.1.0","546406","axv5r965od","block1_then_block2","","","color_naming","","","","","","","","","涂","tu2","","","","","","","","","1","","green","g","green","true","green","paint","","","false","neutral","true","1"
"html-keyboard-response","null","","null","227","2.1.0","547421","axv5r965od","block1_then_block2","","","inter_trial_interval","","","","","","","","","","","","","","","","","","","","","","","","","","","","","","","",""
"html-keyboard-response","null","<div class=""fixation"">+</div>","null","228","2.1.0","547935","axv5r965od","block1_then_block2","","","fixation","","","","","","","","","","","","","","","","","","","","","","","","","","","","","","","",""
"html-keyboard-response","1442","<div class=""chinese-character"" style=""color:#1f77b4;"">尝</div>","b","229","2.1.0","549378","axv5r965od","block1_then_block2","","","color_naming","","","","","","","","","尝","chang2","","","","","","","","","1","","blue","b","blue","true","blue","taste","","","false","congruent_S_minus_T_plus","true","1"
"html-keyboard-response","null","","null","230","2.1.0","550391","axv5r965od","block1_then_block2","","","inter_trial_interval","","","","","","","","","","","","","","","","","","","","","","","","","","","","","","","",""
"html-keyboard-response","null","<div class=""fixation"">+</div>","null","231","2.1.0","550902","axv5r965od","block1_then_block2","","","fixation","","","","","","","","","","","","","","","","","","","","","","","","","","","","","","","",""
"html-keyboard-response","868","<div class=""chinese-character"" style=""color:#d62728;"">云</div>","r","232","2.1.0","551771","axv5r965od","block1_then_block2","","","color_naming","","","","","","","","","云","yun2","","","","","","","","","1","","red","r","red","true","f1_9","cloud","","","true","filler","false","null"
"html-keyboard-response","null","","null","233","2.1.0","552787","axv5r965od","block1_then_block2","","","inter_trial_interval","","","","","","","","","","","","","","","","","","","","","","","","","","","","","","","",""
"html-keyboard-response","null","<div class=""fixation"">+</div>","null","234","2.1.0","553291","axv5r965od","block1_then_block2","","","fixation","","","","","","","","","","","","","","","","","","","","","","","","","","","","","","","",""
"html-keyboard-response","2020","<div class=""chinese-character"" style=""color:#1f77b4;"">月</div>","b","235","2.1.0","555312","axv5r965od","block1_then_block2","","","color_naming","","","","","","","","","月","yue4","","","","","","","","","1","","blue","b","blue","true","f1_7","moon","","","true","filler","false","null"
"html-keyboard-response","null","","null","236","2.1.0","556318","axv5r965od","block1_then_block2","","","inter_trial_interval","","","","","","","","","","","","","","","","","","","","","","","","","","","","","","","",""
"html-keyboard-response","null","<div class=""fixation"">+</div>","null","237","2.1.0","556828","axv5r965od","block1_then_block2","","","fixation","","","","","","","","","","","","","","","","","","","","","","","","","","","","","","","",""
"html-keyboard-response","2232","<div class=""chinese-character"" style=""color:#d62728;"">蓝</div>","r","238","2.1.0","559060","axv5r965od","block1_then_block2","","","color_naming","","","","","","","","","蓝","lan2","","","","","","","","","1","","red","r","red","true","blue","blue","","","false","incongruent_color_character","true","1"
"html-keyboard-response","null","","null","239","2.1.0","560071","axv5r965od","block1_then_block2","","","inter_trial_interval","","","","","","","","","","","","","","","","","","","","","","","","","","","","","","","",""
"html-keyboard-response","null","<div class=""fixation"">+</div>","null","240","2.1.0","560586","axv5r965od","block1_then_block2","","","fixation","","","","","","","","","","","","","","","","","","","","","","","","","","","","","","","",""
"html-keyboard-response","2083","<div class=""chinese-character"" style=""color:#1f77b4;"">婪</div>","b","241","2.1.0","562670","axv5r965od","block1_then_block2","","","color_naming","","","","","","","","","婪","lan2","","","","","","","","","1","","blue","b","blue","true","blue","greedy","","","false","congruent_S_T_plus","true","1"
"html-keyboard-response","null","","null","242","2.1.0","563672","axv5r965od","block1_then_block2","","","inter_trial_interval","","","","","","","","","","","","","","","","","","","","","","","","","","","","","","","",""
"html-keyboard-response","null","<div class=""fixation"">+</div>","null","243","2.1.0","564185","axv5r965od","block1_then_block2","","","fixation","","","","","","","","","","","","","","","","","","","","","","","","","","","","","","","",""
"html-keyboard-response","1077","<div class=""chinese-character"" style=""color:#2ca02c;"">石</div>","g","244","2.1.0","565263","axv5r965od","block1_then_block2","","","color_naming","","","","","","","","","石","shi2","","","","","","","","","1","","green","g","green","true","f1_24","stone","","","true","filler","false","null"
"html-keyboard-response","null","","null","245","2.1.0","566268","axv5r965od","block1_then_block2","","","inter_trial_interval","","","","","","","","","","","","","","","","","","","","","","","","","","","","","","","",""
"html-keyboard-response","null","<div class=""fixation"">+</div>","null","246","2.1.0","566781","axv5r965od","block1_then_block2","","","fixation","","","","","","","","","","","","","","","","","","","","","","","","","","","","","","","",""
"html-keyboard-response","798","<div class=""chinese-character"" style=""color:#d62728;"">牵</div>","r","247","2.1.0","567580","axv5r965od","block1_then_block2","","","color_naming","","","","","","","","","牵","qian1","","","","","","","","","1","","red","r","red","true","red","lead along","","","false","neutral","true","1"
"html-keyboard-response","null","","null","248","2.1.0","568587","axv5r965od","block1_then_block2","","","inter_trial_interval","","","","","","","","","","","","","","","","","","","","","","","","","","","","","","","",""
"html-keyboard-response","null","<div class=""fixation"">+</div>","null","249","2.1.0","569101","axv5r965od","block1_then_block2","","","fixation","","","","","","","","","","","","","","","","","","","","","","","","","","","","","","","",""
"html-keyboard-response","1439","<div class=""chinese-character"" style=""color:#2ca02c;"">黄</div>","g","250","2.1.0","570541","axv5r965od","block1_then_block2","","","color_naming","","","","","","","","","黄","huang2","","","","","","","","","1","","green","g","green","true","yellow","yellow","","","false","incongruent_color_character","true","1"
"html-keyboard-response","null","","null","251","2.1.0","571548","axv5r965od","block1_then_block2","","","inter_trial_interval","","","","","","","","","","","","","","","","","","","","","","","","","","","","","","","",""
"html-keyboard-response","null","<div class=""fixation"">+</div>","null","252","2.1.0","572062","axv5r965od","block1_then_block2","","","fixation","","","","","","","","","","","","","","","","","","","","","","","","","","","","","","","",""
"html-keyboard-response","1033","<div class=""chinese-character"" style=""color:#d6b300;"">桥</div>","y","253","2.1.0","573097","axv5r965od","block1_then_block2","","","color_naming","","","","","","","","","桥","qiao2","","","","","","","","","1","","yellow","y","yellow","true","f1_18","bridge","","","true","filler","false","null"
"html-keyboard-response","null","","null","254","2.1.0","574114","axv5r965od","block1_then_block2","","","inter_trial_interval","","","","","","","","","","","","","","","","","","","","","","","","","","","","","","","",""
"html-keyboard-response","null","<div class=""fixation"">+</div>","null","255","2.1.0","574627","axv5r965od","block1_then_block2","","","fixation","","","","","","","","","","","","","","","","","","","","","","","","","","","","","","","",""
"html-keyboard-response","1177","<div class=""chinese-character"" style=""color:#d62728;"">雨</div>","r","256","2.1.0","575805","axv5r965od","block1_then_block2","","","color_naming","","","","","","","","","雨","yu3","","","","","","","","","1","","red","r","red","true","f1_17","rain","","","true","filler","false","null"
"html-keyboard-response","null","","null","257","2.1.0","576819","axv5r965od","block1_then_block2","","","inter_trial_interval","","","","","","","","","","","","","","","","","","","","","","","","","","","","","","","",""
"html-keyboard-response","null","<div class=""fixation"">+</div>","null","258","2.1.0","577334","axv5r965od","block1_then_block2","","","fixation","","","","","","","","","","","","","","","","","","","","","","","","","","","","","","","",""
"html-keyboard-response","1033","<div class=""chinese-character"" style=""color:#1f77b4;"">船</div>","b","259","2.1.0","578368","axv5r965od","block1_then_block2","","","color_naming","","","","","","","","","船","chuan2","","","","","","","","","1","","blue","b","blue","true","f1_23","boat","","","true","filler","false","null"
"html-keyboard-response","null","","null","260","2.1.0","579372","axv5r965od","block1_then_block2","","","inter_trial_interval","","","","","","","","","","","","","","","","","","","","","","","","","","","","","","","",""
"html-keyboard-response","null","<div class=""fixation"">+</div>","null","261","2.1.0","579877","axv5r965od","block1_then_block2","","","fixation","","","","","","","","","","","","","","","","","","","","","","","","","","","","","","","",""
"html-keyboard-response","615","<div class=""chinese-character"" style=""color:#1f77b4;"">窗</div>","b","262","2.1.0","580493","axv5r965od","block1_then_block2","","","color_naming","","","","","","","","","窗","chuang1","","","","","","","","","1","","blue","b","blue","true","f1_15","window","","","true","filler","false","null"
"html-keyboard-response","null","","null","263","2.1.0","581502","axv5r965od","block1_then_block2","","","inter_trial_interval","","","","","","","","","","","","","","","","","","","","","","","","","","","","","","","",""
"html-keyboard-response","null","<div class=""fixation"">+</div>","null","264","2.1.0","582012","axv5r965od","block1_then_block2","","","fixation","","","","","","","","","","","","","","","","","","","","","","","","","","","","","","","",""
"html-keyboard-response","2361","<div class=""chinese-character"" style=""color:#d6b300;"">黄</div>","y","265","2.1.0","584374","axv5r965od","block1_then_block2","","","color_naming","","","","","","","","","黄","huang2","","","","","","","","","1","","yellow","y","yellow","true","yellow","yellow","","","false","congruent_color_character","true","1"
"html-keyboard-response","null","","null","266","2.1.0","585389","axv5r965od","block1_then_block2","","","inter_trial_interval","","","","","","","","","","","","","","","","","","","","","","","","","","","","","","","",""
"html-keyboard-response","null","<div class=""fixation"">+</div>","null","267","2.1.0","585900","axv5r965od","block1_then_block2","","","fixation","","","","","","","","","","","","","","","","","","","","","","","","","","","","","","","",""
"html-keyboard-response","1374","<div class=""chinese-character"" style=""color:#1f77b4;"">红</div>","b","268","2.1.0","587274","axv5r965od","block1_then_block2","","","color_naming","","","","","","","","","红","hong2","","","","","","","","","1","","blue","b","blue","true","red","red","","","false","incongruent_color_character","true","1"
"html-keyboard-response","null","","null","269","2.1.0","588286","axv5r965od","block1_then_block2","","","inter_trial_interval","","","","","","","","","","","","","","","","","","","","","","","","","","","","","","","",""
"html-keyboard-response","null","<div class=""fixation"">+</div>","null","270","2.1.0","588799","axv5r965od","block1_then_block2","","","fixation","","","","","","","","","","","","","","","","","","","","","","","","","","","","","","","",""
"html-keyboard-response","668","<div class=""chinese-character"" style=""color:#1f77b4;"">纸</div>","b","271","2.1.0","589469","axv5r965od","block1_then_block2","","","color_naming","","","","","","","","","纸","zhi3","","","","","","","","","1","","blue","b","blue","true","f1_19","paper","","","true","filler","false","null"
"html-keyboard-response","null","","null","272","2.1.0","590471","axv5r965od","block1_then_block2","","","inter_trial_interval","","","","","","","","","","","","","","","","","","","","","","","","","","","","","","","",""
"html-keyboard-response","null","<div class=""fixation"">+</div>","null","273","2.1.0","590975","axv5r965od","block1_then_block2","","","fixation","","","","","","","","","","","","","","","","","","","","","","","","","","","","","","","",""
"html-keyboard-response","1783","<div class=""chinese-character"" style=""color:#d62728;"">书</div>","r","274","2.1.0","592760","axv5r965od","block1_then_block2","","","color_naming","","","","","","","","","书","shu1","","","","","","","","","1","","red","r","red","true","f1_1","book","","","true","filler","false","null"
"html-keyboard-response","null","","null","275","2.1.0","593770","axv5r965od","block1_then_block2","","","inter_trial_interval","","","","","","","","","","","","","","","","","","","","","","","","","","","","","","","",""
"html-keyboard-response","null","<div class=""fixation"">+</div>","null","276","2.1.0","594274","axv5r965od","block1_then_block2","","","fixation","","","","","","","","","","","","","","","","","","","","","","","","","","","","","","","",""
"html-keyboard-response","1032","<div class=""chinese-character"" style=""color:#1f77b4;"">宫</div>","b","277","2.1.0","595308","axv5r965od","block1_then_block2","","","color_naming","","","","","","","","","宫","gong1","","","","","","","","","1","","blue","b","blue","true","blue","palace","","","false","neutral","true","1"
"html-keyboard-response","null","","null","278","2.1.0","596315","axv5r965od","block1_then_block2","","","inter_trial_interval","","","","","","","","","","","","","","","","","","","","","","","","","","","","","","","",""
"html-keyboard-response","null","<div class=""fixation"">+</div>","null","279","2.1.0","596820","axv5r965od","block1_then_block2","","","fixation","","","","","","","","","","","","","","","","","","","","","","","","","","","","","","","",""
"html-keyboard-response","749","<div class=""chinese-character"" style=""color:#d6b300;"">晃</div>","y","280","2.1.0","597570","axv5r965od","block1_then_block2","","","color_naming","","","","","","","","","晃","huang4","","","","","","","","","1","","yellow","y","yellow","true","yellow","sway","","","false","congruent_S_plus_T_minus","true","1"
"html-keyboard-response","null","","null","281","2.1.0","598586","axv5r965od","block1_then_block2","","","inter_trial_interval","","","","","","","","","","","","","","","","","","","","","","","","","","","","","","","",""
"html-keyboard-response","null","<div class=""fixation"">+</div>","null","282","2.1.0","599100","axv5r965od","block1_then_block2","","","fixation","","","","","","","","","","","","","","","","","","","","","","","","","","","","","","","",""
"html-keyboard-response","1246","<div class=""chinese-character"" style=""color:#d62728;"">家</div>","r","283","2.1.0","600347","axv5r965od","block1_then_block2","","","color_naming","","","","","","","","","家","jia1","","","","","","","","","1","","red","r","red","true","f1_13","home","","","true","filler","false","null"
"html-keyboard-response","null","","null","284","2.1.0","601362","axv5r965od","block1_then_block2","","","inter_trial_interval","","","","","","","","","","","","","","","","","","","","","","","","","","","","","","","",""
"html-keyboard-response","null","<div class=""fixation"">+</div>","null","285","2.1.0","601877","axv5r965od","block1_then_block2","","","fixation","","","","","","","","","","","","","","","","","","","","","","","","","","","","","","","",""
"html-keyboard-response","1406","<div class=""chinese-character"" style=""color:#1f77b4;"">蓝</div>","b","286","2.1.0","603285","axv5r965od","block1_then_block2","","","color_naming","","","","","","","","","蓝","lan2","","","","","","","","","1","","blue","b","blue","true","blue","blue","","","false","congruent_color_character","true","1"
"html-keyboard-response","null","","null","287","2.1.0","604300","axv5r965od","block1_then_block2","","","inter_trial_interval","","","","","","","","","","","","","","","","","","","","","","","","","","","","","","","",""
"html-keyboard-response","null","<div class=""fixation"">+</div>","null","288","2.1.0","604802","axv5r965od","block1_then_block2","","","fixation","","","","","","","","","","","","","","","","","","","","","","","","","","","","","","","",""
"html-keyboard-response","1159","<div class=""chinese-character"" style=""color:#d62728;"">轰</div>","r","289","2.1.0","605961","axv5r965od","block1_then_block2","","","color_naming","","","","","","","","","轰","hong1","","","","","","","","","1","","red","r","red","true","red","boom","","","false","congruent_S_plus_T_minus","true","1"
"html-keyboard-response","null","","null","290","2.1.0","606969","axv5r965od","block1_then_block2","","","inter_trial_interval","","","","","","","","","","","","","","","","","","","","","","","","","","","","","","","",""
"html-keyboard-response","null","<div class=""fixation"">+</div>","null","291","2.1.0","607482","axv5r965od","block1_then_block2","","","fixation","","","","","","","","","","","","","","","","","","","","","","","","","","","","","","","",""
"html-keyboard-response","1163","<div class=""chinese-character"" style=""color:#2ca02c;"">手</div>","g","292","2.1.0","608646","axv5r965od","block1_then_block2","","","color_naming","","","","","","","","","手","shou3","","","","","","","","","1","","green","g","green","true","f1_8","hand","","","true","filler","false","null"
"html-keyboard-response","null","","null","293","2.1.0","609653","axv5r965od","block1_then_block2","","","inter_trial_interval","","","","","","","","","","","","","","","","","","","","","","","","","","","","","","","",""
"html-keyboard-response","null","<div class=""fixation"">+</div>","null","294","2.1.0","610166","axv5r965od","block1_then_block2","","","fixation","","","","","","","","","","","","","","","","","","","","","","","","","","","","","","","",""
"html-keyboard-response","719","<div class=""chinese-character"" style=""color:#2ca02c;"">洞</div>","g","295","2.1.0","610886","axv5r965od","block1_then_block2","","","color_naming","","","","","","","","","洞","dong4","","","","","","","","","1","","green","g","green","true","green","hole","","","false","congruent_S_minus_T_plus","true","1"
"html-keyboard-response","null","","null","296","2.1.0","611898","axv5r965od","block1_then_block2","","","inter_trial_interval","","","","","","","","","","","","","","","","","","","","","","","","","","","","","","","",""
"html-keyboard-response","null","<div class=""fixation"">+</div>","null","297","2.1.0","612412","axv5r965od","block1_then_block2","","","fixation","","","","","","","","","","","","","","","","","","","","","","","","","","","","","","","",""
"html-keyboard-response","1440","<div class=""chinese-character"" style=""color:#d6b300;"">路</div>","y","298","2.1.0","613853","axv5r965od","block1_then_block2","","","color_naming","","","","","","","","","路","lu4","","","","","","","","","1","","yellow","y","yellow","true","f1_14","road","","","true","filler","false","null"
"html-keyboard-response","null","","null","299","2.1.0","614868","axv5r965od","block1_then_block2","","","inter_trial_interval","","","","","","","","","","","","","","","","","","","","","","","","","","","","","","","",""
"html-keyboard-response","null","<div class=""fixation"">+</div>","null","300","2.1.0","615381","axv5r965od","block1_then_block2","","","fixation","","","","","","","","","","","","","","","","","","","","","","","","","","","","","","","",""
"html-keyboard-response","1457","<div class=""chinese-character"" style=""color:#1f77b4;"">鸟</div>","b","301","2.1.0","616839","axv5r965od","block1_then_block2","","","color_naming","","","","","","","","","鸟","niao3","","","","","","","","","1","","blue","b","blue","true","f1_11","bird","","","true","filler","false","null"
"html-keyboard-response","null","","null","302","2.1.0","617852","axv5r965od","block1_then_block2","","","inter_trial_interval","","","","","","","","","","","","","","","","","","","","","","","","","","","","","","","",""
"html-keyboard-response","null","<div class=""fixation"">+</div>","null","303","2.1.0","618357","axv5r965od","block1_then_block2","","","fixation","","","","","","","","","","","","","","","","","","","","","","","","","","","","","","","",""
"html-keyboard-response","1528","<div class=""chinese-character"" style=""color:#d62728;"">灯</div>","r","304","2.1.0","619886","axv5r965od","block1_then_block2","","","color_naming","","","","","","","","","灯","deng1","","","","","","","","","1","","red","r","red","true","f1_21","lamp","","","true","filler","false","null"
"html-keyboard-response","null","","null","305","2.1.0","620894","axv5r965od","block1_then_block2","","","inter_trial_interval","","","","","","","","","","","","","","","","","","","","","","","","","","","","","","","",""
"html-keyboard-response","null","<div class=""fixation"">+</div>","null","306","2.1.0","621398","axv5r965od","block1_then_block2","","","fixation","","","","","","","","","","","","","","","","","","","","","","","","","","","","","","","",""
"html-keyboard-response","819","<div class=""chinese-character"" style=""color:#d62728;"">洪</div>","r","307","2.1.0","622219","axv5r965od","block1_then_block2","","","color_naming","","","","","","","","","洪","hong2","","","","","","","","","1","","red","r","red","true","red","flood","","","false","congruent_S_T_plus","true","1"
"html-keyboard-response","null","","null","308","2.1.0","623229","axv5r965od","block1_then_block2","","","inter_trial_interval","","","","","","","","","","","","","","","","","","","","","","","","","","","","","","","",""
"html-keyboard-response","null","<div class=""fixation"">+</div>","null","309","2.1.0","623735","axv5r965od","block1_then_block2","","","fixation","","","","","","","","","","","","","","","","","","","","","","","","","","","","","","","",""
"html-keyboard-response","847","<div class=""chinese-character"" style=""color:#d6b300;"">城</div>","y","310","2.1.0","624583","axv5r965od","block1_then_block2","","","color_naming","","","","","","","","","城","cheng2","","","","","","","","","1","","yellow","y","yellow","true","f1_22","city","","","true","filler","false","null"
"html-keyboard-response","null","","null","311","2.1.0","625585","axv5r965od","block1_then_block2","","","inter_trial_interval","","","","","","","","","","","","","","","","","","","","","","","","","","","","","","","",""
"html-keyboard-response","null","<div class=""fixation"">+</div>","null","312","2.1.0","626097","axv5r965od","block1_then_block2","","","fixation","","","","","","","","","","","","","","","","","","","","","","","","","","","","","","","",""
"html-keyboard-response","625","<div class=""chinese-character"" style=""color:#d6b300;"">风</div>","y","313","2.1.0","626723","axv5r965od","block1_then_block2","","","color_naming","","","","","","","","","风","feng1","","","","","","","","","1","","yellow","y","yellow","true","f1_10","wind","","","true","filler","false","null"
"html-keyboard-response","null","","null","314","2.1.0","627733","axv5r965od","block1_then_block2","","","inter_trial_interval","","","","","","","","","","","","","","","","","","","","","","","","","","","","","","","",""
"html-keyboard-response","null","<div class=""fixation"">+</div>","null","315","2.1.0","628247","axv5r965od","block1_then_block2","","","fixation","","","","","","","","","","","","","","","","","","","","","","","","","","","","","","","",""
"html-keyboard-response","612","<div class=""chinese-character"" style=""color:#d6b300;"">花</div>","y","316","2.1.0","628859","axv5r965od","block1_then_block2","","","color_naming","","","","","","","","","花","hua1","","","","","","","","","1","","yellow","y","yellow","true","f1_6","flower","","","true","filler","false","null"
"html-keyboard-response","null","","null","317","2.1.0","629862","axv5r965od","block1_then_block2","","","inter_trial_interval","","","","","","","","","","","","","","","","","","","","","","","","","","","","","","","",""
"html-keyboard-response","null","<div class=""fixation"">+</div>","null","318","2.1.0","630364","axv5r965od","block1_then_block2","","","fixation","","","","","","","","","","","","","","","","","","","","","","","","","","","","","","","",""
"html-keyboard-response","2601","<div class=""chinese-character"" style=""color:#2ca02c;"">绿</div>","g","319","2.1.0","632966","axv5r965od","block1_then_block2","","","color_naming","","","","","","","","","绿","lv4","","","","","","","","","1","","green","g","green","true","green","green","","","false","congruent_color_character","true","1"
"html-keyboard-response","null","","null","320","2.1.0","633970","axv5r965od","block1_then_block2","","","inter_trial_interval","","","","","","","","","","","","","","","","","","","","","","","","","","","","","","","",""
"html-keyboard-response","null","<div class=""fixation"">+</div>","null","321","2.1.0","634481","axv5r965od","block1_then_block2","","","fixation","","","","","","","","","","","","","","","","","","","","","","","","","","","","","","","",""
"html-keyboard-response","874","<div class=""chinese-character"" style=""color:#d6b300;"">皇</div>","y","322","2.1.0","635356","axv5r965od","block1_then_block2","","","color_naming","","","","","","","","","皇","huang2","","","","","","","","","1","","yellow","y","yellow","true","yellow","emperor","","","false","congruent_S_T_plus","true","1"
"html-keyboard-response","null","","null","323","2.1.0","636369","axv5r965od","block1_then_block2","","","inter_trial_interval","","","","","","","","","","","","","","","","","","","","","","","","","","","","","","","",""
"html-keyboard-response","4307","
    <div class=""instructions"">
      <h2>Short Break</h2>
      <p>You have completed the first half of the experiment.</p>
      <p>Press <strong>Space</strong> when you are ready to continue.</p>
    </div>
  "," ","324","2.1.0","640677","axv5r965od","block1_then_block2","","","","","","","","","","","","","","","","","","","","","","","","","","","","","","","","","","",""
"html-keyboard-response","3743","
      <div class=""instructions"">
        <h2>Chinese Character Naming — Block 2</h2>
        <p>You will see Chinese characters printed in black.</p>
        <p>Please <strong>say the character aloud in Mandarin</strong> as quickly and accurately as possible.</p>
        <p>After speaking, press <strong>Space</strong> to move to the next character immediately.</p>
        <p>Your voice will be recorded so we can verify your responses.</p>
        <p>Press <strong>Space</strong> to begin.</p>
      </div>
    "," ","325","2.1.0","644421","axv5r965od","block1_then_block2","","","","","","","","","","","","","","","","","","","","","","","","","","","","","","","","","","",""
"html-keyboard-response","null","<div class=""fixation"">+</div>","null","326","2.1.0","644927","axv5r965od","block1_then_block2","","","fixation","","","","","","","","","","","","","","","","","","","","","","","","","","","","","","","",""
"html-keyboard-response","1597","
      <div class=""chinese-character"" style=""color:#000000;"">黄</div>
      <div style=""margin-top:32px; font-size:16px; color:#555; font-family:Arial,sans-serif;"">
        Say the character aloud, then press <strong>Space</strong>.
      </div>
    "," ","327","2.1.0","646524","axv5r965od","block1_then_block2","","","character_naming","","","","","","","","","黄","huang2","character_naming_yellow_block2_rep2","1597","true","true","25412","axv5r965od_character_naming_yellow_block2_rep2.webm","true","{""message"":""Success""}","2","","","","","","yellow","yellow","congruent_color_character","yellow","false","","",""
"html-keyboard-response","null","","null","328","2.1.0","646630","axv5r965od","block1_then_block2","","","inter_trial_interval","","","","","","","","","","","","","","","","","","","","","","","","","","","","","","","",""
"html-keyboard-response","null","<div class=""fixation"">+</div>","null","329","2.1.0","647147","axv5r965od","block1_then_block2","","","fixation","","","","","","","","","","","","","","","","","","","","","","","","","","","","","","","",""
"html-keyboard-response","982","
      <div class=""chinese-character"" style=""color:#000000;"">黄</div>
      <div style=""margin-top:32px; font-size:16px; color:#555; font-family:Arial,sans-serif;"">
        Say the character aloud, then press <strong>Space</strong>.
      </div>
    "," ","330","2.1.0","648131","axv5r965od","block1_then_block2","","","character_naming","","","","","","","","","黄","huang2","character_naming_yellow_block2_rep2","982","true","true","15752","axv5r965od_character_naming_yellow_block2_rep2.webm","true","{""error"":null,""message"":""Data received. OSF upload will be retried automatically.""}","2","","","","","","yellow","yellow","incongruent_color_character","green","false","","",""
"html-keyboard-response","null","","null","331","2.1.0","648235","axv5r965od","block1_then_block2","","","inter_trial_interval","","","","","","","","","","","","","","","","","","","","","","","","","","","","","","","",""
"html-keyboard-response","null","<div class=""fixation"">+</div>","null","332","2.1.0","648747","axv5r965od","block1_then_block2","","","fixation","","","","","","","","","","","","","","","","","","","","","","","","","","","","","","","",""
"html-keyboard-response","722","
      <div class=""chinese-character"" style=""color:#000000;"">草</div>
      <div style=""margin-top:32px; font-size:16px; color:#555; font-family:Arial,sans-serif;"">
        Say the character aloud, then press <strong>Space</strong>.
      </div>
    "," ","333","2.1.0","649470","axv5r965od","block1_then_block2","","","character_naming","","","","","","","","","草","cao3","character_naming_f2_19_block2_norep","722","true","true","11888","axv5r965od_character_naming_f2_19_block2_norep.webm","true","{""message"":""Success""}","2","","","","","","f2_19","grass","filler","blue","true","","",""
"html-keyboard-response","null","","null","334","2.1.0","649573","axv5r965od","block1_then_block2","","","inter_trial_interval","","","","","","","","","","","","","","","","","","","","","","","","","","","","","","","",""
"html-keyboard-response","null","<div class=""fixation"">+</div>","null","335","2.1.0","650082","axv5r965od","block1_then_block2","","","fixation","","","","","","","","","","","","","","","","","","","","","","","","","","","","","","","",""
"html-keyboard-response","1423","
      <div class=""chinese-character"" style=""color:#000000;"">星</div>
      <div style=""margin-top:32px; font-size:16px; color:#555; font-family:Arial,sans-serif;"">
        Say the character aloud, then press <strong>Space</strong>.
      </div>
    "," ","336","2.1.0","651506","axv5r965od","block1_then_block2","","","character_naming","","","","","","","","","星","xing1","character_naming_f2_18_block2_norep","1423","true","true","22514","axv5r965od_character_naming_f2_18_block2_norep.webm","true","{""message"":""Success""}","2","","","","","","f2_18","star","filler","yellow","true","","",""
"html-keyboard-response","null","","null","337","2.1.0","651621","axv5r965od","block1_then_block2","","","inter_trial_interval","","","","","","","","","","","","","","","","","","","","","","","","","","","","","","","",""
"html-keyboard-response","null","<div class=""fixation"">+</div>","null","338","2.1.0","652130","axv5r965od","block1_then_block2","","","fixation","","","","","","","","","","","","","","","","","","","","","","","","","","","","","","","",""
"html-keyboard-response","1380","
      <div class=""chinese-character"" style=""color:#000000;"">晃</div>
      <div style=""margin-top:32px; font-size:16px; color:#555; font-family:Arial,sans-serif;"">
        Say the character aloud, then press <strong>Space</strong>.
      </div>
    "," ","339","2.1.0","653511","axv5r965od","block1_then_block2","","","character_naming","","","","","","","","","晃","huang4","character_naming_yellow_block2_rep2","1380","true","true","22514","axv5r965od_character_naming_yellow_block2_rep2.webm","true","{""error"":""OSF_FILE_EXISTS"",""message"":""The OSF file already exists. File names must be unique.""}","2","","","","","","yellow","sway","congruent_S_plus_T_minus","yellow","false","","",""
"html-keyboard-response","null","","null","340","2.1.0","653620","axv5r965od","block1_then_block2","","","inter_trial_interval","","","","","","","","","","","","","","","","","","","","","","","","","","","","","","","",""
"html-keyboard-response","null","<div class=""fixation"">+</div>","null","341","2.1.0","654126","axv5r965od","block1_then_block2","","","fixation","","","","","","","","","","","","","","","","","","","","","","","","","","","","","","","",""
"html-keyboard-response","1262","
      <div class=""chinese-character"" style=""color:#000000;"">脸</div>
      <div style=""margin-top:32px; font-size:16px; color:#555; font-family:Arial,sans-serif;"">
        Say the character aloud, then press <strong>Space</strong>.
      </div>
    "," ","342","2.1.0","655390","axv5r965od","block1_then_block2","","","character_naming","","","","","","","","","脸","lian3","character_naming_f2_13_block2_norep","1262","true","true","20582","axv5r965od_character_naming_f2_13_block2_norep.webm","true","{""message"":""Success""}","2","","","","","","f2_13","face","filler","red","true","","",""
"html-keyboard-response","null","","null","343","2.1.0","655503","axv5r965od","block1_then_block2","","","inter_trial_interval","","","","","","","","","","","","","","","","","","","","","","","","","","","","","","","",""
"html-keyboard-response","null","<div class=""fixation"">+</div>","null","344","2.1.0","656014","axv5r965od","block1_then_block2","","","fixation","","","","","","","","","","","","","","","","","","","","","","","","","","","","","","","",""
"html-keyboard-response","1428","
      <div class=""chinese-character"" style=""color:#000000;"">红</div>
      <div style=""margin-top:32px; font-size:16px; color:#555; font-family:Arial,sans-serif;"">
        Say the character aloud, then press <strong>Space</strong>.
      </div>
    "," ","345","2.1.0","657443","axv5r965od","block1_then_block2","","","character_naming","","","","","","","","","红","hong2","character_naming_red_block2_rep2","1428","true","true","22514","axv5r965od_character_naming_red_block2_rep2.webm","true","{""message"":""Success""}","2","","","","","","red","red","congruent_color_character","red","false","","",""
"html-keyboard-response","null","","null","346","2.1.0","657553","axv5r965od","block1_then_block2","","","inter_trial_interval","","","","","","","","","","","","","","","","","","","","","","","","","","","","","","","",""
"html-keyboard-response","null","<div class=""fixation"">+</div>","null","347","2.1.0","658062","axv5r965od","block1_then_block2","","","fixation","","","","","","","","","","","","","","","","","","","","","","","","","","","","","","","",""
"html-keyboard-response","1475","
      <div class=""chinese-character"" style=""color:#000000;"">房</div>
      <div style=""margin-top:32px; font-size:16px; color:#555; font-family:Arial,sans-serif;"">
        Say the character aloud, then press <strong>Space</strong>.
      </div>
    "," ","348","2.1.0","659538","axv5r965od","block1_then_block2","","","character_naming","","","","","","","","","房","fang2","character_naming_f2_8_block2_norep","1475","true","true","23480","axv5r965od_character_naming_f2_8_block2_norep.webm","true","{""message"":""Success""}","2","","","","","","f2_8","room","filler","green","true","","",""
"html-keyboard-response","null","","null","349","2.1.0","659653","axv5r965od","block1_then_block2","","","inter_trial_interval","","","","","","","","","","","","","","","","","","","","","","","","","","","","","","","",""
"html-keyboard-response","null","<div class=""fixation"">+</div>","null","350","2.1.0","660162","axv5r965od","block1_then_block2","","","fixation","","","","","","","","","","","","","","","","","","","","","","","","","","","","","","","",""
"html-keyboard-response","1311","
      <div class=""chinese-character"" style=""color:#000000;"">趁</div>
      <div style=""margin-top:32px; font-size:16px; color:#555; font-family:Arial,sans-serif;"">
        Say the character aloud, then press <strong>Space</strong>.
      </div>
    "," ","351","2.1.0","661474","axv5r965od","block1_then_block2","","","character_naming","","","","","","","","","趁","chen4","character_naming_yellow_block2_rep2","1311","true","true","20582","axv5r965od_character_naming_yellow_block2_rep2.webm","true","{""error"":""OSF_FILE_EXISTS"",""message"":""The OSF file already exists. File names must be unique.""}","2","","","","","","yellow","take advantage of","neutral","yellow","false","","",""
"html-keyboard-response","null","","null","352","2.1.0","661585","axv5r965od","block1_then_block2","","","inter_trial_interval","","","","","","","","","","","","","","","","","","","","","","","","","","","","","","","",""
"html-keyboard-response","null","<div class=""fixation"">+</div>","null","353","2.1.0","662095","axv5r965od","block1_then_block2","","","fixation","","","","","","","","","","","","","","","","","","","","","","","","","","","","","","","",""
"html-keyboard-response","1504","
      <div class=""chinese-character"" style=""color:#000000;"">田</div>
      <div style=""margin-top:32px; font-size:16px; color:#555; font-family:Arial,sans-serif;"">
        Say the character aloud, then press <strong>Space</strong>.
      </div>
    "," ","354","2.1.0","663599","axv5r965od","block1_then_block2","","","character_naming","","","","","","","","","田","tian2","character_naming_f2_24_block2_norep","1504","true","true","24446","axv5r965od_character_naming_f2_24_block2_norep.webm","true","{""message"":""Success""}","2","","","","","","f2_24","field","filler","green","true","","",""
"html-keyboard-response","null","","null","355","2.1.0","663704","axv5r965od","block1_then_block2","","","inter_trial_interval","","","","","","","","","","","","","","","","","","","","","","","","","","","","","","","",""
"html-keyboard-response","null","<div class=""fixation"">+</div>","null","356","2.1.0","664214","axv5r965od","block1_then_block2","","","fixation","","","","","","","","","","","","","","","","","","","","","","","","","","","","","","","",""
"html-keyboard-response","1134","
      <div class=""chinese-character"" style=""color:#000000;"">电</div>
      <div style=""margin-top:32px; font-size:16px; color:#555; font-family:Arial,sans-serif;"">
        Say the character aloud, then press <strong>Space</strong>.
      </div>
    "," ","357","2.1.0","665350","axv5r965od","block1_then_block2","","","character_naming","","","","","","","","","电","dian4","character_naming_f2_15_block2_norep","1134","true","true","17684","axv5r965od_character_naming_f2_15_block2_norep.webm","true","{""message"":""Success""}","2","","","","","","f2_15","electricity","filler","blue","true","","",""
"html-keyboard-response","null","","null","358","2.1.0","665463","axv5r965od","block1_then_block2","","","inter_trial_interval","","","","","","","","","","","","","","","","","","","","","","","","","","","","","","","",""
"html-keyboard-response","null","<div class=""fixation"">+</div>","null","359","2.1.0","665966","axv5r965od","block1_then_block2","","","fixation","","","","","","","","","","","","","","","","","","","","","","","","","","","","","","","",""
"html-keyboard-response","1343","
      <div class=""chinese-character"" style=""color:#000000;"">宫</div>
      <div style=""margin-top:32px; font-size:16px; color:#555; font-family:Arial,sans-serif;"">
        Say the character aloud, then press <strong>Space</strong>.
      </div>
    "," ","360","2.1.0","667310","axv5r965od","block1_then_block2","","","character_naming","","","","","","","","","宫","gong1","character_naming_blue_block2_rep2","1343","true","true","21548","axv5r965od_character_naming_blue_block2_rep2.webm","true","{""message"":""Success""}","2","","","","","","blue","palace","neutral","blue","false","","",""
"html-keyboard-response","null","","null","361","2.1.0","667411","axv5r965od","block1_then_block2","","","inter_trial_interval","","","","","","","","","","","","","","","","","","","","","","","","","","","","","","","",""
"html-keyboard-response","null","<div class=""fixation"">+</div>","null","362","2.1.0","667921","axv5r965od","block1_then_block2","","","fixation","","","","","","","","","","","","","","","","","","","","","","","","","","","","","","","",""
"html-keyboard-response","1362","
      <div class=""chinese-character"" style=""color:#000000;"">河</div>
      <div style=""margin-top:32px; font-size:16px; color:#555; font-family:Arial,sans-serif;"">
        Say the character aloud, then press <strong>Space</strong>.
      </div>
    "," ","363","2.1.0","669284","axv5r965od","block1_then_block2","","","character_naming","","","","","","","","","河","he2","character_naming_f2_11_block2_norep","1362","true","true","21548","axv5r965od_character_naming_f2_11_block2_norep.webm","true","{""message"":""Success""}","2","","","","","","f2_11","river","filler","blue","true","","",""
"html-keyboard-response","null","","null","364","2.1.0","669387","axv5r965od","block1_then_block2","","","inter_trial_interval","","","","","","","","","","","","","","","","","","","","","","","","","","","","","","","",""
"html-keyboard-response","null","<div class=""fixation"">+</div>","null","365","2.1.0","669904","axv5r965od","block1_then_block2","","","fixation","","","","","","","","","","","","","","","","","","","","","","","","","","","","","","","",""
"html-keyboard-response","1348","
      <div class=""chinese-character"" style=""color:#000000;"">瓶</div>
      <div style=""margin-top:32px; font-size:16px; color:#555; font-family:Arial,sans-serif;"">
        Say the character aloud, then press <strong>Space</strong>.
      </div>
    "," ","366","2.1.0","671253","axv5r965od","block1_then_block2","","","character_naming","","","","","","","","","瓶","ping2","character_naming_red_block2_rep2","1348","true","true","21548","axv5r965od_character_naming_red_block2_rep2.webm","true","{""error"":""OSF_FILE_EXISTS"",""message"":""The OSF file already exists. File names must be unique.""}","2","","","","","","red","bottle","congruent_S_minus_T_plus","red","false","","",""
"html-keyboard-response","null","","null","367","2.1.0","671368","axv5r965od","block1_then_block2","","","inter_trial_interval","","","","","","","","","","","","","","","","","","","","","","","","","","","","","","","",""
"html-keyboard-response","null","<div class=""fixation"">+</div>","null","368","2.1.0","671880","axv5r965od","block1_then_block2","","","fixation","","","","","","","","","","","","","","","","","","","","","","","","","","","","","","","",""
"html-keyboard-response","1156","
      <div class=""chinese-character"" style=""color:#000000;"">洞</div>
      <div style=""margin-top:32px; font-size:16px; color:#555; font-family:Arial,sans-serif;"">
        Say the character aloud, then press <strong>Space</strong>.
      </div>
    "," ","369","2.1.0","673037","axv5r965od","block1_then_block2","","","character_naming","","","","","","","","","洞","dong4","character_naming_green_block2_rep2","1156","true","true","18650","axv5r965od_character_naming_green_block2_rep2.webm","true","{""message"":""Success""}","2","","","","","","green","hole","congruent_S_minus_T_plus","green","false","","",""
"html-keyboard-response","null","","null","370","2.1.0","673152","axv5r965od","block1_then_block2","","","inter_trial_interval","","","","","","","","","","","","","","","","","","","","","","","","","","","","","","","",""
"html-keyboard-response","null","<div class=""fixation"">+</div>","null","371","2.1.0","673662","axv5r965od","block1_then_block2","","","fixation","","","","","","","","","","","","","","","","","","","","","","","","","","","","","","","",""
"html-keyboard-response","1452","
      <div class=""chinese-character"" style=""color:#000000;"">涂</div>
      <div style=""margin-top:32px; font-size:16px; color:#555; font-family:Arial,sans-serif;"">
        Say the character aloud, then press <strong>Space</strong>.
      </div>
    "," ","372","2.1.0","675115","axv5r965od","block1_then_block2","","","character_naming","","","","","","","","","涂","tu2","character_naming_green_block2_rep2","1452","true","true","23480","axv5r965od_character_naming_green_block2_rep2.webm","true","{""error"":null,""message"":""Data received. OSF upload will be retried automatically.""}","2","","","","","","green","paint","neutral","green","false","","",""
"html-keyboard-response","null","","null","373","2.1.0","675221","axv5r965od","block1_then_block2","","","inter_trial_interval","","","","","","","","","","","","","","","","","","","","","","","","","","","","","","","",""
"html-keyboard-response","null","<div class=""fixation"">+</div>","null","374","2.1.0","675730","axv5r965od","block1_then_block2","","","fixation","","","","","","","","","","","","","","","","","","","","","","","","","","","","","","","",""
"html-keyboard-response","2241","
      <div class=""chinese-character"" style=""color:#000000;"">婪</div>
      <div style=""margin-top:32px; font-size:16px; color:#555; font-family:Arial,sans-serif;"">
        Say the character aloud, then press <strong>Space</strong>.
      </div>
    "," ","375","2.1.0","677972","axv5r965od","block1_then_block2","","","character_naming","","","","","","","","","婪","lan2","character_naming_blue_block2_rep2","2241","true","true","36038","axv5r965od_character_naming_blue_block2_rep2.webm","true","{""error"":""OSF_FILE_EXISTS"",""message"":""The OSF file already exists. File names must be unique.""}","2","","","","","","blue","greedy","congruent_S_T_plus","blue","false","","",""
"html-keyboard-response","null","","null","376","2.1.0","678081","axv5r965od","block1_then_block2","","","inter_trial_interval","","","","","","","","","","","","","","","","","","","","","","","","","","","","","","","",""
"html-keyboard-response","null","<div class=""fixation"">+</div>","null","377","2.1.0","678596","axv5r965od","block1_then_block2","","","fixation","","","","","","","","","","","","","","","","","","","","","","","","","","","","","","","",""
"html-keyboard-response","1627","
      <div class=""chinese-character"" style=""color:#000000;"">衣</div>
      <div style=""margin-top:32px; font-size:16px; color:#555; font-family:Arial,sans-serif;"">
        Say the character aloud, then press <strong>Space</strong>.
      </div>
    "," ","378","2.1.0","680224","axv5r965od","block1_then_block2","","","character_naming","","","","","","","","","衣","yi1","character_naming_f2_17_block2_norep","1627","true","true","26378","axv5r965od_character_naming_f2_17_block2_norep.webm","true","{""message"":""Success""}","2","","","","","","f2_17","clothing","filler","red","true","","",""
"html-keyboard-response","null","","null","379","2.1.0","680337","axv5r965od","block1_then_block2","","","inter_trial_interval","","","","","","","","","","","","","","","","","","","","","","","","","","","","","","","",""
"html-keyboard-response","null","<div class=""fixation"">+</div>","null","380","2.1.0","680845","axv5r965od","block1_then_block2","","","fixation","","","","","","","","","","","","","","","","","","","","","","","","","","","","","","","",""
"html-keyboard-response","1661","
      <div class=""chinese-character"" style=""color:#000000;"">绿</div>
      <div style=""margin-top:32px; font-size:16px; color:#555; font-family:Arial,sans-serif;"">
        Say the character aloud, then press <strong>Space</strong>.
      </div>
    "," ","381","2.1.0","682508","axv5r965od","block1_then_block2","","","character_naming","","","","","","","","","绿","lv4","character_naming_green_block2_rep2","1661","true","true","26378","axv5r965od_character_naming_green_block2_rep2.webm","true","{""error"":""OSF_FILE_EXISTS"",""message"":""The OSF file already exists. File names must be unique.""}","2","","","","","","green","green","congruent_color_character","green","false","","",""
"html-keyboard-response","null","","null","382","2.1.0","682623","axv5r965od","block1_then_block2","","","inter_trial_interval","","","","","","","","","","","","","","","","","","","","","","","","","","","","","","","",""
"html-keyboard-response","null","<div class=""fixation"">+</div>","null","383","2.1.0","683130","axv5r965od","block1_then_block2","","","fixation","","","","","","","","","","","","","","","","","","","","","","","","","","","","","","","",""
"html-keyboard-response","1243","
      <div class=""chinese-character"" style=""color:#000000;"">蓝</div>
      <div style=""margin-top:32px; font-size:16px; color:#555; font-family:Arial,sans-serif;"">
        Say the character aloud, then press <strong>Space</strong>.
      </div>
    "," ","384","2.1.0","684374","axv5r965od","block1_then_block2","","","character_naming","","","","","","","","","蓝","lan2","character_naming_blue_block2_rep2","1243","true","true","19616","axv5r965od_character_naming_blue_block2_rep2.webm","true","{""error"":""OSF_FILE_EXISTS"",""message"":""The OSF file already exists. File names must be unique.""}","2","","","","","","blue","blue","congruent_color_character","blue","false","","",""
"html-keyboard-response","null","","null","385","2.1.0","684479","axv5r965od","block1_then_block2","","","inter_trial_interval","","","","","","","","","","","","","","","","","","","","","","","","","","","","","","","",""
"html-keyboard-response","null","<div class=""fixation"">+</div>","null","386","2.1.0","684994","axv5r965od","block1_then_block2","","","fixation","","","","","","","","","","","","","","","","","","","","","","","","","","","","","","","",""
"html-keyboard-response","1652","
      <div class=""chinese-character"" style=""color:#000000;"">椅</div>
      <div style=""margin-top:32px; font-size:16px; color:#555; font-family:Arial,sans-serif;"">
        Say the character aloud, then press <strong>Space</strong>.
      </div>
    "," ","387","2.1.0","686647","axv5r965od","block1_then_block2","","","character_naming","","","","","","","","","椅","yi3","character_naming_f2_7_block2_norep","1652","true","true","26378","axv5r965od_character_naming_f2_7_block2_norep.webm","true","{""message"":""Success""}","2","","","","","","f2_7","chair","filler","blue","true","","",""
"html-keyboard-response","null","","null","388","2.1.0","686752","axv5r965od","block1_then_block2","","","inter_trial_interval","","","","","","","","","","","","","","","","","","","","","","","","","","","","","","","",""
"html-keyboard-response","null","<div class=""fixation"">+</div>","null","389","2.1.0","687263","axv5r965od","block1_then_block2","","","fixation","","","","","","","","","","","","","","","","","","","","","","","","","","","","","","","",""
"html-keyboard-response","1259","
      <div class=""chinese-character"" style=""color:#000000;"">轰</div>
      <div style=""margin-top:32px; font-size:16px; color:#555; font-family:Arial,sans-serif;"">
        Say the character aloud, then press <strong>Space</strong>.
      </div>
    "," ","390","2.1.0","688523","axv5r965od","block1_then_block2","","","character_naming","","","","","","","","","轰","hong1","character_naming_red_block2_rep2","1259","true","true","20582","axv5r965od_character_naming_red_block2_rep2.webm","true","{""error"":""OSF_FILE_EXISTS"",""message"":""The OSF file already exists. File names must be unique.""}","2","","","","","","red","boom","congruent_S_plus_T_minus","red","false","","",""
"html-keyboard-response","null","","null","391","2.1.0","688636","axv5r965od","block1_then_block2","","","inter_trial_interval","","","","","","","","","","","","","","","","","","","","","","","","","","","","","","","",""
"html-keyboard-response","null","<div class=""fixation"">+</div>","null","392","2.1.0","689147","axv5r965od","block1_then_block2","","","fixation","","","","","","","","","","","","","","","","","","","","","","","","","","","","","","","",""
"html-keyboard-response","1399","
      <div class=""chinese-character"" style=""color:#000000;"">皇</div>
      <div style=""margin-top:32px; font-size:16px; color:#555; font-family:Arial,sans-serif;"">
        Say the character aloud, then press <strong>Space</strong>.
      </div>
    "," ","393","2.1.0","690547","axv5r965od","block1_then_block2","","","character_naming","","","","","","","","","皇","huang2","character_naming_yellow_block2_rep2","1399","true","true","22514","axv5r965od_character_naming_yellow_block2_rep2.webm","true","{""error"":""OSF_FILE_EXISTS"",""message"":""The OSF file already exists. File names must be unique.""}","2","","","","","","yellow","emperor","congruent_S_T_plus","yellow","false","","",""
"html-keyboard-response","null","","null","394","2.1.0","690649","axv5r965od","block1_then_block2","","","inter_trial_interval","","","","","","","","","","","","","","","","","","","","","","","","","","","","","","","",""
"html-keyboard-response","null","<div class=""fixation"">+</div>","null","395","2.1.0","691166","axv5r965od","block1_then_block2","","","fixation","","","","","","","","","","","","","","","","","","","","","","","","","","","","","","","",""
"html-keyboard-response","1371","
      <div class=""chinese-character"" style=""color:#000000;"">旅</div>
      <div style=""margin-top:32px; font-size:16px; color:#555; font-family:Arial,sans-serif;"">
        Say the character aloud, then press <strong>Space</strong>.
      </div>
    "," ","396","2.1.0","692538","axv5r965od","block1_then_block2","","","character_naming","","","","","","","","","旅","lv3","character_naming_green_block2_rep2","1371","true","true","21548","axv5r965od_character_naming_green_block2_rep2.webm","true","{""error"":""OSF_FILE_EXISTS"",""message"":""The OSF file already exists. File names must be unique.""}","2","","","","","","green","travel","congruent_S_plus_T_minus","green","false","","",""
"html-keyboard-response","null","","null","397","2.1.0","692653","axv5r965od","block1_then_block2","","","inter_trial_interval","","","","","","","","","","","","","","","","","","","","","","","","","","","","","","","",""
"html-keyboard-response","null","<div class=""fixation"">+</div>","null","398","2.1.0","693162","axv5r965od","block1_then_block2","","","fixation","","","","","","","","","","","","","","","","","","","","","","","","","","","","","","","",""
"html-keyboard-response","1232","
      <div class=""chinese-character"" style=""color:#000000;"">球</div>
      <div style=""margin-top:32px; font-size:16px; color:#555; font-family:Arial,sans-serif;"">
        Say the character aloud, then press <strong>Space</strong>.
      </div>
    "," ","399","2.1.0","694395","axv5r965od","block1_then_block2","","","character_naming","","","","","","","","","球","qiu2","character_naming_f2_9_block2_norep","1232","true","true","19616","axv5r965od_character_naming_f2_9_block2_norep.webm","true","{""message"":""Success""}","2","","","","","","f2_9","ball","filler","red","true","","",""
"html-keyboard-response","null","","null","400","2.1.0","694500","axv5r965od","block1_then_block2","","","inter_trial_interval","","","","","","","","","","","","","","","","","","","","","","","","","","","","","","","",""
"html-keyboard-response","null","<div class=""fixation"">+</div>","null","401","2.1.0","695012","axv5r965od","block1_then_block2","","","fixation","","","","","","","","","","","","","","","","","","","","","","","","","","","","","","","",""
"html-keyboard-response","1280","
      <div class=""chinese-character"" style=""color:#000000;"">猫</div>
      <div style=""margin-top:32px; font-size:16px; color:#555; font-family:Arial,sans-serif;"">
        Say the character aloud, then press <strong>Space</strong>.
      </div>
    "," ","402","2.1.0","696293","axv5r965od","block1_then_block2","","","character_naming","","","","","","","","","猫","mao1","character_naming_f2_1_block2_norep","1280","true","true","20582","axv5r965od_character_naming_f2_1_block2_norep.webm","true","{""message"":""Success""}","2","","","","","","f2_1","cat","filler","red","true","","",""
"html-keyboard-response","null","","null","403","2.1.0","696398","axv5r965od","block1_then_block2","","","inter_trial_interval","","","","","","","","","","","","","","","","","","","","","","","","","","","","","","","",""
"html-keyboard-response","null","<div class=""fixation"">+</div>","null","404","2.1.0","696912","axv5r965od","block1_then_block2","","","fixation","","","","","","","","","","","","","","","","","","","","","","","","","","","","","","","",""
"html-keyboard-response","1295","
      <div class=""chinese-character"" style=""color:#000000;"">笔</div>
      <div style=""margin-top:32px; font-size:16px; color:#555; font-family:Arial,sans-serif;"">
        Say the character aloud, then press <strong>Space</strong>.
      </div>
    "," ","405","2.1.0","698208","axv5r965od","block1_then_block2","","","character_naming","","","","","","","","","笔","bi3","character_naming_f2_5_block2_norep","1295","true","true","20582","axv5r965od_character_naming_f2_5_block2_norep.webm","true","{""message"":""Success""}","2","","","","","","f2_5","pen","filler","red","true","","",""
"html-keyboard-response","null","","null","406","2.1.0","698313","axv5r965od","block1_then_block2","","","inter_trial_interval","","","","","","","","","","","","","","","","","","","","","","","","","","","","","","","",""
"html-keyboard-response","null","<div class=""fixation"">+</div>","null","407","2.1.0","698814","axv5r965od","block1_then_block2","","","fixation","","","","","","","","","","","","","","","","","","","","","","","","","","","","","","","",""
"html-keyboard-response","1425","
      <div class=""chinese-character"" style=""color:#000000;"">狗</div>
      <div style=""margin-top:32px; font-size:16px; color:#555; font-family:Arial,sans-serif;"">
        Say the character aloud, then press <strong>Space</strong>.
      </div>
    "," ","408","2.1.0","700241","axv5r965od","block1_then_block2","","","character_naming","","","","","","","","","狗","gou3","character_naming_f2_2_block2_norep","1425","true","true","22514","axv5r965od_character_naming_f2_2_block2_norep.webm","true","{""message"":""Success""}","2","","","","","","f2_2","dog","filler","yellow","true","","",""
"html-keyboard-response","null","","null","409","2.1.0","700346","axv5r965od","block1_then_block2","","","inter_trial_interval","","","","","","","","","","","","","","","","","","","","","","","","","","","","","","","",""
"html-keyboard-response","null","<div class=""fixation"">+</div>","null","410","2.1.0","700863","axv5r965od","block1_then_block2","","","fixation","","","","","","","","","","","","","","","","","","","","","","","","","","","","","","","",""
"html-keyboard-response","1311","
      <div class=""chinese-character"" style=""color:#000000;"">马</div>
      <div style=""margin-top:32px; font-size:16px; color:#555; font-family:Arial,sans-serif;"">
        Say the character aloud, then press <strong>Space</strong>.
      </div>
    "," ","411","2.1.0","702175","axv5r965od","block1_then_block2","","","character_naming","","","","","","","","","马","ma3","character_naming_f2_3_block2_norep","1311","true","true","20582","axv5r965od_character_naming_f2_3_block2_norep.webm","true","{""message"":""Success""}","2","","","","","","f2_3","horse","filler","blue","true","","",""
"html-keyboard-response","null","","null","412","2.1.0","702279","axv5r965od","block1_then_block2","","","inter_trial_interval","","","","","","","","","","","","","","","","","","","","","","","","","","","","","","","",""
"html-keyboard-response","null","<div class=""fixation"">+</div>","null","413","2.1.0","702787","axv5r965od","block1_then_block2","","","fixation","","","","","","","","","","","","","","","","","","","","","","","","","","","","","","","",""
"html-keyboard-response","1148","
      <div class=""chinese-character"" style=""color:#000000;"">蓝</div>
      <div style=""margin-top:32px; font-size:16px; color:#555; font-family:Arial,sans-serif;"">
        Say the character aloud, then press <strong>Space</strong>.
      </div>
    "," ","414","2.1.0","703936","axv5r965od","block1_then_block2","","","character_naming","","","","","","","","","蓝","lan2","character_naming_blue_block2_rep2","1148","true","true","18650","axv5r965od_character_naming_blue_block2_rep2.webm","true","{""error"":""OSF_FILE_EXISTS"",""message"":""The OSF file already exists. File names must be unique.""}","2","","","","","","blue","blue","incongruent_color_character","red","false","","",""
"html-keyboard-response","null","","null","415","2.1.0","704051","axv5r965od","block1_then_block2","","","inter_trial_interval","","","","","","","","","","","","","","","","","","","","","","","","","","","","","","","",""
"html-keyboard-response","null","<div class=""fixation"">+</div>","null","416","2.1.0","704561","axv5r965od","block1_then_block2","","","fixation","","","","","","","","","","","","","","","","","","","","","","","","","","","","","","","",""
"html-keyboard-response","1140","
      <div class=""chinese-character"" style=""color:#000000;"">桌</div>
      <div style=""margin-top:32px; font-size:16px; color:#555; font-family:Arial,sans-serif;"">
        Say the character aloud, then press <strong>Space</strong>.
      </div>
    "," ","417","2.1.0","705702","axv5r965od","block1_then_block2","","","character_naming","","","","","","","","","桌","zhuo1","character_naming_f2_6_block2_norep","1140","true","true","18650","axv5r965od_character_naming_f2_6_block2_norep.webm","true","{""message"":""Success""}","2","","","","","","f2_6","table","filler","yellow","true","","",""
"html-keyboard-response","null","","null","418","2.1.0","705810","axv5r965od","block1_then_block2","","","inter_trial_interval","","","","","","","","","","","","","","","","","","","","","","","","","","","","","","","",""
"html-keyboard-response","null","<div class=""fixation"">+</div>","null","419","2.1.0","706315","axv5r965od","block1_then_block2","","","fixation","","","","","","","","","","","","","","","","","","","","","","","","","","","","","","","",""
"html-keyboard-response","1348","
      <div class=""chinese-character"" style=""color:#000000;"">口</div>
      <div style=""margin-top:32px; font-size:16px; color:#555; font-family:Arial,sans-serif;"">
        Say the character aloud, then press <strong>Space</strong>.
      </div>
    "," ","420","2.1.0","707664","axv5r965od","block1_then_block2","","","character_naming","","","","","","","","","口","kou3","character_naming_f2_22_block2_norep","1348","true","true","21548","axv5r965od_character_naming_f2_22_block2_norep.webm","true","{""message"":""Success""}","2","","","","","","f2_22","mouth","filler","yellow","true","","",""
"html-keyboard-response","null","","null","421","2.1.0","707767","axv5r965od","block1_then_block2","","","inter_trial_interval","","","","","","","","","","","","","","","","","","","","","","","","","","","","","","","",""
"html-keyboard-response","null","<div class=""fixation"">+</div>","null","422","2.1.0","708278","axv5r965od","block1_then_block2","","","fixation","","","","","","","","","","","","","","","","","","","","","","","","","","","","","","","",""
"html-keyboard-response","1217","
      <div class=""chinese-character"" style=""color:#000000;"">海</div>
      <div style=""margin-top:32px; font-size:16px; color:#555; font-family:Arial,sans-serif;"">
        Say the character aloud, then press <strong>Space</strong>.
      </div>
    "," ","423","2.1.0","709497","axv5r965od","block1_then_block2","","","character_naming","","","","","","","","","海","hai3","character_naming_f2_12_block2_norep","1217","true","true","19616","axv5r965od_character_naming_f2_12_block2_norep.webm","true","{""message"":""Success""}","2","","","","","","f2_12","sea","filler","green","true","","",""
"html-keyboard-response","null","","null","424","2.1.0","709602","axv5r965od","block1_then_block2","","","inter_trial_interval","","","","","","","","","","","","","","","","","","","","","","","","","","","","","","","",""
"html-keyboard-response","null","<div class=""fixation"">+</div>","null","425","2.1.0","710106","axv5r965od","block1_then_block2","","","fixation","","","","","","","","","","","","","","","","","","","","","","","","","","","","","","","",""
"html-keyboard-response","1374","
      <div class=""chinese-character"" style=""color:#000000;"">心</div>
      <div style=""margin-top:32px; font-size:16px; color:#555; font-family:Arial,sans-serif;"">
        Say the character aloud, then press <strong>Space</strong>.
      </div>
    "," ","426","2.1.0","711481","axv5r965od","block1_then_block2","","","character_naming","","","","","","","","","心","xin1","character_naming_f2_23_block2_norep","1374","true","true","22514","axv5r965od_character_naming_f2_23_block2_norep.webm","true","{""message"":""Success""}","2","","","","","","f2_23","heart","filler","blue","true","","",""
"html-keyboard-response","null","","null","427","2.1.0","711585","axv5r965od","block1_then_block2","","","inter_trial_interval","","","","","","","","","","","","","","","","","","","","","","","","","","","","","","","",""
"html-keyboard-response","null","<div class=""fixation"">+</div>","null","428","2.1.0","712096","axv5r965od","block1_then_block2","","","fixation","","","","","","","","","","","","","","","","","","","","","","","","","","","","","","","",""
"html-keyboard-response","1435","
      <div class=""chinese-character"" style=""color:#000000;"">米</div>
      <div style=""margin-top:32px; font-size:16px; color:#555; font-family:Arial,sans-serif;"">
        Say the character aloud, then press <strong>Space</strong>.
      </div>
    "," ","429","2.1.0","713532","axv5r965od","block1_then_block2","","","character_naming","","","","","","","","","米","mi3","character_naming_f2_4_block2_norep","1435","true","true","23480","axv5r965od_character_naming_f2_4_block2_norep.webm","true","{""message"":""Success""}","2","","","","","","f2_4","rice","filler","green","true","","",""
"html-keyboard-response","null","","null","430","2.1.0","713635","axv5r965od","block1_then_block2","","","inter_trial_interval","","","","","","","","","","","","","","","","","","","","","","","","","","","","","","","",""
"html-keyboard-response","null","<div class=""fixation"">+</div>","null","431","2.1.0","714151","axv5r965od","block1_then_block2","","","fixation","","","","","","","","","","","","","","","","","","","","","","","","","","","","","","","",""
"html-keyboard-response","1193","
      <div class=""chinese-character"" style=""color:#000000;"">虑</div>
      <div style=""margin-top:32px; font-size:16px; color:#555; font-family:Arial,sans-serif;"">
        Say the character aloud, then press <strong>Space</strong>.
      </div>
    "," ","432","2.1.0","715345","axv5r965od","block1_then_block2","","","character_naming","","","","","","","","","虑","lv4","character_naming_green_block2_rep2","1193","true","true","18650","axv5r965od_character_naming_green_block2_rep2.webm","true","{""error"":""OSF_FILE_EXISTS"",""message"":""The OSF file already exists. File names must be unique.""}","2","","","","","","green","ponder","congruent_S_T_plus","green","false","","",""
"html-keyboard-response","null","","null","433","2.1.0","715452","axv5r965od","block1_then_block2","","","inter_trial_interval","","","","","","","","","","","","","","","","","","","","","","","","","","","","","","","",""
"html-keyboard-response","null","<div class=""fixation"">+</div>","null","434","2.1.0","715961","axv5r965od","block1_then_block2","","","fixation","","","","","","","","","","","","","","","","","","","","","","","","","","","","","","","",""
"html-keyboard-response","1452","
      <div class=""chinese-character"" style=""color:#000000;"">影</div>
      <div style=""margin-top:32px; font-size:16px; color:#555; font-family:Arial,sans-serif;"">
        Say the character aloud, then press <strong>Space</strong>.
      </div>
    "," ","435","2.1.0","717414","axv5r965od","block1_then_block2","","","character_naming","","","","","","","","","影","ying3","character_naming_f2_16_block2_norep","1452","true","true","23480","axv5r965od_character_naming_f2_16_block2_norep.webm","true","{""message"":""Success""}","2","","","","","","f2_16","shadow/movie","filler","green","true","","",""
"html-keyboard-response","null","","null","436","2.1.0","717517","axv5r965od","block1_then_block2","","","inter_trial_interval","","","","","","","","","","","","","","","","","","","","","","","","","","","","","","","",""
"html-keyboard-response","null","<div class=""fixation"">+</div>","null","437","2.1.0","718022","axv5r965od","block1_then_block2","","","fixation","","","","","","","","","","","","","","","","","","","","","","","","","","","","","","","",""
"html-keyboard-response","1616","
      <div class=""chinese-character"" style=""color:#000000;"">红</div>
      <div style=""margin-top:32px; font-size:16px; color:#555; font-family:Arial,sans-serif;"">
        Say the character aloud, then press <strong>Space</strong>.
      </div>
    "," ","438","2.1.0","719640","axv5r965od","block1_then_block2","","","character_naming","","","","","","","","","红","hong2","character_naming_red_block2_rep2","1616","true","true","26378","axv5r965od_character_naming_red_block2_rep2.webm","true","{""error"":""OSF_FILE_EXISTS"",""message"":""The OSF file already exists. File names must be unique.""}","2","","","","","","red","red","incongruent_color_character","blue","false","","",""
"html-keyboard-response","null","","null","439","2.1.0","719752","axv5r965od","block1_then_block2","","","inter_trial_interval","","","","","","","","","","","","","","","","","","","","","","","","","","","","","","","",""
"html-keyboard-response","null","<div class=""fixation"">+</div>","null","440","2.1.0","720261","axv5r965od","block1_then_block2","","","fixation","","","","","","","","","","","","","","","","","","","","","","","","","","","","","","","",""
"html-keyboard-response","1508","
      <div class=""chinese-character"" style=""color:#000000;"">尝</div>
      <div style=""margin-top:32px; font-size:16px; color:#555; font-family:Arial,sans-serif;"">
        Say the character aloud, then press <strong>Space</strong>.
      </div>
    "," ","441","2.1.0","721770","axv5r965od","block1_then_block2","","","character_naming","","","","","","","","","尝","chang2","character_naming_blue_block2_rep2","1508","true","true","24446","axv5r965od_character_naming_blue_block2_rep2.webm","true","{""error"":""OSF_FILE_EXISTS"",""message"":""The OSF file already exists. File names must be unique.""}","2","","","","","","blue","taste","congruent_S_minus_T_plus","blue","false","","",""
"html-keyboard-response","null","","null","442","2.1.0","721884","axv5r965od","block1_then_block2","","","inter_trial_interval","","","","","","","","","","","","","","","","","","","","","","","","","","","","","","","",""
"html-keyboard-response","null","<div class=""fixation"">+</div>","null","443","2.1.0","722394","axv5r965od","block1_then_block2","","","fixation","","","","","","","","","","","","","","","","","","","","","","","","","","","","","","","",""
"html-keyboard-response","1668","
      <div class=""chinese-character"" style=""color:#000000;"">洪</div>
      <div style=""margin-top:32px; font-size:16px; color:#555; font-family:Arial,sans-serif;"">
        Say the character aloud, then press <strong>Space</strong>.
      </div>
    "," ","444","2.1.0","724063","axv5r965od","block1_then_block2","","","character_naming","","","","","","","","","洪","hong2","character_naming_red_block2_rep2","1668","true","true","26378","axv5r965od_character_naming_red_block2_rep2.webm","true","{""error"":""OSF_FILE_EXISTS"",""message"":""The OSF file already exists. File names must be unique.""}","2","","","","","","red","flood","congruent_S_T_plus","red","false","","",""
"html-keyboard-response","null","","null","445","2.1.0","724168","axv5r965od","block1_then_block2","","","inter_trial_interval","","","","","","","","","","","","","","","","","","","","","","","","","","","","","","","",""
"html-keyboard-response","null","<div class=""fixation"">+</div>","null","446","2.1.0","724676","axv5r965od","block1_then_block2","","","fixation","","","","","","","","","","","","","","","","","","","","","","","","","","","","","","","",""
"html-keyboard-response","1107","
      <div class=""chinese-character"" style=""color:#000000;"">饭</div>
      <div style=""margin-top:32px; font-size:16px; color:#555; font-family:Arial,sans-serif;"">
        Say the character aloud, then press <strong>Space</strong>.
      </div>
    "," ","447","2.1.0","725784","axv5r965od","block1_then_block2","","","character_naming","","","","","","","","","饭","fan4","character_naming_f2_14_block2_norep","1107","true","true","17684","axv5r965od_character_naming_f2_14_block2_norep.webm","true","{""message"":""Success""}","2","","","","","","f2_14","meal","filler","yellow","true","","",""
"html-keyboard-response","null","","null","448","2.1.0","725900","axv5r965od","block1_then_block2","","","inter_trial_interval","","","","","","","","","","","","","","","","","","","","","","","","","","","","","","","",""
"html-keyboard-response","null","<div class=""fixation"">+</div>","null","449","2.1.0","726411","axv5r965od","block1_then_block2","","","fixation","","","","","","","","","","","","","","","","","","","","","","","","","","","","","","","",""
"html-keyboard-response","1379","
      <div class=""chinese-character"" style=""color:#000000;"">缠</div>
      <div style=""margin-top:32px; font-size:16px; color:#555; font-family:Arial,sans-serif;"">
        Say the character aloud, then press <strong>Space</strong>.
      </div>
    "," ","450","2.1.0","727791","axv5r965od","block1_then_block2","","","character_naming","","","","","","","","","缠","chan2","character_naming_yellow_block2_rep2","1379","true","true","22514","axv5r965od_character_naming_yellow_block2_rep2.webm","true","{""error"":""OSF_FILE_EXISTS"",""message"":""The OSF file already exists. File names must be unique.""}","2","","","","","","yellow","wrap around","congruent_S_minus_T_plus","yellow","false","","",""
"html-keyboard-response","null","","null","451","2.1.0","727904","axv5r965od","block1_then_block2","","","inter_trial_interval","","","","","","","","","","","","","","","","","","","","","","","","","","","","","","","",""
"html-keyboard-response","null","<div class=""fixation"">+</div>","null","452","2.1.0","728410","axv5r965od","block1_then_block2","","","fixation","","","","","","","","","","","","","","","","","","","","","","","","","","","","","","","",""
"html-keyboard-response","1442","
      <div class=""chinese-character"" style=""color:#000000;"">耳</div>
      <div style=""margin-top:32px; font-size:16px; color:#555; font-family:Arial,sans-serif;"">
        Say the character aloud, then press <strong>Space</strong>.
      </div>
    "," ","453","2.1.0","729853","axv5r965od","block1_then_block2","","","character_naming","","","","","","","","","耳","er3","character_naming_f2_21_block2_norep","1442","true","true","23480","axv5r965od_character_naming_f2_21_block2_norep.webm","true","{""message"":""Success""}","2","","","","","","f2_21","ear","filler","red","true","","",""
"html-keyboard-response","null","","null","454","2.1.0","729967","axv5r965od","block1_then_block2","","","inter_trial_interval","","","","","","","","","","","","","","","","","","","","","","","","","","","","","","","",""
"html-keyboard-response","null","<div class=""fixation"">+</div>","null","455","2.1.0","730470","axv5r965od","block1_then_block2","","","fixation","","","","","","","","","","","","","","","","","","","","","","","","","","","","","","","",""
"html-keyboard-response","2078","
      <div class=""chinese-character"" style=""color:#000000;"">览</div>
      <div style=""margin-top:32px; font-size:16px; color:#555; font-family:Arial,sans-serif;"">
        Say the character aloud, then press <strong>Space</strong>.
      </div>
    "," ","456","2.1.0","732549","axv5r965od","block1_then_block2","","","character_naming","","","","","","","","","览","lan3","character_naming_blue_block2_rep2","2078","true","true","33140","axv5r965od_character_naming_blue_block2_rep2.webm","true","{""error"":""OSF_FILE_EXISTS"",""message"":""The OSF file already exists. File names must be unique.""}","2","","","","","","blue","view","congruent_S_plus_T_minus","blue","false","","",""
"html-keyboard-response","null","","null","457","2.1.0","732650","axv5r965od","block1_then_block2","","","inter_trial_interval","","","","","","","","","","","","","","","","","","","","","","","","","","","","","","","",""
"html-keyboard-response","null","<div class=""fixation"">+</div>","null","458","2.1.0","733158","axv5r965od","block1_then_block2","","","fixation","","","","","","","","","","","","","","","","","","","","","","","","","","","","","","","",""
"html-keyboard-response","1321","
      <div class=""chinese-character"" style=""color:#000000;"">绿</div>
      <div style=""margin-top:32px; font-size:16px; color:#555; font-family:Arial,sans-serif;"">
        Say the character aloud, then press <strong>Space</strong>.
      </div>
    "," ","459","2.1.0","734480","axv5r965od","block1_then_block2","","","character_naming","","","","","","","","","绿","lv4","character_naming_green_block2_rep2","1321","true","true","21548","axv5r965od_character_naming_green_block2_rep2.webm","true","{""error"":""OSF_FILE_EXISTS"",""message"":""The OSF file already exists. File names must be unique.""}","2","","","","","","green","green","incongruent_color_character","yellow","false","","",""
"html-keyboard-response","null","","null","460","2.1.0","734585","axv5r965od","block1_then_block2","","","inter_trial_interval","","","","","","","","","","","","","","","","","","","","","","","","","","","","","","","",""
"html-keyboard-response","null","<div class=""fixation"">+</div>","null","461","2.1.0","735094","axv5r965od","block1_then_block2","","","fixation","","","","","","","","","","","","","","","","","","","","","","","","","","","","","","","",""
"html-keyboard-response","1146","
      <div class=""chinese-character"" style=""color:#000000;"">钟</div>
      <div style=""margin-top:32px; font-size:16px; color:#555; font-family:Arial,sans-serif;"">
        Say the character aloud, then press <strong>Space</strong>.
      </div>
    "," ","462","2.1.0","736240","axv5r965od","block1_then_block2","","","character_naming","","","","","","","","","钟","zhong1","character_naming_f2_10_block2_norep","1146","true","true","18650","axv5r965od_character_naming_f2_10_block2_norep.webm","true","{""message"":""Success""}","2","","","","","","f2_10","clock","filler","yellow","true","","",""
"html-keyboard-response","null","","null","463","2.1.0","736346","axv5r965od","block1_then_block2","","","inter_trial_interval","","","","","","","","","","","","","","","","","","","","","","","","","","","","","","","",""
"html-keyboard-response","null","<div class=""fixation"">+</div>","null","464","2.1.0","736847","axv5r965od","block1_then_block2","","","fixation","","","","","","","","","","","","","","","","","","","","","","","","","","","","","","","",""
"html-keyboard-response","1381","
      <div class=""chinese-character"" style=""color:#000000;"">牵</div>
      <div style=""margin-top:32px; font-size:16px; color:#555; font-family:Arial,sans-serif;"">
        Say the character aloud, then press <strong>Space</strong>.
      </div>
    "," ","465","2.1.0","738229","axv5r965od","block1_then_block2","","","character_naming","","","","","","","","","牵","qian1","character_naming_red_block2_rep2","1381","true","true","21548","axv5r965od_character_naming_red_block2_rep2.webm","true","{""error"":""OSF_FILE_EXISTS"",""message"":""The OSF file already exists. File names must be unique.""}","2","","","","","","red","lead along","neutral","red","false","","",""
"html-keyboard-response","null","","null","466","2.1.0","738344","axv5r965od","block1_then_block2","","","inter_trial_interval","","","","","","","","","","","","","","","","","","","","","","","","","","","","","","","",""
"html-keyboard-response","null","<div class=""fixation"">+</div>","null","467","2.1.0","738858","axv5r965od","block1_then_block2","","","fixation","","","","","","","","","","","","","","","","","","","","","","","","","","","","","","","",""
"html-keyboard-response","1547","
      <div class=""chinese-character"" style=""color:#000000;"">雪</div>
      <div style=""margin-top:32px; font-size:16px; color:#555; font-family:Arial,sans-serif;"">
        Say the character aloud, then press <strong>Space</strong>.
      </div>
    "," ","468","2.1.0","740406","axv5r965od","block1_then_block2","","","character_naming","","","","","","","","","雪","xue3","character_naming_f2_20_block2_norep","1547","true","true","24446","axv5r965od_character_naming_f2_20_block2_norep.webm","true","{""message"":""Success""}","2","","","","","","f2_20","snow","filler","green","true","","",""
"html-keyboard-response","null","","null","469","2.1.0","740511","axv5r965od","block1_then_block2","","","inter_trial_interval","","","","","","","","","","","","","","","","","","","","","","","","","","","","","","","",""
"html-keyboard-response","3436","
      <div class=""instructions"">
        <h2>English Color-Naming — Block 2</h2>
        <p>You will see Chinese characters printed in color.</p>
        <p>Your task is to identify the <strong>ink color in English</strong>.</p>
        <p>Ignore the character itself.</p>
        <p><strong>R</strong> = red, <strong>Y</strong> = yellow, <strong>B</strong> = blue, <strong>G</strong> = green.</p>
        <p>Press <strong>Space</strong> to begin.</p>
      </div>
    "," ","470","2.1.0","743948","axv5r965od","block1_then_block2","","","","","","","","","","","","","","","","","","","","","","","","","","","","","","","","","","",""
"html-keyboard-response","2028","
      <div class=""instructions"">
        <h2>Keyboard Check</h2>
        <p>Before we continue, please press the <strong>G</strong> key
        (for <strong>green</strong>) on your keyboard.</p>
        <p style=""color:#888;font-size:0.9em;"">
          If your keyboard is set to a Chinese input method (IME),
          please switch to English / Roman input now, otherwise the experiment cannot record your responses.
        </p>
      </div>
    ","g","471","2.1.0","745977","axv5r965od","block1_then_block2","","","keyboard_check","","","","","","","","","","","","","","","","","","","2","g","","","","","","","","","","","",""
"html-keyboard-response","null","<div class=""fixation"">+</div>","null","472","2.1.0","746493","axv5r965od","block1_then_block2","","","fixation","","","","","","","","","","","","","","","","","","","","","","","","","","","","","","","",""
"html-keyboard-response","830","<div class=""chinese-character"" style=""color:#2ca02c;"">绿</div>","g","473","2.1.0","747324","axv5r965od","block1_then_block2","","","color_naming","","","","","","","","","绿","lv4","","","","","","","","","2","","green","g","green","true","green","green","","","false","congruent_color_character","true","2"
"html-keyboard-response","null","","null","474","2.1.0","748338","axv5r965od","block1_then_block2","","","inter_trial_interval","","","","","","","","","","","","","","","","","","","","","","","","","","","","","","","",""
"html-keyboard-response","null","<div class=""fixation"">+</div>","null","475","2.1.0","748851","axv5r965od","block1_then_block2","","","fixation","","","","","","","","","","","","","","","","","","","","","","","","","","","","","","","",""
"html-keyboard-response","853","<div class=""chinese-character"" style=""color:#2ca02c;"">虑</div>","g","476","2.1.0","749705","axv5r965od","block1_then_block2","","","color_naming","","","","","","","","","虑","lv4","","","","","","","","","2","","green","g","green","true","green","ponder","","","false","congruent_S_T_plus","true","2"
"html-keyboard-response","null","","null","477","2.1.0","750707","axv5r965od","block1_then_block2","","","inter_trial_interval","","","","","","","","","","","","","","","","","","","","","","","","","","","","","","","",""
"html-keyboard-response","null","<div class=""fixation"">+</div>","null","478","2.1.0","751214","axv5r965od","block1_then_block2","","","fixation","","","","","","","","","","","","","","","","","","","","","","","","","","","","","","","",""
"html-keyboard-response","873","<div class=""chinese-character"" style=""color:#d62728;"">洪</div>","r","479","2.1.0","752088","axv5r965od","block1_then_block2","","","color_naming","","","","","","","","","洪","hong2","","","","","","","","","2","","red","r","red","true","red","flood","","","false","congruent_S_T_plus","true","2"
"html-keyboard-response","null","","null","480","2.1.0","753095","axv5r965od","block1_then_block2","","","inter_trial_interval","","","","","","","","","","","","","","","","","","","","","","","","","","","","","","","",""
"html-keyboard-response","null","<div class=""fixation"">+</div>","null","481","2.1.0","753606","axv5r965od","block1_then_block2","","","fixation","","","","","","","","","","","","","","","","","","","","","","","","","","","","","","","",""
"html-keyboard-response","1504","<div class=""chinese-character"" style=""color:#1f77b4;"">览</div>","b","482","2.1.0","755111","axv5r965od","block1_then_block2","","","color_naming","","","","","","","","","览","lan3","","","","","","","","","2","","blue","b","blue","true","blue","view","","","false","congruent_S_plus_T_minus","true","2"
"html-keyboard-response","null","","null","483","2.1.0","756119","axv5r965od","block1_then_block2","","","inter_trial_interval","","","","","","","","","","","","","","","","","","","","","","","","","","","","","","","",""
"html-keyboard-response","null","<div class=""fixation"">+</div>","null","484","2.1.0","756624","axv5r965od","block1_then_block2","","","fixation","","","","","","","","","","","","","","","","","","","","","","","","","","","","","","","",""
"html-keyboard-response","807","<div class=""chinese-character"" style=""color:#2ca02c;"">米</div>","g","485","2.1.0","757432","axv5r965od","block1_then_block2","","","color_naming","","","","","","","","","米","mi3","","","","","","","","","2","","green","g","green","true","f2_4","rice","","","true","filler","false","null"
"html-keyboard-response","null","","null","486","2.1.0","758436","axv5r965od","block1_then_block2","","","inter_trial_interval","","","","","","","","","","","","","","","","","","","","","","","","","","","","","","","",""
"html-keyboard-response","null","<div class=""fixation"">+</div>","null","487","2.1.0","758941","axv5r965od","block1_then_block2","","","fixation","","","","","","","","","","","","","","","","","","","","","","","","","","","","","","","",""
"html-keyboard-response","940","<div class=""chinese-character"" style=""color:#d62728;"">球</div>","r","488","2.1.0","759882","axv5r965od","block1_then_block2","","","color_naming","","","","","","","","","球","qiu2","","","","","","","","","2","","red","r","red","true","f2_9","ball","","","true","filler","false","null"
"html-keyboard-response","null","","null","489","2.1.0","760885","axv5r965od","block1_then_block2","","","inter_trial_interval","","","","","","","","","","","","","","","","","","","","","","","","","","","","","","","",""
"html-keyboard-response","null","<div class=""fixation"">+</div>","null","490","2.1.0","761393","axv5r965od","block1_then_block2","","","fixation","","","","","","","","","","","","","","","","","","","","","","","","","","","","","","","",""
"html-keyboard-response","753","<div class=""chinese-character"" style=""color:#d6b300;"">晃</div>","y","491","2.1.0","762148","axv5r965od","block1_then_block2","","","color_naming","","","","","","","","","晃","huang4","","","","","","","","","2","","yellow","y","yellow","true","yellow","sway","","","false","congruent_S_plus_T_minus","true","2"
"html-keyboard-response","null","","null","492","2.1.0","763163","axv5r965od","block1_then_block2","","","inter_trial_interval","","","","","","","","","","","","","","","","","","","","","","","","","","","","","","","",""
"html-keyboard-response","null","<div class=""fixation"">+</div>","null","493","2.1.0","763668","axv5r965od","block1_then_block2","","","fixation","","","","","","","","","","","","","","","","","","","","","","","","","","","","","","","",""
"html-keyboard-response","1200","<div class=""chinese-character"" style=""color:#2ca02c;"">旅</div>","g","494","2.1.0","764868","axv5r965od","block1_then_block2","","","color_naming","","","","","","","","","旅","lv3","","","","","","","","","2","","green","g","green","true","green","travel","","","false","congruent_S_plus_T_minus","true","2"
"html-keyboard-response","null","","null","495","2.1.0","765882","axv5r965od","block1_then_block2","","","inter_trial_interval","","","","","","","","","","","","","","","","","","","","","","","","","","","","","","","",""
"html-keyboard-response","null","<div class=""fixation"">+</div>","null","496","2.1.0","766393","axv5r965od","block1_then_block2","","","fixation","","","","","","","","","","","","","","","","","","","","","","","","","","","","","","","",""
"html-keyboard-response","950","<div class=""chinese-character"" style=""color:#d6b300;"">星</div>","y","497","2.1.0","767343","axv5r965od","block1_then_block2","","","color_naming","","","","","","","","","星","xing1","","","","","","","","","2","","yellow","y","yellow","true","f2_18","star","","","true","filler","false","null"
"html-keyboard-response","null","","null","498","2.1.0","768359","axv5r965od","block1_then_block2","","","inter_trial_interval","","","","","","","","","","","","","","","","","","","","","","","","","","","","","","","",""
"html-keyboard-response","null","<div class=""fixation"">+</div>","null","499","2.1.0","768871","axv5r965od","block1_then_block2","","","fixation","","","","","","","","","","","","","","","","","","","","","","","","","","","","","","","",""
"html-keyboard-response","698","<div class=""chinese-character"" style=""color:#d6b300;"">趁</div>","y","500","2.1.0","769570","axv5r965od","block1_then_block2","","","color_naming","","","","","","","","","趁","chen4","","","","","","","","","2","","yellow","y","yellow","true","yellow","take advantage of","","","false","neutral","true","2"
"html-keyboard-response","null","","null","501","2.1.0","770587","axv5r965od","block1_then_block2","","","inter_trial_interval","","","","","","","","","","","","","","","","","","","","","","","","","","","","","","","",""
"html-keyboard-response","null","<div class=""fixation"">+</div>","null","502","2.1.0","771091","axv5r965od","block1_then_block2","","","fixation","","","","","","","","","","","","","","","","","","","","","","","","","","","","","","","",""
"html-keyboard-response","1714","<div class=""chinese-character"" style=""color:#1f77b4;"">婪</div>","b","503","2.1.0","772806","axv5r965od","block1_then_block2","","","color_naming","","","","","","","","","婪","lan2","","","","","","","","","2","","blue","b","blue","true","blue","greedy","","","false","congruent_S_T_plus","true","2"
"html-keyboard-response","null","","null","504","2.1.0","773810","axv5r965od","block1_then_block2","","","inter_trial_interval","","","","","","","","","","","","","","","","","","","","","","","","","","","","","","","",""
"html-keyboard-response","null","<div class=""fixation"">+</div>","null","505","2.1.0","774322","axv5r965od","block1_then_block2","","","fixation","","","","","","","","","","","","","","","","","","","","","","","","","","","","","","","",""
"html-keyboard-response","928","<div class=""chinese-character"" style=""color:#d62728;"">猫</div>","r","506","2.1.0","775250","axv5r965od","block1_then_block2","","","color_naming","","","","","","","","","猫","mao1","","","","","","","","","2","","red","r","red","true","f2_1","cat","","","true","filler","false","null"
"html-keyboard-response","null","","null","507","2.1.0","776263","axv5r965od","block1_then_block2","","","inter_trial_interval","","","","","","","","","","","","","","","","","","","","","","","","","","","","","","","",""
"html-keyboard-response","null","<div class=""fixation"">+</div>","null","508","2.1.0","776778","axv5r965od","block1_then_block2","","","fixation","","","","","","","","","","","","","","","","","","","","","","","","","","","","","","","",""
"html-keyboard-response","2021","<div class=""chinese-character"" style=""color:#1f77b4;"">红</div>","b","509","2.1.0","778799","axv5r965od","block1_then_block2","","","color_naming","","","","","","","","","红","hong2","","","","","","","","","2","","blue","b","blue","true","red","red","","","false","incongruent_color_character","true","2"
"html-keyboard-response","null","","null","510","2.1.0","779812","axv5r965od","block1_then_block2","","","inter_trial_interval","","","","","","","","","","","","","","","","","","","","","","","","","","","","","","","",""
"html-keyboard-response","null","<div class=""fixation"">+</div>","null","511","2.1.0","780324","axv5r965od","block1_then_block2","","","fixation","","","","","","","","","","","","","","","","","","","","","","","","","","","","","","","",""
"html-keyboard-response","1043","<div class=""chinese-character"" style=""color:#1f77b4;"">马</div>","b","512","2.1.0","781368","axv5r965od","block1_then_block2","","","color_naming","","","","","","","","","马","ma3","","","","","","","","","2","","blue","b","blue","true","f2_3","horse","","","true","filler","false","null"
"html-keyboard-response","null","","null","513","2.1.0","782369","axv5r965od","block1_then_block2","","","inter_trial_interval","","","","","","","","","","","","","","","","","","","","","","","","","","","","","","","",""
"html-keyboard-response","null","<div class=""fixation"">+</div>","null","514","2.1.0","782875","axv5r965od","block1_then_block2","","","fixation","","","","","","","","","","","","","","","","","","","","","","","","","","","","","","","",""
"html-keyboard-response","930","<div class=""chinese-character"" style=""color:#2ca02c;"">涂</div>","g","515","2.1.0","783806","axv5r965od","block1_then_block2","","","color_naming","","","","","","","","","涂","tu2","","","","","","","","","2","","green","g","green","true","green","paint","","","false","neutral","true","2"
"html-keyboard-response","null","","null","516","2.1.0","784815","axv5r965od","block1_then_block2","","","inter_trial_interval","","","","","","","","","","","","","","","","","","","","","","","","","","","","","","","",""
"html-keyboard-response","null","<div class=""fixation"">+</div>","null","517","2.1.0","785322","axv5r965od","block1_then_block2","","","fixation","","","","","","","","","","","","","","","","","","","","","","","","","","","","","","","",""
"html-keyboard-response","1808","<div class=""chinese-character"" style=""color:#d62728;"">蓝</div>","r","518","2.1.0","787131","axv5r965od","block1_then_block2","","","color_naming","","","","","","","","","蓝","lan2","","","","","","","","","2","","red","r","red","true","blue","blue","","","false","incongruent_color_character","true","2"
"html-keyboard-response","null","","null","519","2.1.0","788142","axv5r965od","block1_then_block2","","","inter_trial_interval","","","","","","","","","","","","","","","","","","","","","","","","","","","","","","","",""
"html-keyboard-response","null","<div class=""fixation"">+</div>","null","520","2.1.0","788658","axv5r965od","block1_then_block2","","","fixation","","","","","","","","","","","","","","","","","","","","","","","","","","","","","","","",""
"html-keyboard-response","741","<div class=""chinese-character"" style=""color:#d62728;"">脸</div>","r","521","2.1.0","789400","axv5r965od","block1_then_block2","","","color_naming","","","","","","","","","脸","lian3","","","","","","","","","2","","red","r","red","true","f2_13","face","","","true","filler","false","null"
"html-keyboard-response","null","","null","522","2.1.0","790413","axv5r965od","block1_then_block2","","","inter_trial_interval","","","","","","","","","","","","","","","","","","","","","","","","","","","","","","","",""
"html-keyboard-response","null","<div class=""fixation"">+</div>","null","523","2.1.0","790922","axv5r965od","block1_then_block2","","","fixation","","","","","","","","","","","","","","","","","","","","","","","","","","","","","","","",""
"html-keyboard-response","1014","<div class=""chinese-character"" style=""color:#1f77b4;"">尝</div>","b","524","2.1.0","791937","axv5r965od","block1_then_block2","","","color_naming","","","","","","","","","尝","chang2","","","","","","","","","2","","blue","b","blue","true","blue","taste","","","false","congruent_S_minus_T_plus","true","2"
"html-keyboard-response","null","","null","525","2.1.0","792939","axv5r965od","block1_then_block2","","","inter_trial_interval","","","","","","","","","","","","","","","","","","","","","","","","","","","","","","","",""
"html-keyboard-response","null","<div class=""fixation"">+</div>","null","526","2.1.0","793451","axv5r965od","block1_then_block2","","","fixation","","","","","","","","","","","","","","","","","","","","","","","","","","","","","","","",""
"html-keyboard-response","1034","<div class=""chinese-character"" style=""color:#1f77b4;"">河</div>","b","527","2.1.0","794486","axv5r965od","block1_then_block2","","","color_naming","","","","","","","","","河","he2","","","","","","","","","2","","blue","b","blue","true","f2_11","river","","","true","filler","false","null"
"html-keyboard-response","null","","null","528","2.1.0","795501","axv5r965od","block1_then_block2","","","inter_trial_interval","","","","","","","","","","","","","","","","","","","","","","","","","","","","","","","",""
"html-keyboard-response","null","<div class=""fixation"">+</div>","null","529","2.1.0","796004","axv5r965od","block1_then_block2","","","fixation","","","","","","","","","","","","","","","","","","","","","","","","","","","","","","","",""
"html-keyboard-response","762","<div class=""chinese-character"" style=""color:#d6b300;"">口</div>","y","530","2.1.0","796767","axv5r965od","block1_then_block2","","","color_naming","","","","","","","","","口","kou3","","","","","","","","","2","","yellow","y","yellow","true","f2_22","mouth","","","true","filler","false","null"
"html-keyboard-response","null","","null","531","2.1.0","797776","axv5r965od","block1_then_block2","","","inter_trial_interval","","","","","","","","","","","","","","","","","","","","","","","","","","","","","","","",""
"html-keyboard-response","null","<div class=""fixation"">+</div>","null","532","2.1.0","798288","axv5r965od","block1_then_block2","","","fixation","","","","","","","","","","","","","","","","","","","","","","","","","","","","","","","",""
"html-keyboard-response","801","<div class=""chinese-character"" style=""color:#1f77b4;"">椅</div>","b","533","2.1.0","799090","axv5r965od","block1_then_block2","","","color_naming","","","","","","","","","椅","yi3","","","","","","","","","2","","blue","b","blue","true","f2_7","chair","","","true","filler","false","null"
"html-keyboard-response","null","","null","534","2.1.0","800105","axv5r965od","block1_then_block2","","","inter_trial_interval","","","","","","","","","","","","","","","","","","","","","","","","","","","","","","","",""
"html-keyboard-response","null","<div class=""fixation"">+</div>","null","535","2.1.0","800617","axv5r965od","block1_then_block2","","","fixation","","","","","","","","","","","","","","","","","","","","","","","","","","","","","","","",""
"html-keyboard-response","968","<div class=""chinese-character"" style=""color:#d62728;"">耳</div>","r","536","2.1.0","801587","axv5r965od","block1_then_block2","","","color_naming","","","","","","","","","耳","er3","","","","","","","","","2","","red","r","red","true","f2_21","ear","","","true","filler","false","null"
"html-keyboard-response","null","","null","537","2.1.0","802603","axv5r965od","block1_then_block2","","","inter_trial_interval","","","","","","","","","","","","","","","","","","","","","","","","","","","","","","","",""
"html-keyboard-response","null","<div class=""fixation"">+</div>","null","538","2.1.0","803115","axv5r965od","block1_then_block2","","","fixation","","","","","","","","","","","","","","","","","","","","","","","","","","","","","","","",""
"html-keyboard-response","838","<div class=""chinese-character"" style=""color:#1f77b4;"">蓝</div>","b","539","2.1.0","803953","axv5r965od","block1_then_block2","","","color_naming","","","","","","","","","蓝","lan2","","","","","","","","","2","","blue","b","blue","true","blue","blue","","","false","congruent_color_character","true","2"
"html-keyboard-response","null","","null","540","2.1.0","804958","axv5r965od","block1_then_block2","","","inter_trial_interval","","","","","","","","","","","","","","","","","","","","","","","","","","","","","","","",""
"html-keyboard-response","null","<div class=""fixation"">+</div>","null","541","2.1.0","805472","axv5r965od","block1_then_block2","","","fixation","","","","","","","","","","","","","","","","","","","","","","","","","","","","","","","",""
"html-keyboard-response","1355","<div class=""chinese-character"" style=""color:#2ca02c;"">黄</div>","g","542","2.1.0","806828","axv5r965od","block1_then_block2","","","color_naming","","","","","","","","","黄","huang2","","","","","","","","","2","","green","g","green","true","yellow","yellow","","","false","incongruent_color_character","true","2"
"html-keyboard-response","null","","null","543","2.1.0","807836","axv5r965od","block1_then_block2","","","inter_trial_interval","","","","","","","","","","","","","","","","","","","","","","","","","","","","","","","",""
"html-keyboard-response","null","<div class=""fixation"">+</div>","null","544","2.1.0","808347","axv5r965od","block1_then_block2","","","fixation","","","","","","","","","","","","","","","","","","","","","","","","","","","","","","","",""
"html-keyboard-response","1669","<div class=""chinese-character"" style=""color:#d6b300;"">缠</div>","y","545","2.1.0","810016","axv5r965od","block1_then_block2","","","color_naming","","","","","","","","","缠","chan2","","","","","","","","","2","","yellow","y","yellow","true","yellow","wrap around","","","false","congruent_S_minus_T_plus","true","2"
"html-keyboard-response","null","","null","546","2.1.0","811024","axv5r965od","block1_then_block2","","","inter_trial_interval","","","","","","","","","","","","","","","","","","","","","","","","","","","","","","","",""
"html-keyboard-response","null","<div class=""fixation"">+</div>","null","547","2.1.0","811539","axv5r965od","block1_then_block2","","","fixation","","","","","","","","","","","","","","","","","","","","","","","","","","","","","","","",""
"html-keyboard-response","1695","<div class=""chinese-character"" style=""color:#1f77b4;"">宫</div>","b","548","2.1.0","813235","axv5r965od","block1_then_block2","","","color_naming","","","","","","","","","宫","gong1","","","","","","","","","2","","blue","b","blue","true","blue","palace","","","false","neutral","true","2"
"html-keyboard-response","null","","null","549","2.1.0","814239","axv5r965od","block1_then_block2","","","inter_trial_interval","","","","","","","","","","","","","","","","","","","","","","","","","","","","","","","",""
"html-keyboard-response","null","<div class=""fixation"">+</div>","null","550","2.1.0","814753","axv5r965od","block1_then_block2","","","fixation","","","","","","","","","","","","","","","","","","","","","","","","","","","","","","","",""
"html-keyboard-response","1257","<div class=""chinese-character"" style=""color:#d6b300;"">绿</div>","y","551","2.1.0","816011","axv5r965od","block1_then_block2","","","color_naming","","","","","","","","","绿","lv4","","","","","","","","","2","","yellow","y","yellow","true","green","green","","","false","incongruent_color_character","true","2"
"html-keyboard-response","null","","null","552","2.1.0","817026","axv5r965od","block1_then_block2","","","inter_trial_interval","","","","","","","","","","","","","","","","","","","","","","","","","","","","","","","",""
"html-keyboard-response","null","<div class=""fixation"">+</div>","null","553","2.1.0","817538","axv5r965od","block1_then_block2","","","fixation","","","","","","","","","","","","","","","","","","","","","","","","","","","","","","","",""
"html-keyboard-response","2146","<div class=""chinese-character"" style=""color:#d62728;"">红</div>","r","554","2.1.0","819685","axv5r965od","block1_then_block2","","","color_naming","","","","","","","","","红","hong2","","","","","","","","","2","","red","r","red","true","red","red","","","false","congruent_color_character","true","2"
"html-keyboard-response","null","","null","555","2.1.0","820695","axv5r965od","block1_then_block2","","","inter_trial_interval","","","","","","","","","","","","","","","","","","","","","","","","","","","","","","","",""
"html-keyboard-response","null","<div class=""fixation"">+</div>","null","556","2.1.0","821204","axv5r965od","block1_then_block2","","","fixation","","","","","","","","","","","","","","","","","","","","","","","","","","","","","","","",""
"html-keyboard-response","1305","<div class=""chinese-character"" style=""color:#d6b300;"">黄</div>","y","557","2.1.0","822509","axv5r965od","block1_then_block2","","","color_naming","","","","","","","","","黄","huang2","","","","","","","","","2","","yellow","y","yellow","true","yellow","yellow","","","false","congruent_color_character","true","2"
"html-keyboard-response","null","","null","558","2.1.0","823522","axv5r965od","block1_then_block2","","","inter_trial_interval","","","","","","","","","","","","","","","","","","","","","","","","","","","","","","","",""
"html-keyboard-response","null","<div class=""fixation"">+</div>","null","559","2.1.0","824038","axv5r965od","block1_then_block2","","","fixation","","","","","","","","","","","","","","","","","","","","","","","","","","","","","","","",""
"html-keyboard-response","902","<div class=""chinese-character"" style=""color:#2ca02c;"">房</div>","g","560","2.1.0","824941","axv5r965od","block1_then_block2","","","color_naming","","","","","","","","","房","fang2","","","","","","","","","2","","green","g","green","true","f2_8","room","","","true","filler","false","null"
"html-keyboard-response","null","","null","561","2.1.0","825953","axv5r965od","block1_then_block2","","","inter_trial_interval","","","","","","","","","","","","","","","","","","","","","","","","","","","","","","","",""
"html-keyboard-response","null","<div class=""fixation"">+</div>","null","562","2.1.0","826464","axv5r965od","block1_then_block2","","","fixation","","","","","","","","","","","","","","","","","","","","","","","","","","","","","","","",""
"html-keyboard-response","677","<div class=""chinese-character"" style=""color:#2ca02c;"">影</div>","g","563","2.1.0","827142","axv5r965od","block1_then_block2","","","color_naming","","","","","","","","","影","ying3","","","","","","","","","2","","green","g","green","true","f2_16","shadow/movie","","","true","filler","false","null"
"html-keyboard-response","null","","null","564","2.1.0","828158","axv5r965od","block1_then_block2","","","inter_trial_interval","","","","","","","","","","","","","","","","","","","","","","","","","","","","","","","",""
"html-keyboard-response","null","<div class=""fixation"">+</div>","null","565","2.1.0","828670","axv5r965od","block1_then_block2","","","fixation","","","","","","","","","","","","","","","","","","","","","","","","","","","","","","","",""
"html-keyboard-response","847","<div class=""chinese-character"" style=""color:#2ca02c;"">田</div>","g","566","2.1.0","829518","axv5r965od","block1_then_block2","","","color_naming","","","","","","","","","田","tian2","","","","","","","","","2","","green","g","green","true","f2_24","field","","","true","filler","false","null"
"html-keyboard-response","null","","null","567","2.1.0","830520","axv5r965od","block1_then_block2","","","inter_trial_interval","","","","","","","","","","","","","","","","","","","","","","","","","","","","","","","",""
"html-keyboard-response","null","<div class=""fixation"">+</div>","null","568","2.1.0","831031","axv5r965od","block1_then_block2","","","fixation","","","","","","","","","","","","","","","","","","","","","","","","","","","","","","","",""
"html-keyboard-response","924","<div class=""chinese-character"" style=""color:#d6b300;"">饭</div>","y","569","2.1.0","831956","axv5r965od","block1_then_block2","","","color_naming","","","","","","","","","饭","fan4","","","","","","","","","2","","yellow","y","yellow","true","f2_14","meal","","","true","filler","false","null"
"html-keyboard-response","null","","null","570","2.1.0","832958","axv5r965od","block1_then_block2","","","inter_trial_interval","","","","","","","","","","","","","","","","","","","","","","","","","","","","","","","",""
"html-keyboard-response","null","<div class=""fixation"">+</div>","null","571","2.1.0","833471","axv5r965od","block1_then_block2","","","fixation","","","","","","","","","","","","","","","","","","","","","","","","","","","","","","","",""
"html-keyboard-response","635","<div class=""chinese-character"" style=""color:#d6b300;"">皇</div>","y","572","2.1.0","834107","axv5r965od","block1_then_block2","","","color_naming","","","","","","","","","皇","huang2","","","","","","","","","2","","yellow","y","yellow","true","yellow","emperor","","","false","congruent_S_T_plus","true","2"
"html-keyboard-response","null","","null","573","2.1.0","835110","axv5r965od","block1_then_block2","","","inter_trial_interval","","","","","","","","","","","","","","","","","","","","","","","","","","","","","","","",""
"html-keyboard-response","null","<div class=""fixation"">+</div>","null","574","2.1.0","835620","axv5r965od","block1_then_block2","","","fixation","","","","","","","","","","","","","","","","","","","","","","","","","","","","","","","",""
"html-keyboard-response","852","<div class=""chinese-character"" style=""color:#1f77b4;"">心</div>","b","575","2.1.0","836472","axv5r965od","block1_then_block2","","","color_naming","","","","","","","","","心","xin1","","","","","","","","","2","","blue","b","blue","true","f2_23","heart","","","true","filler","false","null"
"html-keyboard-response","null","","null","576","2.1.0","837486","axv5r965od","block1_then_block2","","","inter_trial_interval","","","","","","","","","","","","","","","","","","","","","","","","","","","","","","","",""
"html-keyboard-response","null","<div class=""fixation"">+</div>","null","577","2.1.0","837998","axv5r965od","block1_then_block2","","","fixation","","","","","","","","","","","","","","","","","","","","","","","","","","","","","","","",""
"html-keyboard-response","1218","<div class=""chinese-character"" style=""color:#d6b300;"">桌</div>","y","578","2.1.0","839217","axv5r965od","block1_then_block2","","","color_naming","","","","","","","","","桌","zhuo1","","","","","","","","","2","","yellow","y","yellow","true","f2_6","table","","","true","filler","false","null"
"html-keyboard-response","null","","null","579","2.1.0","840222","axv5r965od","block1_then_block2","","","inter_trial_interval","","","","","","","","","","","","","","","","","","","","","","","","","","","","","","","",""
"html-keyboard-response","null","<div class=""fixation"">+</div>","null","580","2.1.0","840738","axv5r965od","block1_then_block2","","","fixation","","","","","","","","","","","","","","","","","","","","","","","","","","","","","","","",""
"html-keyboard-response","null","<div class=""chinese-character"" style=""color:#d62728;"">笔</div>","null","581","2.1.0","843753","axv5r965od","block1_then_block2","","","color_naming","","","","","","","","","笔","bi3","","","","","","","","","2","","red","r","null","false","f2_5","pen","","","true","filler","false","null"
"html-keyboard-response","null","","null","582","2.1.0","844754","axv5r965od","block1_then_block2","","","inter_trial_interval","","","","","","","","","","","","","","","","","","","","","","","","","","","","","","","",""
"html-keyboard-response","null","<div class=""fixation"">+</div>","null","583","2.1.0","845260","axv5r965od","block1_then_block2","","","fixation","","","","","","","","","","","","","","","","","","","","","","","","","","","","","","","",""
"html-keyboard-response","878","<div class=""chinese-character"" style=""color:#1f77b4;"">电</div>","b","584","2.1.0","846138","axv5r965od","block1_then_block2","","","color_naming","","","","","","","","","电","dian4","","","","","","","","","2","","blue","b","blue","true","f2_15","electricity","","","true","filler","false","null"
"html-keyboard-response","null","","null","585","2.1.0","847141","axv5r965od","block1_then_block2","","","inter_trial_interval","","","","","","","","","","","","","","","","","","","","","","","","","","","","","","","",""
"html-keyboard-response","null","<div class=""fixation"">+</div>","null","586","2.1.0","847653","axv5r965od","block1_then_block2","","","fixation","","","","","","","","","","","","","","","","","","","","","","","","","","","","","","","",""
"html-keyboard-response","1348","<div class=""chinese-character"" style=""color:#2ca02c;"">雪</div>","g","587","2.1.0","849002","axv5r965od","block1_then_block2","","","color_naming","","","","","","","","","雪","xue3","","","","","","","","","2","","green","g","green","true","f2_20","snow","","","true","filler","false","null"
"html-keyboard-response","null","","null","588","2.1.0","850013","axv5r965od","block1_then_block2","","","inter_trial_interval","","","","","","","","","","","","","","","","","","","","","","","","","","","","","","","",""
"html-keyboard-response","null","<div class=""fixation"">+</div>","null","589","2.1.0","850521","axv5r965od","block1_then_block2","","","fixation","","","","","","","","","","","","","","","","","","","","","","","","","","","","","","","",""
"html-keyboard-response","859","<div class=""chinese-character"" style=""color:#d62728;"">牵</div>","r","590","2.1.0","851381","axv5r965od","block1_then_block2","","","color_naming","","","","","","","","","牵","qian1","","","","","","","","","2","","red","r","red","true","red","lead along","","","false","neutral","true","2"
"html-keyboard-response","null","","null","591","2.1.0","852391","axv5r965od","block1_then_block2","","","inter_trial_interval","","","","","","","","","","","","","","","","","","","","","","","","","","","","","","","",""
"html-keyboard-response","null","<div class=""fixation"">+</div>","null","592","2.1.0","852904","axv5r965od","block1_then_block2","","","fixation","","","","","","","","","","","","","","","","","","","","","","","","","","","","","","","",""
"html-keyboard-response","2450","<div class=""chinese-character"" style=""color:#2ca02c;"">洞</div>","g","593","2.1.0","855355","axv5r965od","block1_then_block2","","","color_naming","","","","","","","","","洞","dong4","","","","","","","","","2","","green","g","green","true","green","hole","","","false","congruent_S_minus_T_plus","true","2"
"html-keyboard-response","null","","null","594","2.1.0","856359","axv5r965od","block1_then_block2","","","inter_trial_interval","","","","","","","","","","","","","","","","","","","","","","","","","","","","","","","",""
"html-keyboard-response","null","<div class=""fixation"">+</div>","null","595","2.1.0","856870","axv5r965od","block1_then_block2","","","fixation","","","","","","","","","","","","","","","","","","","","","","","","","","","","","","","",""
"html-keyboard-response","777","<div class=""chinese-character"" style=""color:#d6b300;"">狗</div>","y","596","2.1.0","857648","axv5r965od","block1_then_block2","","","color_naming","","","","","","","","","狗","gou3","","","","","","","","","2","","yellow","y","yellow","true","f2_2","dog","","","true","filler","false","null"
"html-keyboard-response","null","","null","597","2.1.0","858660","axv5r965od","block1_then_block2","","","inter_trial_interval","","","","","","","","","","","","","","","","","","","","","","","","","","","","","","","",""
"html-keyboard-response","null","<div class=""fixation"">+</div>","null","598","2.1.0","859171","axv5r965od","block1_then_block2","","","fixation","","","","","","","","","","","","","","","","","","","","","","","","","","","","","","","",""
"html-keyboard-response","853","<div class=""chinese-character"" style=""color:#d62728;"">衣</div>","r","599","2.1.0","860025","axv5r965od","block1_then_block2","","","color_naming","","","","","","","","","衣","yi1","","","","","","","","","2","","red","r","red","true","f2_17","clothing","","","true","filler","false","null"
"html-keyboard-response","null","","null","600","2.1.0","861039","axv5r965od","block1_then_block2","","","inter_trial_interval","","","","","","","","","","","","","","","","","","","","","","","","","","","","","","","",""
"html-keyboard-response","null","<div class=""fixation"">+</div>","null","601","2.1.0","861553","axv5r965od","block1_then_block2","","","fixation","","","","","","","","","","","","","","","","","","","","","","","","","","","","","","","",""
"html-keyboard-response","955","<div class=""chinese-character"" style=""color:#d6b300;"">钟</div>","y","602","2.1.0","862509","axv5r965od","block1_then_block2","","","color_naming","","","","","","","","","钟","zhong1","","","","","","","","","2","","yellow","y","yellow","true","f2_10","clock","","","true","filler","false","null"
"html-keyboard-response","null","","null","603","2.1.0","863520","axv5r965od","block1_then_block2","","","inter_trial_interval","","","","","","","","","","","","","","","","","","","","","","","","","","","","","","","",""
"html-keyboard-response","null","<div class=""fixation"">+</div>","null","604","2.1.0","864032","axv5r965od","block1_then_block2","","","fixation","","","","","","","","","","","","","","","","","","","","","","","","","","","","","","","",""
"html-keyboard-response","830","<div class=""chinese-character"" style=""color:#2ca02c;"">海</div>","g","605","2.1.0","864863","axv5r965od","block1_then_block2","","","color_naming","","","","","","","","","海","hai3","","","","","","","","","2","","green","g","green","true","f2_12","sea","","","true","filler","false","null"
"html-keyboard-response","null","","null","606","2.1.0","865873","axv5r965od","block1_then_block2","","","inter_trial_interval","","","","","","","","","","","","","","","","","","","","","","","","","","","","","","","",""
"html-keyboard-response","null","<div class=""fixation"">+</div>","null","607","2.1.0","866386","axv5r965od","block1_then_block2","","","fixation","","","","","","","","","","","","","","","","","","","","","","","","","","","","","","","",""
"html-keyboard-response","936","<div class=""chinese-character"" style=""color:#d62728;"">轰</div>","r","608","2.1.0","867323","axv5r965od","block1_then_block2","","","color_naming","","","","","","","","","轰","hong1","","","","","","","","","2","","red","r","red","true","red","boom","","","false","congruent_S_plus_T_minus","true","2"
"html-keyboard-response","null","","null","609","2.1.0","868325","axv5r965od","block1_then_block2","","","inter_trial_interval","","","","","","","","","","","","","","","","","","","","","","","","","","","","","","","",""
"html-keyboard-response","null","<div class=""fixation"">+</div>","null","610","2.1.0","868829","axv5r965od","block1_then_block2","","","fixation","","","","","","","","","","","","","","","","","","","","","","","","","","","","","","","",""
"html-keyboard-response","1766","<div class=""chinese-character"" style=""color:#1f77b4;"">草</div>","b","611","2.1.0","870596","axv5r965od","block1_then_block2","","","color_naming","","","","","","","","","草","cao3","","","","","","","","","2","","blue","b","blue","true","f2_19","grass","","","true","filler","false","null"
"html-keyboard-response","null","","null","612","2.1.0","871605","axv5r965od","block1_then_block2","","","inter_trial_interval","","","","","","","","","","","","","","","","","","","","","","","","","","","","","","","",""
"html-keyboard-response","null","<div class=""fixation"">+</div>","null","613","2.1.0","872118","axv5r965od","block1_then_block2","","","fixation","","","","","","","","","","","","","","","","","","","","","","","","","","","","","","","",""
"html-keyboard-response","796","<div class=""chinese-character"" style=""color:#d62728;"">瓶</div>","r","614","2.1.0","872915","axv5r965od","block1_then_block2","","","color_naming","","","","","","","","","瓶","ping2","","","","","","","","","2","","red","r","red","true","red","bottle","","","false","congruent_S_minus_T_plus","true","2"
"html-keyboard-response","null","","null","615","2.1.0","873930","axv5r965od","block1_then_block2","","","inter_trial_interval","","","","","","","","","","","","","","","","","","","","","","","","","","","","","","","",""
"html-keyboard-response","15285","
      <div class=""instructions"">
        <h2>Experiment Complete</h2>
        <p>Thank you for participating!</p>
        <p>Your keyboard color-naming accuracy was <strong>95</strong> out of <strong>96</strong> trials (99%).</p>
        <p>Press <strong>Space</strong> to view the data.</p>
      </div>
    "," ","616","2.1.0","889217","axv5r965od","block1_then_block2","","","","","","","","","","","","","","","","","","","","","","","","","","","","","","","","","","",""
