"trial_type","rt","stimulus","response","trial_index","plugin_version","time_elapsed","subject_id","experimental_order","consent_response","consent_timestamp","task","mandarin_english_bilingual","native_language","english_age_of_acquisition","years_in_us","english_proficiency_score","mandarin_proficiency","english_proficiency","normal_or_corrected_vision","character","pinyin","recording_key","space_rt_ms","mic_available","audio_recorded","audio_size_bytes","audio_filename","audio_upload_ok","audio_upload_status","block","expected_key","ink_color","correct_key","response_color","correct","item_id","translation","source_condition","source_ink_color","is_filler","condition","is_critical","repetition"
"html-button-response","3791","<div class=""consent-text""> <h2>Consent Agreement</h2> <p> Please read this consent agreement carefully before deciding whether to participate in this experiment. </p> <p> <strong>Description:</strong> You are invited to participate in a research study about language and language learning. The purpose of the research is to understand how people learn new words. This research will be conducted through the Prolific platform, including participants from the US, UK, and Canada. If you decide to participate in this research, you will learn and use new words. </p> <p> <strong>Time Involvement:</strong> The task will last the amount of time advertised on Prolific. You are free to withdraw from the study at any time. </p> <p> <strong>Risks and Benefits:</strong> Study data will be stored securely, in compliance with Stanford University standards, minimizing the risk of confiden-tiality breach. This study advances our scientific understanding of how people learn new languages. We cannot and do not guarantee or promise that you will receive any benefits from this study. </p> <p> <strong>Compensation:</strong> You will receive payment in the amount advertised on Prolific. If you do not complete this study, you will receive prorated payment based on the time that you have spent. Additionally, you may be eligible for bonus payments as described in the instructions. </p> <p> <strong>Participant's Rights:</strong> If you have read this form and have decided to participate in this project, please understand your participation is voluntary and you have the right to withdraw your consent or discontinue participation at any time without penalty or loss of benefits to which you are otherwise entitled. The alternative is not to participate. You have the right to refuse to answer particular questions. The results of this research study may be presented at scientific or professional meetings or published in scientific journals. Your individual privacy will be maintained in all published and writ-ten data resulting from the study. In accordance with scientific norms, the data from this study may be used or shared with other researchers for future research (after removing personally identifying information) without additional consent from you. </p> <p> <strong>Contact Information:</strong> If you have any questions, concerns or complaints about this research, its procedures, risks and benefits, contact the Protocol Director, Robert Hawkins (<a href=""mailto:rdhawkins@stanford.edu"">rdhawkins@stanford.edu</a>, 217-549-6923). </p> <p> <strong>Independent Contact:</strong> If you are not satisfied with how this study is being conducted, or if you have any concerns, com-plaints, or general questions about the research or your rights as a participant, please contact the Stanford Institutional Review Board (IRB) to speak to someone independent of the research team at 650-723-2480 or toll free at 1-866-680-2906, or email at irbnonmed@stanford.edu. You can also write to the Stanford IRB, Stanford University, 1705 El Camino Real, Palo Alto, CA 94306. Please save or print a copy of this page for your records. </p> <p> <strong>If you agree to participate in this research, please click ""I agree""</strong> </p></br> </div>","0","0","2.1.0","3796","duxywlrjp9","block2_then_block1","agree","2026-05-27T08:03:47.225Z","","","","","","","","","","","","","","","","","","","","","","","","","","","","","","","","",""
"html-keyboard-response","10058","
    <div class=""instructions"">
      <h2>Welcome</h2>
      <p>Thank you for participating in this experiment.</p>
      <p>This study has two kinds of tasks:</p>
      <ol>
        <li>Read Chinese characters aloud in Mandarin.</li>
        <li>Name the ink color of Chinese characters in English.</li>
      </ol>
      <p>Press <strong>Space</strong> to continue.</p>
    </div>
  "," ","1","2.1.0","13856","duxywlrjp9","block2_then_block1","","","","","","","","","","","","","","","","","","","","","","","","","","","","","","","","","","",""
"survey-html-form","76582","","{""mandarin_english_bilingual"":""yes"",""native_language"":""Mandarin"",""english_age_of_acquisition"":""16"",""years_in_us"":""0"",""english_proficiency_score"":""IELTS 7.5"",""mandarin_proficiency"":""native"",""english_proficiency"":""advanced"",""normal_or_corrected_vision"":""yes""}","2","2.1.0","90438","duxywlrjp9","block2_then_block1","","","participant_information","yes","Mandarin","16","0","IELTS 7.5","native","advanced","yes","","","","","","","","","","","","","","","","","","","","","","","",""
"html-keyboard-response","18174","
    <div class=""instructions"">
      <h2>Color Response Keys</h2>
      <p>In the color-naming task, respond to the <strong>ink color</strong>, not the meaning of the character.</p>
      <ul>
        <li><strong>R</strong> = red</li>
        <li><strong>Y</strong> = yellow</li>
        <li><strong>B</strong> = blue</li>
        <li><strong>G</strong> = green</li>
      </ul>
      <p>Respond as quickly and accurately as possible.</p>
      <p>Press <strong>Space</strong> to continue.</p>
    </div>
  "," ","3","2.1.0","108613","duxywlrjp9","block2_then_block1","","","","","","","","","","","","","","","","","","","","","","","","","","","","","","","","","","",""
"html-keyboard-response","13395","
    <div class=""instructions"">
      <h2>Microphone Access</h2>
      <p>This experiment records your voice responses during the Chinese character-naming task.</p>
      <p>Your browser may ask for microphone permission — please click <strong>Allow</strong>.</p>
      <p>Your voice recordings will be securely uploaded to our research server (DataPipe) for analysis.</p>
      <p>Press <strong>Space</strong> once you have granted permission (or if no prompt appeared).</p>
    </div>
  "," ","4","2.1.0","122009","duxywlrjp9","block2_then_block1","","","mic_permission","","","","","","","","","","","","","","","","","","","","","","","","","","","","","","","",""
"html-keyboard-response","8156","
      <div class=""instructions"">
        <h2>Practice — Character Reading</h2>
        <p>First, you will practice reading Chinese characters aloud.</p>
        <p>Each character will appear on screen. Say it aloud in Mandarin, then press <strong>Space</strong> to move immediately to the next character.</p>
        <p>Your voice will be recorded during the real experiment.</p>
        <p>Press <strong>Space</strong> to start.</p>
      </div>
    "," ","5","2.1.0","130166","duxywlrjp9","block2_then_block1","","","","","","","","","","","","","","","","","","","","","","","","","","","","","","","","","","",""
"html-keyboard-response","null","<div class=""fixation"">+</div>","null","6","2.1.0","130675","duxywlrjp9","block2_then_block1","","","fixation","","","","","","","","","","","","","","","","","","","","","","","","","","","","","","","",""
"html-keyboard-response","1811","
      <div class=""chinese-character"" style=""color:#000000;"">日</div>
      <div style=""margin-top:32px; font-size:16px; color:#555; font-family:Arial,sans-serif;"">
        Say the character aloud, then press <strong>Space</strong>.
      </div>
    "," ","7","2.1.0","132487","duxywlrjp9","block2_then_block1","","","practice_character_naming","","","","","","","","","日","ri4","practice_character_日","1811","true","true","29276","duxywlrjp9_practice_character_日.webm","true","{""message"":""Success""}","","","","","","","","","","","","","",""
"html-keyboard-response","null","","null","8","2.1.0","132596","duxywlrjp9","block2_then_block1","","","inter_trial_interval","","","","","","","","","","","","","","","","","","","","","","","","","","","","","","","",""
"html-keyboard-response","null","<div class=""fixation"">+</div>","null","9","2.1.0","133097","duxywlrjp9","block2_then_block1","","","fixation","","","","","","","","","","","","","","","","","","","","","","","","","","","","","","","",""
"html-keyboard-response","1620","
      <div class=""chinese-character"" style=""color:#000000;"">木</div>
      <div style=""margin-top:32px; font-size:16px; color:#555; font-family:Arial,sans-serif;"">
        Say the character aloud, then press <strong>Space</strong>.
      </div>
    "," ","10","2.1.0","134718","duxywlrjp9","block2_then_block1","","","practice_character_naming","","","","","","","","","木","mu4","practice_character_木","1620","true","true","26378","duxywlrjp9_practice_character_木.webm","true","{""message"":""Success""}","","","","","","","","","","","","","",""
"html-keyboard-response","null","","null","11","2.1.0","134831","duxywlrjp9","block2_then_block1","","","inter_trial_interval","","","","","","","","","","","","","","","","","","","","","","","","","","","","","","","",""
"html-keyboard-response","null","<div class=""fixation"">+</div>","null","12","2.1.0","135333","duxywlrjp9","block2_then_block1","","","fixation","","","","","","","","","","","","","","","","","","","","","","","","","","","","","","","",""
"html-keyboard-response","1498","
      <div class=""chinese-character"" style=""color:#000000;"">人</div>
      <div style=""margin-top:32px; font-size:16px; color:#555; font-family:Arial,sans-serif;"">
        Say the character aloud, then press <strong>Space</strong>.
      </div>
    "," ","13","2.1.0","136832","duxywlrjp9","block2_then_block1","","","practice_character_naming","","","","","","","","","人","ren2","practice_character_人","1498","true","true","24446","duxywlrjp9_practice_character_人.webm","true","{""message"":""Success""}","","","","","","","","","","","","","",""
"html-keyboard-response","null","","null","14","2.1.0","136934","duxywlrjp9","block2_then_block1","","","inter_trial_interval","","","","","","","","","","","","","","","","","","","","","","","","","","","","","","","",""
"html-keyboard-response","null","<div class=""fixation"">+</div>","null","15","2.1.0","137439","duxywlrjp9","block2_then_block1","","","fixation","","","","","","","","","","","","","","","","","","","","","","","","","","","","","","","",""
"html-keyboard-response","1569","
      <div class=""chinese-character"" style=""color:#000000;"">火</div>
      <div style=""margin-top:32px; font-size:16px; color:#555; font-family:Arial,sans-serif;"">
        Say the character aloud, then press <strong>Space</strong>.
      </div>
    "," ","16","2.1.0","139009","duxywlrjp9","block2_then_block1","","","practice_character_naming","","","","","","","","","火","huo3","practice_character_火","1569","true","true","25412","duxywlrjp9_practice_character_火.webm","true","{""message"":""Success""}","","","","","","","","","","","","","",""
"html-keyboard-response","null","","null","17","2.1.0","139122","duxywlrjp9","block2_then_block1","","","inter_trial_interval","","","","","","","","","","","","","","","","","","","","","","","","","","","","","","","",""
"html-keyboard-response","7921","
      <div class=""instructions"">
        <h2>Practice — Color Naming</h2>
        <p>Now practice naming the ink color in English using the keyboard.</p>
        <p><strong>R</strong> = red, <strong>Y</strong> = yellow, <strong>B</strong> = blue, <strong>G</strong> = green.</p>
        <p>Press <strong>Space</strong> to start.</p>
      </div>
    "," ","18","2.1.0","147043","duxywlrjp9","block2_then_block1","","","","","","","","","","","","","","","","","","","","","","","","","","","","","","","","","","",""
"html-keyboard-response","2933","
      <div class=""instructions"">
        <h2>Keyboard Check</h2>
        <p>Before we continue, please press the <strong>G</strong> key
        (for <strong>green</strong>) on your keyboard.</p>
        <p style=""color:#888;font-size:0.9em;"">
          If your keyboard is set to a Chinese input method (IME),
          please switch to English / Roman input now, otherwise the experiment cannot record your responses.
        </p>
      </div>
    ","g","19","2.1.0","149978","duxywlrjp9","block2_then_block1","","","keyboard_check","","","","","","","","","","","","","","","","","","","practice","g","","","","","","","","","","","",""
"html-keyboard-response","null","<div class=""fixation"">+</div>","null","20","2.1.0","150487","duxywlrjp9","block2_then_block1","","","fixation","","","","","","","","","","","","","","","","","","","","","","","","","","","","","","","",""
"html-keyboard-response","2732","<div class=""chinese-character"" style=""color:#d62728;"">日</div>","r","21","2.1.0","153220","duxywlrjp9","block2_then_block1","","","practice_color_naming","","","","","","","","","日","","","","","","","","","","","","red","r","red","true","","","","","","","",""
"html-keyboard-response","null","","null","22","2.1.0","154222","duxywlrjp9","block2_then_block1","","","inter_trial_interval","","","","","","","","","","","","","","","","","","","","","","","","","","","","","","","",""
"html-keyboard-response","null","<div class=""fixation"">+</div>","null","23","2.1.0","154724","duxywlrjp9","block2_then_block1","","","fixation","","","","","","","","","","","","","","","","","","","","","","","","","","","","","","","",""
"html-keyboard-response","1480","<div class=""chinese-character"" style=""color:#2ca02c;"">木</div>","g","24","2.1.0","156205","duxywlrjp9","block2_then_block1","","","practice_color_naming","","","","","","","","","木","","","","","","","","","","","","green","g","green","true","","","","","","","",""
"html-keyboard-response","null","","null","25","2.1.0","157212","duxywlrjp9","block2_then_block1","","","inter_trial_interval","","","","","","","","","","","","","","","","","","","","","","","","","","","","","","","",""
"html-keyboard-response","null","<div class=""fixation"">+</div>","null","26","2.1.0","157728","duxywlrjp9","block2_then_block1","","","fixation","","","","","","","","","","","","","","","","","","","","","","","","","","","","","","","",""
"html-keyboard-response","null","<div class=""chinese-character"" style=""color:#d6b300;"">人</div>","null","27","2.1.0","160736","duxywlrjp9","block2_then_block1","","","practice_color_naming","","","","","","","","","人","","","","","","","","","","","","yellow","y","null","false","","","","","","","",""
"html-keyboard-response","null","","null","28","2.1.0","161739","duxywlrjp9","block2_then_block1","","","inter_trial_interval","","","","","","","","","","","","","","","","","","","","","","","","","","","","","","","",""
"html-keyboard-response","null","<div class=""fixation"">+</div>","null","29","2.1.0","162241","duxywlrjp9","block2_then_block1","","","fixation","","","","","","","","","","","","","","","","","","","","","","","","","","","","","","","",""
"html-keyboard-response","1443","<div class=""chinese-character"" style=""color:#1f77b4;"">火</div>","b","30","2.1.0","163685","duxywlrjp9","block2_then_block1","","","practice_color_naming","","","","","","","","","火","","","","","","","","","","","","blue","b","blue","true","","","","","","","",""
"html-keyboard-response","null","","null","31","2.1.0","164700","duxywlrjp9","block2_then_block1","","","inter_trial_interval","","","","","","","","","","","","","","","","","","","","","","","","","","","","","","","",""
"html-keyboard-response","2457","
      <div class=""instructions"">
        <h2>End of Practice</h2>
        <p>The practice is over. The experiment will now begin.</p>
        <p>Press <strong>Space</strong> to continue.</p>
      </div>
    "," ","32","2.1.0","167157","duxywlrjp9","block2_then_block1","","","","","","","","","","","","","","","","","","","","","","","","","","","","","","","","","","",""
"html-keyboard-response","11106","
      <div class=""instructions"">
        <h2>Chinese Character Naming — Block 2</h2>
        <p>You will see Chinese characters printed in black.</p>
        <p>Please <strong>say the character aloud in Mandarin</strong> as quickly and accurately as possible.</p>
        <p>After speaking, press <strong>Space</strong> to move to the next character immediately.</p>
        <p>Your voice will be recorded so we can verify your responses.</p>
        <p>Press <strong>Space</strong> to begin.</p>
      </div>
    "," ","33","2.1.0","178264","duxywlrjp9","block2_then_block1","","","","","","","","","","","","","","","","","","","","","","","","","","","","","","","","","","",""
"html-keyboard-response","null","<div class=""fixation"">+</div>","null","34","2.1.0","178776","duxywlrjp9","block2_then_block1","","","fixation","","","","","","","","","","","","","","","","","","","","","","","","","","","","","","","",""
"html-keyboard-response","1310","
      <div class=""chinese-character"" style=""color:#000000;"">晃</div>
      <div style=""margin-top:32px; font-size:16px; color:#555; font-family:Arial,sans-serif;"">
        Say the character aloud, then press <strong>Space</strong>.
      </div>
    "," ","35","2.1.0","180086","duxywlrjp9","block2_then_block1","","","character_naming","","","","","","","","","晃","huang4","character_naming_yellow_block2_rep2","1310","true","true","20582","duxywlrjp9_character_naming_yellow_block2_rep2.webm","true","{""message"":""Success""}","2","","","","","","yellow","sway","congruent_S_plus_T_minus","yellow","false","","",""
"html-keyboard-response","null","","null","36","2.1.0","180194","duxywlrjp9","block2_then_block1","","","inter_trial_interval","","","","","","","","","","","","","","","","","","","","","","","","","","","","","","","",""
"html-keyboard-response","null","<div class=""fixation"">+</div>","null","37","2.1.0","180706","duxywlrjp9","block2_then_block1","","","fixation","","","","","","","","","","","","","","","","","","","","","","","","","","","","","","","",""
"html-keyboard-response","1003","
      <div class=""chinese-character"" style=""color:#000000;"">轰</div>
      <div style=""margin-top:32px; font-size:16px; color:#555; font-family:Arial,sans-serif;"">
        Say the character aloud, then press <strong>Space</strong>.
      </div>
    "," ","38","2.1.0","181709","duxywlrjp9","block2_then_block1","","","character_naming","","","","","","","","","轰","hong1","character_naming_red_block2_rep2","1003","true","true","15752","duxywlrjp9_character_naming_red_block2_rep2.webm","true","{""message"":""Success""}","2","","","","","","red","boom","congruent_S_plus_T_minus","red","false","","",""
"html-keyboard-response","null","","null","39","2.1.0","181818","duxywlrjp9","block2_then_block1","","","inter_trial_interval","","","","","","","","","","","","","","","","","","","","","","","","","","","","","","","",""
"html-keyboard-response","null","<div class=""fixation"">+</div>","null","40","2.1.0","182321","duxywlrjp9","block2_then_block1","","","fixation","","","","","","","","","","","","","","","","","","","","","","","","","","","","","","","",""
"html-keyboard-response","995","
      <div class=""chinese-character"" style=""color:#000000;"">衣</div>
      <div style=""margin-top:32px; font-size:16px; color:#555; font-family:Arial,sans-serif;"">
        Say the character aloud, then press <strong>Space</strong>.
      </div>
    "," ","41","2.1.0","183316","duxywlrjp9","block2_then_block1","","","character_naming","","","","","","","","","衣","yi1","character_naming_f2_17_block2_norep","995","true","true","15752","duxywlrjp9_character_naming_f2_17_block2_norep.webm","true","{""message"":""Success""}","2","","","","","","f2_17","clothing","filler","red","true","","",""
"html-keyboard-response","null","","null","42","2.1.0","183431","duxywlrjp9","block2_then_block1","","","inter_trial_interval","","","","","","","","","","","","","","","","","","","","","","","","","","","","","","","",""
"html-keyboard-response","null","<div class=""fixation"">+</div>","null","43","2.1.0","183938","duxywlrjp9","block2_then_block1","","","fixation","","","","","","","","","","","","","","","","","","","","","","","","","","","","","","","",""
"html-keyboard-response","973","
      <div class=""chinese-character"" style=""color:#000000;"">尝</div>
      <div style=""margin-top:32px; font-size:16px; color:#555; font-family:Arial,sans-serif;"">
        Say the character aloud, then press <strong>Space</strong>.
      </div>
    "," ","44","2.1.0","184912","duxywlrjp9","block2_then_block1","","","character_naming","","","","","","","","","尝","chang2","character_naming_blue_block2_rep2","973","true","true","15752","duxywlrjp9_character_naming_blue_block2_rep2.webm","true","{""message"":""Success""}","2","","","","","","blue","taste","congruent_S_minus_T_plus","blue","false","","",""
"html-keyboard-response","null","","null","45","2.1.0","185020","duxywlrjp9","block2_then_block1","","","inter_trial_interval","","","","","","","","","","","","","","","","","","","","","","","","","","","","","","","",""
"html-keyboard-response","null","<div class=""fixation"">+</div>","null","46","2.1.0","185521","duxywlrjp9","block2_then_block1","","","fixation","","","","","","","","","","","","","","","","","","","","","","","","","","","","","","","",""
"html-keyboard-response","1009","
      <div class=""chinese-character"" style=""color:#000000;"">览</div>
      <div style=""margin-top:32px; font-size:16px; color:#555; font-family:Arial,sans-serif;"">
        Say the character aloud, then press <strong>Space</strong>.
      </div>
    "," ","47","2.1.0","186531","duxywlrjp9","block2_then_block1","","","character_naming","","","","","","","","","览","lan3","character_naming_blue_block2_rep2","1009","true","true","15752","duxywlrjp9_character_naming_blue_block2_rep2.webm","true","{""error"":null,""message"":""Data received. OSF upload will be retried automatically.""}","2","","","","","","blue","view","congruent_S_plus_T_minus","blue","false","","",""
"html-keyboard-response","null","","null","48","2.1.0","186642","duxywlrjp9","block2_then_block1","","","inter_trial_interval","","","","","","","","","","","","","","","","","","","","","","","","","","","","","","","",""
"html-keyboard-response","null","<div class=""fixation"">+</div>","null","49","2.1.0","187145","duxywlrjp9","block2_then_block1","","","fixation","","","","","","","","","","","","","","","","","","","","","","","","","","","","","","","",""
"html-keyboard-response","955","
      <div class=""chinese-character"" style=""color:#000000;"">宫</div>
      <div style=""margin-top:32px; font-size:16px; color:#555; font-family:Arial,sans-serif;"">
        Say the character aloud, then press <strong>Space</strong>.
      </div>
    "," ","50","2.1.0","188100","duxywlrjp9","block2_then_block1","","","character_naming","","","","","","","","","宫","gong1","character_naming_blue_block2_rep2","955","true","true","14786","duxywlrjp9_character_naming_blue_block2_rep2.webm","true","{""error"":null,""message"":""Data received. OSF upload will be retried automatically.""}","2","","","","","","blue","palace","neutral","blue","false","","",""
"html-keyboard-response","null","","null","51","2.1.0","188201","duxywlrjp9","block2_then_block1","","","inter_trial_interval","","","","","","","","","","","","","","","","","","","","","","","","","","","","","","","",""
"html-keyboard-response","null","<div class=""fixation"">+</div>","null","52","2.1.0","188712","duxywlrjp9","block2_then_block1","","","fixation","","","","","","","","","","","","","","","","","","","","","","","","","","","","","","","",""
"html-keyboard-response","789","
      <div class=""chinese-character"" style=""color:#000000;"">桌</div>
      <div style=""margin-top:32px; font-size:16px; color:#555; font-family:Arial,sans-serif;"">
        Say the character aloud, then press <strong>Space</strong>.
      </div>
    "," ","53","2.1.0","189501","duxywlrjp9","block2_then_block1","","","character_naming","","","","","","","","","桌","zhuo1","character_naming_f2_6_block2_norep","789","true","true","12854","duxywlrjp9_character_naming_f2_6_block2_norep.webm","true","{""message"":""Success""}","2","","","","","","f2_6","table","filler","yellow","true","","",""
"html-keyboard-response","null","","null","54","2.1.0","189611","duxywlrjp9","block2_then_block1","","","inter_trial_interval","","","","","","","","","","","","","","","","","","","","","","","","","","","","","","","",""
"html-keyboard-response","null","<div class=""fixation"">+</div>","null","55","2.1.0","190113","duxywlrjp9","block2_then_block1","","","fixation","","","","","","","","","","","","","","","","","","","","","","","","","","","","","","","",""
"html-keyboard-response","1131","
      <div class=""chinese-character"" style=""color:#000000;"">蓝</div>
      <div style=""margin-top:32px; font-size:16px; color:#555; font-family:Arial,sans-serif;"">
        Say the character aloud, then press <strong>Space</strong>.
      </div>
    "," ","56","2.1.0","191245","duxywlrjp9","block2_then_block1","","","character_naming","","","","","","","","","蓝","lan2","character_naming_blue_block2_rep2","1131","true","true","18650","duxywlrjp9_character_naming_blue_block2_rep2.webm","true","{""error"":""OSF_FILE_EXISTS"",""message"":""The OSF file already exists. File names must be unique.""}","2","","","","","","blue","blue","congruent_color_character","blue","false","","",""
"html-keyboard-response","null","","null","57","2.1.0","191353","duxywlrjp9","block2_then_block1","","","inter_trial_interval","","","","","","","","","","","","","","","","","","","","","","","","","","","","","","","",""
"html-keyboard-response","null","<div class=""fixation"">+</div>","null","58","2.1.0","191869","duxywlrjp9","block2_then_block1","","","fixation","","","","","","","","","","","","","","","","","","","","","","","","","","","","","","","",""
"html-keyboard-response","1134","
      <div class=""chinese-character"" style=""color:#000000;"">椅</div>
      <div style=""margin-top:32px; font-size:16px; color:#555; font-family:Arial,sans-serif;"">
        Say the character aloud, then press <strong>Space</strong>.
      </div>
    "," ","59","2.1.0","193003","duxywlrjp9","block2_then_block1","","","character_naming","","","","","","","","","椅","yi3","character_naming_f2_7_block2_norep","1134","true","true","17684","duxywlrjp9_character_naming_f2_7_block2_norep.webm","true","{""message"":""Success""}","2","","","","","","f2_7","chair","filler","blue","true","","",""
"html-keyboard-response","null","","null","60","2.1.0","193110","duxywlrjp9","block2_then_block1","","","inter_trial_interval","","","","","","","","","","","","","","","","","","","","","","","","","","","","","","","",""
"html-keyboard-response","null","<div class=""fixation"">+</div>","null","61","2.1.0","193612","duxywlrjp9","block2_then_block1","","","fixation","","","","","","","","","","","","","","","","","","","","","","","","","","","","","","","",""
"html-keyboard-response","958","
      <div class=""chinese-character"" style=""color:#000000;"">海</div>
      <div style=""margin-top:32px; font-size:16px; color:#555; font-family:Arial,sans-serif;"">
        Say the character aloud, then press <strong>Space</strong>.
      </div>
    "," ","62","2.1.0","194570","duxywlrjp9","block2_then_block1","","","character_naming","","","","","","","","","海","hai3","character_naming_f2_12_block2_norep","958","true","true","15752","duxywlrjp9_character_naming_f2_12_block2_norep.webm","true","{""message"":""Success""}","2","","","","","","f2_12","sea","filler","green","true","","",""
"html-keyboard-response","null","","null","63","2.1.0","194677","duxywlrjp9","block2_then_block1","","","inter_trial_interval","","","","","","","","","","","","","","","","","","","","","","","","","","","","","","","",""
"html-keyboard-response","null","<div class=""fixation"">+</div>","null","64","2.1.0","195180","duxywlrjp9","block2_then_block1","","","fixation","","","","","","","","","","","","","","","","","","","","","","","","","","","","","","","",""
"html-keyboard-response","1076","
      <div class=""chinese-character"" style=""color:#000000;"">瓶</div>
      <div style=""margin-top:32px; font-size:16px; color:#555; font-family:Arial,sans-serif;"">
        Say the character aloud, then press <strong>Space</strong>.
      </div>
    "," ","65","2.1.0","196256","duxywlrjp9","block2_then_block1","","","character_naming","","","","","","","","","瓶","ping2","character_naming_red_block2_rep2","1076","true","true","17684","duxywlrjp9_character_naming_red_block2_rep2.webm","true","{""error"":""OSF_FILE_EXISTS"",""message"":""The OSF file already exists. File names must be unique.""}","2","","","","","","red","bottle","congruent_S_minus_T_plus","red","false","","",""
"html-keyboard-response","null","","null","66","2.1.0","196358","duxywlrjp9","block2_then_block1","","","inter_trial_interval","","","","","","","","","","","","","","","","","","","","","","","","","","","","","","","",""
"html-keyboard-response","null","<div class=""fixation"">+</div>","null","67","2.1.0","196860","duxywlrjp9","block2_then_block1","","","fixation","","","","","","","","","","","","","","","","","","","","","","","","","","","","","","","",""
"html-keyboard-response","1264","
      <div class=""chinese-character"" style=""color:#000000;"">米</div>
      <div style=""margin-top:32px; font-size:16px; color:#555; font-family:Arial,sans-serif;"">
        Say the character aloud, then press <strong>Space</strong>.
      </div>
    "," ","68","2.1.0","198125","duxywlrjp9","block2_then_block1","","","character_naming","","","","","","","","","米","mi3","character_naming_f2_4_block2_norep","1264","true","true","20582","duxywlrjp9_character_naming_f2_4_block2_norep.webm","true","{""message"":""Success""}","2","","","","","","f2_4","rice","filler","green","true","","",""
"html-keyboard-response","null","","null","69","2.1.0","198230","duxywlrjp9","block2_then_block1","","","inter_trial_interval","","","","","","","","","","","","","","","","","","","","","","","","","","","","","","","",""
"html-keyboard-response","null","<div class=""fixation"">+</div>","null","70","2.1.0","198734","duxywlrjp9","block2_then_block1","","","fixation","","","","","","","","","","","","","","","","","","","","","","","","","","","","","","","",""
"html-keyboard-response","1729","
      <div class=""chinese-character"" style=""color:#000000;"">婪</div>
      <div style=""margin-top:32px; font-size:16px; color:#555; font-family:Arial,sans-serif;"">
        Say the character aloud, then press <strong>Space</strong>.
      </div>
    "," ","71","2.1.0","200463","duxywlrjp9","block2_then_block1","","","character_naming","","","","","","","","","婪","lan2","character_naming_blue_block2_rep2","1729","true","true","27344","duxywlrjp9_character_naming_blue_block2_rep2.webm","true","{""error"":""OSF_FILE_EXISTS"",""message"":""The OSF file already exists. File names must be unique.""}","2","","","","","","blue","greedy","congruent_S_T_plus","blue","false","","",""
"html-keyboard-response","null","","null","72","2.1.0","200577","duxywlrjp9","block2_then_block1","","","inter_trial_interval","","","","","","","","","","","","","","","","","","","","","","","","","","","","","","","",""
"html-keyboard-response","null","<div class=""fixation"">+</div>","null","73","2.1.0","201091","duxywlrjp9","block2_then_block1","","","fixation","","","","","","","","","","","","","","","","","","","","","","","","","","","","","","","",""
"html-keyboard-response","1003","
      <div class=""chinese-character"" style=""color:#000000;"">河</div>
      <div style=""margin-top:32px; font-size:16px; color:#555; font-family:Arial,sans-serif;"">
        Say the character aloud, then press <strong>Space</strong>.
      </div>
    "," ","74","2.1.0","202094","duxywlrjp9","block2_then_block1","","","character_naming","","","","","","","","","河","he2","character_naming_f2_11_block2_norep","1003","true","true","15752","duxywlrjp9_character_naming_f2_11_block2_norep.webm","true","{""message"":""Success""}","2","","","","","","f2_11","river","filler","blue","true","","",""
"html-keyboard-response","null","","null","75","2.1.0","202200","duxywlrjp9","block2_then_block1","","","inter_trial_interval","","","","","","","","","","","","","","","","","","","","","","","","","","","","","","","",""
"html-keyboard-response","null","<div class=""fixation"">+</div>","null","76","2.1.0","202704","duxywlrjp9","block2_then_block1","","","fixation","","","","","","","","","","","","","","","","","","","","","","","","","","","","","","","",""
"html-keyboard-response","1055","
      <div class=""chinese-character"" style=""color:#000000;"">影</div>
      <div style=""margin-top:32px; font-size:16px; color:#555; font-family:Arial,sans-serif;"">
        Say the character aloud, then press <strong>Space</strong>.
      </div>
    "," ","77","2.1.0","203759","duxywlrjp9","block2_then_block1","","","character_naming","","","","","","","","","影","ying3","character_naming_f2_16_block2_norep","1055","true","true","16718","duxywlrjp9_character_naming_f2_16_block2_norep.webm","true","{""message"":""Success""}","2","","","","","","f2_16","shadow/movie","filler","green","true","","",""
"html-keyboard-response","null","","null","78","2.1.0","203863","duxywlrjp9","block2_then_block1","","","inter_trial_interval","","","","","","","","","","","","","","","","","","","","","","","","","","","","","","","",""
"html-keyboard-response","null","<div class=""fixation"">+</div>","null","79","2.1.0","204378","duxywlrjp9","block2_then_block1","","","fixation","","","","","","","","","","","","","","","","","","","","","","","","","","","","","","","",""
"html-keyboard-response","722","
      <div class=""chinese-character"" style=""color:#000000;"">红</div>
      <div style=""margin-top:32px; font-size:16px; color:#555; font-family:Arial,sans-serif;"">
        Say the character aloud, then press <strong>Space</strong>.
      </div>
    "," ","80","2.1.0","205100","duxywlrjp9","block2_then_block1","","","character_naming","","","","","","","","","红","hong2","character_naming_red_block2_rep2","722","true","true","11888","duxywlrjp9_character_naming_red_block2_rep2.webm","true","{""error"":""OSF_FILE_EXISTS"",""message"":""The OSF file already exists. File names must be unique.""}","2","","","","","","red","red","congruent_color_character","red","false","","",""
"html-keyboard-response","null","","null","81","2.1.0","205210","duxywlrjp9","block2_then_block1","","","inter_trial_interval","","","","","","","","","","","","","","","","","","","","","","","","","","","","","","","",""
"html-keyboard-response","null","<div class=""fixation"">+</div>","null","82","2.1.0","205726","duxywlrjp9","block2_then_block1","","","fixation","","","","","","","","","","","","","","","","","","","","","","","","","","","","","","","",""
"html-keyboard-response","1238","
      <div class=""chinese-character"" style=""color:#000000;"">雪</div>
      <div style=""margin-top:32px; font-size:16px; color:#555; font-family:Arial,sans-serif;"">
        Say the character aloud, then press <strong>Space</strong>.
      </div>
    "," ","83","2.1.0","206964","duxywlrjp9","block2_then_block1","","","character_naming","","","","","","","","","雪","xue3","character_naming_f2_20_block2_norep","1238","true","true","19616","duxywlrjp9_character_naming_f2_20_block2_norep.webm","true","{""message"":""Success""}","2","","","","","","f2_20","snow","filler","green","true","","",""
"html-keyboard-response","null","","null","84","2.1.0","207077","duxywlrjp9","block2_then_block1","","","inter_trial_interval","","","","","","","","","","","","","","","","","","","","","","","","","","","","","","","",""
"html-keyboard-response","null","<div class=""fixation"">+</div>","null","85","2.1.0","207593","duxywlrjp9","block2_then_block1","","","fixation","","","","","","","","","","","","","","","","","","","","","","","","","","","","","","","",""
"html-keyboard-response","1114","
      <div class=""chinese-character"" style=""color:#000000;"">田</div>
      <div style=""margin-top:32px; font-size:16px; color:#555; font-family:Arial,sans-serif;"">
        Say the character aloud, then press <strong>Space</strong>.
      </div>
    "," ","86","2.1.0","208707","duxywlrjp9","block2_then_block1","","","character_naming","","","","","","","","","田","tian2","character_naming_f2_24_block2_norep","1114","true","true","17684","duxywlrjp9_character_naming_f2_24_block2_norep.webm","true","{""message"":""Success""}","2","","","","","","f2_24","field","filler","green","true","","",""
"html-keyboard-response","null","","null","87","2.1.0","208809","duxywlrjp9","block2_then_block1","","","inter_trial_interval","","","","","","","","","","","","","","","","","","","","","","","","","","","","","","","",""
"html-keyboard-response","null","<div class=""fixation"">+</div>","null","88","2.1.0","209319","duxywlrjp9","block2_then_block1","","","fixation","","","","","","","","","","","","","","","","","","","","","","","","","","","","","","","",""
"html-keyboard-response","1112","
      <div class=""chinese-character"" style=""color:#000000;"">黄</div>
      <div style=""margin-top:32px; font-size:16px; color:#555; font-family:Arial,sans-serif;"">
        Say the character aloud, then press <strong>Space</strong>.
      </div>
    "," ","89","2.1.0","210431","duxywlrjp9","block2_then_block1","","","character_naming","","","","","","","","","黄","huang2","character_naming_yellow_block2_rep2","1112","true","true","17684","duxywlrjp9_character_naming_yellow_block2_rep2.webm","true","{""error"":""OSF_FILE_EXISTS"",""message"":""The OSF file already exists. File names must be unique.""}","2","","","","","","yellow","yellow","congruent_color_character","yellow","false","","",""
"html-keyboard-response","null","","null","90","2.1.0","210533","duxywlrjp9","block2_then_block1","","","inter_trial_interval","","","","","","","","","","","","","","","","","","","","","","","","","","","","","","","",""
"html-keyboard-response","null","<div class=""fixation"">+</div>","null","91","2.1.0","211037","duxywlrjp9","block2_then_block1","","","fixation","","","","","","","","","","","","","","","","","","","","","","","","","","","","","","","",""
"html-keyboard-response","1042","
      <div class=""chinese-character"" style=""color:#000000;"">皇</div>
      <div style=""margin-top:32px; font-size:16px; color:#555; font-family:Arial,sans-serif;"">
        Say the character aloud, then press <strong>Space</strong>.
      </div>
    "," ","92","2.1.0","212079","duxywlrjp9","block2_then_block1","","","character_naming","","","","","","","","","皇","huang2","character_naming_yellow_block2_rep2","1042","true","true","16718","duxywlrjp9_character_naming_yellow_block2_rep2.webm","true","{""error"":""OSF_FILE_EXISTS"",""message"":""The OSF file already exists. File names must be unique.""}","2","","","","","","yellow","emperor","congruent_S_T_plus","yellow","false","","",""
"html-keyboard-response","null","","null","93","2.1.0","212193","duxywlrjp9","block2_then_block1","","","inter_trial_interval","","","","","","","","","","","","","","","","","","","","","","","","","","","","","","","",""
"html-keyboard-response","null","<div class=""fixation"">+</div>","null","94","2.1.0","212708","duxywlrjp9","block2_then_block1","","","fixation","","","","","","","","","","","","","","","","","","","","","","","","","","","","","","","",""
"html-keyboard-response","1148","
      <div class=""chinese-character"" style=""color:#000000;"">马</div>
      <div style=""margin-top:32px; font-size:16px; color:#555; font-family:Arial,sans-serif;"">
        Say the character aloud, then press <strong>Space</strong>.
      </div>
    "," ","95","2.1.0","213856","duxywlrjp9","block2_then_block1","","","character_naming","","","","","","","","","马","ma3","character_naming_f2_3_block2_norep","1148","true","true","18650","duxywlrjp9_character_naming_f2_3_block2_norep.webm","true","{""message"":""Success""}","2","","","","","","f2_3","horse","filler","blue","true","","",""
"html-keyboard-response","null","","null","96","2.1.0","213957","duxywlrjp9","block2_then_block1","","","inter_trial_interval","","","","","","","","","","","","","","","","","","","","","","","","","","","","","","","",""
"html-keyboard-response","null","<div class=""fixation"">+</div>","null","97","2.1.0","214470","duxywlrjp9","block2_then_block1","","","fixation","","","","","","","","","","","","","","","","","","","","","","","","","","","","","","","",""
"html-keyboard-response","1049","
      <div class=""chinese-character"" style=""color:#000000;"">电</div>
      <div style=""margin-top:32px; font-size:16px; color:#555; font-family:Arial,sans-serif;"">
        Say the character aloud, then press <strong>Space</strong>.
      </div>
    "," ","98","2.1.0","215520","duxywlrjp9","block2_then_block1","","","character_naming","","","","","","","","","电","dian4","character_naming_f2_15_block2_norep","1049","true","true","16718","duxywlrjp9_character_naming_f2_15_block2_norep.webm","true","{""message"":""Success""}","2","","","","","","f2_15","electricity","filler","blue","true","","",""
"html-keyboard-response","null","","null","99","2.1.0","215633","duxywlrjp9","block2_then_block1","","","inter_trial_interval","","","","","","","","","","","","","","","","","","","","","","","","","","","","","","","",""
"html-keyboard-response","null","<div class=""fixation"">+</div>","null","100","2.1.0","216137","duxywlrjp9","block2_then_block1","","","fixation","","","","","","","","","","","","","","","","","","","","","","","","","","","","","","","",""
"html-keyboard-response","1083","
      <div class=""chinese-character"" style=""color:#000000;"">缠</div>
      <div style=""margin-top:32px; font-size:16px; color:#555; font-family:Arial,sans-serif;"">
        Say the character aloud, then press <strong>Space</strong>.
      </div>
    "," ","101","2.1.0","217220","duxywlrjp9","block2_then_block1","","","character_naming","","","","","","","","","缠","chan2","character_naming_yellow_block2_rep2","1083","true","true","17684","duxywlrjp9_character_naming_yellow_block2_rep2.webm","true","{""error"":""OSF_FILE_EXISTS"",""message"":""The OSF file already exists. File names must be unique.""}","2","","","","","","yellow","wrap around","congruent_S_minus_T_plus","yellow","false","","",""
"html-keyboard-response","null","","null","102","2.1.0","217333","duxywlrjp9","block2_then_block1","","","inter_trial_interval","","","","","","","","","","","","","","","","","","","","","","","","","","","","","","","",""
"html-keyboard-response","null","<div class=""fixation"">+</div>","null","103","2.1.0","217836","duxywlrjp9","block2_then_block1","","","fixation","","","","","","","","","","","","","","","","","","","","","","","","","","","","","","","",""
"html-keyboard-response","1166","
      <div class=""chinese-character"" style=""color:#000000;"">狗</div>
      <div style=""margin-top:32px; font-size:16px; color:#555; font-family:Arial,sans-serif;"">
        Say the character aloud, then press <strong>Space</strong>.
      </div>
    "," ","104","2.1.0","219002","duxywlrjp9","block2_then_block1","","","character_naming","","","","","","","","","狗","gou3","character_naming_f2_2_block2_norep","1166","true","true","18650","duxywlrjp9_character_naming_f2_2_block2_norep.webm","true","{""message"":""Success""}","2","","","","","","f2_2","dog","filler","yellow","true","","",""
"html-keyboard-response","null","","null","105","2.1.0","219109","duxywlrjp9","block2_then_block1","","","inter_trial_interval","","","","","","","","","","","","","","","","","","","","","","","","","","","","","","","",""
"html-keyboard-response","null","<div class=""fixation"">+</div>","null","106","2.1.0","219613","duxywlrjp9","block2_then_block1","","","fixation","","","","","","","","","","","","","","","","","","","","","","","","","","","","","","","",""
"html-keyboard-response","1245","
      <div class=""chinese-character"" style=""color:#000000;"">口</div>
      <div style=""margin-top:32px; font-size:16px; color:#555; font-family:Arial,sans-serif;"">
        Say the character aloud, then press <strong>Space</strong>.
      </div>
    "," ","107","2.1.0","220858","duxywlrjp9","block2_then_block1","","","character_naming","","","","","","","","","口","kou3","character_naming_f2_22_block2_norep","1245","true","true","19616","duxywlrjp9_character_naming_f2_22_block2_norep.webm","true","{}","2","","","","","","f2_22","mouth","filler","yellow","true","","",""
"html-keyboard-response","null","","null","108","2.1.0","220961","duxywlrjp9","block2_then_block1","","","inter_trial_interval","","","","","","","","","","","","","","","","","","","","","","","","","","","","","","","",""
"html-keyboard-response","null","<div class=""fixation"">+</div>","null","109","2.1.0","221463","duxywlrjp9","block2_then_block1","","","fixation","","","","","","","","","","","","","","","","","","","","","","","","","","","","","","","",""
"html-keyboard-response","1105","
      <div class=""chinese-character"" style=""color:#000000;"">黄</div>
      <div style=""margin-top:32px; font-size:16px; color:#555; font-family:Arial,sans-serif;"">
        Say the character aloud, then press <strong>Space</strong>.
      </div>
    "," ","110","2.1.0","222569","duxywlrjp9","block2_then_block1","","","character_naming","","","","","","","","","黄","huang2","character_naming_yellow_block2_rep2","1105","true","true","17684","duxywlrjp9_character_naming_yellow_block2_rep2.webm","true","{""error"":""OSF_FILE_EXISTS"",""message"":""The OSF file already exists. File names must be unique.""}","2","","","","","","yellow","yellow","incongruent_color_character","green","false","","",""
"html-keyboard-response","null","","null","111","2.1.0","222681","duxywlrjp9","block2_then_block1","","","inter_trial_interval","","","","","","","","","","","","","","","","","","","","","","","","","","","","","","","",""
"html-keyboard-response","null","<div class=""fixation"">+</div>","null","112","2.1.0","223184","duxywlrjp9","block2_then_block1","","","fixation","","","","","","","","","","","","","","","","","","","","","","","","","","","","","","","",""
"html-keyboard-response","1188","
      <div class=""chinese-character"" style=""color:#000000;"">牵</div>
      <div style=""margin-top:32px; font-size:16px; color:#555; font-family:Arial,sans-serif;"">
        Say the character aloud, then press <strong>Space</strong>.
      </div>
    "," ","113","2.1.0","224373","duxywlrjp9","block2_then_block1","","","character_naming","","","","","","","","","牵","qian1","character_naming_red_block2_rep2","1188","true","true","18650","duxywlrjp9_character_naming_red_block2_rep2.webm","true","{""error"":""OSF_FILE_EXISTS"",""message"":""The OSF file already exists. File names must be unique.""}","2","","","","","","red","lead along","neutral","red","false","","",""
"html-keyboard-response","null","","null","114","2.1.0","224476","duxywlrjp9","block2_then_block1","","","inter_trial_interval","","","","","","","","","","","","","","","","","","","","","","","","","","","","","","","",""
"html-keyboard-response","null","<div class=""fixation"">+</div>","null","115","2.1.0","224982","duxywlrjp9","block2_then_block1","","","fixation","","","","","","","","","","","","","","","","","","","","","","","","","","","","","","","",""
"html-keyboard-response","1028","
      <div class=""chinese-character"" style=""color:#000000;"">草</div>
      <div style=""margin-top:32px; font-size:16px; color:#555; font-family:Arial,sans-serif;"">
        Say the character aloud, then press <strong>Space</strong>.
      </div>
    "," ","116","2.1.0","226010","duxywlrjp9","block2_then_block1","","","character_naming","","","","","","","","","草","cao3","character_naming_f2_19_block2_norep","1028","true","true","16718","duxywlrjp9_character_naming_f2_19_block2_norep.webm","true","{""message"":""Success""}","2","","","","","","f2_19","grass","filler","blue","true","","",""
"html-keyboard-response","null","","null","117","2.1.0","226120","duxywlrjp9","block2_then_block1","","","inter_trial_interval","","","","","","","","","","","","","","","","","","","","","","","","","","","","","","","",""
"html-keyboard-response","null","<div class=""fixation"">+</div>","null","118","2.1.0","226635","duxywlrjp9","block2_then_block1","","","fixation","","","","","","","","","","","","","","","","","","","","","","","","","","","","","","","",""
"html-keyboard-response","1117","
      <div class=""chinese-character"" style=""color:#000000;"">球</div>
      <div style=""margin-top:32px; font-size:16px; color:#555; font-family:Arial,sans-serif;"">
        Say the character aloud, then press <strong>Space</strong>.
      </div>
    "," ","119","2.1.0","227752","duxywlrjp9","block2_then_block1","","","character_naming","","","","","","","","","球","qiu2","character_naming_f2_9_block2_norep","1117","true","true","17684","duxywlrjp9_character_naming_f2_9_block2_norep.webm","true","{}","2","","","","","","f2_9","ball","filler","red","true","","",""
"html-keyboard-response","null","","null","120","2.1.0","227861","duxywlrjp9","block2_then_block1","","","inter_trial_interval","","","","","","","","","","","","","","","","","","","","","","","","","","","","","","","",""
"html-keyboard-response","null","<div class=""fixation"">+</div>","null","121","2.1.0","228375","duxywlrjp9","block2_then_block1","","","fixation","","","","","","","","","","","","","","","","","","","","","","","","","","","","","","","",""
"html-keyboard-response","1111","
      <div class=""chinese-character"" style=""color:#000000;"">虑</div>
      <div style=""margin-top:32px; font-size:16px; color:#555; font-family:Arial,sans-serif;"">
        Say the character aloud, then press <strong>Space</strong>.
      </div>
    "," ","122","2.1.0","229486","duxywlrjp9","block2_then_block1","","","character_naming","","","","","","","","","虑","lv4","character_naming_green_block2_rep2","1111","true","true","17684","duxywlrjp9_character_naming_green_block2_rep2.webm","true","{}","2","","","","","","green","ponder","congruent_S_T_plus","green","false","","",""
"html-keyboard-response","null","","null","123","2.1.0","229593","duxywlrjp9","block2_then_block1","","","inter_trial_interval","","","","","","","","","","","","","","","","","","","","","","","","","","","","","","","",""
"html-keyboard-response","null","<div class=""fixation"">+</div>","null","124","2.1.0","230095","duxywlrjp9","block2_then_block1","","","fixation","","","","","","","","","","","","","","","","","","","","","","","","","","","","","","","",""
"html-keyboard-response","1079","
      <div class=""chinese-character"" style=""color:#000000;"">绿</div>
      <div style=""margin-top:32px; font-size:16px; color:#555; font-family:Arial,sans-serif;"">
        Say the character aloud, then press <strong>Space</strong>.
      </div>
    "," ","125","2.1.0","231175","duxywlrjp9","block2_then_block1","","","character_naming","","","","","","","","","绿","lv4","character_naming_green_block2_rep2","1079","true","true","17684","duxywlrjp9_character_naming_green_block2_rep2.webm","true","{""message"":""Success""}","2","","","","","","green","green","congruent_color_character","green","false","","",""
"html-keyboard-response","null","","null","126","2.1.0","231280","duxywlrjp9","block2_then_block1","","","inter_trial_interval","","","","","","","","","","","","","","","","","","","","","","","","","","","","","","","",""
"html-keyboard-response","null","<div class=""fixation"">+</div>","null","127","2.1.0","231795","duxywlrjp9","block2_then_block1","","","fixation","","","","","","","","","","","","","","","","","","","","","","","","","","","","","","","",""
"html-keyboard-response","1160","
      <div class=""chinese-character"" style=""color:#000000;"">心</div>
      <div style=""margin-top:32px; font-size:16px; color:#555; font-family:Arial,sans-serif;"">
        Say the character aloud, then press <strong>Space</strong>.
      </div>
    "," ","128","2.1.0","232956","duxywlrjp9","block2_then_block1","","","character_naming","","","","","","","","","心","xin1","character_naming_f2_23_block2_norep","1160","true","true","18650","duxywlrjp9_character_naming_f2_23_block2_norep.webm","true","{""message"":""Success""}","2","","","","","","f2_23","heart","filler","blue","true","","",""
"html-keyboard-response","null","","null","129","2.1.0","233071","duxywlrjp9","block2_then_block1","","","inter_trial_interval","","","","","","","","","","","","","","","","","","","","","","","","","","","","","","","",""
"html-keyboard-response","null","<div class=""fixation"">+</div>","null","130","2.1.0","233576","duxywlrjp9","block2_then_block1","","","fixation","","","","","","","","","","","","","","","","","","","","","","","","","","","","","","","",""
"html-keyboard-response","1131","
      <div class=""chinese-character"" style=""color:#000000;"">猫</div>
      <div style=""margin-top:32px; font-size:16px; color:#555; font-family:Arial,sans-serif;"">
        Say the character aloud, then press <strong>Space</strong>.
      </div>
    "," ","131","2.1.0","234707","duxywlrjp9","block2_then_block1","","","character_naming","","","","","","","","","猫","mao1","character_naming_f2_1_block2_norep","1131","true","true","17684","duxywlrjp9_character_naming_f2_1_block2_norep.webm","true","{""error"":null,""message"":""Data received. OSF upload will be retried automatically.""}","2","","","","","","f2_1","cat","filler","red","true","","",""
"html-keyboard-response","null","","null","132","2.1.0","234812","duxywlrjp9","block2_then_block1","","","inter_trial_interval","","","","","","","","","","","","","","","","","","","","","","","","","","","","","","","",""
"html-keyboard-response","null","<div class=""fixation"">+</div>","null","133","2.1.0","235328","duxywlrjp9","block2_then_block1","","","fixation","","","","","","","","","","","","","","","","","","","","","","","","","","","","","","","",""
"html-keyboard-response","1082","
      <div class=""chinese-character"" style=""color:#000000;"">钟</div>
      <div style=""margin-top:32px; font-size:16px; color:#555; font-family:Arial,sans-serif;"">
        Say the character aloud, then press <strong>Space</strong>.
      </div>
    "," ","134","2.1.0","236410","duxywlrjp9","block2_then_block1","","","character_naming","","","","","","","","","钟","zhong1","character_naming_f2_10_block2_norep","1082","true","true","17684","duxywlrjp9_character_naming_f2_10_block2_norep.webm","true","{}","2","","","","","","f2_10","clock","filler","yellow","true","","",""
"html-keyboard-response","null","","null","135","2.1.0","236519","duxywlrjp9","block2_then_block1","","","inter_trial_interval","","","","","","","","","","","","","","","","","","","","","","","","","","","","","","","",""
"html-keyboard-response","null","<div class=""fixation"">+</div>","null","136","2.1.0","237027","duxywlrjp9","block2_then_block1","","","fixation","","","","","","","","","","","","","","","","","","","","","","","","","","","","","","","",""
"html-keyboard-response","1180","
      <div class=""chinese-character"" style=""color:#000000;"">耳</div>
      <div style=""margin-top:32px; font-size:16px; color:#555; font-family:Arial,sans-serif;"">
        Say the character aloud, then press <strong>Space</strong>.
      </div>
    "," ","137","2.1.0","238208","duxywlrjp9","block2_then_block1","","","character_naming","","","","","","","","","耳","er3","character_naming_f2_21_block2_norep","1180","true","true","18650","duxywlrjp9_character_naming_f2_21_block2_norep.webm","true","{""message"":""Success""}","2","","","","","","f2_21","ear","filler","red","true","","",""
"html-keyboard-response","null","","null","138","2.1.0","238319","duxywlrjp9","block2_then_block1","","","inter_trial_interval","","","","","","","","","","","","","","","","","","","","","","","","","","","","","","","",""
"html-keyboard-response","null","<div class=""fixation"">+</div>","null","139","2.1.0","238831","duxywlrjp9","block2_then_block1","","","fixation","","","","","","","","","","","","","","","","","","","","","","","","","","","","","","","",""
"html-keyboard-response","1195","
      <div class=""chinese-character"" style=""color:#000000;"">脸</div>
      <div style=""margin-top:32px; font-size:16px; color:#555; font-family:Arial,sans-serif;"">
        Say the character aloud, then press <strong>Space</strong>.
      </div>
    "," ","140","2.1.0","240027","duxywlrjp9","block2_then_block1","","","character_naming","","","","","","","","","脸","lian3","character_naming_f2_13_block2_norep","1195","true","true","19616","duxywlrjp9_character_naming_f2_13_block2_norep.webm","true","{""error"":null,""message"":""Data received. OSF upload will be retried automatically.""}","2","","","","","","f2_13","face","filler","red","true","","",""
"html-keyboard-response","null","","null","141","2.1.0","240129","duxywlrjp9","block2_then_block1","","","inter_trial_interval","","","","","","","","","","","","","","","","","","","","","","","","","","","","","","","",""
"html-keyboard-response","null","<div class=""fixation"">+</div>","null","142","2.1.0","240637","duxywlrjp9","block2_then_block1","","","fixation","","","","","","","","","","","","","","","","","","","","","","","","","","","","","","","",""
"html-keyboard-response","1121","
      <div class=""chinese-character"" style=""color:#000000;"">涂</div>
      <div style=""margin-top:32px; font-size:16px; color:#555; font-family:Arial,sans-serif;"">
        Say the character aloud, then press <strong>Space</strong>.
      </div>
    "," ","143","2.1.0","241759","duxywlrjp9","block2_then_block1","","","character_naming","","","","","","","","","涂","tu2","character_naming_green_block2_rep2","1121","true","true","17684","duxywlrjp9_character_naming_green_block2_rep2.webm","true","{""error"":""OSF_FILE_EXISTS"",""message"":""The OSF file already exists. File names must be unique.""}","2","","","","","","green","paint","neutral","green","false","","",""
"html-keyboard-response","null","","null","144","2.1.0","241867","duxywlrjp9","block2_then_block1","","","inter_trial_interval","","","","","","","","","","","","","","","","","","","","","","","","","","","","","","","",""
"html-keyboard-response","null","<div class=""fixation"">+</div>","null","145","2.1.0","242379","duxywlrjp9","block2_then_block1","","","fixation","","","","","","","","","","","","","","","","","","","","","","","","","","","","","","","",""
"html-keyboard-response","1057","
      <div class=""chinese-character"" style=""color:#000000;"">洪</div>
      <div style=""margin-top:32px; font-size:16px; color:#555; font-family:Arial,sans-serif;"">
        Say the character aloud, then press <strong>Space</strong>.
      </div>
    "," ","146","2.1.0","243436","duxywlrjp9","block2_then_block1","","","character_naming","","","","","","","","","洪","hong2","character_naming_red_block2_rep2","1057","true","true","16718","duxywlrjp9_character_naming_red_block2_rep2.webm","true","{""error"":""OSF_FILE_EXISTS"",""message"":""The OSF file already exists. File names must be unique.""}","2","","","","","","red","flood","congruent_S_T_plus","red","false","","",""
"html-keyboard-response","null","","null","147","2.1.0","243547","duxywlrjp9","block2_then_block1","","","inter_trial_interval","","","","","","","","","","","","","","","","","","","","","","","","","","","","","","","",""
"html-keyboard-response","null","<div class=""fixation"">+</div>","null","148","2.1.0","244048","duxywlrjp9","block2_then_block1","","","fixation","","","","","","","","","","","","","","","","","","","","","","","","","","","","","","","",""
"html-keyboard-response","1130","
      <div class=""chinese-character"" style=""color:#000000;"">红</div>
      <div style=""margin-top:32px; font-size:16px; color:#555; font-family:Arial,sans-serif;"">
        Say the character aloud, then press <strong>Space</strong>.
      </div>
    "," ","149","2.1.0","245179","duxywlrjp9","block2_then_block1","","","character_naming","","","","","","","","","红","hong2","character_naming_red_block2_rep2","1130","true","true","17684","duxywlrjp9_character_naming_red_block2_rep2.webm","true","{""error"":""OSF_FILE_EXISTS"",""message"":""The OSF file already exists. File names must be unique.""}","2","","","","","","red","red","incongruent_color_character","blue","false","","",""
"html-keyboard-response","null","","null","150","2.1.0","245284","duxywlrjp9","block2_then_block1","","","inter_trial_interval","","","","","","","","","","","","","","","","","","","","","","","","","","","","","","","",""
"html-keyboard-response","null","<div class=""fixation"">+</div>","null","151","2.1.0","245799","duxywlrjp9","block2_then_block1","","","fixation","","","","","","","","","","","","","","","","","","","","","","","","","","","","","","","",""
"html-keyboard-response","1286","
      <div class=""chinese-character"" style=""color:#000000;"">笔</div>
      <div style=""margin-top:32px; font-size:16px; color:#555; font-family:Arial,sans-serif;"">
        Say the character aloud, then press <strong>Space</strong>.
      </div>
    "," ","152","2.1.0","247086","duxywlrjp9","block2_then_block1","","","character_naming","","","","","","","","","笔","bi3","character_naming_f2_5_block2_norep","1286","true","true","20582","duxywlrjp9_character_naming_f2_5_block2_norep.webm","true","{""message"":""Success""}","2","","","","","","f2_5","pen","filler","red","true","","",""
"html-keyboard-response","null","","null","153","2.1.0","247190","duxywlrjp9","block2_then_block1","","","inter_trial_interval","","","","","","","","","","","","","","","","","","","","","","","","","","","","","","","",""
"html-keyboard-response","null","<div class=""fixation"">+</div>","null","154","2.1.0","247692","duxywlrjp9","block2_then_block1","","","fixation","","","","","","","","","","","","","","","","","","","","","","","","","","","","","","","",""
"html-keyboard-response","1174","
      <div class=""chinese-character"" style=""color:#000000;"">房</div>
      <div style=""margin-top:32px; font-size:16px; color:#555; font-family:Arial,sans-serif;"">
        Say the character aloud, then press <strong>Space</strong>.
      </div>
    "," ","155","2.1.0","248866","duxywlrjp9","block2_then_block1","","","character_naming","","","","","","","","","房","fang2","character_naming_f2_8_block2_norep","1174","true","true","18650","duxywlrjp9_character_naming_f2_8_block2_norep.webm","true","{""message"":""Success""}","2","","","","","","f2_8","room","filler","green","true","","",""
"html-keyboard-response","null","","null","156","2.1.0","248978","duxywlrjp9","block2_then_block1","","","inter_trial_interval","","","","","","","","","","","","","","","","","","","","","","","","","","","","","","","",""
"html-keyboard-response","null","<div class=""fixation"">+</div>","null","157","2.1.0","249479","duxywlrjp9","block2_then_block1","","","fixation","","","","","","","","","","","","","","","","","","","","","","","","","","","","","","","",""
"html-keyboard-response","946","
      <div class=""chinese-character"" style=""color:#000000;"">绿</div>
      <div style=""margin-top:32px; font-size:16px; color:#555; font-family:Arial,sans-serif;"">
        Say the character aloud, then press <strong>Space</strong>.
      </div>
    "," ","158","2.1.0","250426","duxywlrjp9","block2_then_block1","","","character_naming","","","","","","","","","绿","lv4","character_naming_green_block2_rep2","946","true","true","14786","duxywlrjp9_character_naming_green_block2_rep2.webm","true","{""error"":null,""message"":""Data received. OSF upload will be retried automatically.""}","2","","","","","","green","green","incongruent_color_character","yellow","false","","",""
"html-keyboard-response","null","","null","159","2.1.0","250531","duxywlrjp9","block2_then_block1","","","inter_trial_interval","","","","","","","","","","","","","","","","","","","","","","","","","","","","","","","",""
"html-keyboard-response","null","<div class=""fixation"">+</div>","null","160","2.1.0","251033","duxywlrjp9","block2_then_block1","","","fixation","","","","","","","","","","","","","","","","","","","","","","","","","","","","","","","",""
"html-keyboard-response","1030","
      <div class=""chinese-character"" style=""color:#000000;"">洞</div>
      <div style=""margin-top:32px; font-size:16px; color:#555; font-family:Arial,sans-serif;"">
        Say the character aloud, then press <strong>Space</strong>.
      </div>
    "," ","161","2.1.0","252063","duxywlrjp9","block2_then_block1","","","character_naming","","","","","","","","","洞","dong4","character_naming_green_block2_rep2","1030","true","true","16718","duxywlrjp9_character_naming_green_block2_rep2.webm","true","{""error"":null,""message"":""Data received. OSF upload will be retried automatically.""}","2","","","","","","green","hole","congruent_S_minus_T_plus","green","false","","",""
"html-keyboard-response","null","","null","162","2.1.0","252177","duxywlrjp9","block2_then_block1","","","inter_trial_interval","","","","","","","","","","","","","","","","","","","","","","","","","","","","","","","",""
"html-keyboard-response","null","<div class=""fixation"">+</div>","null","163","2.1.0","252690","duxywlrjp9","block2_then_block1","","","fixation","","","","","","","","","","","","","","","","","","","","","","","","","","","","","","","",""
"html-keyboard-response","1078","
      <div class=""chinese-character"" style=""color:#000000;"">星</div>
      <div style=""margin-top:32px; font-size:16px; color:#555; font-family:Arial,sans-serif;"">
        Say the character aloud, then press <strong>Space</strong>.
      </div>
    "," ","164","2.1.0","253769","duxywlrjp9","block2_then_block1","","","character_naming","","","","","","","","","星","xing1","character_naming_f2_18_block2_norep","1078","true","true","17684","duxywlrjp9_character_naming_f2_18_block2_norep.webm","true","{""error"":null,""message"":""Data received. OSF upload will be retried automatically.""}","2","","","","","","f2_18","star","filler","yellow","true","","",""
"html-keyboard-response","null","","null","165","2.1.0","253871","duxywlrjp9","block2_then_block1","","","inter_trial_interval","","","","","","","","","","","","","","","","","","","","","","","","","","","","","","","",""
"html-keyboard-response","null","<div class=""fixation"">+</div>","null","166","2.1.0","254386","duxywlrjp9","block2_then_block1","","","fixation","","","","","","","","","","","","","","","","","","","","","","","","","","","","","","","",""
"html-keyboard-response","1188","
      <div class=""chinese-character"" style=""color:#000000;"">蓝</div>
      <div style=""margin-top:32px; font-size:16px; color:#555; font-family:Arial,sans-serif;"">
        Say the character aloud, then press <strong>Space</strong>.
      </div>
    "," ","167","2.1.0","255575","duxywlrjp9","block2_then_block1","","","character_naming","","","","","","","","","蓝","lan2","character_naming_blue_block2_rep2","1188","true","true","18650","duxywlrjp9_character_naming_blue_block2_rep2.webm","true","{""error"":""OSF_FILE_EXISTS"",""message"":""The OSF file already exists. File names must be unique.""}","2","","","","","","blue","blue","incongruent_color_character","red","false","","",""
"html-keyboard-response","null","","null","168","2.1.0","255688","duxywlrjp9","block2_then_block1","","","inter_trial_interval","","","","","","","","","","","","","","","","","","","","","","","","","","","","","","","",""
"html-keyboard-response","null","<div class=""fixation"">+</div>","null","169","2.1.0","256192","duxywlrjp9","block2_then_block1","","","fixation","","","","","","","","","","","","","","","","","","","","","","","","","","","","","","","",""
"html-keyboard-response","1076","
      <div class=""chinese-character"" style=""color:#000000;"">饭</div>
      <div style=""margin-top:32px; font-size:16px; color:#555; font-family:Arial,sans-serif;"">
        Say the character aloud, then press <strong>Space</strong>.
      </div>
    "," ","170","2.1.0","257269","duxywlrjp9","block2_then_block1","","","character_naming","","","","","","","","","饭","fan4","character_naming_f2_14_block2_norep","1076","true","true","17684","duxywlrjp9_character_naming_f2_14_block2_norep.webm","true","{""error"":null,""message"":""Data received. OSF upload will be retried automatically.""}","2","","","","","","f2_14","meal","filler","yellow","true","","",""
"html-keyboard-response","null","","null","171","2.1.0","257377","duxywlrjp9","block2_then_block1","","","inter_trial_interval","","","","","","","","","","","","","","","","","","","","","","","","","","","","","","","",""
"html-keyboard-response","null","<div class=""fixation"">+</div>","null","172","2.1.0","257887","duxywlrjp9","block2_then_block1","","","fixation","","","","","","","","","","","","","","","","","","","","","","","","","","","","","","","",""
"html-keyboard-response","1120","
      <div class=""chinese-character"" style=""color:#000000;"">旅</div>
      <div style=""margin-top:32px; font-size:16px; color:#555; font-family:Arial,sans-serif;"">
        Say the character aloud, then press <strong>Space</strong>.
      </div>
    "," ","173","2.1.0","259008","duxywlrjp9","block2_then_block1","","","character_naming","","","","","","","","","旅","lv3","character_naming_green_block2_rep2","1120","true","true","17684","duxywlrjp9_character_naming_green_block2_rep2.webm","true","{""error"":""OSF_FILE_EXISTS"",""message"":""The OSF file already exists. File names must be unique.""}","2","","","","","","green","travel","congruent_S_plus_T_minus","green","false","","",""
"html-keyboard-response","null","","null","174","2.1.0","259110","duxywlrjp9","block2_then_block1","","","inter_trial_interval","","","","","","","","","","","","","","","","","","","","","","","","","","","","","","","",""
"html-keyboard-response","null","<div class=""fixation"">+</div>","null","175","2.1.0","259622","duxywlrjp9","block2_then_block1","","","fixation","","","","","","","","","","","","","","","","","","","","","","","","","","","","","","","",""
"html-keyboard-response","1069","
      <div class=""chinese-character"" style=""color:#000000;"">趁</div>
      <div style=""margin-top:32px; font-size:16px; color:#555; font-family:Arial,sans-serif;"">
        Say the character aloud, then press <strong>Space</strong>.
      </div>
    "," ","176","2.1.0","260692","duxywlrjp9","block2_then_block1","","","character_naming","","","","","","","","","趁","chen4","character_naming_yellow_block2_rep2","1069","true","true","16718","duxywlrjp9_character_naming_yellow_block2_rep2.webm","true","{""error"":""OSF_FILE_EXISTS"",""message"":""The OSF file already exists. File names must be unique.""}","2","","","","","","yellow","take advantage of","neutral","yellow","false","","",""
"html-keyboard-response","null","","null","177","2.1.0","260802","duxywlrjp9","block2_then_block1","","","inter_trial_interval","","","","","","","","","","","","","","","","","","","","","","","","","","","","","","","",""
"html-keyboard-response","16516","
      <div class=""instructions"">
        <h2>English Color-Naming — Block 2</h2>
        <p>You will see Chinese characters printed in color.</p>
        <p>Your task is to identify the <strong>ink color in English</strong>.</p>
        <p>Ignore the character itself.</p>
        <p><strong>R</strong> = red, <strong>Y</strong> = yellow, <strong>B</strong> = blue, <strong>G</strong> = green.</p>
        <p>Press <strong>Space</strong> to begin.</p>
      </div>
    "," ","178","2.1.0","277318","duxywlrjp9","block2_then_block1","","","","","","","","","","","","","","","","","","","","","","","","","","","","","","","","","","",""
"html-keyboard-response","2266","
      <div class=""instructions"">
        <h2>Keyboard Check</h2>
        <p>Before we continue, please press the <strong>R</strong> key
        (for <strong>red</strong>) on your keyboard.</p>
        <p style=""color:#888;font-size:0.9em;"">
          If your keyboard is set to a Chinese input method (IME),
          please switch to English / Roman input now, otherwise the experiment cannot record your responses.
        </p>
      </div>
    ","r","179","2.1.0","279585","duxywlrjp9","block2_then_block1","","","keyboard_check","","","","","","","","","","","","","","","","","","","2","r","","","","","","","","","","","",""
"html-keyboard-response","null","<div class=""fixation"">+</div>","null","180","2.1.0","280092","duxywlrjp9","block2_then_block1","","","fixation","","","","","","","","","","","","","","","","","","","","","","","","","","","","","","","",""
"html-keyboard-response","1389","<div class=""chinese-character"" style=""color:#2ca02c;"">房</div>","g","181","2.1.0","281482","duxywlrjp9","block2_then_block1","","","color_naming","","","","","","","","","房","fang2","","","","","","","","","2","","green","g","green","true","f2_8","room","","","true","filler","false","null"
"html-keyboard-response","null","","null","182","2.1.0","282486","duxywlrjp9","block2_then_block1","","","inter_trial_interval","","","","","","","","","","","","","","","","","","","","","","","","","","","","","","","",""
"html-keyboard-response","null","<div class=""fixation"">+</div>","null","183","2.1.0","282993","duxywlrjp9","block2_then_block1","","","fixation","","","","","","","","","","","","","","","","","","","","","","","","","","","","","","","",""
"html-keyboard-response","1120","<div class=""chinese-character"" style=""color:#d62728;"">脸</div>","r","184","2.1.0","284114","duxywlrjp9","block2_then_block1","","","color_naming","","","","","","","","","脸","lian3","","","","","","","","","2","","red","r","red","true","f2_13","face","","","true","filler","false","null"
"html-keyboard-response","null","","null","185","2.1.0","285129","duxywlrjp9","block2_then_block1","","","inter_trial_interval","","","","","","","","","","","","","","","","","","","","","","","","","","","","","","","",""
"html-keyboard-response","null","<div class=""fixation"">+</div>","null","186","2.1.0","285641","duxywlrjp9","block2_then_block1","","","fixation","","","","","","","","","","","","","","","","","","","","","","","","","","","","","","","",""
"html-keyboard-response","1057","<div class=""chinese-character"" style=""color:#1f77b4;"">尝</div>","b","187","2.1.0","286698","duxywlrjp9","block2_then_block1","","","color_naming","","","","","","","","","尝","chang2","","","","","","","","","2","","blue","b","blue","true","blue","taste","","","false","congruent_S_minus_T_plus","true","2"
"html-keyboard-response","null","","null","188","2.1.0","287699","duxywlrjp9","block2_then_block1","","","inter_trial_interval","","","","","","","","","","","","","","","","","","","","","","","","","","","","","","","",""
"html-keyboard-response","null","<div class=""fixation"">+</div>","null","189","2.1.0","288210","duxywlrjp9","block2_then_block1","","","fixation","","","","","","","","","","","","","","","","","","","","","","","","","","","","","","","",""
"html-keyboard-response","1214","<div class=""chinese-character"" style=""color:#d62728;"">红</div>","r","190","2.1.0","289423","duxywlrjp9","block2_then_block1","","","color_naming","","","","","","","","","红","hong2","","","","","","","","","2","","red","r","red","true","red","red","","","false","congruent_color_character","true","2"
"html-keyboard-response","null","","null","191","2.1.0","290432","duxywlrjp9","block2_then_block1","","","inter_trial_interval","","","","","","","","","","","","","","","","","","","","","","","","","","","","","","","",""
"html-keyboard-response","null","<div class=""fixation"">+</div>","null","192","2.1.0","290944","duxywlrjp9","block2_then_block1","","","fixation","","","","","","","","","","","","","","","","","","","","","","","","","","","","","","","",""
"html-keyboard-response","1322","<div class=""chinese-character"" style=""color:#1f77b4;"">草</div>","b","193","2.1.0","292266","duxywlrjp9","block2_then_block1","","","color_naming","","","","","","","","","草","cao3","","","","","","","","","2","","blue","b","blue","true","f2_19","grass","","","true","filler","false","null"
"html-keyboard-response","null","","null","194","2.1.0","293278","duxywlrjp9","block2_then_block1","","","inter_trial_interval","","","","","","","","","","","","","","","","","","","","","","","","","","","","","","","",""
"html-keyboard-response","null","<div class=""fixation"">+</div>","null","195","2.1.0","293792","duxywlrjp9","block2_then_block1","","","fixation","","","","","","","","","","","","","","","","","","","","","","","","","","","","","","","",""
"html-keyboard-response","867","<div class=""chinese-character"" style=""color:#1f77b4;"">椅</div>","b","196","2.1.0","294659","duxywlrjp9","block2_then_block1","","","color_naming","","","","","","","","","椅","yi3","","","","","","","","","2","","blue","b","blue","true","f2_7","chair","","","true","filler","false","null"
"html-keyboard-response","null","","null","197","2.1.0","295666","duxywlrjp9","block2_then_block1","","","inter_trial_interval","","","","","","","","","","","","","","","","","","","","","","","","","","","","","","","",""
"html-keyboard-response","null","<div class=""fixation"">+</div>","null","198","2.1.0","296177","duxywlrjp9","block2_then_block1","","","fixation","","","","","","","","","","","","","","","","","","","","","","","","","","","","","","","",""
"html-keyboard-response","1236","<div class=""chinese-character"" style=""color:#2ca02c;"">田</div>","g","199","2.1.0","297413","duxywlrjp9","block2_then_block1","","","color_naming","","","","","","","","","田","tian2","","","","","","","","","2","","green","g","green","true","f2_24","field","","","true","filler","false","null"
"html-keyboard-response","null","","null","200","2.1.0","298415","duxywlrjp9","block2_then_block1","","","inter_trial_interval","","","","","","","","","","","","","","","","","","","","","","","","","","","","","","","",""
"html-keyboard-response","null","<div class=""fixation"">+</div>","null","201","2.1.0","298929","duxywlrjp9","block2_then_block1","","","fixation","","","","","","","","","","","","","","","","","","","","","","","","","","","","","","","",""
"html-keyboard-response","762","<div class=""chinese-character"" style=""color:#2ca02c;"">海</div>","g","202","2.1.0","299691","duxywlrjp9","block2_then_block1","","","color_naming","","","","","","","","","海","hai3","","","","","","","","","2","","green","g","green","true","f2_12","sea","","","true","filler","false","null"
"html-keyboard-response","null","","null","203","2.1.0","300707","duxywlrjp9","block2_then_block1","","","inter_trial_interval","","","","","","","","","","","","","","","","","","","","","","","","","","","","","","","",""
"html-keyboard-response","null","<div class=""fixation"">+</div>","null","204","2.1.0","301222","duxywlrjp9","block2_then_block1","","","fixation","","","","","","","","","","","","","","","","","","","","","","","","","","","","","","","",""
"html-keyboard-response","1384","<div class=""chinese-character"" style=""color:#d6b300;"">绿</div>","y","205","2.1.0","302606","duxywlrjp9","block2_then_block1","","","color_naming","","","","","","","","","绿","lv4","","","","","","","","","2","","yellow","y","yellow","true","green","green","","","false","incongruent_color_character","true","2"
"html-keyboard-response","null","","null","206","2.1.0","303609","duxywlrjp9","block2_then_block1","","","inter_trial_interval","","","","","","","","","","","","","","","","","","","","","","","","","","","","","","","",""
"html-keyboard-response","null","<div class=""fixation"">+</div>","null","207","2.1.0","304116","duxywlrjp9","block2_then_block1","","","fixation","","","","","","","","","","","","","","","","","","","","","","","","","","","","","","","",""
"html-keyboard-response","1037","<div class=""chinese-character"" style=""color:#d62728;"">猫</div>","r","208","2.1.0","305153","duxywlrjp9","block2_then_block1","","","color_naming","","","","","","","","","猫","mao1","","","","","","","","","2","","red","r","red","true","f2_1","cat","","","true","filler","false","null"
"html-keyboard-response","null","","null","209","2.1.0","306166","duxywlrjp9","block2_then_block1","","","inter_trial_interval","","","","","","","","","","","","","","","","","","","","","","","","","","","","","","","",""
"html-keyboard-response","null","<div class=""fixation"">+</div>","null","210","2.1.0","306672","duxywlrjp9","block2_then_block1","","","fixation","","","","","","","","","","","","","","","","","","","","","","","","","","","","","","","",""
"html-keyboard-response","962","<div class=""chinese-character"" style=""color:#1f77b4;"">婪</div>","b","211","2.1.0","307634","duxywlrjp9","block2_then_block1","","","color_naming","","","","","","","","","婪","lan2","","","","","","","","","2","","blue","b","blue","true","blue","greedy","","","false","congruent_S_T_plus","true","2"
"html-keyboard-response","null","","null","212","2.1.0","308642","duxywlrjp9","block2_then_block1","","","inter_trial_interval","","","","","","","","","","","","","","","","","","","","","","","","","","","","","","","",""
"html-keyboard-response","null","<div class=""fixation"">+</div>","null","213","2.1.0","309144","duxywlrjp9","block2_then_block1","","","fixation","","","","","","","","","","","","","","","","","","","","","","","","","","","","","","","",""
"html-keyboard-response","956","<div class=""chinese-character"" style=""color:#d6b300;"">饭</div>","y","214","2.1.0","310100","duxywlrjp9","block2_then_block1","","","color_naming","","","","","","","","","饭","fan4","","","","","","","","","2","","yellow","y","yellow","true","f2_14","meal","","","true","filler","false","null"
"html-keyboard-response","null","","null","215","2.1.0","311115","duxywlrjp9","block2_then_block1","","","inter_trial_interval","","","","","","","","","","","","","","","","","","","","","","","","","","","","","","","",""
"html-keyboard-response","null","<div class=""fixation"">+</div>","null","216","2.1.0","311618","duxywlrjp9","block2_then_block1","","","fixation","","","","","","","","","","","","","","","","","","","","","","","","","","","","","","","",""
"html-keyboard-response","1177","<div class=""chinese-character"" style=""color:#d62728;"">瓶</div>","r","217","2.1.0","312795","duxywlrjp9","block2_then_block1","","","color_naming","","","","","","","","","瓶","ping2","","","","","","","","","2","","red","r","red","true","red","bottle","","","false","congruent_S_minus_T_plus","true","2"
"html-keyboard-response","null","","null","218","2.1.0","313804","duxywlrjp9","block2_then_block1","","","inter_trial_interval","","","","","","","","","","","","","","","","","","","","","","","","","","","","","","","",""
"html-keyboard-response","null","<div class=""fixation"">+</div>","null","219","2.1.0","314305","duxywlrjp9","block2_then_block1","","","fixation","","","","","","","","","","","","","","","","","","","","","","","","","","","","","","","",""
"html-keyboard-response","960","<div class=""chinese-character"" style=""color:#2ca02c;"">涂</div>","g","220","2.1.0","315265","duxywlrjp9","block2_then_block1","","","color_naming","","","","","","","","","涂","tu2","","","","","","","","","2","","green","g","green","true","green","paint","","","false","neutral","true","2"
"html-keyboard-response","null","","null","221","2.1.0","316275","duxywlrjp9","block2_then_block1","","","inter_trial_interval","","","","","","","","","","","","","","","","","","","","","","","","","","","","","","","",""
"html-keyboard-response","null","<div class=""fixation"">+</div>","null","222","2.1.0","316784","duxywlrjp9","block2_then_block1","","","fixation","","","","","","","","","","","","","","","","","","","","","","","","","","","","","","","",""
"html-keyboard-response","2422","<div class=""chinese-character"" style=""color:#d62728;"">轰</div>","r","223","2.1.0","319206","duxywlrjp9","block2_then_block1","","","color_naming","","","","","","","","","轰","hong1","","","","","","","","","2","","red","r","red","true","red","boom","","","false","congruent_S_plus_T_minus","true","2"
"html-keyboard-response","null","","null","224","2.1.0","320208","duxywlrjp9","block2_then_block1","","","inter_trial_interval","","","","","","","","","","","","","","","","","","","","","","","","","","","","","","","",""
"html-keyboard-response","null","<div class=""fixation"">+</div>","null","225","2.1.0","320712","duxywlrjp9","block2_then_block1","","","fixation","","","","","","","","","","","","","","","","","","","","","","","","","","","","","","","",""
"html-keyboard-response","600","<div class=""chinese-character"" style=""color:#d62728;"">洪</div>","r","226","2.1.0","321312","duxywlrjp9","block2_then_block1","","","color_naming","","","","","","","","","洪","hong2","","","","","","","","","2","","red","r","red","true","red","flood","","","false","congruent_S_T_plus","true","2"
"html-keyboard-response","null","","null","227","2.1.0","322313","duxywlrjp9","block2_then_block1","","","inter_trial_interval","","","","","","","","","","","","","","","","","","","","","","","","","","","","","","","",""
"html-keyboard-response","null","<div class=""fixation"">+</div>","null","228","2.1.0","322814","duxywlrjp9","block2_then_block1","","","fixation","","","","","","","","","","","","","","","","","","","","","","","","","","","","","","","",""
"html-keyboard-response","1139","<div class=""chinese-character"" style=""color:#1f77b4;"">蓝</div>","b","229","2.1.0","323953","duxywlrjp9","block2_then_block1","","","color_naming","","","","","","","","","蓝","lan2","","","","","","","","","2","","blue","b","blue","true","blue","blue","","","false","congruent_color_character","true","2"
"html-keyboard-response","null","","null","230","2.1.0","324958","duxywlrjp9","block2_then_block1","","","inter_trial_interval","","","","","","","","","","","","","","","","","","","","","","","","","","","","","","","",""
"html-keyboard-response","null","<div class=""fixation"">+</div>","null","231","2.1.0","325460","duxywlrjp9","block2_then_block1","","","fixation","","","","","","","","","","","","","","","","","","","","","","","","","","","","","","","",""
"html-keyboard-response","994","<div class=""chinese-character"" style=""color:#d6b300;"">黄</div>","y","232","2.1.0","326454","duxywlrjp9","block2_then_block1","","","color_naming","","","","","","","","","黄","huang2","","","","","","","","","2","","yellow","y","yellow","true","yellow","yellow","","","false","congruent_color_character","true","2"
"html-keyboard-response","null","","null","233","2.1.0","327469","duxywlrjp9","block2_then_block1","","","inter_trial_interval","","","","","","","","","","","","","","","","","","","","","","","","","","","","","","","",""
"html-keyboard-response","null","<div class=""fixation"">+</div>","null","234","2.1.0","327985","duxywlrjp9","block2_then_block1","","","fixation","","","","","","","","","","","","","","","","","","","","","","","","","","","","","","","",""
"html-keyboard-response","1198","<div class=""chinese-character"" style=""color:#2ca02c;"">黄</div>","g","235","2.1.0","329183","duxywlrjp9","block2_then_block1","","","color_naming","","","","","","","","","黄","huang2","","","","","","","","","2","","green","g","green","true","yellow","yellow","","","false","incongruent_color_character","true","2"
"html-keyboard-response","null","","null","236","2.1.0","330197","duxywlrjp9","block2_then_block1","","","inter_trial_interval","","","","","","","","","","","","","","","","","","","","","","","","","","","","","","","",""
"html-keyboard-response","null","<div class=""fixation"">+</div>","null","237","2.1.0","330697","duxywlrjp9","block2_then_block1","","","fixation","","","","","","","","","","","","","","","","","","","","","","","","","","","","","","","",""
"html-keyboard-response","822","<div class=""chinese-character"" style=""color:#2ca02c;"">虑</div>","g","238","2.1.0","331520","duxywlrjp9","block2_then_block1","","","color_naming","","","","","","","","","虑","lv4","","","","","","","","","2","","green","g","green","true","green","ponder","","","false","congruent_S_T_plus","true","2"
"html-keyboard-response","null","","null","239","2.1.0","332523","duxywlrjp9","block2_then_block1","","","inter_trial_interval","","","","","","","","","","","","","","","","","","","","","","","","","","","","","","","",""
"html-keyboard-response","null","<div class=""fixation"">+</div>","null","240","2.1.0","333029","duxywlrjp9","block2_then_block1","","","fixation","","","","","","","","","","","","","","","","","","","","","","","","","","","","","","","",""
"html-keyboard-response","1114","<div class=""chinese-character"" style=""color:#1f77b4;"">心</div>","b","241","2.1.0","334143","duxywlrjp9","block2_then_block1","","","color_naming","","","","","","","","","心","xin1","","","","","","","","","2","","blue","b","blue","true","f2_23","heart","","","true","filler","false","null"
"html-keyboard-response","null","","null","242","2.1.0","335147","duxywlrjp9","block2_then_block1","","","inter_trial_interval","","","","","","","","","","","","","","","","","","","","","","","","","","","","","","","",""
"html-keyboard-response","null","<div class=""fixation"">+</div>","null","243","2.1.0","335661","duxywlrjp9","block2_then_block1","","","fixation","","","","","","","","","","","","","","","","","","","","","","","","","","","","","","","",""
"html-keyboard-response","1123","<div class=""chinese-character"" style=""color:#d6b300;"">皇</div>","y","244","2.1.0","336784","duxywlrjp9","block2_then_block1","","","color_naming","","","","","","","","","皇","huang2","","","","","","","","","2","","yellow","y","yellow","true","yellow","emperor","","","false","congruent_S_T_plus","true","2"
"html-keyboard-response","null","","null","245","2.1.0","337800","duxywlrjp9","block2_then_block1","","","inter_trial_interval","","","","","","","","","","","","","","","","","","","","","","","","","","","","","","","",""
"html-keyboard-response","null","<div class=""fixation"">+</div>","null","246","2.1.0","338301","duxywlrjp9","block2_then_block1","","","fixation","","","","","","","","","","","","","","","","","","","","","","","","","","","","","","","",""
"html-keyboard-response","996","<div class=""chinese-character"" style=""color:#1f77b4;"">马</div>","b","247","2.1.0","339297","duxywlrjp9","block2_then_block1","","","color_naming","","","","","","","","","马","ma3","","","","","","","","","2","","blue","b","blue","true","f2_3","horse","","","true","filler","false","null"
"html-keyboard-response","null","","null","248","2.1.0","340308","duxywlrjp9","block2_then_block1","","","inter_trial_interval","","","","","","","","","","","","","","","","","","","","","","","","","","","","","","","",""
"html-keyboard-response","null","<div class=""fixation"">+</div>","null","249","2.1.0","340823","duxywlrjp9","block2_then_block1","","","fixation","","","","","","","","","","","","","","","","","","","","","","","","","","","","","","","",""
"html-keyboard-response","1025","<div class=""chinese-character"" style=""color:#d6b300;"">口</div>","y","250","2.1.0","341848","duxywlrjp9","block2_then_block1","","","color_naming","","","","","","","","","口","kou3","","","","","","","","","2","","yellow","y","yellow","true","f2_22","mouth","","","true","filler","false","null"
"html-keyboard-response","null","","null","251","2.1.0","342855","duxywlrjp9","block2_then_block1","","","inter_trial_interval","","","","","","","","","","","","","","","","","","","","","","","","","","","","","","","",""
"html-keyboard-response","null","<div class=""fixation"">+</div>","null","252","2.1.0","343361","duxywlrjp9","block2_then_block1","","","fixation","","","","","","","","","","","","","","","","","","","","","","","","","","","","","","","",""
"html-keyboard-response","1028","<div class=""chinese-character"" style=""color:#d62728;"">牵</div>","r","253","2.1.0","344389","duxywlrjp9","block2_then_block1","","","color_naming","","","","","","","","","牵","qian1","","","","","","","","","2","","red","r","red","true","red","lead along","","","false","neutral","true","2"
"html-keyboard-response","null","","null","254","2.1.0","345397","duxywlrjp9","block2_then_block1","","","inter_trial_interval","","","","","","","","","","","","","","","","","","","","","","","","","","","","","","","",""
"html-keyboard-response","null","<div class=""fixation"">+</div>","null","255","2.1.0","345911","duxywlrjp9","block2_then_block1","","","fixation","","","","","","","","","","","","","","","","","","","","","","","","","","","","","","","",""
"html-keyboard-response","1017","<div class=""chinese-character"" style=""color:#d6b300;"">狗</div>","y","256","2.1.0","346928","duxywlrjp9","block2_then_block1","","","color_naming","","","","","","","","","狗","gou3","","","","","","","","","2","","yellow","y","yellow","true","f2_2","dog","","","true","filler","false","null"
"html-keyboard-response","null","","null","257","2.1.0","347934","duxywlrjp9","block2_then_block1","","","inter_trial_interval","","","","","","","","","","","","","","","","","","","","","","","","","","","","","","","",""
"html-keyboard-response","null","<div class=""fixation"">+</div>","null","258","2.1.0","348438","duxywlrjp9","block2_then_block1","","","fixation","","","","","","","","","","","","","","","","","","","","","","","","","","","","","","","",""
"html-keyboard-response","1265","<div class=""chinese-character"" style=""color:#d62728;"">球</div>","r","259","2.1.0","349703","duxywlrjp9","block2_then_block1","","","color_naming","","","","","","","","","球","qiu2","","","","","","","","","2","","red","r","red","true","f2_9","ball","","","true","filler","false","null"
"html-keyboard-response","null","","null","260","2.1.0","350717","duxywlrjp9","block2_then_block1","","","inter_trial_interval","","","","","","","","","","","","","","","","","","","","","","","","","","","","","","","",""
"html-keyboard-response","null","<div class=""fixation"">+</div>","null","261","2.1.0","351219","duxywlrjp9","block2_then_block1","","","fixation","","","","","","","","","","","","","","","","","","","","","","","","","","","","","","","",""
"html-keyboard-response","915","<div class=""chinese-character"" style=""color:#d6b300;"">缠</div>","y","262","2.1.0","352135","duxywlrjp9","block2_then_block1","","","color_naming","","","","","","","","","缠","chan2","","","","","","","","","2","","yellow","y","yellow","true","yellow","wrap around","","","false","congruent_S_minus_T_plus","true","2"
"html-keyboard-response","null","","null","263","2.1.0","353148","duxywlrjp9","block2_then_block1","","","inter_trial_interval","","","","","","","","","","","","","","","","","","","","","","","","","","","","","","","",""
"html-keyboard-response","null","<div class=""fixation"">+</div>","null","264","2.1.0","353663","duxywlrjp9","block2_then_block1","","","fixation","","","","","","","","","","","","","","","","","","","","","","","","","","","","","","","",""
"html-keyboard-response","976","<div class=""chinese-character"" style=""color:#1f77b4;"">电</div>","b","265","2.1.0","354640","duxywlrjp9","block2_then_block1","","","color_naming","","","","","","","","","电","dian4","","","","","","","","","2","","blue","b","blue","true","f2_15","electricity","","","true","filler","false","null"
"html-keyboard-response","null","","null","266","2.1.0","355653","duxywlrjp9","block2_then_block1","","","inter_trial_interval","","","","","","","","","","","","","","","","","","","","","","","","","","","","","","","",""
"html-keyboard-response","null","<div class=""fixation"">+</div>","null","267","2.1.0","356169","duxywlrjp9","block2_then_block1","","","fixation","","","","","","","","","","","","","","","","","","","","","","","","","","","","","","","",""
"html-keyboard-response","1087","<div class=""chinese-character"" style=""color:#2ca02c;"">雪</div>","g","268","2.1.0","357256","duxywlrjp9","block2_then_block1","","","color_naming","","","","","","","","","雪","xue3","","","","","","","","","2","","green","g","green","true","f2_20","snow","","","true","filler","false","null"
"html-keyboard-response","null","","null","269","2.1.0","358268","duxywlrjp9","block2_then_block1","","","inter_trial_interval","","","","","","","","","","","","","","","","","","","","","","","","","","","","","","","",""
"html-keyboard-response","null","<div class=""fixation"">+</div>","null","270","2.1.0","358771","duxywlrjp9","block2_then_block1","","","fixation","","","","","","","","","","","","","","","","","","","","","","","","","","","","","","","",""
"html-keyboard-response","1132","<div class=""chinese-character"" style=""color:#d62728;"">笔</div>","r","271","2.1.0","359903","duxywlrjp9","block2_then_block1","","","color_naming","","","","","","","","","笔","bi3","","","","","","","","","2","","red","r","red","true","f2_5","pen","","","true","filler","false","null"
"html-keyboard-response","null","","null","272","2.1.0","360914","duxywlrjp9","block2_then_block1","","","inter_trial_interval","","","","","","","","","","","","","","","","","","","","","","","","","","","","","","","",""
"html-keyboard-response","null","<div class=""fixation"">+</div>","null","273","2.1.0","361420","duxywlrjp9","block2_then_block1","","","fixation","","","","","","","","","","","","","","","","","","","","","","","","","","","","","","","",""
"html-keyboard-response","988","<div class=""chinese-character"" style=""color:#d6b300;"">桌</div>","y","274","2.1.0","362408","duxywlrjp9","block2_then_block1","","","color_naming","","","","","","","","","桌","zhuo1","","","","","","","","","2","","yellow","y","yellow","true","f2_6","table","","","true","filler","false","null"
"html-keyboard-response","null","","null","275","2.1.0","363418","duxywlrjp9","block2_then_block1","","","inter_trial_interval","","","","","","","","","","","","","","","","","","","","","","","","","","","","","","","",""
"html-keyboard-response","null","<div class=""fixation"">+</div>","null","276","2.1.0","363924","duxywlrjp9","block2_then_block1","","","fixation","","","","","","","","","","","","","","","","","","","","","","","","","","","","","","","",""
"html-keyboard-response","783","<div class=""chinese-character"" style=""color:#d6b300;"">晃</div>","y","277","2.1.0","364708","duxywlrjp9","block2_then_block1","","","color_naming","","","","","","","","","晃","huang4","","","","","","","","","2","","yellow","y","yellow","true","yellow","sway","","","false","congruent_S_plus_T_minus","true","2"
"html-keyboard-response","null","","null","278","2.1.0","365713","duxywlrjp9","block2_then_block1","","","inter_trial_interval","","","","","","","","","","","","","","","","","","","","","","","","","","","","","","","",""
"html-keyboard-response","null","<div class=""fixation"">+</div>","null","279","2.1.0","366217","duxywlrjp9","block2_then_block1","","","fixation","","","","","","","","","","","","","","","","","","","","","","","","","","","","","","","",""
"html-keyboard-response","1521","<div class=""chinese-character"" style=""color:#d62728;"">蓝</div>","r","280","2.1.0","367739","duxywlrjp9","block2_then_block1","","","color_naming","","","","","","","","","蓝","lan2","","","","","","","","","2","","red","r","red","true","blue","blue","","","false","incongruent_color_character","true","2"
"html-keyboard-response","null","","null","281","2.1.0","368743","duxywlrjp9","block2_then_block1","","","inter_trial_interval","","","","","","","","","","","","","","","","","","","","","","","","","","","","","","","",""
"html-keyboard-response","null","<div class=""fixation"">+</div>","null","282","2.1.0","369245","duxywlrjp9","block2_then_block1","","","fixation","","","","","","","","","","","","","","","","","","","","","","","","","","","","","","","",""
"html-keyboard-response","997","<div class=""chinese-character"" style=""color:#2ca02c;"">影</div>","g","283","2.1.0","370243","duxywlrjp9","block2_then_block1","","","color_naming","","","","","","","","","影","ying3","","","","","","","","","2","","green","g","green","true","f2_16","shadow/movie","","","true","filler","false","null"
"html-keyboard-response","null","","null","284","2.1.0","371244","duxywlrjp9","block2_then_block1","","","inter_trial_interval","","","","","","","","","","","","","","","","","","","","","","","","","","","","","","","",""
"html-keyboard-response","null","<div class=""fixation"">+</div>","null","285","2.1.0","371744","duxywlrjp9","block2_then_block1","","","fixation","","","","","","","","","","","","","","","","","","","","","","","","","","","","","","","",""
"html-keyboard-response","937","<div class=""chinese-character"" style=""color:#1f77b4;"">宫</div>","b","286","2.1.0","372682","duxywlrjp9","block2_then_block1","","","color_naming","","","","","","","","","宫","gong1","","","","","","","","","2","","blue","b","blue","true","blue","palace","","","false","neutral","true","2"
"html-keyboard-response","null","","null","287","2.1.0","373697","duxywlrjp9","block2_then_block1","","","inter_trial_interval","","","","","","","","","","","","","","","","","","","","","","","","","","","","","","","",""
"html-keyboard-response","null","<div class=""fixation"">+</div>","null","288","2.1.0","374212","duxywlrjp9","block2_then_block1","","","fixation","","","","","","","","","","","","","","","","","","","","","","","","","","","","","","","",""
"html-keyboard-response","1230","<div class=""chinese-character"" style=""color:#2ca02c;"">洞</div>","g","289","2.1.0","375443","duxywlrjp9","block2_then_block1","","","color_naming","","","","","","","","","洞","dong4","","","","","","","","","2","","green","g","green","true","green","hole","","","false","congruent_S_minus_T_plus","true","2"
"html-keyboard-response","null","","null","290","2.1.0","376451","duxywlrjp9","block2_then_block1","","","inter_trial_interval","","","","","","","","","","","","","","","","","","","","","","","","","","","","","","","",""
"html-keyboard-response","null","<div class=""fixation"">+</div>","null","291","2.1.0","376952","duxywlrjp9","block2_then_block1","","","fixation","","","","","","","","","","","","","","","","","","","","","","","","","","","","","","","",""
"html-keyboard-response","560","<div class=""chinese-character"" style=""color:#2ca02c;"">绿</div>","g","292","2.1.0","377513","duxywlrjp9","block2_then_block1","","","color_naming","","","","","","","","","绿","lv4","","","","","","","","","2","","green","g","green","true","green","green","","","false","congruent_color_character","true","2"
"html-keyboard-response","null","","null","293","2.1.0","378522","duxywlrjp9","block2_then_block1","","","inter_trial_interval","","","","","","","","","","","","","","","","","","","","","","","","","","","","","","","",""
"html-keyboard-response","null","<div class=""fixation"">+</div>","null","294","2.1.0","379025","duxywlrjp9","block2_then_block1","","","fixation","","","","","","","","","","","","","","","","","","","","","","","","","","","","","","","",""
"html-keyboard-response","934","<div class=""chinese-character"" style=""color:#d6b300;"">星</div>","y","295","2.1.0","379959","duxywlrjp9","block2_then_block1","","","color_naming","","","","","","","","","星","xing1","","","","","","","","","2","","yellow","y","yellow","true","f2_18","star","","","true","filler","false","null"
"html-keyboard-response","null","","null","296","2.1.0","380969","duxywlrjp9","block2_then_block1","","","inter_trial_interval","","","","","","","","","","","","","","","","","","","","","","","","","","","","","","","",""
"html-keyboard-response","null","<div class=""fixation"">+</div>","null","297","2.1.0","381471","duxywlrjp9","block2_then_block1","","","fixation","","","","","","","","","","","","","","","","","","","","","","","","","","","","","","","",""
"html-keyboard-response","649","<div class=""chinese-character"" style=""color:#1f77b4;"">览</div>","b","298","2.1.0","382121","duxywlrjp9","block2_then_block1","","","color_naming","","","","","","","","","览","lan3","","","","","","","","","2","","blue","b","blue","true","blue","view","","","false","congruent_S_plus_T_minus","true","2"
"html-keyboard-response","null","","null","299","2.1.0","383122","duxywlrjp9","block2_then_block1","","","inter_trial_interval","","","","","","","","","","","","","","","","","","","","","","","","","","","","","","","",""
"html-keyboard-response","null","<div class=""fixation"">+</div>","null","300","2.1.0","383636","duxywlrjp9","block2_then_block1","","","fixation","","","","","","","","","","","","","","","","","","","","","","","","","","","","","","","",""
"html-keyboard-response","640","<div class=""chinese-character"" style=""color:#1f77b4;"">红</div>","b","301","2.1.0","384277","duxywlrjp9","block2_then_block1","","","color_naming","","","","","","","","","红","hong2","","","","","","","","","2","","blue","b","blue","true","red","red","","","false","incongruent_color_character","true","2"
"html-keyboard-response","null","","null","302","2.1.0","385290","duxywlrjp9","block2_then_block1","","","inter_trial_interval","","","","","","","","","","","","","","","","","","","","","","","","","","","","","","","",""
"html-keyboard-response","null","<div class=""fixation"">+</div>","null","303","2.1.0","385792","duxywlrjp9","block2_then_block1","","","fixation","","","","","","","","","","","","","","","","","","","","","","","","","","","","","","","",""
"html-keyboard-response","958","<div class=""chinese-character"" style=""color:#d6b300;"">趁</div>","y","304","2.1.0","386750","duxywlrjp9","block2_then_block1","","","color_naming","","","","","","","","","趁","chen4","","","","","","","","","2","","yellow","y","yellow","true","yellow","take advantage of","","","false","neutral","true","2"
"html-keyboard-response","null","","null","305","2.1.0","387750","duxywlrjp9","block2_then_block1","","","inter_trial_interval","","","","","","","","","","","","","","","","","","","","","","","","","","","","","","","",""
"html-keyboard-response","null","<div class=""fixation"">+</div>","null","306","2.1.0","388266","duxywlrjp9","block2_then_block1","","","fixation","","","","","","","","","","","","","","","","","","","","","","","","","","","","","","","",""
"html-keyboard-response","712","<div class=""chinese-character"" style=""color:#d6b300;"">钟</div>","y","307","2.1.0","388979","duxywlrjp9","block2_then_block1","","","color_naming","","","","","","","","","钟","zhong1","","","","","","","","","2","","yellow","y","yellow","true","f2_10","clock","","","true","filler","false","null"
"html-keyboard-response","null","","null","308","2.1.0","389989","duxywlrjp9","block2_then_block1","","","inter_trial_interval","","","","","","","","","","","","","","","","","","","","","","","","","","","","","","","",""
"html-keyboard-response","null","<div class=""fixation"">+</div>","null","309","2.1.0","390491","duxywlrjp9","block2_then_block1","","","fixation","","","","","","","","","","","","","","","","","","","","","","","","","","","","","","","",""
"html-keyboard-response","671","<div class=""chinese-character"" style=""color:#d62728;"">耳</div>","r","310","2.1.0","391162","duxywlrjp9","block2_then_block1","","","color_naming","","","","","","","","","耳","er3","","","","","","","","","2","","red","r","red","true","f2_21","ear","","","true","filler","false","null"
"html-keyboard-response","null","","null","311","2.1.0","392168","duxywlrjp9","block2_then_block1","","","inter_trial_interval","","","","","","","","","","","","","","","","","","","","","","","","","","","","","","","",""
"html-keyboard-response","null","<div class=""fixation"">+</div>","null","312","2.1.0","392670","duxywlrjp9","block2_then_block1","","","fixation","","","","","","","","","","","","","","","","","","","","","","","","","","","","","","","",""
"html-keyboard-response","610","<div class=""chinese-character"" style=""color:#d62728;"">衣</div>","r","313","2.1.0","393281","duxywlrjp9","block2_then_block1","","","color_naming","","","","","","","","","衣","yi1","","","","","","","","","2","","red","r","red","true","f2_17","clothing","","","true","filler","false","null"
"html-keyboard-response","null","","null","314","2.1.0","394286","duxywlrjp9","block2_then_block1","","","inter_trial_interval","","","","","","","","","","","","","","","","","","","","","","","","","","","","","","","",""
"html-keyboard-response","null","<div class=""fixation"">+</div>","null","315","2.1.0","394788","duxywlrjp9","block2_then_block1","","","fixation","","","","","","","","","","","","","","","","","","","","","","","","","","","","","","","",""
"html-keyboard-response","1069","<div class=""chinese-character"" style=""color:#2ca02c;"">米</div>","g","316","2.1.0","395858","duxywlrjp9","block2_then_block1","","","color_naming","","","","","","","","","米","mi3","","","","","","","","","2","","green","g","green","true","f2_4","rice","","","true","filler","false","null"
"html-keyboard-response","null","","null","317","2.1.0","396866","duxywlrjp9","block2_then_block1","","","inter_trial_interval","","","","","","","","","","","","","","","","","","","","","","","","","","","","","","","",""
"html-keyboard-response","null","<div class=""fixation"">+</div>","null","318","2.1.0","397370","duxywlrjp9","block2_then_block1","","","fixation","","","","","","","","","","","","","","","","","","","","","","","","","","","","","","","",""
"html-keyboard-response","445","<div class=""chinese-character"" style=""color:#2ca02c;"">旅</div>","g","319","2.1.0","397816","duxywlrjp9","block2_then_block1","","","color_naming","","","","","","","","","旅","lv3","","","","","","","","","2","","green","g","green","true","green","travel","","","false","congruent_S_plus_T_minus","true","2"
"html-keyboard-response","null","","null","320","2.1.0","398825","duxywlrjp9","block2_then_block1","","","inter_trial_interval","","","","","","","","","","","","","","","","","","","","","","","","","","","","","","","",""
"html-keyboard-response","null","<div class=""fixation"">+</div>","null","321","2.1.0","399327","duxywlrjp9","block2_then_block1","","","fixation","","","","","","","","","","","","","","","","","","","","","","","","","","","","","","","",""
"html-keyboard-response","902","<div class=""chinese-character"" style=""color:#1f77b4;"">河</div>","b","322","2.1.0","400229","duxywlrjp9","block2_then_block1","","","color_naming","","","","","","","","","河","he2","","","","","","","","","2","","blue","b","blue","true","f2_11","river","","","true","filler","false","null"
"html-keyboard-response","null","","null","323","2.1.0","401242","duxywlrjp9","block2_then_block1","","","inter_trial_interval","","","","","","","","","","","","","","","","","","","","","","","","","","","","","","","",""
"html-keyboard-response","3564","
    <div class=""instructions"">
      <h2>Short Break</h2>
      <p>You have completed the first half of the experiment.</p>
      <p>Press <strong>Space</strong> when you are ready to continue.</p>
    </div>
  "," ","324","2.1.0","404806","duxywlrjp9","block2_then_block1","","","","","","","","","","","","","","","","","","","","","","","","","","","","","","","","","","",""
"html-keyboard-response","6410","
      <div class=""instructions"">
        <h2>Chinese Character Naming — Block 1</h2>
        <p>You will see Chinese characters printed in black.</p>
        <p>Please <strong>say the character aloud in Mandarin</strong> as quickly and accurately as possible.</p>
        <p>After speaking, press <strong>Space</strong> to move to the next character immediately.</p>
        <p>Your voice will be recorded so we can verify your responses.</p>
        <p>Press <strong>Space</strong> to begin.</p>
      </div>
    "," ","325","2.1.0","411217","duxywlrjp9","block2_then_block1","","","","","","","","","","","","","","","","","","","","","","","","","","","","","","","","","","",""
"html-keyboard-response","null","<div class=""fixation"">+</div>","null","326","2.1.0","411719","duxywlrjp9","block2_then_block1","","","fixation","","","","","","","","","","","","","","","","","","","","","","","","","","","","","","","",""
"html-keyboard-response","1173","
      <div class=""chinese-character"" style=""color:#000000;"">家</div>
      <div style=""margin-top:32px; font-size:16px; color:#555; font-family:Arial,sans-serif;"">
        Say the character aloud, then press <strong>Space</strong>.
      </div>
    "," ","327","2.1.0","412892","duxywlrjp9","block2_then_block1","","","character_naming","","","","","","","","","家","jia1","character_naming_f1_13_block1_norep","1173","true","true","18650","duxywlrjp9_character_naming_f1_13_block1_norep.webm","true","{""message"":""Success""}","1","","","","","","f1_13","home","filler","red","true","","",""
"html-keyboard-response","null","","null","328","2.1.0","412998","duxywlrjp9","block2_then_block1","","","inter_trial_interval","","","","","","","","","","","","","","","","","","","","","","","","","","","","","","","",""
"html-keyboard-response","null","<div class=""fixation"">+</div>","null","329","2.1.0","413511","duxywlrjp9","block2_then_block1","","","fixation","","","","","","","","","","","","","","","","","","","","","","","","","","","","","","","",""
"html-keyboard-response","1014","
      <div class=""chinese-character"" style=""color:#000000;"">城</div>
      <div style=""margin-top:32px; font-size:16px; color:#555; font-family:Arial,sans-serif;"">
        Say the character aloud, then press <strong>Space</strong>.
      </div>
    "," ","330","2.1.0","414525","duxywlrjp9","block2_then_block1","","","character_naming","","","","","","","","","城","cheng2","character_naming_f1_22_block1_norep","1014","true","true","15752","duxywlrjp9_character_naming_f1_22_block1_norep.webm","true","{""message"":""Success""}","1","","","","","","f1_22","city","filler","yellow","true","","",""
"html-keyboard-response","null","","null","331","2.1.0","414639","duxywlrjp9","block2_then_block1","","","inter_trial_interval","","","","","","","","","","","","","","","","","","","","","","","","","","","","","","","",""
"html-keyboard-response","null","<div class=""fixation"">+</div>","null","332","2.1.0","415145","duxywlrjp9","block2_then_block1","","","fixation","","","","","","","","","","","","","","","","","","","","","","","","","","","","","","","",""
"html-keyboard-response","1086","
      <div class=""chinese-character"" style=""color:#000000;"">船</div>
      <div style=""margin-top:32px; font-size:16px; color:#555; font-family:Arial,sans-serif;"">
        Say the character aloud, then press <strong>Space</strong>.
      </div>
    "," ","333","2.1.0","416231","duxywlrjp9","block2_then_block1","","","character_naming","","","","","","","","","船","chuan2","character_naming_f1_23_block1_norep","1086","true","true","17684","duxywlrjp9_character_naming_f1_23_block1_norep.webm","true","{""message"":""Success""}","1","","","","","","f1_23","boat","filler","blue","true","","",""
"html-keyboard-response","null","","null","334","2.1.0","416339","duxywlrjp9","block2_then_block1","","","inter_trial_interval","","","","","","","","","","","","","","","","","","","","","","","","","","","","","","","",""
"html-keyboard-response","null","<div class=""fixation"">+</div>","null","335","2.1.0","416840","duxywlrjp9","block2_then_block1","","","fixation","","","","","","","","","","","","","","","","","","","","","","","","","","","","","","","",""
"html-keyboard-response","1116","
      <div class=""chinese-character"" style=""color:#000000;"">月</div>
      <div style=""margin-top:32px; font-size:16px; color:#555; font-family:Arial,sans-serif;"">
        Say the character aloud, then press <strong>Space</strong>.
      </div>
    "," ","336","2.1.0","417957","duxywlrjp9","block2_then_block1","","","character_naming","","","","","","","","","月","yue4","character_naming_f1_7_block1_norep","1116","true","true","17684","duxywlrjp9_character_naming_f1_7_block1_norep.webm","true","{""message"":""Success""}","1","","","","","","f1_7","moon","filler","blue","true","","",""
"html-keyboard-response","null","","null","337","2.1.0","418066","duxywlrjp9","block2_then_block1","","","inter_trial_interval","","","","","","","","","","","","","","","","","","","","","","","","","","","","","","","",""
"html-keyboard-response","null","<div class=""fixation"">+</div>","null","338","2.1.0","418569","duxywlrjp9","block2_then_block1","","","fixation","","","","","","","","","","","","","","","","","","","","","","","","","","","","","","","",""
"html-keyboard-response","1050","
      <div class=""chinese-character"" style=""color:#000000;"">蓝</div>
      <div style=""margin-top:32px; font-size:16px; color:#555; font-family:Arial,sans-serif;"">
        Say the character aloud, then press <strong>Space</strong>.
      </div>
    "," ","339","2.1.0","419620","duxywlrjp9","block2_then_block1","","","character_naming","","","","","","","","","蓝","lan2","character_naming_blue_block1_rep1","1050","true","true","16718","duxywlrjp9_character_naming_blue_block1_rep1.webm","true","{""message"":""Success""}","1","","","","","","blue","blue","congruent_color_character","blue","false","","",""
"html-keyboard-response","null","","null","340","2.1.0","419722","duxywlrjp9","block2_then_block1","","","inter_trial_interval","","","","","","","","","","","","","","","","","","","","","","","","","","","","","","","",""
"html-keyboard-response","null","<div class=""fixation"">+</div>","null","341","2.1.0","420233","duxywlrjp9","block2_then_block1","","","fixation","","","","","","","","","","","","","","","","","","","","","","","","","","","","","","","",""
"html-keyboard-response","1134","
      <div class=""chinese-character"" style=""color:#000000;"">旅</div>
      <div style=""margin-top:32px; font-size:16px; color:#555; font-family:Arial,sans-serif;"">
        Say the character aloud, then press <strong>Space</strong>.
      </div>
    "," ","342","2.1.0","421367","duxywlrjp9","block2_then_block1","","","character_naming","","","","","","","","","旅","lv3","character_naming_green_block1_rep1","1134","true","true","17684","duxywlrjp9_character_naming_green_block1_rep1.webm","true","{""message"":""Success""}","1","","","","","","green","travel","congruent_S_plus_T_minus","green","false","","",""
"html-keyboard-response","null","","null","343","2.1.0","421471","duxywlrjp9","block2_then_block1","","","inter_trial_interval","","","","","","","","","","","","","","","","","","","","","","","","","","","","","","","",""
"html-keyboard-response","null","<div class=""fixation"">+</div>","null","344","2.1.0","421975","duxywlrjp9","block2_then_block1","","","fixation","","","","","","","","","","","","","","","","","","","","","","","","","","","","","","","",""
"html-keyboard-response","1123","
      <div class=""chinese-character"" style=""color:#000000;"">纸</div>
      <div style=""margin-top:32px; font-size:16px; color:#555; font-family:Arial,sans-serif;"">
        Say the character aloud, then press <strong>Space</strong>.
      </div>
    "," ","345","2.1.0","423099","duxywlrjp9","block2_then_block1","","","character_naming","","","","","","","","","纸","zhi3","character_naming_f1_19_block1_norep","1123","true","true","17684","duxywlrjp9_character_naming_f1_19_block1_norep.webm","true","{""message"":""Success""}","1","","","","","","f1_19","paper","filler","blue","true","","",""
"html-keyboard-response","null","","null","346","2.1.0","423201","duxywlrjp9","block2_then_block1","","","inter_trial_interval","","","","","","","","","","","","","","","","","","","","","","","","","","","","","","","",""
"html-keyboard-response","null","<div class=""fixation"">+</div>","null","347","2.1.0","423709","duxywlrjp9","block2_then_block1","","","fixation","","","","","","","","","","","","","","","","","","","","","","","","","","","","","","","",""
"html-keyboard-response","1076","
      <div class=""chinese-character"" style=""color:#000000;"">绿</div>
      <div style=""margin-top:32px; font-size:16px; color:#555; font-family:Arial,sans-serif;"">
        Say the character aloud, then press <strong>Space</strong>.
      </div>
    "," ","348","2.1.0","424786","duxywlrjp9","block2_then_block1","","","character_naming","","","","","","","","","绿","lv4","character_naming_green_block1_rep1","1076","true","true","17684","duxywlrjp9_character_naming_green_block1_rep1.webm","true","{""error"":null,""message"":""Data received. OSF upload will be retried automatically.""}","1","","","","","","green","green","incongruent_color_character","yellow","false","","",""
"html-keyboard-response","null","","null","349","2.1.0","424897","duxywlrjp9","block2_then_block1","","","inter_trial_interval","","","","","","","","","","","","","","","","","","","","","","","","","","","","","","","",""
"html-keyboard-response","null","<div class=""fixation"">+</div>","null","350","2.1.0","425403","duxywlrjp9","block2_then_block1","","","fixation","","","","","","","","","","","","","","","","","","","","","","","","","","","","","","","",""
"html-keyboard-response","1120","
      <div class=""chinese-character"" style=""color:#000000;"">尝</div>
      <div style=""margin-top:32px; font-size:16px; color:#555; font-family:Arial,sans-serif;"">
        Say the character aloud, then press <strong>Space</strong>.
      </div>
    "," ","351","2.1.0","426523","duxywlrjp9","block2_then_block1","","","character_naming","","","","","","","","","尝","chang2","character_naming_blue_block1_rep1","1120","true","true","17684","duxywlrjp9_character_naming_blue_block1_rep1.webm","true","{""error"":""OSF_FILE_EXISTS"",""message"":""The OSF file already exists. File names must be unique.""}","1","","","","","","blue","taste","congruent_S_minus_T_plus","blue","false","","",""
"html-keyboard-response","null","","null","352","2.1.0","426626","duxywlrjp9","block2_then_block1","","","inter_trial_interval","","","","","","","","","","","","","","","","","","","","","","","","","","","","","","","",""
"html-keyboard-response","null","<div class=""fixation"">+</div>","null","353","2.1.0","427141","duxywlrjp9","block2_then_block1","","","fixation","","","","","","","","","","","","","","","","","","","","","","","","","","","","","","","",""
"html-keyboard-response","1189","
      <div class=""chinese-character"" style=""color:#000000;"">雨</div>
      <div style=""margin-top:32px; font-size:16px; color:#555; font-family:Arial,sans-serif;"">
        Say the character aloud, then press <strong>Space</strong>.
      </div>
    "," ","354","2.1.0","428330","duxywlrjp9","block2_then_block1","","","character_naming","","","","","","","","","雨","yu3","character_naming_f1_17_block1_norep","1189","true","true","18650","duxywlrjp9_character_naming_f1_17_block1_norep.webm","true","{""message"":""Success""}","1","","","","","","f1_17","rain","filler","red","true","","",""
"html-keyboard-response","null","","null","355","2.1.0","428445","duxywlrjp9","block2_then_block1","","","inter_trial_interval","","","","","","","","","","","","","","","","","","","","","","","","","","","","","","","",""
"html-keyboard-response","null","<div class=""fixation"">+</div>","null","356","2.1.0","428949","duxywlrjp9","block2_then_block1","","","fixation","","","","","","","","","","","","","","","","","","","","","","","","","","","","","","","",""
"html-keyboard-response","1121","
      <div class=""chinese-character"" style=""color:#000000;"">绿</div>
      <div style=""margin-top:32px; font-size:16px; color:#555; font-family:Arial,sans-serif;"">
        Say the character aloud, then press <strong>Space</strong>.
      </div>
    "," ","357","2.1.0","430070","duxywlrjp9","block2_then_block1","","","character_naming","","","","","","","","","绿","lv4","character_naming_green_block1_rep1","1121","true","true","17684","duxywlrjp9_character_naming_green_block1_rep1.webm","true","{""error"":""OSF_FILE_EXISTS"",""message"":""The OSF file already exists. File names must be unique.""}","1","","","","","","green","green","congruent_color_character","green","false","","",""
"html-keyboard-response","null","","null","358","2.1.0","430176","duxywlrjp9","block2_then_block1","","","inter_trial_interval","","","","","","","","","","","","","","","","","","","","","","","","","","","","","","","",""
"html-keyboard-response","null","<div class=""fixation"">+</div>","null","359","2.1.0","430693","duxywlrjp9","block2_then_block1","","","fixation","","","","","","","","","","","","","","","","","","","","","","","","","","","","","","","",""
"html-keyboard-response","1212","
      <div class=""chinese-character"" style=""color:#000000;"">晃</div>
      <div style=""margin-top:32px; font-size:16px; color:#555; font-family:Arial,sans-serif;"">
        Say the character aloud, then press <strong>Space</strong>.
      </div>
    "," ","360","2.1.0","431905","duxywlrjp9","block2_then_block1","","","character_naming","","","","","","","","","晃","huang4","character_naming_yellow_block1_rep1","1212","true","true","19616","duxywlrjp9_character_naming_yellow_block1_rep1.webm","true","{""message"":""Success""}","1","","","","","","yellow","sway","congruent_S_plus_T_minus","yellow","false","","",""
"html-keyboard-response","null","","null","361","2.1.0","432007","duxywlrjp9","block2_then_block1","","","inter_trial_interval","","","","","","","","","","","","","","","","","","","","","","","","","","","","","","","",""
"html-keyboard-response","null","<div class=""fixation"">+</div>","null","362","2.1.0","432519","duxywlrjp9","block2_then_block1","","","fixation","","","","","","","","","","","","","","","","","","","","","","","","","","","","","","","",""
"html-keyboard-response","1142","
      <div class=""chinese-character"" style=""color:#000000;"">车</div>
      <div style=""margin-top:32px; font-size:16px; color:#555; font-family:Arial,sans-serif;"">
        Say the character aloud, then press <strong>Space</strong>.
      </div>
    "," ","363","2.1.0","433661","duxywlrjp9","block2_then_block1","","","character_naming","","","","","","","","","车","che1","character_naming_f1_5_block1_norep","1142","true","true","18650","duxywlrjp9_character_naming_f1_5_block1_norep.webm","true","{""message"":""Success""}","1","","","","","","f1_5","car","filler","red","true","","",""
"html-keyboard-response","null","","null","364","2.1.0","433768","duxywlrjp9","block2_then_block1","","","inter_trial_interval","","","","","","","","","","","","","","","","","","","","","","","","","","","","","","","",""
"html-keyboard-response","null","<div class=""fixation"">+</div>","null","365","2.1.0","434283","duxywlrjp9","block2_then_block1","","","fixation","","","","","","","","","","","","","","","","","","","","","","","","","","","","","","","",""
"html-keyboard-response","1121","
      <div class=""chinese-character"" style=""color:#000000;"">瓶</div>
      <div style=""margin-top:32px; font-size:16px; color:#555; font-family:Arial,sans-serif;"">
        Say the character aloud, then press <strong>Space</strong>.
      </div>
    "," ","366","2.1.0","435405","duxywlrjp9","block2_then_block1","","","character_naming","","","","","","","","","瓶","ping2","character_naming_red_block1_rep1","1121","true","true","17684","duxywlrjp9_character_naming_red_block1_rep1.webm","true","{""message"":""Success""}","1","","","","","","red","bottle","congruent_S_minus_T_plus","red","false","","",""
"html-keyboard-response","null","","null","367","2.1.0","435507","duxywlrjp9","block2_then_block1","","","inter_trial_interval","","","","","","","","","","","","","","","","","","","","","","","","","","","","","","","",""
"html-keyboard-response","null","<div class=""fixation"">+</div>","null","368","2.1.0","436013","duxywlrjp9","block2_then_block1","","","fixation","","","","","","","","","","","","","","","","","","","","","","","","","","","","","","","",""
"html-keyboard-response","1190","
      <div class=""chinese-character"" style=""color:#000000;"">树</div>
      <div style=""margin-top:32px; font-size:16px; color:#555; font-family:Arial,sans-serif;"">
        Say the character aloud, then press <strong>Space</strong>.
      </div>
    "," ","369","2.1.0","437203","duxywlrjp9","block2_then_block1","","","character_naming","","","","","","","","","树","shu4","character_naming_f1_16_block1_norep","1190","true","true","18650","duxywlrjp9_character_naming_f1_16_block1_norep.webm","true","{""message"":""Success""}","1","","","","","","f1_16","tree","filler","green","true","","",""
"html-keyboard-response","null","","null","370","2.1.0","437318","duxywlrjp9","block2_then_block1","","","inter_trial_interval","","","","","","","","","","","","","","","","","","","","","","","","","","","","","","","",""
"html-keyboard-response","null","<div class=""fixation"">+</div>","null","371","2.1.0","437820","duxywlrjp9","block2_then_block1","","","fixation","","","","","","","","","","","","","","","","","","","","","","","","","","","","","","","",""
"html-keyboard-response","999","
      <div class=""chinese-character"" style=""color:#000000;"">宫</div>
      <div style=""margin-top:32px; font-size:16px; color:#555; font-family:Arial,sans-serif;"">
        Say the character aloud, then press <strong>Space</strong>.
      </div>
    "," ","372","2.1.0","438819","duxywlrjp9","block2_then_block1","","","character_naming","","","","","","","","","宫","gong1","character_naming_blue_block1_rep1","999","true","true","15752","duxywlrjp9_character_naming_blue_block1_rep1.webm","true","{""error"":""OSF_FILE_EXISTS"",""message"":""The OSF file already exists. File names must be unique.""}","1","","","","","","blue","palace","neutral","blue","false","","",""
"html-keyboard-response","null","","null","373","2.1.0","438924","duxywlrjp9","block2_then_block1","","","inter_trial_interval","","","","","","","","","","","","","","","","","","","","","","","","","","","","","","","",""
"html-keyboard-response","null","<div class=""fixation"">+</div>","null","374","2.1.0","439431","duxywlrjp9","block2_then_block1","","","fixation","","","","","","","","","","","","","","","","","","","","","","","","","","","","","","","",""
"html-keyboard-response","1270","
      <div class=""chinese-character"" style=""color:#000000;"">趁</div>
      <div style=""margin-top:32px; font-size:16px; color:#555; font-family:Arial,sans-serif;"">
        Say the character aloud, then press <strong>Space</strong>.
      </div>
    "," ","375","2.1.0","440701","duxywlrjp9","block2_then_block1","","","character_naming","","","","","","","","","趁","chen4","character_naming_yellow_block1_rep1","1270","true","true","20582","duxywlrjp9_character_naming_yellow_block1_rep1.webm","true","{""error"":""OSF_FILE_EXISTS"",""message"":""The OSF file already exists. File names must be unique.""}","1","","","","","","yellow","take advantage of","neutral","yellow","false","","",""
"html-keyboard-response","null","","null","376","2.1.0","440812","duxywlrjp9","block2_then_block1","","","inter_trial_interval","","","","","","","","","","","","","","","","","","","","","","","","","","","","","","","",""
"html-keyboard-response","null","<div class=""fixation"">+</div>","null","377","2.1.0","441313","duxywlrjp9","block2_then_block1","","","fixation","","","","","","","","","","","","","","","","","","","","","","","","","","","","","","","",""
"html-keyboard-response","1053","
      <div class=""chinese-character"" style=""color:#000000;"">黄</div>
      <div style=""margin-top:32px; font-size:16px; color:#555; font-family:Arial,sans-serif;"">
        Say the character aloud, then press <strong>Space</strong>.
      </div>
    "," ","378","2.1.0","442366","duxywlrjp9","block2_then_block1","","","character_naming","","","","","","","","","黄","huang2","character_naming_yellow_block1_rep1","1053","true","true","16718","duxywlrjp9_character_naming_yellow_block1_rep1.webm","true","{""error"":""OSF_FILE_EXISTS"",""message"":""The OSF file already exists. File names must be unique.""}","1","","","","","","yellow","yellow","incongruent_color_character","green","false","","",""
"html-keyboard-response","null","","null","379","2.1.0","442472","duxywlrjp9","block2_then_block1","","","inter_trial_interval","","","","","","","","","","","","","","","","","","","","","","","","","","","","","","","",""
"html-keyboard-response","null","<div class=""fixation"">+</div>","null","380","2.1.0","442979","duxywlrjp9","block2_then_block1","","","fixation","","","","","","","","","","","","","","","","","","","","","","","","","","","","","","","",""
"html-keyboard-response","1097","
      <div class=""chinese-character"" style=""color:#000000;"">书</div>
      <div style=""margin-top:32px; font-size:16px; color:#555; font-family:Arial,sans-serif;"">
        Say the character aloud, then press <strong>Space</strong>.
      </div>
    "," ","381","2.1.0","444075","duxywlrjp9","block2_then_block1","","","character_naming","","","","","","","","","书","shu1","character_naming_f1_1_block1_norep","1097","true","true","17684","duxywlrjp9_character_naming_f1_1_block1_norep.webm","true","{""message"":""Success""}","1","","","","","","f1_1","book","filler","red","true","","",""
"html-keyboard-response","null","","null","382","2.1.0","444186","duxywlrjp9","block2_then_block1","","","inter_trial_interval","","","","","","","","","","","","","","","","","","","","","","","","","","","","","","","",""
"html-keyboard-response","null","<div class=""fixation"">+</div>","null","383","2.1.0","444692","duxywlrjp9","block2_then_block1","","","fixation","","","","","","","","","","","","","","","","","","","","","","","","","","","","","","","",""
"html-keyboard-response","1036","
      <div class=""chinese-character"" style=""color:#000000;"">蓝</div>
      <div style=""margin-top:32px; font-size:16px; color:#555; font-family:Arial,sans-serif;"">
        Say the character aloud, then press <strong>Space</strong>.
      </div>
    "," ","384","2.1.0","445728","duxywlrjp9","block2_then_block1","","","character_naming","","","","","","","","","蓝","lan2","character_naming_blue_block1_rep1","1036","true","true","16718","duxywlrjp9_character_naming_blue_block1_rep1.webm","true","{""error"":""OSF_FILE_EXISTS"",""message"":""The OSF file already exists. File names must be unique.""}","1","","","","","","blue","blue","incongruent_color_character","red","false","","",""
"html-keyboard-response","null","","null","385","2.1.0","445834","duxywlrjp9","block2_then_block1","","","inter_trial_interval","","","","","","","","","","","","","","","","","","","","","","","","","","","","","","","",""
"html-keyboard-response","null","<div class=""fixation"">+</div>","null","386","2.1.0","446341","duxywlrjp9","block2_then_block1","","","fixation","","","","","","","","","","","","","","","","","","","","","","","","","","","","","","","",""
"html-keyboard-response","1066","
      <div class=""chinese-character"" style=""color:#000000;"">门</div>
      <div style=""margin-top:32px; font-size:16px; color:#555; font-family:Arial,sans-serif;"">
        Say the character aloud, then press <strong>Space</strong>.
      </div>
    "," ","387","2.1.0","447408","duxywlrjp9","block2_then_block1","","","character_naming","","","","","","","","","门","men2","character_naming_f1_4_block1_norep","1066","true","true","16718","duxywlrjp9_character_naming_f1_4_block1_norep.webm","true","{""message"":""Success""}","1","","","","","","f1_4","door","filler","green","true","","",""
"html-keyboard-response","null","","null","388","2.1.0","447517","duxywlrjp9","block2_then_block1","","","inter_trial_interval","","","","","","","","","","","","","","","","","","","","","","","","","","","","","","","",""
"html-keyboard-response","null","<div class=""fixation"">+</div>","null","389","2.1.0","448023","duxywlrjp9","block2_then_block1","","","fixation","","","","","","","","","","","","","","","","","","","","","","","","","","","","","","","",""
"html-keyboard-response","1068","
      <div class=""chinese-character"" style=""color:#000000;"">石</div>
      <div style=""margin-top:32px; font-size:16px; color:#555; font-family:Arial,sans-serif;"">
        Say the character aloud, then press <strong>Space</strong>.
      </div>
    "," ","390","2.1.0","449091","duxywlrjp9","block2_then_block1","","","character_naming","","","","","","","","","石","shi2","character_naming_f1_24_block1_norep","1068","true","true","16718","duxywlrjp9_character_naming_f1_24_block1_norep.webm","true","{""message"":""Success""}","1","","","","","","f1_24","stone","filler","green","true","","",""
"html-keyboard-response","null","","null","391","2.1.0","449192","duxywlrjp9","block2_then_block1","","","inter_trial_interval","","","","","","","","","","","","","","","","","","","","","","","","","","","","","","","",""
"html-keyboard-response","null","<div class=""fixation"">+</div>","null","392","2.1.0","449696","duxywlrjp9","block2_then_block1","","","fixation","","","","","","","","","","","","","","","","","","","","","","","","","","","","","","","",""
"html-keyboard-response","1094","
      <div class=""chinese-character"" style=""color:#000000;"">花</div>
      <div style=""margin-top:32px; font-size:16px; color:#555; font-family:Arial,sans-serif;"">
        Say the character aloud, then press <strong>Space</strong>.
      </div>
    "," ","393","2.1.0","450790","duxywlrjp9","block2_then_block1","","","character_naming","","","","","","","","","花","hua1","character_naming_f1_6_block1_norep","1094","true","true","17684","duxywlrjp9_character_naming_f1_6_block1_norep.webm","true","{""message"":""Success""}","1","","","","","","f1_6","flower","filler","yellow","true","","",""
"html-keyboard-response","null","","null","394","2.1.0","450891","duxywlrjp9","block2_then_block1","","","inter_trial_interval","","","","","","","","","","","","","","","","","","","","","","","","","","","","","","","",""
"html-keyboard-response","null","<div class=""fixation"">+</div>","null","395","2.1.0","451407","duxywlrjp9","block2_then_block1","","","fixation","","","","","","","","","","","","","","","","","","","","","","","","","","","","","","","",""
"html-keyboard-response","1062","
      <div class=""chinese-character"" style=""color:#000000;"">虑</div>
      <div style=""margin-top:32px; font-size:16px; color:#555; font-family:Arial,sans-serif;"">
        Say the character aloud, then press <strong>Space</strong>.
      </div>
    "," ","396","2.1.0","452470","duxywlrjp9","block2_then_block1","","","character_naming","","","","","","","","","虑","lv4","character_naming_green_block1_rep1","1062","true","true","16718","duxywlrjp9_character_naming_green_block1_rep1.webm","true","{""error"":""OSF_FILE_EXISTS"",""message"":""The OSF file already exists. File names must be unique.""}","1","","","","","","green","ponder","congruent_S_T_plus","green","false","","",""
"html-keyboard-response","null","","null","397","2.1.0","452580","duxywlrjp9","block2_then_block1","","","inter_trial_interval","","","","","","","","","","","","","","","","","","","","","","","","","","","","","","","",""
"html-keyboard-response","null","<div class=""fixation"">+</div>","null","398","2.1.0","453094","duxywlrjp9","block2_then_block1","","","fixation","","","","","","","","","","","","","","","","","","","","","","","","","","","","","","","",""
"html-keyboard-response","1179","
      <div class=""chinese-character"" style=""color:#000000;"">婪</div>
      <div style=""margin-top:32px; font-size:16px; color:#555; font-family:Arial,sans-serif;"">
        Say the character aloud, then press <strong>Space</strong>.
      </div>
    "," ","399","2.1.0","454274","duxywlrjp9","block2_then_block1","","","character_naming","","","","","","","","","婪","lan2","character_naming_blue_block1_rep1","1179","true","true","18650","duxywlrjp9_character_naming_blue_block1_rep1.webm","true","{""error"":""OSF_FILE_EXISTS"",""message"":""The OSF file already exists. File names must be unique.""}","1","","","","","","blue","greedy","congruent_S_T_plus","blue","false","","",""
"html-keyboard-response","null","","null","400","2.1.0","454382","duxywlrjp9","block2_then_block1","","","inter_trial_interval","","","","","","","","","","","","","","","","","","","","","","","","","","","","","","","",""
"html-keyboard-response","null","<div class=""fixation"">+</div>","null","401","2.1.0","454884","duxywlrjp9","block2_then_block1","","","fixation","","","","","","","","","","","","","","","","","","","","","","","","","","","","","","","",""
"html-keyboard-response","1045","
      <div class=""chinese-character"" style=""color:#000000;"">鱼</div>
      <div style=""margin-top:32px; font-size:16px; color:#555; font-family:Arial,sans-serif;"">
        Say the character aloud, then press <strong>Space</strong>.
      </div>
    "," ","402","2.1.0","455930","duxywlrjp9","block2_then_block1","","","character_naming","","","","","","","","","鱼","yu2","character_naming_f1_12_block1_norep","1045","true","true","16718","duxywlrjp9_character_naming_f1_12_block1_norep.webm","true","{""message"":""Success""}","1","","","","","","f1_12","fish","filler","green","true","","",""
"html-keyboard-response","null","","null","403","2.1.0","456035","duxywlrjp9","block2_then_block1","","","inter_trial_interval","","","","","","","","","","","","","","","","","","","","","","","","","","","","","","","",""
"html-keyboard-response","null","<div class=""fixation"">+</div>","null","404","2.1.0","456543","duxywlrjp9","block2_then_block1","","","fixation","","","","","","","","","","","","","","","","","","","","","","","","","","","","","","","",""
"html-keyboard-response","1176","
      <div class=""chinese-character"" style=""color:#000000;"">红</div>
      <div style=""margin-top:32px; font-size:16px; color:#555; font-family:Arial,sans-serif;"">
        Say the character aloud, then press <strong>Space</strong>.
      </div>
    "," ","405","2.1.0","457719","duxywlrjp9","block2_then_block1","","","character_naming","","","","","","","","","红","hong2","character_naming_red_block1_rep1","1176","true","true","18650","duxywlrjp9_character_naming_red_block1_rep1.webm","true","{""error"":""OSF_FILE_EXISTS"",""message"":""The OSF file already exists. File names must be unique.""}","1","","","","","","red","red","incongruent_color_character","blue","false","","",""
"html-keyboard-response","null","","null","406","2.1.0","457833","duxywlrjp9","block2_then_block1","","","inter_trial_interval","","","","","","","","","","","","","","","","","","","","","","","","","","","","","","","",""
"html-keyboard-response","null","<div class=""fixation"">+</div>","null","407","2.1.0","458339","duxywlrjp9","block2_then_block1","","","fixation","","","","","","","","","","","","","","","","","","","","","","","","","","","","","","","",""
"html-keyboard-response","1097","
      <div class=""chinese-character"" style=""color:#000000;"">云</div>
      <div style=""margin-top:32px; font-size:16px; color:#555; font-family:Arial,sans-serif;"">
        Say the character aloud, then press <strong>Space</strong>.
      </div>
    "," ","408","2.1.0","459436","duxywlrjp9","block2_then_block1","","","character_naming","","","","","","","","","云","yun2","character_naming_f1_9_block1_norep","1097","true","true","17684","duxywlrjp9_character_naming_f1_9_block1_norep.webm","true","{""message"":""Success""}","1","","","","","","f1_9","cloud","filler","red","true","","",""
"html-keyboard-response","null","","null","409","2.1.0","459537","duxywlrjp9","block2_then_block1","","","inter_trial_interval","","","","","","","","","","","","","","","","","","","","","","","","","","","","","","","",""
"html-keyboard-response","null","<div class=""fixation"">+</div>","null","410","2.1.0","460045","duxywlrjp9","block2_then_block1","","","fixation","","","","","","","","","","","","","","","","","","","","","","","","","","","","","","","",""
"html-keyboard-response","1085","
      <div class=""chinese-character"" style=""color:#000000;"">洞</div>
      <div style=""margin-top:32px; font-size:16px; color:#555; font-family:Arial,sans-serif;"">
        Say the character aloud, then press <strong>Space</strong>.
      </div>
    "," ","411","2.1.0","461131","duxywlrjp9","block2_then_block1","","","character_naming","","","","","","","","","洞","dong4","character_naming_green_block1_rep1","1085","true","true","17684","duxywlrjp9_character_naming_green_block1_rep1.webm","true","{""error"":""OSF_FILE_EXISTS"",""message"":""The OSF file already exists. File names must be unique.""}","1","","","","","","green","hole","congruent_S_minus_T_plus","green","false","","",""
"html-keyboard-response","null","","null","412","2.1.0","461237","duxywlrjp9","block2_then_block1","","","inter_trial_interval","","","","","","","","","","","","","","","","","","","","","","","","","","","","","","","",""
"html-keyboard-response","null","<div class=""fixation"">+</div>","null","413","2.1.0","461742","duxywlrjp9","block2_then_block1","","","fixation","","","","","","","","","","","","","","","","","","","","","","","","","","","","","","","",""
"html-keyboard-response","1000","
      <div class=""chinese-character"" style=""color:#000000;"">皇</div>
      <div style=""margin-top:32px; font-size:16px; color:#555; font-family:Arial,sans-serif;"">
        Say the character aloud, then press <strong>Space</strong>.
      </div>
    "," ","414","2.1.0","462742","duxywlrjp9","block2_then_block1","","","character_naming","","","","","","","","","皇","huang2","character_naming_yellow_block1_rep1","1000","true","true","15752","duxywlrjp9_character_naming_yellow_block1_rep1.webm","true","{""error"":""OSF_FILE_EXISTS"",""message"":""The OSF file already exists. File names must be unique.""}","1","","","","","","yellow","emperor","congruent_S_T_plus","yellow","false","","",""
"html-keyboard-response","null","","null","415","2.1.0","462845","duxywlrjp9","block2_then_block1","","","inter_trial_interval","","","","","","","","","","","","","","","","","","","","","","","","","","","","","","","",""
"html-keyboard-response","null","<div class=""fixation"">+</div>","null","416","2.1.0","463353","duxywlrjp9","block2_then_block1","","","fixation","","","","","","","","","","","","","","","","","","","","","","","","","","","","","","","",""
"html-keyboard-response","1036","
      <div class=""chinese-character"" style=""color:#000000;"">涂</div>
      <div style=""margin-top:32px; font-size:16px; color:#555; font-family:Arial,sans-serif;"">
        Say the character aloud, then press <strong>Space</strong>.
      </div>
    "," ","417","2.1.0","464390","duxywlrjp9","block2_then_block1","","","character_naming","","","","","","","","","涂","tu2","character_naming_green_block1_rep1","1036","true","true","16718","duxywlrjp9_character_naming_green_block1_rep1.webm","true","{""error"":""OSF_FILE_EXISTS"",""message"":""The OSF file already exists. File names must be unique.""}","1","","","","","","green","paint","neutral","green","false","","",""
"html-keyboard-response","null","","null","418","2.1.0","464491","duxywlrjp9","block2_then_block1","","","inter_trial_interval","","","","","","","","","","","","","","","","","","","","","","","","","","","","","","","",""
"html-keyboard-response","null","<div class=""fixation"">+</div>","null","419","2.1.0","464991","duxywlrjp9","block2_then_block1","","","fixation","","","","","","","","","","","","","","","","","","","","","","","","","","","","","","","",""
"html-keyboard-response","1138","
      <div class=""chinese-character"" style=""color:#000000;"">灯</div>
      <div style=""margin-top:32px; font-size:16px; color:#555; font-family:Arial,sans-serif;"">
        Say the character aloud, then press <strong>Space</strong>.
      </div>
    "," ","420","2.1.0","466130","duxywlrjp9","block2_then_block1","","","character_naming","","","","","","","","","灯","deng1","character_naming_f1_21_block1_norep","1138","true","true","17684","duxywlrjp9_character_naming_f1_21_block1_norep.webm","true","{""message"":""Success""}","1","","","","","","f1_21","lamp","filler","red","true","","",""
"html-keyboard-response","null","","null","421","2.1.0","466240","duxywlrjp9","block2_then_block1","","","inter_trial_interval","","","","","","","","","","","","","","","","","","","","","","","","","","","","","","","",""
"html-keyboard-response","null","<div class=""fixation"">+</div>","null","422","2.1.0","466744","duxywlrjp9","block2_then_block1","","","fixation","","","","","","","","","","","","","","","","","","","","","","","","","","","","","","","",""
"html-keyboard-response","1113","
      <div class=""chinese-character"" style=""color:#000000;"">风</div>
      <div style=""margin-top:32px; font-size:16px; color:#555; font-family:Arial,sans-serif;"">
        Say the character aloud, then press <strong>Space</strong>.
      </div>
    "," ","423","2.1.0","467858","duxywlrjp9","block2_then_block1","","","character_naming","","","","","","","","","风","feng1","character_naming_f1_10_block1_norep","1113","true","true","17684","duxywlrjp9_character_naming_f1_10_block1_norep.webm","true","{""message"":""Success""}","1","","","","","","f1_10","wind","filler","yellow","true","","",""
"html-keyboard-response","null","","null","424","2.1.0","467962","duxywlrjp9","block2_then_block1","","","inter_trial_interval","","","","","","","","","","","","","","","","","","","","","","","","","","","","","","","",""
"html-keyboard-response","null","<div class=""fixation"">+</div>","null","425","2.1.0","468473","duxywlrjp9","block2_then_block1","","","fixation","","","","","","","","","","","","","","","","","","","","","","","","","","","","","","","",""
"html-keyboard-response","1197","
      <div class=""chinese-character"" style=""color:#000000;"">水</div>
      <div style=""margin-top:32px; font-size:16px; color:#555; font-family:Arial,sans-serif;"">
        Say the character aloud, then press <strong>Space</strong>.
      </div>
    "," ","426","2.1.0","469670","duxywlrjp9","block2_then_block1","","","character_naming","","","","","","","","","水","shui3","character_naming_f1_3_block1_norep","1197","true","true","18650","duxywlrjp9_character_naming_f1_3_block1_norep.webm","true","{""message"":""Success""}","1","","","","","","f1_3","water","filler","blue","true","","",""
"html-keyboard-response","null","","null","427","2.1.0","469780","duxywlrjp9","block2_then_block1","","","inter_trial_interval","","","","","","","","","","","","","","","","","","","","","","","","","","","","","","","",""
"html-keyboard-response","null","<div class=""fixation"">+</div>","null","428","2.1.0","470282","duxywlrjp9","block2_then_block1","","","fixation","","","","","","","","","","","","","","","","","","","","","","","","","","","","","","","",""
"html-keyboard-response","1110","
      <div class=""chinese-character"" style=""color:#000000;"">缠</div>
      <div style=""margin-top:32px; font-size:16px; color:#555; font-family:Arial,sans-serif;"">
        Say the character aloud, then press <strong>Space</strong>.
      </div>
    "," ","429","2.1.0","471393","duxywlrjp9","block2_then_block1","","","character_naming","","","","","","","","","缠","chan2","character_naming_yellow_block1_rep1","1110","true","true","17684","duxywlrjp9_character_naming_yellow_block1_rep1.webm","true","{""error"":""OSF_FILE_EXISTS"",""message"":""The OSF file already exists. File names must be unique.""}","1","","","","","","yellow","wrap around","congruent_S_minus_T_plus","yellow","false","","",""
"html-keyboard-response","null","","null","430","2.1.0","471501","duxywlrjp9","block2_then_block1","","","inter_trial_interval","","","","","","","","","","","","","","","","","","","","","","","","","","","","","","","",""
"html-keyboard-response","null","<div class=""fixation"">+</div>","null","431","2.1.0","472005","duxywlrjp9","block2_then_block1","","","fixation","","","","","","","","","","","","","","","","","","","","","","","","","","","","","","","",""
"html-keyboard-response","1135","
      <div class=""chinese-character"" style=""color:#000000;"">轰</div>
      <div style=""margin-top:32px; font-size:16px; color:#555; font-family:Arial,sans-serif;"">
        Say the character aloud, then press <strong>Space</strong>.
      </div>
    "," ","432","2.1.0","473141","duxywlrjp9","block2_then_block1","","","character_naming","","","","","","","","","轰","hong1","character_naming_red_block1_rep1","1135","true","true","17684","duxywlrjp9_character_naming_red_block1_rep1.webm","true","{""error"":""OSF_FILE_EXISTS"",""message"":""The OSF file already exists. File names must be unique.""}","1","","","","","","red","boom","congruent_S_plus_T_minus","red","false","","",""
"html-keyboard-response","null","","null","433","2.1.0","473251","duxywlrjp9","block2_then_block1","","","inter_trial_interval","","","","","","","","","","","","","","","","","","","","","","","","","","","","","","","",""
"html-keyboard-response","null","<div class=""fixation"">+</div>","null","434","2.1.0","473759","duxywlrjp9","block2_then_block1","","","fixation","","","","","","","","","","","","","","","","","","","","","","","","","","","","","","","",""
"html-keyboard-response","1391","
      <div class=""chinese-character"" style=""color:#000000;"">红</div>
      <div style=""margin-top:32px; font-size:16px; color:#555; font-family:Arial,sans-serif;"">
        Say the character aloud, then press <strong>Space</strong>.
      </div>
    "," ","435","2.1.0","475151","duxywlrjp9","block2_then_block1","","","character_naming","","","","","","","","","红","hong2","character_naming_red_block1_rep1","1391","true","true","22514","duxywlrjp9_character_naming_red_block1_rep1.webm","true","{""error"":""OSF_FILE_EXISTS"",""message"":""The OSF file already exists. File names must be unique.""}","1","","","","","","red","red","congruent_color_character","red","false","","",""
"html-keyboard-response","null","","null","436","2.1.0","475256","duxywlrjp9","block2_then_block1","","","inter_trial_interval","","","","","","","","","","","","","","","","","","","","","","","","","","","","","","","",""
"html-keyboard-response","null","<div class=""fixation"">+</div>","null","437","2.1.0","475758","duxywlrjp9","block2_then_block1","","","fixation","","","","","","","","","","","","","","","","","","","","","","","","","","","","","","","",""
"html-keyboard-response","1156","
      <div class=""chinese-character"" style=""color:#000000;"">山</div>
      <div style=""margin-top:32px; font-size:16px; color:#555; font-family:Arial,sans-serif;"">
        Say the character aloud, then press <strong>Space</strong>.
      </div>
    "," ","438","2.1.0","476915","duxywlrjp9","block2_then_block1","","","character_naming","","","","","","","","","山","shan1","character_naming_f1_2_block1_norep","1156","true","true","18650","duxywlrjp9_character_naming_f1_2_block1_norep.webm","true","{""message"":""Success""}","1","","","","","","f1_2","mountain","filler","yellow","true","","",""
"html-keyboard-response","null","","null","439","2.1.0","477016","duxywlrjp9","block2_then_block1","","","inter_trial_interval","","","","","","","","","","","","","","","","","","","","","","","","","","","","","","","",""
"html-keyboard-response","null","<div class=""fixation"">+</div>","null","440","2.1.0","477521","duxywlrjp9","block2_then_block1","","","fixation","","","","","","","","","","","","","","","","","","","","","","","","","","","","","","","",""
"html-keyboard-response","1066","
      <div class=""chinese-character"" style=""color:#000000;"">黄</div>
      <div style=""margin-top:32px; font-size:16px; color:#555; font-family:Arial,sans-serif;"">
        Say the character aloud, then press <strong>Space</strong>.
      </div>
    "," ","441","2.1.0","478587","duxywlrjp9","block2_then_block1","","","character_naming","","","","","","","","","黄","huang2","character_naming_yellow_block1_rep1","1066","true","true","16718","duxywlrjp9_character_naming_yellow_block1_rep1.webm","true","{""error"":""OSF_FILE_EXISTS"",""message"":""The OSF file already exists. File names must be unique.""}","1","","","","","","yellow","yellow","congruent_color_character","yellow","false","","",""
"html-keyboard-response","null","","null","442","2.1.0","478695","duxywlrjp9","block2_then_block1","","","inter_trial_interval","","","","","","","","","","","","","","","","","","","","","","","","","","","","","","","",""
"html-keyboard-response","null","<div class=""fixation"">+</div>","null","443","2.1.0","479201","duxywlrjp9","block2_then_block1","","","fixation","","","","","","","","","","","","","","","","","","","","","","","","","","","","","","","",""
"html-keyboard-response","1235","
      <div class=""chinese-character"" style=""color:#000000;"">牵</div>
      <div style=""margin-top:32px; font-size:16px; color:#555; font-family:Arial,sans-serif;"">
        Say the character aloud, then press <strong>Space</strong>.
      </div>
    "," ","444","2.1.0","480436","duxywlrjp9","block2_then_block1","","","character_naming","","","","","","","","","牵","qian1","character_naming_red_block1_rep1","1235","true","true","19616","duxywlrjp9_character_naming_red_block1_rep1.webm","true","{""error"":""OSF_FILE_EXISTS"",""message"":""The OSF file already exists. File names must be unique.""}","1","","","","","","red","lead along","neutral","red","false","","",""
"html-keyboard-response","null","","null","445","2.1.0","480547","duxywlrjp9","block2_then_block1","","","inter_trial_interval","","","","","","","","","","","","","","","","","","","","","","","","","","","","","","","",""
"html-keyboard-response","null","<div class=""fixation"">+</div>","null","446","2.1.0","481049","duxywlrjp9","block2_then_block1","","","fixation","","","","","","","","","","","","","","","","","","","","","","","","","","","","","","","",""
"html-keyboard-response","1131","
      <div class=""chinese-character"" style=""color:#000000;"">茶</div>
      <div style=""margin-top:32px; font-size:16px; color:#555; font-family:Arial,sans-serif;"">
        Say the character aloud, then press <strong>Space</strong>.
      </div>
    "," ","447","2.1.0","482181","duxywlrjp9","block2_then_block1","","","character_naming","","","","","","","","","茶","cha2","character_naming_f1_20_block1_norep","1131","true","true","17684","duxywlrjp9_character_naming_f1_20_block1_norep.webm","true","{""message"":""Success""}","1","","","","","","f1_20","tea","filler","green","true","","",""
"html-keyboard-response","null","","null","448","2.1.0","482286","duxywlrjp9","block2_then_block1","","","inter_trial_interval","","","","","","","","","","","","","","","","","","","","","","","","","","","","","","","",""
"html-keyboard-response","null","<div class=""fixation"">+</div>","null","449","2.1.0","482792","duxywlrjp9","block2_then_block1","","","fixation","","","","","","","","","","","","","","","","","","","","","","","","","","","","","","","",""
"html-keyboard-response","1258","
      <div class=""chinese-character"" style=""color:#000000;"">览</div>
      <div style=""margin-top:32px; font-size:16px; color:#555; font-family:Arial,sans-serif;"">
        Say the character aloud, then press <strong>Space</strong>.
      </div>
    "," ","450","2.1.0","484051","duxywlrjp9","block2_then_block1","","","character_naming","","","","","","","","","览","lan3","character_naming_blue_block1_rep1","1258","true","true","19616","duxywlrjp9_character_naming_blue_block1_rep1.webm","true","{""error"":""OSF_FILE_EXISTS"",""message"":""The OSF file already exists. File names must be unique.""}","1","","","","","","blue","view","congruent_S_plus_T_minus","blue","false","","",""
"html-keyboard-response","null","","null","451","2.1.0","484155","duxywlrjp9","block2_then_block1","","","inter_trial_interval","","","","","","","","","","","","","","","","","","","","","","","","","","","","","","","",""
"html-keyboard-response","null","<div class=""fixation"">+</div>","null","452","2.1.0","484659","duxywlrjp9","block2_then_block1","","","fixation","","","","","","","","","","","","","","","","","","","","","","","","","","","","","","","",""
"html-keyboard-response","1124","
      <div class=""chinese-character"" style=""color:#000000;"">路</div>
      <div style=""margin-top:32px; font-size:16px; color:#555; font-family:Arial,sans-serif;"">
        Say the character aloud, then press <strong>Space</strong>.
      </div>
    "," ","453","2.1.0","485784","duxywlrjp9","block2_then_block1","","","character_naming","","","","","","","","","路","lu4","character_naming_f1_14_block1_norep","1124","true","true","17684","duxywlrjp9_character_naming_f1_14_block1_norep.webm","true","{""message"":""Success""}","1","","","","","","f1_14","road","filler","yellow","true","","",""
"html-keyboard-response","null","","null","454","2.1.0","485892","duxywlrjp9","block2_then_block1","","","inter_trial_interval","","","","","","","","","","","","","","","","","","","","","","","","","","","","","","","",""
"html-keyboard-response","null","<div class=""fixation"">+</div>","null","455","2.1.0","486408","duxywlrjp9","block2_then_block1","","","fixation","","","","","","","","","","","","","","","","","","","","","","","","","","","","","","","",""
"html-keyboard-response","1208","
      <div class=""chinese-character"" style=""color:#000000;"">鸟</div>
      <div style=""margin-top:32px; font-size:16px; color:#555; font-family:Arial,sans-serif;"">
        Say the character aloud, then press <strong>Space</strong>.
      </div>
    "," ","456","2.1.0","487617","duxywlrjp9","block2_then_block1","","","character_naming","","","","","","","","","鸟","niao3","character_naming_f1_11_block1_norep","1208","true","true","19616","duxywlrjp9_character_naming_f1_11_block1_norep.webm","true","{""message"":""Success""}","1","","","","","","f1_11","bird","filler","blue","true","","",""
"html-keyboard-response","null","","null","457","2.1.0","487724","duxywlrjp9","block2_then_block1","","","inter_trial_interval","","","","","","","","","","","","","","","","","","","","","","","","","","","","","","","",""
"html-keyboard-response","null","<div class=""fixation"">+</div>","null","458","2.1.0","488231","duxywlrjp9","block2_then_block1","","","fixation","","","","","","","","","","","","","","","","","","","","","","","","","","","","","","","",""
"html-keyboard-response","1158","
      <div class=""chinese-character"" style=""color:#000000;"">手</div>
      <div style=""margin-top:32px; font-size:16px; color:#555; font-family:Arial,sans-serif;"">
        Say the character aloud, then press <strong>Space</strong>.
      </div>
    "," ","459","2.1.0","489390","duxywlrjp9","block2_then_block1","","","character_naming","","","","","","","","","手","shou3","character_naming_f1_8_block1_norep","1158","true","true","18650","duxywlrjp9_character_naming_f1_8_block1_norep.webm","true","{""message"":""Success""}","1","","","","","","f1_8","hand","filler","green","true","","",""
"html-keyboard-response","null","","null","460","2.1.0","489492","duxywlrjp9","block2_then_block1","","","inter_trial_interval","","","","","","","","","","","","","","","","","","","","","","","","","","","","","","","",""
"html-keyboard-response","null","<div class=""fixation"">+</div>","null","461","2.1.0","489996","duxywlrjp9","block2_then_block1","","","fixation","","","","","","","","","","","","","","","","","","","","","","","","","","","","","","","",""
"html-keyboard-response","1238","
      <div class=""chinese-character"" style=""color:#000000;"">窗</div>
      <div style=""margin-top:32px; font-size:16px; color:#555; font-family:Arial,sans-serif;"">
        Say the character aloud, then press <strong>Space</strong>.
      </div>
    "," ","462","2.1.0","491235","duxywlrjp9","block2_then_block1","","","character_naming","","","","","","","","","窗","chuang1","character_naming_f1_15_block1_norep","1238","true","true","19616","duxywlrjp9_character_naming_f1_15_block1_norep.webm","true","{""message"":""Success""}","1","","","","","","f1_15","window","filler","blue","true","","",""
"html-keyboard-response","null","","null","463","2.1.0","491348","duxywlrjp9","block2_then_block1","","","inter_trial_interval","","","","","","","","","","","","","","","","","","","","","","","","","","","","","","","",""
"html-keyboard-response","null","<div class=""fixation"">+</div>","null","464","2.1.0","491862","duxywlrjp9","block2_then_block1","","","fixation","","","","","","","","","","","","","","","","","","","","","","","","","","","","","","","",""
"html-keyboard-response","1027","
      <div class=""chinese-character"" style=""color:#000000;"">桥</div>
      <div style=""margin-top:32px; font-size:16px; color:#555; font-family:Arial,sans-serif;"">
        Say the character aloud, then press <strong>Space</strong>.
      </div>
    "," ","465","2.1.0","492890","duxywlrjp9","block2_then_block1","","","character_naming","","","","","","","","","桥","qiao2","character_naming_f1_18_block1_norep","1027","true","true","16718","duxywlrjp9_character_naming_f1_18_block1_norep.webm","true","{""message"":""Success""}","1","","","","","","f1_18","bridge","filler","yellow","true","","",""
"html-keyboard-response","null","","null","466","2.1.0","492991","duxywlrjp9","block2_then_block1","","","inter_trial_interval","","","","","","","","","","","","","","","","","","","","","","","","","","","","","","","",""
"html-keyboard-response","null","<div class=""fixation"">+</div>","null","467","2.1.0","493494","duxywlrjp9","block2_then_block1","","","fixation","","","","","","","","","","","","","","","","","","","","","","","","","","","","","","","",""
"html-keyboard-response","1150","
      <div class=""chinese-character"" style=""color:#000000;"">洪</div>
      <div style=""margin-top:32px; font-size:16px; color:#555; font-family:Arial,sans-serif;"">
        Say the character aloud, then press <strong>Space</strong>.
      </div>
    "," ","468","2.1.0","494644","duxywlrjp9","block2_then_block1","","","character_naming","","","","","","","","","洪","hong2","character_naming_red_block1_rep1","1150","true","true","18650","duxywlrjp9_character_naming_red_block1_rep1.webm","true","{""error"":""OSF_FILE_EXISTS"",""message"":""The OSF file already exists. File names must be unique.""}","1","","","","","","red","flood","congruent_S_T_plus","red","false","","",""
"html-keyboard-response","null","","null","469","2.1.0","494744","duxywlrjp9","block2_then_block1","","","inter_trial_interval","","","","","","","","","","","","","","","","","","","","","","","","","","","","","","","",""
"html-keyboard-response","9244","
      <div class=""instructions"">
        <h2>English Color-Naming — Block 1</h2>
        <p>You will see Chinese characters printed in color.</p>
        <p>Your task is to identify the <strong>ink color in English</strong>.</p>
        <p>Ignore the character itself.</p>
        <p><strong>R</strong> = red, <strong>Y</strong> = yellow, <strong>B</strong> = blue, <strong>G</strong> = green.</p>
        <p>Press <strong>Space</strong> to begin.</p>
      </div>
    "," ","470","2.1.0","503989","duxywlrjp9","block2_then_block1","","","","","","","","","","","","","","","","","","","","","","","","","","","","","","","","","","",""
"html-keyboard-response","1703","
      <div class=""instructions"">
        <h2>Keyboard Check</h2>
        <p>Before we continue, please press the <strong>G</strong> key
        (for <strong>green</strong>) on your keyboard.</p>
        <p style=""color:#888;font-size:0.9em;"">
          If your keyboard is set to a Chinese input method (IME),
          please switch to English / Roman input now, otherwise the experiment cannot record your responses.
        </p>
      </div>
    ","g","471","2.1.0","505692","duxywlrjp9","block2_then_block1","","","keyboard_check","","","","","","","","","","","","","","","","","","","1","g","","","","","","","","","","","",""
"html-keyboard-response","null","<div class=""fixation"">+</div>","null","472","2.1.0","506197","duxywlrjp9","block2_then_block1","","","fixation","","","","","","","","","","","","","","","","","","","","","","","","","","","","","","","",""
"html-keyboard-response","663","<div class=""chinese-character"" style=""color:#2ca02c;"">树</div>","g","473","2.1.0","506860","duxywlrjp9","block2_then_block1","","","color_naming","","","","","","","","","树","shu4","","","","","","","","","1","","green","g","green","true","f1_16","tree","","","true","filler","false","null"
"html-keyboard-response","null","","null","474","2.1.0","507865","duxywlrjp9","block2_then_block1","","","inter_trial_interval","","","","","","","","","","","","","","","","","","","","","","","","","","","","","","","",""
"html-keyboard-response","null","<div class=""fixation"">+</div>","null","475","2.1.0","508380","duxywlrjp9","block2_then_block1","","","fixation","","","","","","","","","","","","","","","","","","","","","","","","","","","","","","","",""
"html-keyboard-response","941","<div class=""chinese-character"" style=""color:#d62728;"">书</div>","r","476","2.1.0","509322","duxywlrjp9","block2_then_block1","","","color_naming","","","","","","","","","书","shu1","","","","","","","","","1","","red","r","red","true","f1_1","book","","","true","filler","false","null"
"html-keyboard-response","null","","null","477","2.1.0","510336","duxywlrjp9","block2_then_block1","","","inter_trial_interval","","","","","","","","","","","","","","","","","","","","","","","","","","","","","","","",""
"html-keyboard-response","null","<div class=""fixation"">+</div>","null","478","2.1.0","510841","duxywlrjp9","block2_then_block1","","","fixation","","","","","","","","","","","","","","","","","","","","","","","","","","","","","","","",""
"html-keyboard-response","702","<div class=""chinese-character"" style=""color:#2ca02c;"">石</div>","g","479","2.1.0","511543","duxywlrjp9","block2_then_block1","","","color_naming","","","","","","","","","石","shi2","","","","","","","","","1","","green","g","green","true","f1_24","stone","","","true","filler","false","null"
"html-keyboard-response","null","","null","480","2.1.0","512552","duxywlrjp9","block2_then_block1","","","inter_trial_interval","","","","","","","","","","","","","","","","","","","","","","","","","","","","","","","",""
"html-keyboard-response","null","<div class=""fixation"">+</div>","null","481","2.1.0","513057","duxywlrjp9","block2_then_block1","","","fixation","","","","","","","","","","","","","","","","","","","","","","","","","","","","","","","",""
"html-keyboard-response","604","<div class=""chinese-character"" style=""color:#1f77b4;"">纸</div>","b","482","2.1.0","513661","duxywlrjp9","block2_then_block1","","","color_naming","","","","","","","","","纸","zhi3","","","","","","","","","1","","blue","b","blue","true","f1_19","paper","","","true","filler","false","null"
"html-keyboard-response","null","","null","483","2.1.0","514675","duxywlrjp9","block2_then_block1","","","inter_trial_interval","","","","","","","","","","","","","","","","","","","","","","","","","","","","","","","",""
"html-keyboard-response","null","<div class=""fixation"">+</div>","null","484","2.1.0","515180","duxywlrjp9","block2_then_block1","","","fixation","","","","","","","","","","","","","","","","","","","","","","","","","","","","","","","",""
"html-keyboard-response","819","<div class=""chinese-character"" style=""color:#d62728;"">牵</div>","r","485","2.1.0","515999","duxywlrjp9","block2_then_block1","","","color_naming","","","","","","","","","牵","qian1","","","","","","","","","1","","red","r","red","true","red","lead along","","","false","neutral","true","1"
"html-keyboard-response","null","","null","486","2.1.0","517002","duxywlrjp9","block2_then_block1","","","inter_trial_interval","","","","","","","","","","","","","","","","","","","","","","","","","","","","","","","",""
"html-keyboard-response","null","<div class=""fixation"">+</div>","null","487","2.1.0","517507","duxywlrjp9","block2_then_block1","","","fixation","","","","","","","","","","","","","","","","","","","","","","","","","","","","","","","",""
"html-keyboard-response","1030","<div class=""chinese-character"" style=""color:#d6b300;"">黄</div>","y","488","2.1.0","518538","duxywlrjp9","block2_then_block1","","","color_naming","","","","","","","","","黄","huang2","","","","","","","","","1","","yellow","y","yellow","true","yellow","yellow","","","false","congruent_color_character","true","1"
"html-keyboard-response","null","","null","489","2.1.0","519554","duxywlrjp9","block2_then_block1","","","inter_trial_interval","","","","","","","","","","","","","","","","","","","","","","","","","","","","","","","",""
"html-keyboard-response","null","<div class=""fixation"">+</div>","null","490","2.1.0","520055","duxywlrjp9","block2_then_block1","","","fixation","","","","","","","","","","","","","","","","","","","","","","","","","","","","","","","",""
"html-keyboard-response","827","<div class=""chinese-character"" style=""color:#1f77b4;"">月</div>","g","491","2.1.0","520882","duxywlrjp9","block2_then_block1","","","color_naming","","","","","","","","","月","yue4","","","","","","","","","1","","blue","b","green","false","f1_7","moon","","","true","filler","false","null"
"html-keyboard-response","null","","null","492","2.1.0","521887","duxywlrjp9","block2_then_block1","","","inter_trial_interval","","","","","","","","","","","","","","","","","","","","","","","","","","","","","","","",""
"html-keyboard-response","null","<div class=""fixation"">+</div>","null","493","2.1.0","522402","duxywlrjp9","block2_then_block1","","","fixation","","","","","","","","","","","","","","","","","","","","","","","","","","","","","","","",""
"html-keyboard-response","802","<div class=""chinese-character"" style=""color:#d62728;"">洪</div>","r","494","2.1.0","523204","duxywlrjp9","block2_then_block1","","","color_naming","","","","","","","","","洪","hong2","","","","","","","","","1","","red","r","red","true","red","flood","","","false","congruent_S_T_plus","true","1"
"html-keyboard-response","null","","null","495","2.1.0","524220","duxywlrjp9","block2_then_block1","","","inter_trial_interval","","","","","","","","","","","","","","","","","","","","","","","","","","","","","","","",""
"html-keyboard-response","null","<div class=""fixation"">+</div>","null","496","2.1.0","524722","duxywlrjp9","block2_then_block1","","","fixation","","","","","","","","","","","","","","","","","","","","","","","","","","","","","","","",""
"html-keyboard-response","895","<div class=""chinese-character"" style=""color:#d62728;"">家</div>","r","497","2.1.0","525617","duxywlrjp9","block2_then_block1","","","color_naming","","","","","","","","","家","jia1","","","","","","","","","1","","red","r","red","true","f1_13","home","","","true","filler","false","null"
"html-keyboard-response","null","","null","498","2.1.0","526623","duxywlrjp9","block2_then_block1","","","inter_trial_interval","","","","","","","","","","","","","","","","","","","","","","","","","","","","","","","",""
"html-keyboard-response","null","<div class=""fixation"">+</div>","null","499","2.1.0","527130","duxywlrjp9","block2_then_block1","","","fixation","","","","","","","","","","","","","","","","","","","","","","","","","","","","","","","",""
"html-keyboard-response","578","<div class=""chinese-character"" style=""color:#d62728;"">雨</div>","r","500","2.1.0","527708","duxywlrjp9","block2_then_block1","","","color_naming","","","","","","","","","雨","yu3","","","","","","","","","1","","red","r","red","true","f1_17","rain","","","true","filler","false","null"
"html-keyboard-response","null","","null","501","2.1.0","528713","duxywlrjp9","block2_then_block1","","","inter_trial_interval","","","","","","","","","","","","","","","","","","","","","","","","","","","","","","","",""
"html-keyboard-response","null","<div class=""fixation"">+</div>","null","502","2.1.0","529216","duxywlrjp9","block2_then_block1","","","fixation","","","","","","","","","","","","","","","","","","","","","","","","","","","","","","","",""
"html-keyboard-response","1478","<div class=""chinese-character"" style=""color:#1f77b4;"">窗</div>","b","503","2.1.0","530694","duxywlrjp9","block2_then_block1","","","color_naming","","","","","","","","","窗","chuang1","","","","","","","","","1","","blue","b","blue","true","f1_15","window","","","true","filler","false","null"
"html-keyboard-response","null","","null","504","2.1.0","531706","duxywlrjp9","block2_then_block1","","","inter_trial_interval","","","","","","","","","","","","","","","","","","","","","","","","","","","","","","","",""
"html-keyboard-response","null","<div class=""fixation"">+</div>","null","505","2.1.0","532206","duxywlrjp9","block2_then_block1","","","fixation","","","","","","","","","","","","","","","","","","","","","","","","","","","","","","","",""
"html-keyboard-response","744","<div class=""chinese-character"" style=""color:#2ca02c;"">手</div>","g","506","2.1.0","532950","duxywlrjp9","block2_then_block1","","","color_naming","","","","","","","","","手","shou3","","","","","","","","","1","","green","g","green","true","f1_8","hand","","","true","filler","false","null"
"html-keyboard-response","null","","null","507","2.1.0","533953","duxywlrjp9","block2_then_block1","","","inter_trial_interval","","","","","","","","","","","","","","","","","","","","","","","","","","","","","","","",""
"html-keyboard-response","null","<div class=""fixation"">+</div>","null","508","2.1.0","534457","duxywlrjp9","block2_then_block1","","","fixation","","","","","","","","","","","","","","","","","","","","","","","","","","","","","","","",""
"html-keyboard-response","812","<div class=""chinese-character"" style=""color:#d62728;"">蓝</div>","r","509","2.1.0","535270","duxywlrjp9","block2_then_block1","","","color_naming","","","","","","","","","蓝","lan2","","","","","","","","","1","","red","r","red","true","blue","blue","","","false","incongruent_color_character","true","1"
"html-keyboard-response","null","","null","510","2.1.0","536284","duxywlrjp9","block2_then_block1","","","inter_trial_interval","","","","","","","","","","","","","","","","","","","","","","","","","","","","","","","",""
"html-keyboard-response","null","<div class=""fixation"">+</div>","null","511","2.1.0","536786","duxywlrjp9","block2_then_block1","","","fixation","","","","","","","","","","","","","","","","","","","","","","","","","","","","","","","",""
"html-keyboard-response","933","<div class=""chinese-character"" style=""color:#d6b300;"">趁</div>","y","512","2.1.0","537719","duxywlrjp9","block2_then_block1","","","color_naming","","","","","","","","","趁","chen4","","","","","","","","","1","","yellow","y","yellow","true","yellow","take advantage of","","","false","neutral","true","1"
"html-keyboard-response","null","","null","513","2.1.0","538730","duxywlrjp9","block2_then_block1","","","inter_trial_interval","","","","","","","","","","","","","","","","","","","","","","","","","","","","","","","",""
"html-keyboard-response","null","<div class=""fixation"">+</div>","null","514","2.1.0","539239","duxywlrjp9","block2_then_block1","","","fixation","","","","","","","","","","","","","","","","","","","","","","","","","","","","","","","",""
"html-keyboard-response","665","<div class=""chinese-character"" style=""color:#d6b300;"">城</div>","y","515","2.1.0","539903","duxywlrjp9","block2_then_block1","","","color_naming","","","","","","","","","城","cheng2","","","","","","","","","1","","yellow","y","yellow","true","f1_22","city","","","true","filler","false","null"
"html-keyboard-response","null","","null","516","2.1.0","540917","duxywlrjp9","block2_then_block1","","","inter_trial_interval","","","","","","","","","","","","","","","","","","","","","","","","","","","","","","","",""
"html-keyboard-response","null","<div class=""fixation"">+</div>","null","517","2.1.0","541419","duxywlrjp9","block2_then_block1","","","fixation","","","","","","","","","","","","","","","","","","","","","","","","","","","","","","","",""
"html-keyboard-response","1051","<div class=""chinese-character"" style=""color:#1f77b4;"">宫</div>","b","518","2.1.0","542470","duxywlrjp9","block2_then_block1","","","color_naming","","","","","","","","","宫","gong1","","","","","","","","","1","","blue","b","blue","true","blue","palace","","","false","neutral","true","1"
"html-keyboard-response","null","","null","519","2.1.0","543472","duxywlrjp9","block2_then_block1","","","inter_trial_interval","","","","","","","","","","","","","","","","","","","","","","","","","","","","","","","",""
"html-keyboard-response","null","<div class=""fixation"">+</div>","null","520","2.1.0","543978","duxywlrjp9","block2_then_block1","","","fixation","","","","","","","","","","","","","","","","","","","","","","","","","","","","","","","",""
"html-keyboard-response","515","<div class=""chinese-character"" style=""color:#1f77b4;"">览</div>","b","521","2.1.0","544493","duxywlrjp9","block2_then_block1","","","color_naming","","","","","","","","","览","lan3","","","","","","","","","1","","blue","b","blue","true","blue","view","","","false","congruent_S_plus_T_minus","true","1"
"html-keyboard-response","null","","null","522","2.1.0","545505","duxywlrjp9","block2_then_block1","","","inter_trial_interval","","","","","","","","","","","","","","","","","","","","","","","","","","","","","","","",""
"html-keyboard-response","null","<div class=""fixation"">+</div>","null","523","2.1.0","546007","duxywlrjp9","block2_then_block1","","","fixation","","","","","","","","","","","","","","","","","","","","","","","","","","","","","","","",""
"html-keyboard-response","534","<div class=""chinese-character"" style=""color:#d62728;"">灯</div>","r","524","2.1.0","546541","duxywlrjp9","block2_then_block1","","","color_naming","","","","","","","","","灯","deng1","","","","","","","","","1","","red","r","red","true","f1_21","lamp","","","true","filler","false","null"
"html-keyboard-response","null","","null","525","2.1.0","547554","duxywlrjp9","block2_then_block1","","","inter_trial_interval","","","","","","","","","","","","","","","","","","","","","","","","","","","","","","","",""
"html-keyboard-response","null","<div class=""fixation"">+</div>","null","526","2.1.0","548058","duxywlrjp9","block2_then_block1","","","fixation","","","","","","","","","","","","","","","","","","","","","","","","","","","","","","","",""
"html-keyboard-response","973","<div class=""chinese-character"" style=""color:#d6b300;"">绿</div>","y","527","2.1.0","549031","duxywlrjp9","block2_then_block1","","","color_naming","","","","","","","","","绿","lv4","","","","","","","","","1","","yellow","y","yellow","true","green","green","","","false","incongruent_color_character","true","1"
"html-keyboard-response","null","","null","528","2.1.0","550038","duxywlrjp9","block2_then_block1","","","inter_trial_interval","","","","","","","","","","","","","","","","","","","","","","","","","","","","","","","",""
"html-keyboard-response","null","<div class=""fixation"">+</div>","null","529","2.1.0","550541","duxywlrjp9","block2_then_block1","","","fixation","","","","","","","","","","","","","","","","","","","","","","","","","","","","","","","",""
"html-keyboard-response","713","<div class=""chinese-character"" style=""color:#d62728;"">瓶</div>","r","530","2.1.0","551254","duxywlrjp9","block2_then_block1","","","color_naming","","","","","","","","","瓶","ping2","","","","","","","","","1","","red","r","red","true","red","bottle","","","false","congruent_S_minus_T_plus","true","1"
"html-keyboard-response","null","","null","531","2.1.0","552258","duxywlrjp9","block2_then_block1","","","inter_trial_interval","","","","","","","","","","","","","","","","","","","","","","","","","","","","","","","",""
"html-keyboard-response","null","<div class=""fixation"">+</div>","null","532","2.1.0","552762","duxywlrjp9","block2_then_block1","","","fixation","","","","","","","","","","","","","","","","","","","","","","","","","","","","","","","",""
"html-keyboard-response","903","<div class=""chinese-character"" style=""color:#d6b300;"">桥</div>","y","533","2.1.0","553666","duxywlrjp9","block2_then_block1","","","color_naming","","","","","","","","","桥","qiao2","","","","","","","","","1","","yellow","y","yellow","true","f1_18","bridge","","","true","filler","false","null"
"html-keyboard-response","null","","null","534","2.1.0","554667","duxywlrjp9","block2_then_block1","","","inter_trial_interval","","","","","","","","","","","","","","","","","","","","","","","","","","","","","","","",""
"html-keyboard-response","null","<div class=""fixation"">+</div>","null","535","2.1.0","555168","duxywlrjp9","block2_then_block1","","","fixation","","","","","","","","","","","","","","","","","","","","","","","","","","","","","","","",""
"html-keyboard-response","837","<div class=""chinese-character"" style=""color:#1f77b4;"">婪</div>","b","536","2.1.0","556005","duxywlrjp9","block2_then_block1","","","color_naming","","","","","","","","","婪","lan2","","","","","","","","","1","","blue","b","blue","true","blue","greedy","","","false","congruent_S_T_plus","true","1"
"html-keyboard-response","null","","null","537","2.1.0","557007","duxywlrjp9","block2_then_block1","","","inter_trial_interval","","","","","","","","","","","","","","","","","","","","","","","","","","","","","","","",""
"html-keyboard-response","null","<div class=""fixation"">+</div>","null","538","2.1.0","557521","duxywlrjp9","block2_then_block1","","","fixation","","","","","","","","","","","","","","","","","","","","","","","","","","","","","","","",""
"html-keyboard-response","415","<div class=""chinese-character"" style=""color:#2ca02c;"">旅</div>","g","539","2.1.0","557936","duxywlrjp9","block2_then_block1","","","color_naming","","","","","","","","","旅","lv3","","","","","","","","","1","","green","g","green","true","green","travel","","","false","congruent_S_plus_T_minus","true","1"
"html-keyboard-response","null","","null","540","2.1.0","558951","duxywlrjp9","block2_then_block1","","","inter_trial_interval","","","","","","","","","","","","","","","","","","","","","","","","","","","","","","","",""
"html-keyboard-response","null","<div class=""fixation"">+</div>","null","541","2.1.0","559452","duxywlrjp9","block2_then_block1","","","fixation","","","","","","","","","","","","","","","","","","","","","","","","","","","","","","","",""
"html-keyboard-response","417","<div class=""chinese-character"" style=""color:#2ca02c;"">绿</div>","g","542","2.1.0","559869","duxywlrjp9","block2_then_block1","","","color_naming","","","","","","","","","绿","lv4","","","","","","","","","1","","green","g","green","true","green","green","","","false","congruent_color_character","true","1"
"html-keyboard-response","null","","null","543","2.1.0","560881","duxywlrjp9","block2_then_block1","","","inter_trial_interval","","","","","","","","","","","","","","","","","","","","","","","","","","","","","","","",""
"html-keyboard-response","null","<div class=""fixation"">+</div>","null","544","2.1.0","561393","duxywlrjp9","block2_then_block1","","","fixation","","","","","","","","","","","","","","","","","","","","","","","","","","","","","","","",""
"html-keyboard-response","925","<div class=""chinese-character"" style=""color:#d6b300;"">山</div>","y","545","2.1.0","562318","duxywlrjp9","block2_then_block1","","","color_naming","","","","","","","","","山","shan1","","","","","","","","","1","","yellow","y","yellow","true","f1_2","mountain","","","true","filler","false","null"
"html-keyboard-response","null","","null","546","2.1.0","563332","duxywlrjp9","block2_then_block1","","","inter_trial_interval","","","","","","","","","","","","","","","","","","","","","","","","","","","","","","","",""
"html-keyboard-response","null","<div class=""fixation"">+</div>","null","547","2.1.0","563844","duxywlrjp9","block2_then_block1","","","fixation","","","","","","","","","","","","","","","","","","","","","","","","","","","","","","","",""
"html-keyboard-response","408","<div class=""chinese-character"" style=""color:#d62728;"">红</div>","r","548","2.1.0","564252","duxywlrjp9","block2_then_block1","","","color_naming","","","","","","","","","红","hong2","","","","","","","","","1","","red","r","red","true","red","red","","","false","congruent_color_character","true","1"
"html-keyboard-response","null","","null","549","2.1.0","565261","duxywlrjp9","block2_then_block1","","","inter_trial_interval","","","","","","","","","","","","","","","","","","","","","","","","","","","","","","","",""
"html-keyboard-response","null","<div class=""fixation"">+</div>","null","550","2.1.0","565763","duxywlrjp9","block2_then_block1","","","fixation","","","","","","","","","","","","","","","","","","","","","","","","","","","","","","","",""
"html-keyboard-response","1153","<div class=""chinese-character"" style=""color:#2ca02c;"">门</div>","g","551","2.1.0","566917","duxywlrjp9","block2_then_block1","","","color_naming","","","","","","","","","门","men2","","","","","","","","","1","","green","g","green","true","f1_4","door","","","true","filler","false","null"
"html-keyboard-response","null","","null","552","2.1.0","567932","duxywlrjp9","block2_then_block1","","","inter_trial_interval","","","","","","","","","","","","","","","","","","","","","","","","","","","","","","","",""
"html-keyboard-response","null","<div class=""fixation"">+</div>","null","553","2.1.0","568446","duxywlrjp9","block2_then_block1","","","fixation","","","","","","","","","","","","","","","","","","","","","","","","","","","","","","","",""
"html-keyboard-response","683","<div class=""chinese-character"" style=""color:#d62728;"">云</div>","r","554","2.1.0","569129","duxywlrjp9","block2_then_block1","","","color_naming","","","","","","","","","云","yun2","","","","","","","","","1","","red","r","red","true","f1_9","cloud","","","true","filler","false","null"
"html-keyboard-response","null","","null","555","2.1.0","570135","duxywlrjp9","block2_then_block1","","","inter_trial_interval","","","","","","","","","","","","","","","","","","","","","","","","","","","","","","","",""
"html-keyboard-response","null","<div class=""fixation"">+</div>","null","556","2.1.0","570642","duxywlrjp9","block2_then_block1","","","fixation","","","","","","","","","","","","","","","","","","","","","","","","","","","","","","","",""
"html-keyboard-response","823","<div class=""chinese-character"" style=""color:#d6b300;"">风</div>","y","557","2.1.0","571466","duxywlrjp9","block2_then_block1","","","color_naming","","","","","","","","","风","feng1","","","","","","","","","1","","yellow","y","yellow","true","f1_10","wind","","","true","filler","false","null"
"html-keyboard-response","null","","null","558","2.1.0","572474","duxywlrjp9","block2_then_block1","","","inter_trial_interval","","","","","","","","","","","","","","","","","","","","","","","","","","","","","","","",""
"html-keyboard-response","null","<div class=""fixation"">+</div>","null","559","2.1.0","572990","duxywlrjp9","block2_then_block1","","","fixation","","","","","","","","","","","","","","","","","","","","","","","","","","","","","","","",""
"html-keyboard-response","707","<div class=""chinese-character"" style=""color:#2ca02c;"">虑</div>","g","560","2.1.0","573697","duxywlrjp9","block2_then_block1","","","color_naming","","","","","","","","","虑","lv4","","","","","","","","","1","","green","g","green","true","green","ponder","","","false","congruent_S_T_plus","true","1"
"html-keyboard-response","null","","null","561","2.1.0","574701","duxywlrjp9","block2_then_block1","","","inter_trial_interval","","","","","","","","","","","","","","","","","","","","","","","","","","","","","","","",""
"html-keyboard-response","null","<div class=""fixation"">+</div>","null","562","2.1.0","575203","duxywlrjp9","block2_then_block1","","","fixation","","","","","","","","","","","","","","","","","","","","","","","","","","","","","","","",""
"html-keyboard-response","702","<div class=""chinese-character"" style=""color:#d62728;"">轰</div>","r","563","2.1.0","575906","duxywlrjp9","block2_then_block1","","","color_naming","","","","","","","","","轰","hong1","","","","","","","","","1","","red","r","red","true","red","boom","","","false","congruent_S_plus_T_minus","true","1"
"html-keyboard-response","null","","null","564","2.1.0","576915","duxywlrjp9","block2_then_block1","","","inter_trial_interval","","","","","","","","","","","","","","","","","","","","","","","","","","","","","","","",""
"html-keyboard-response","null","<div class=""fixation"">+</div>","null","565","2.1.0","577419","duxywlrjp9","block2_then_block1","","","fixation","","","","","","","","","","","","","","","","","","","","","","","","","","","","","","","",""
"html-keyboard-response","895","<div class=""chinese-character"" style=""color:#d6b300;"">缠</div>","y","566","2.1.0","578314","duxywlrjp9","block2_then_block1","","","color_naming","","","","","","","","","缠","chan2","","","","","","","","","1","","yellow","y","yellow","true","yellow","wrap around","","","false","congruent_S_minus_T_plus","true","1"
"html-keyboard-response","null","","null","567","2.1.0","579327","duxywlrjp9","block2_then_block1","","","inter_trial_interval","","","","","","","","","","","","","","","","","","","","","","","","","","","","","","","",""
"html-keyboard-response","null","<div class=""fixation"">+</div>","null","568","2.1.0","579830","duxywlrjp9","block2_then_block1","","","fixation","","","","","","","","","","","","","","","","","","","","","","","","","","","","","","","",""
"html-keyboard-response","1315","<div class=""chinese-character"" style=""color:#1f77b4;"">水</div>","b","569","2.1.0","581145","duxywlrjp9","block2_then_block1","","","color_naming","","","","","","","","","水","shui3","","","","","","","","","1","","blue","b","blue","true","f1_3","water","","","true","filler","false","null"
"html-keyboard-response","null","","null","570","2.1.0","582160","duxywlrjp9","block2_then_block1","","","inter_trial_interval","","","","","","","","","","","","","","","","","","","","","","","","","","","","","","","",""
"html-keyboard-response","null","<div class=""fixation"">+</div>","null","571","2.1.0","582676","duxywlrjp9","block2_then_block1","","","fixation","","","","","","","","","","","","","","","","","","","","","","","","","","","","","","","",""
"html-keyboard-response","1491","<div class=""chinese-character"" style=""color:#2ca02c;"">涂</div>","g","572","2.1.0","584168","duxywlrjp9","block2_then_block1","","","color_naming","","","","","","","","","涂","tu2","","","","","","","","","1","","green","g","green","true","green","paint","","","false","neutral","true","1"
"html-keyboard-response","null","","null","573","2.1.0","585182","duxywlrjp9","block2_then_block1","","","inter_trial_interval","","","","","","","","","","","","","","","","","","","","","","","","","","","","","","","",""
"html-keyboard-response","null","<div class=""fixation"">+</div>","null","574","2.1.0","585685","duxywlrjp9","block2_then_block1","","","fixation","","","","","","","","","","","","","","","","","","","","","","","","","","","","","","","",""
"html-keyboard-response","494","<div class=""chinese-character"" style=""color:#2ca02c;"">洞</div>","g","575","2.1.0","586179","duxywlrjp9","block2_then_block1","","","color_naming","","","","","","","","","洞","dong4","","","","","","","","","1","","green","g","green","true","green","hole","","","false","congruent_S_minus_T_plus","true","1"
"html-keyboard-response","null","","null","576","2.1.0","587194","duxywlrjp9","block2_then_block1","","","inter_trial_interval","","","","","","","","","","","","","","","","","","","","","","","","","","","","","","","",""
"html-keyboard-response","null","<div class=""fixation"">+</div>","null","577","2.1.0","587694","duxywlrjp9","block2_then_block1","","","fixation","","","","","","","","","","","","","","","","","","","","","","","","","","","","","","","",""
"html-keyboard-response","482","<div class=""chinese-character"" style=""color:#2ca02c;"">茶</div>","g","578","2.1.0","588177","duxywlrjp9","block2_then_block1","","","color_naming","","","","","","","","","茶","cha2","","","","","","","","","1","","green","g","green","true","f1_20","tea","","","true","filler","false","null"
"html-keyboard-response","null","","null","579","2.1.0","589184","duxywlrjp9","block2_then_block1","","","inter_trial_interval","","","","","","","","","","","","","","","","","","","","","","","","","","","","","","","",""
"html-keyboard-response","null","<div class=""fixation"">+</div>","null","580","2.1.0","589687","duxywlrjp9","block2_then_block1","","","fixation","","","","","","","","","","","","","","","","","","","","","","","","","","","","","","","",""
"html-keyboard-response","1098","<div class=""chinese-character"" style=""color:#1f77b4;"">红</div>","b","581","2.1.0","590786","duxywlrjp9","block2_then_block1","","","color_naming","","","","","","","","","红","hong2","","","","","","","","","1","","blue","b","blue","true","red","red","","","false","incongruent_color_character","true","1"
"html-keyboard-response","null","","null","582","2.1.0","591786","duxywlrjp9","block2_then_block1","","","inter_trial_interval","","","","","","","","","","","","","","","","","","","","","","","","","","","","","","","",""
"html-keyboard-response","null","<div class=""fixation"">+</div>","null","583","2.1.0","592291","duxywlrjp9","block2_then_block1","","","fixation","","","","","","","","","","","","","","","","","","","","","","","","","","","","","","","",""
"html-keyboard-response","1121","<div class=""chinese-character"" style=""color:#d6b300;"">晃</div>","y","584","2.1.0","593413","duxywlrjp9","block2_then_block1","","","color_naming","","","","","","","","","晃","huang4","","","","","","","","","1","","yellow","y","yellow","true","yellow","sway","","","false","congruent_S_plus_T_minus","true","1"
"html-keyboard-response","null","","null","585","2.1.0","594418","duxywlrjp9","block2_then_block1","","","inter_trial_interval","","","","","","","","","","","","","","","","","","","","","","","","","","","","","","","",""
"html-keyboard-response","null","<div class=""fixation"">+</div>","null","586","2.1.0","594919","duxywlrjp9","block2_then_block1","","","fixation","","","","","","","","","","","","","","","","","","","","","","","","","","","","","","","",""
"html-keyboard-response","948","<div class=""chinese-character"" style=""color:#1f77b4;"">尝</div>","b","587","2.1.0","595867","duxywlrjp9","block2_then_block1","","","color_naming","","","","","","","","","尝","chang2","","","","","","","","","1","","blue","b","blue","true","blue","taste","","","false","congruent_S_minus_T_plus","true","1"
"html-keyboard-response","null","","null","588","2.1.0","596868","duxywlrjp9","block2_then_block1","","","inter_trial_interval","","","","","","","","","","","","","","","","","","","","","","","","","","","","","","","",""
"html-keyboard-response","null","<div class=""fixation"">+</div>","null","589","2.1.0","597370","duxywlrjp9","block2_then_block1","","","fixation","","","","","","","","","","","","","","","","","","","","","","","","","","","","","","","",""
"html-keyboard-response","571","<div class=""chinese-character"" style=""color:#1f77b4;"">鸟</div>","b","590","2.1.0","597942","duxywlrjp9","block2_then_block1","","","color_naming","","","","","","","","","鸟","niao3","","","","","","","","","1","","blue","b","blue","true","f1_11","bird","","","true","filler","false","null"
"html-keyboard-response","null","","null","591","2.1.0","598950","duxywlrjp9","block2_then_block1","","","inter_trial_interval","","","","","","","","","","","","","","","","","","","","","","","","","","","","","","","",""
"html-keyboard-response","null","<div class=""fixation"">+</div>","null","592","2.1.0","599464","duxywlrjp9","block2_then_block1","","","fixation","","","","","","","","","","","","","","","","","","","","","","","","","","","","","","","",""
"html-keyboard-response","1536","<div class=""chinese-character"" style=""color:#2ca02c;"">黄</div>","g","593","2.1.0","601001","duxywlrjp9","block2_then_block1","","","color_naming","","","","","","","","","黄","huang2","","","","","","","","","1","","green","g","green","true","yellow","yellow","","","false","incongruent_color_character","true","1"
"html-keyboard-response","null","","null","594","2.1.0","602014","duxywlrjp9","block2_then_block1","","","inter_trial_interval","","","","","","","","","","","","","","","","","","","","","","","","","","","","","","","",""
"html-keyboard-response","null","<div class=""fixation"">+</div>","null","595","2.1.0","602515","duxywlrjp9","block2_then_block1","","","fixation","","","","","","","","","","","","","","","","","","","","","","","","","","","","","","","",""
"html-keyboard-response","991","<div class=""chinese-character"" style=""color:#1f77b4;"">蓝</div>","b","596","2.1.0","603507","duxywlrjp9","block2_then_block1","","","color_naming","","","","","","","","","蓝","lan2","","","","","","","","","1","","blue","b","blue","true","blue","blue","","","false","congruent_color_character","true","1"
"html-keyboard-response","null","","null","597","2.1.0","604520","duxywlrjp9","block2_then_block1","","","inter_trial_interval","","","","","","","","","","","","","","","","","","","","","","","","","","","","","","","",""
"html-keyboard-response","null","<div class=""fixation"">+</div>","null","598","2.1.0","605027","duxywlrjp9","block2_then_block1","","","fixation","","","","","","","","","","","","","","","","","","","","","","","","","","","","","","","",""
"html-keyboard-response","481","<div class=""chinese-character"" style=""color:#d62728;"">车</div>","r","599","2.1.0","605508","duxywlrjp9","block2_then_block1","","","color_naming","","","","","","","","","车","che1","","","","","","","","","1","","red","r","red","true","f1_5","car","","","true","filler","false","null"
"html-keyboard-response","null","","null","600","2.1.0","606514","duxywlrjp9","block2_then_block1","","","inter_trial_interval","","","","","","","","","","","","","","","","","","","","","","","","","","","","","","","",""
"html-keyboard-response","null","<div class=""fixation"">+</div>","null","601","2.1.0","607016","duxywlrjp9","block2_then_block1","","","fixation","","","","","","","","","","","","","","","","","","","","","","","","","","","","","","","",""
"html-keyboard-response","821","<div class=""chinese-character"" style=""color:#d6b300;"">花</div>","y","602","2.1.0","607837","duxywlrjp9","block2_then_block1","","","color_naming","","","","","","","","","花","hua1","","","","","","","","","1","","yellow","y","yellow","true","f1_6","flower","","","true","filler","false","null"
"html-keyboard-response","null","","null","603","2.1.0","608838","duxywlrjp9","block2_then_block1","","","inter_trial_interval","","","","","","","","","","","","","","","","","","","","","","","","","","","","","","","",""
"html-keyboard-response","null","<div class=""fixation"">+</div>","null","604","2.1.0","609345","duxywlrjp9","block2_then_block1","","","fixation","","","","","","","","","","","","","","","","","","","","","","","","","","","","","","","",""
"html-keyboard-response","1145","<div class=""chinese-character"" style=""color:#1f77b4;"">船</div>","b","605","2.1.0","610491","duxywlrjp9","block2_then_block1","","","color_naming","","","","","","","","","船","chuan2","","","","","","","","","1","","blue","b","blue","true","f1_23","boat","","","true","filler","false","null"
"html-keyboard-response","null","","null","606","2.1.0","611500","duxywlrjp9","block2_then_block1","","","inter_trial_interval","","","","","","","","","","","","","","","","","","","","","","","","","","","","","","","",""
"html-keyboard-response","null","<div class=""fixation"">+</div>","null","607","2.1.0","612014","duxywlrjp9","block2_then_block1","","","fixation","","","","","","","","","","","","","","","","","","","","","","","","","","","","","","","",""
"html-keyboard-response","1059","<div class=""chinese-character"" style=""color:#d6b300;"">皇</div>","y","608","2.1.0","613074","duxywlrjp9","block2_then_block1","","","color_naming","","","","","","","","","皇","huang2","","","","","","","","","1","","yellow","y","yellow","true","yellow","emperor","","","false","congruent_S_T_plus","true","1"
"html-keyboard-response","null","","null","609","2.1.0","614074","duxywlrjp9","block2_then_block1","","","inter_trial_interval","","","","","","","","","","","","","","","","","","","","","","","","","","","","","","","",""
"html-keyboard-response","null","<div class=""fixation"">+</div>","null","610","2.1.0","614578","duxywlrjp9","block2_then_block1","","","fixation","","","","","","","","","","","","","","","","","","","","","","","","","","","","","","","",""
"html-keyboard-response","874","<div class=""chinese-character"" style=""color:#d6b300;"">路</div>","y","611","2.1.0","615453","duxywlrjp9","block2_then_block1","","","color_naming","","","","","","","","","路","lu4","","","","","","","","","1","","yellow","y","yellow","true","f1_14","road","","","true","filler","false","null"
"html-keyboard-response","null","","null","612","2.1.0","616460","duxywlrjp9","block2_then_block1","","","inter_trial_interval","","","","","","","","","","","","","","","","","","","","","","","","","","","","","","","",""
"html-keyboard-response","null","<div class=""fixation"">+</div>","null","613","2.1.0","616966","duxywlrjp9","block2_then_block1","","","fixation","","","","","","","","","","","","","","","","","","","","","","","","","","","","","","","",""
"html-keyboard-response","768","<div class=""chinese-character"" style=""color:#2ca02c;"">鱼</div>","g","614","2.1.0","617735","duxywlrjp9","block2_then_block1","","","color_naming","","","","","","","","","鱼","yu2","","","","","","","","","1","","green","g","green","true","f1_12","fish","","","true","filler","false","null"
"html-keyboard-response","null","","null","615","2.1.0","618742","duxywlrjp9","block2_then_block1","","","inter_trial_interval","","","","","","","","","","","","","","","","","","","","","","","","","","","","","","","",""
"html-keyboard-response","5319","
      <div class=""instructions"">
        <h2>Experiment Complete</h2>
        <p>Thank you for participating!</p>
        <p>Your keyboard color-naming accuracy was <strong>95</strong> out of <strong>96</strong> trials (99%).</p>
        <p>Press <strong>Space</strong> to view the data.</p>
      </div>
    "," ","616","2.1.0","624062","duxywlrjp9","block2_then_block1","","","","","","","","","","","","","","","","","","","","","","","","","","","","","","","","","","",""
