"trial_type","rt","stimulus","response","trial_index","plugin_version","time_elapsed","subject_id","experimental_order","consent_response","consent_timestamp","task","mandarin_english_bilingual","native_language","english_age_of_acquisition","years_in_us","english_proficiency_score","mandarin_proficiency","english_proficiency","normal_or_corrected_vision","character","pinyin","recording_key","space_rt_ms","mic_available","audio_recorded","audio_size_bytes","audio_filename","audio_upload_ok","audio_upload_status","block","expected_key","ink_color","correct_key","response_color","correct","item_id","translation","source_condition","source_ink_color","is_filler","condition","is_critical","repetition"
"html-button-response","11893","<div class=""consent-text""> <h2>Consent Agreement</h2> <p> Please read this consent agreement carefully before deciding whether to participate in this experiment. </p> <p> <strong>Description:</strong> You are invited to participate in a research study about language and language learning. The purpose of the research is to understand how people learn new words. This research will be conducted through the Prolific platform, including participants from the US, UK, and Canada. If you decide to participate in this research, you will learn and use new words. </p> <p> <strong>Time Involvement:</strong> The task will last the amount of time advertised on Prolific. You are free to withdraw from the study at any time. </p> <p> <strong>Risks and Benefits:</strong> Study data will be stored securely, in compliance with Stanford University standards, minimizing the risk of confiden-tiality breach. This study advances our scientific understanding of how people learn new languages. We cannot and do not guarantee or promise that you will receive any benefits from this study. </p> <p> <strong>Compensation:</strong> You will receive payment in the amount advertised on Prolific. If you do not complete this study, you will receive prorated payment based on the time that you have spent. Additionally, you may be eligible for bonus payments as described in the instructions. </p> <p> <strong>Participant's Rights:</strong> If you have read this form and have decided to participate in this project, please understand your participation is voluntary and you have the right to withdraw your consent or discontinue participation at any time without penalty or loss of benefits to which you are otherwise entitled. The alternative is not to participate. You have the right to refuse to answer particular questions. The results of this research study may be presented at scientific or professional meetings or published in scientific journals. Your individual privacy will be maintained in all published and writ-ten data resulting from the study. In accordance with scientific norms, the data from this study may be used or shared with other researchers for future research (after removing personally identifying information) without additional consent from you. </p> <p> <strong>Contact Information:</strong> If you have any questions, concerns or complaints about this research, its procedures, risks and benefits, contact the Protocol Director, Robert Hawkins (<a href=""mailto:rdhawkins@stanford.edu"">rdhawkins@stanford.edu</a>, 217-549-6923). </p> <p> <strong>Independent Contact:</strong> If you are not satisfied with how this study is being conducted, or if you have any concerns, com-plaints, or general questions about the research or your rights as a participant, please contact the Stanford Institutional Review Board (IRB) to speak to someone independent of the research team at 650-723-2480 or toll free at 1-866-680-2906, or email at irbnonmed@stanford.edu. You can also write to the Stanford IRB, Stanford University, 1705 El Camino Real, Palo Alto, CA 94306. Please save or print a copy of this page for your records. </p> <p> <strong>If you agree to participate in this research, please click ""I agree""</strong> </p></br> </div>","0","0","2.1.0","11904","efuq2t4g0f","block2_then_block1","agree","2026-05-27T15:59:24.806Z","","","","","","","","","","","","","","","","","","","","","","","","","","","","","","","","",""
"html-keyboard-response","6695","
    <div class=""instructions"">
      <h2>Welcome</h2>
      <p>Thank you for participating in this experiment.</p>
      <p>This study has two kinds of tasks:</p>
      <ol>
        <li>Read Chinese characters aloud in Mandarin.</li>
        <li>Name the ink color of Chinese characters in English.</li>
      </ol>
      <p>Press <strong>Space</strong> to continue.</p>
    </div>
  "," ","1","2.1.0","18601","efuq2t4g0f","block2_then_block1","","","","","","","","","","","","","","","","","","","","","","","","","","","","","","","","","","",""
"survey-html-form","55682","","{""mandarin_english_bilingual"":""yes"",""native_language"":""Mandarin"",""english_age_of_acquisition"":""10"",""years_in_us"":""0"",""english_proficiency_score"":""IELTS 6.5"",""mandarin_proficiency"":""native"",""english_proficiency"":""advanced"",""normal_or_corrected_vision"":""yes""}","2","2.1.0","74291","efuq2t4g0f","block2_then_block1","","","participant_information","yes","Mandarin","10","0","IELTS 6.5","native","advanced","yes","","","","","","","","","","","","","","","","","","","","","","","",""
"html-keyboard-response","28494","
    <div class=""instructions"">
      <h2>Color Response Keys</h2>
      <p>In the color-naming task, respond to the <strong>ink color</strong>, not the meaning of the character.</p>
      <ul>
        <li><strong>R</strong> = red</li>
        <li><strong>Y</strong> = yellow</li>
        <li><strong>B</strong> = blue</li>
        <li><strong>G</strong> = green</li>
      </ul>
      <p>Respond as quickly and accurately as possible.</p>
      <p>Press <strong>Space</strong> to continue.</p>
    </div>
  "," ","3","2.1.0","102786","efuq2t4g0f","block2_then_block1","","","","","","","","","","","","","","","","","","","","","","","","","","","","","","","","","","",""
"html-keyboard-response","13645","
    <div class=""instructions"">
      <h2>Microphone Access</h2>
      <p>This experiment records your voice responses during the Chinese character-naming task.</p>
      <p>Your browser may ask for microphone permission — please click <strong>Allow</strong>.</p>
      <p>Your voice recordings will be securely uploaded to our research server (DataPipe) for analysis.</p>
      <p>Press <strong>Space</strong> once you have granted permission (or if no prompt appeared).</p>
    </div>
  "," ","4","2.1.0","116432","efuq2t4g0f","block2_then_block1","","","mic_permission","","","","","","","","","","","","","","","","","","","","","","","","","","","","","","","",""
"html-keyboard-response","11129","
      <div class=""instructions"">
        <h2>Practice — Character Reading</h2>
        <p>First, you will practice reading Chinese characters aloud.</p>
        <p>Each character will appear on screen. Say it aloud in Mandarin, then press <strong>Space</strong> to move immediately to the next character.</p>
        <p>Your voice will be recorded during the real experiment.</p>
        <p>Press <strong>Space</strong> to start.</p>
      </div>
    "," ","5","2.1.0","127563","efuq2t4g0f","block2_then_block1","","","","","","","","","","","","","","","","","","","","","","","","","","","","","","","","","","",""
"html-keyboard-response","null","<div class=""fixation"">+</div>","null","6","2.1.0","128077","efuq2t4g0f","block2_then_block1","","","fixation","","","","","","","","","","","","","","","","","","","","","","","","","","","","","","","",""
"html-keyboard-response","4244","
      <div class=""chinese-character"" style=""color:#000000;"">日</div>
      <div style=""margin-top:32px; font-size:16px; color:#555; font-family:Arial,sans-serif;"">
        Say the character aloud, then press <strong>Space</strong>.
      </div>
    "," ","7","2.1.0","132327","efuq2t4g0f","block2_then_block1","","","practice_character_naming","","","","","","","","","日","ri4","practice_character_日","4244","true","true","67916","efuq2t4g0f_practice_character_日.webm","true","{""message"":""Success""}","","","","","","","","","","","","","",""
"html-keyboard-response","null","","null","8","2.1.0","132433","efuq2t4g0f","block2_then_block1","","","inter_trial_interval","","","","","","","","","","","","","","","","","","","","","","","","","","","","","","","",""
"html-keyboard-response","null","<div class=""fixation"">+</div>","null","9","2.1.0","132936","efuq2t4g0f","block2_then_block1","","","fixation","","","","","","","","","","","","","","","","","","","","","","","","","","","","","","","",""
"html-keyboard-response","2229","
      <div class=""chinese-character"" style=""color:#000000;"">木</div>
      <div style=""margin-top:32px; font-size:16px; color:#555; font-family:Arial,sans-serif;"">
        Say the character aloud, then press <strong>Space</strong>.
      </div>
    "," ","10","2.1.0","135167","efuq2t4g0f","block2_then_block1","","","practice_character_naming","","","","","","","","","木","mu4","practice_character_木","2229","true","true","36038","efuq2t4g0f_practice_character_木.webm","true","{""message"":""Success""}","","","","","","","","","","","","","",""
"html-keyboard-response","null","","null","11","2.1.0","135278","efuq2t4g0f","block2_then_block1","","","inter_trial_interval","","","","","","","","","","","","","","","","","","","","","","","","","","","","","","","",""
"html-keyboard-response","null","<div class=""fixation"">+</div>","null","12","2.1.0","135783","efuq2t4g0f","block2_then_block1","","","fixation","","","","","","","","","","","","","","","","","","","","","","","","","","","","","","","",""
"html-keyboard-response","2163","
      <div class=""chinese-character"" style=""color:#000000;"">人</div>
      <div style=""margin-top:32px; font-size:16px; color:#555; font-family:Arial,sans-serif;"">
        Say the character aloud, then press <strong>Space</strong>.
      </div>
    "," ","13","2.1.0","137947","efuq2t4g0f","block2_then_block1","","","practice_character_naming","","","","","","","","","人","ren2","practice_character_人","2163","true","true","35072","efuq2t4g0f_practice_character_人.webm","true","{""message"":""Success""}","","","","","","","","","","","","","",""
"html-keyboard-response","null","","null","14","2.1.0","138062","efuq2t4g0f","block2_then_block1","","","inter_trial_interval","","","","","","","","","","","","","","","","","","","","","","","","","","","","","","","",""
"html-keyboard-response","null","<div class=""fixation"">+</div>","null","15","2.1.0","138569","efuq2t4g0f","block2_then_block1","","","fixation","","","","","","","","","","","","","","","","","","","","","","","","","","","","","","","",""
"html-keyboard-response","1962","
      <div class=""chinese-character"" style=""color:#000000;"">火</div>
      <div style=""margin-top:32px; font-size:16px; color:#555; font-family:Arial,sans-serif;"">
        Say the character aloud, then press <strong>Space</strong>.
      </div>
    "," ","16","2.1.0","140533","efuq2t4g0f","block2_then_block1","","","practice_character_naming","","","","","","","","","火","huo3","practice_character_火","1962","true","true","31208","efuq2t4g0f_practice_character_火.webm","true","{""message"":""Success""}","","","","","","","","","","","","","",""
"html-keyboard-response","null","","null","17","2.1.0","140643","efuq2t4g0f","block2_then_block1","","","inter_trial_interval","","","","","","","","","","","","","","","","","","","","","","","","","","","","","","","",""
"html-keyboard-response","9272","
      <div class=""instructions"">
        <h2>Practice — Color Naming</h2>
        <p>Now practice naming the ink color in English using the keyboard.</p>
        <p><strong>R</strong> = red, <strong>Y</strong> = yellow, <strong>B</strong> = blue, <strong>G</strong> = green.</p>
        <p>Press <strong>Space</strong> to start.</p>
      </div>
    "," ","18","2.1.0","149917","efuq2t4g0f","block2_then_block1","","","","","","","","","","","","","","","","","","","","","","","","","","","","","","","","","","",""
"html-keyboard-response","3656","
      <div class=""instructions"">
        <h2>Keyboard Check</h2>
        <p>Before we continue, please press the <strong>R</strong> key
        (for <strong>red</strong>) on your keyboard.</p>
        <p style=""color:#888;font-size:0.9em;"">
          If your keyboard is set to a Chinese input method (IME),
          please switch to English / Roman input now, otherwise the experiment cannot record your responses.
        </p>
      </div>
    ","r","19","2.1.0","153574","efuq2t4g0f","block2_then_block1","","","keyboard_check","","","","","","","","","","","","","","","","","","","practice","r","","","","","","","","","","","",""
"html-keyboard-response","null","<div class=""fixation"">+</div>","null","20","2.1.0","154086","efuq2t4g0f","block2_then_block1","","","fixation","","","","","","","","","","","","","","","","","","","","","","","","","","","","","","","",""
"html-keyboard-response","1869","<div class=""chinese-character"" style=""color:#d62728;"">日</div>","r","21","2.1.0","155957","efuq2t4g0f","block2_then_block1","","","practice_color_naming","","","","","","","","","日","","","","","","","","","","","","red","r","red","true","","","","","","","",""
"html-keyboard-response","null","","null","22","2.1.0","156967","efuq2t4g0f","block2_then_block1","","","inter_trial_interval","","","","","","","","","","","","","","","","","","","","","","","","","","","","","","","",""
"html-keyboard-response","null","<div class=""fixation"">+</div>","null","23","2.1.0","157476","efuq2t4g0f","block2_then_block1","","","fixation","","","","","","","","","","","","","","","","","","","","","","","","","","","","","","","",""
"html-keyboard-response","1334","<div class=""chinese-character"" style=""color:#2ca02c;"">木</div>","g","24","2.1.0","158811","efuq2t4g0f","block2_then_block1","","","practice_color_naming","","","","","","","","","木","","","","","","","","","","","","green","g","green","true","","","","","","","",""
"html-keyboard-response","null","","null","25","2.1.0","159818","efuq2t4g0f","block2_then_block1","","","inter_trial_interval","","","","","","","","","","","","","","","","","","","","","","","","","","","","","","","",""
"html-keyboard-response","null","<div class=""fixation"">+</div>","null","26","2.1.0","160332","efuq2t4g0f","block2_then_block1","","","fixation","","","","","","","","","","","","","","","","","","","","","","","","","","","","","","","",""
"html-keyboard-response","1645","<div class=""chinese-character"" style=""color:#d6b300;"">人</div>","y","27","2.1.0","161979","efuq2t4g0f","block2_then_block1","","","practice_color_naming","","","","","","","","","人","","","","","","","","","","","","yellow","y","yellow","true","","","","","","","",""
"html-keyboard-response","null","","null","28","2.1.0","162995","efuq2t4g0f","block2_then_block1","","","inter_trial_interval","","","","","","","","","","","","","","","","","","","","","","","","","","","","","","","",""
"html-keyboard-response","null","<div class=""fixation"">+</div>","null","29","2.1.0","163511","efuq2t4g0f","block2_then_block1","","","fixation","","","","","","","","","","","","","","","","","","","","","","","","","","","","","","","",""
"html-keyboard-response","1263","<div class=""chinese-character"" style=""color:#1f77b4;"">火</div>","b","30","2.1.0","164776","efuq2t4g0f","block2_then_block1","","","practice_color_naming","","","","","","","","","火","","","","","","","","","","","","blue","b","blue","true","","","","","","","",""
"html-keyboard-response","null","","null","31","2.1.0","165793","efuq2t4g0f","block2_then_block1","","","inter_trial_interval","","","","","","","","","","","","","","","","","","","","","","","","","","","","","","","",""
"html-keyboard-response","3133","
      <div class=""instructions"">
        <h2>End of Practice</h2>
        <p>The practice is over. The experiment will now begin.</p>
        <p>Press <strong>Space</strong> to continue.</p>
      </div>
    "," ","32","2.1.0","168928","efuq2t4g0f","block2_then_block1","","","","","","","","","","","","","","","","","","","","","","","","","","","","","","","","","","",""
"html-keyboard-response","4940","
      <div class=""instructions"">
        <h2>Chinese Character Naming — Block 2</h2>
        <p>You will see Chinese characters printed in black.</p>
        <p>Please <strong>say the character aloud in Mandarin</strong> as quickly and accurately as possible.</p>
        <p>After speaking, press <strong>Space</strong> to move to the next character immediately.</p>
        <p>Your voice will be recorded so we can verify your responses.</p>
        <p>Press <strong>Space</strong> to begin.</p>
      </div>
    "," ","33","2.1.0","173869","efuq2t4g0f","block2_then_block1","","","","","","","","","","","","","","","","","","","","","","","","","","","","","","","","","","",""
"html-keyboard-response","null","<div class=""fixation"">+</div>","null","34","2.1.0","174385","efuq2t4g0f","block2_then_block1","","","fixation","","","","","","","","","","","","","","","","","","","","","","","","","","","","","","","",""
"html-keyboard-response","1865","
      <div class=""chinese-character"" style=""color:#000000;"">红</div>
      <div style=""margin-top:32px; font-size:16px; color:#555; font-family:Arial,sans-serif;"">
        Say the character aloud, then press <strong>Space</strong>.
      </div>
    "," ","35","2.1.0","176252","efuq2t4g0f","block2_then_block1","","","character_naming","","","","","","","","","红","hong2","character_naming_red_block2_rep2","1865","true","true","30242","efuq2t4g0f_character_naming_red_block2_rep2.webm","true","{""message"":""Success""}","2","","","","","","red","red","congruent_color_character","red","false","","",""
"html-keyboard-response","null","","null","36","2.1.0","176356","efuq2t4g0f","block2_then_block1","","","inter_trial_interval","","","","","","","","","","","","","","","","","","","","","","","","","","","","","","","",""
"html-keyboard-response","null","<div class=""fixation"">+</div>","null","37","2.1.0","176863","efuq2t4g0f","block2_then_block1","","","fixation","","","","","","","","","","","","","","","","","","","","","","","","","","","","","","","",""
"html-keyboard-response","2074","
      <div class=""chinese-character"" style=""color:#000000;"">览</div>
      <div style=""margin-top:32px; font-size:16px; color:#555; font-family:Arial,sans-serif;"">
        Say the character aloud, then press <strong>Space</strong>.
      </div>
    "," ","38","2.1.0","178939","efuq2t4g0f","block2_then_block1","","","character_naming","","","","","","","","","览","lan3","character_naming_blue_block2_rep2","2074","true","true","33140","efuq2t4g0f_character_naming_blue_block2_rep2.webm","true","{""message"":""Success""}","2","","","","","","blue","view","congruent_S_plus_T_minus","blue","false","","",""
"html-keyboard-response","null","","null","39","2.1.0","179043","efuq2t4g0f","block2_then_block1","","","inter_trial_interval","","","","","","","","","","","","","","","","","","","","","","","","","","","","","","","",""
"html-keyboard-response","null","<div class=""fixation"">+</div>","null","40","2.1.0","179553","efuq2t4g0f","block2_then_block1","","","fixation","","","","","","","","","","","","","","","","","","","","","","","","","","","","","","","",""
"html-keyboard-response","1744","
      <div class=""chinese-character"" style=""color:#000000;"">桌</div>
      <div style=""margin-top:32px; font-size:16px; color:#555; font-family:Arial,sans-serif;"">
        Say the character aloud, then press <strong>Space</strong>.
      </div>
    "," ","41","2.1.0","181298","efuq2t4g0f","block2_then_block1","","","character_naming","","","","","","","","","桌","zhuo1","character_naming_f2_6_block2_norep","1744","true","true","28310","efuq2t4g0f_character_naming_f2_6_block2_norep.webm","true","{""message"":""Success""}","2","","","","","","f2_6","table","filler","yellow","true","","",""
"html-keyboard-response","null","","null","42","2.1.0","181400","efuq2t4g0f","block2_then_block1","","","inter_trial_interval","","","","","","","","","","","","","","","","","","","","","","","","","","","","","","","",""
"html-keyboard-response","null","<div class=""fixation"">+</div>","null","43","2.1.0","181912","efuq2t4g0f","block2_then_block1","","","fixation","","","","","","","","","","","","","","","","","","","","","","","","","","","","","","","",""
"html-keyboard-response","1655","
      <div class=""chinese-character"" style=""color:#000000;"">衣</div>
      <div style=""margin-top:32px; font-size:16px; color:#555; font-family:Arial,sans-serif;"">
        Say the character aloud, then press <strong>Space</strong>.
      </div>
    "," ","44","2.1.0","183569","efuq2t4g0f","block2_then_block1","","","character_naming","","","","","","","","","衣","yi1","character_naming_f2_17_block2_norep","1655","true","true","26378","efuq2t4g0f_character_naming_f2_17_block2_norep.webm","true","{""message"":""Success""}","2","","","","","","f2_17","clothing","filler","red","true","","",""
"html-keyboard-response","null","","null","45","2.1.0","183675","efuq2t4g0f","block2_then_block1","","","inter_trial_interval","","","","","","","","","","","","","","","","","","","","","","","","","","","","","","","",""
"html-keyboard-response","null","<div class=""fixation"">+</div>","null","46","2.1.0","184181","efuq2t4g0f","block2_then_block1","","","fixation","","","","","","","","","","","","","","","","","","","","","","","","","","","","","","","",""
"html-keyboard-response","1632","
      <div class=""chinese-character"" style=""color:#000000;"">黄</div>
      <div style=""margin-top:32px; font-size:16px; color:#555; font-family:Arial,sans-serif;"">
        Say the character aloud, then press <strong>Space</strong>.
      </div>
    "," ","47","2.1.0","185814","efuq2t4g0f","block2_then_block1","","","character_naming","","","","","","","","","黄","huang2","character_naming_yellow_block2_rep2","1632","true","true","26378","efuq2t4g0f_character_naming_yellow_block2_rep2.webm","true","{""message"":""Success""}","2","","","","","","yellow","yellow","incongruent_color_character","green","false","","",""
"html-keyboard-response","null","","null","48","2.1.0","185918","efuq2t4g0f","block2_then_block1","","","inter_trial_interval","","","","","","","","","","","","","","","","","","","","","","","","","","","","","","","",""
"html-keyboard-response","null","<div class=""fixation"">+</div>","null","49","2.1.0","186427","efuq2t4g0f","block2_then_block1","","","fixation","","","","","","","","","","","","","","","","","","","","","","","","","","","","","","","",""
"html-keyboard-response","1842","
      <div class=""chinese-character"" style=""color:#000000;"">瓶</div>
      <div style=""margin-top:32px; font-size:16px; color:#555; font-family:Arial,sans-serif;"">
        Say the character aloud, then press <strong>Space</strong>.
      </div>
    "," ","50","2.1.0","188270","efuq2t4g0f","block2_then_block1","","","character_naming","","","","","","","","","瓶","ping2","character_naming_red_block2_rep2","1842","true","true","29276","efuq2t4g0f_character_naming_red_block2_rep2.webm","true","{""error"":""OSF_FILE_EXISTS"",""message"":""The OSF file already exists. File names must be unique.""}","2","","","","","","red","bottle","congruent_S_minus_T_plus","red","false","","",""
"html-keyboard-response","null","","null","51","2.1.0","188386","efuq2t4g0f","block2_then_block1","","","inter_trial_interval","","","","","","","","","","","","","","","","","","","","","","","","","","","","","","","",""
"html-keyboard-response","null","<div class=""fixation"">+</div>","null","52","2.1.0","188903","efuq2t4g0f","block2_then_block1","","","fixation","","","","","","","","","","","","","","","","","","","","","","","","","","","","","","","",""
"html-keyboard-response","1781","
      <div class=""chinese-character"" style=""color:#000000;"">米</div>
      <div style=""margin-top:32px; font-size:16px; color:#555; font-family:Arial,sans-serif;"">
        Say the character aloud, then press <strong>Space</strong>.
      </div>
    "," ","53","2.1.0","190685","efuq2t4g0f","block2_then_block1","","","character_naming","","","","","","","","","米","mi3","character_naming_f2_4_block2_norep","1781","true","true","28310","efuq2t4g0f_character_naming_f2_4_block2_norep.webm","true","{""message"":""Success""}","2","","","","","","f2_4","rice","filler","green","true","","",""
"html-keyboard-response","null","","null","54","2.1.0","190796","efuq2t4g0f","block2_then_block1","","","inter_trial_interval","","","","","","","","","","","","","","","","","","","","","","","","","","","","","","","",""
"html-keyboard-response","null","<div class=""fixation"">+</div>","null","55","2.1.0","191308","efuq2t4g0f","block2_then_block1","","","fixation","","","","","","","","","","","","","","","","","","","","","","","","","","","","","","","",""
"html-keyboard-response","1716","
      <div class=""chinese-character"" style=""color:#000000;"">尝</div>
      <div style=""margin-top:32px; font-size:16px; color:#555; font-family:Arial,sans-serif;"">
        Say the character aloud, then press <strong>Space</strong>.
      </div>
    "," ","56","2.1.0","193025","efuq2t4g0f","block2_then_block1","","","character_naming","","","","","","","","","尝","chang2","character_naming_blue_block2_rep2","1716","true","true","27344","efuq2t4g0f_character_naming_blue_block2_rep2.webm","true","{""error"":""OSF_FILE_EXISTS"",""message"":""The OSF file already exists. File names must be unique.""}","2","","","","","","blue","taste","congruent_S_minus_T_plus","blue","false","","",""
"html-keyboard-response","null","","null","57","2.1.0","193133","efuq2t4g0f","block2_then_block1","","","inter_trial_interval","","","","","","","","","","","","","","","","","","","","","","","","","","","","","","","",""
"html-keyboard-response","null","<div class=""fixation"">+</div>","null","58","2.1.0","193651","efuq2t4g0f","block2_then_block1","","","fixation","","","","","","","","","","","","","","","","","","","","","","","","","","","","","","","",""
"html-keyboard-response","1639","
      <div class=""chinese-character"" style=""color:#000000;"">钟</div>
      <div style=""margin-top:32px; font-size:16px; color:#555; font-family:Arial,sans-serif;"">
        Say the character aloud, then press <strong>Space</strong>.
      </div>
    "," ","59","2.1.0","195292","efuq2t4g0f","block2_then_block1","","","character_naming","","","","","","","","","钟","zhong1","character_naming_f2_10_block2_norep","1639","true","true","26378","efuq2t4g0f_character_naming_f2_10_block2_norep.webm","true","{""message"":""Success""}","2","","","","","","f2_10","clock","filler","yellow","true","","",""
"html-keyboard-response","null","","null","60","2.1.0","195396","efuq2t4g0f","block2_then_block1","","","inter_trial_interval","","","","","","","","","","","","","","","","","","","","","","","","","","","","","","","",""
"html-keyboard-response","null","<div class=""fixation"">+</div>","null","61","2.1.0","195903","efuq2t4g0f","block2_then_block1","","","fixation","","","","","","","","","","","","","","","","","","","","","","","","","","","","","","","",""
"html-keyboard-response","1760","
      <div class=""chinese-character"" style=""color:#000000;"">牵</div>
      <div style=""margin-top:32px; font-size:16px; color:#555; font-family:Arial,sans-serif;"">
        Say the character aloud, then press <strong>Space</strong>.
      </div>
    "," ","62","2.1.0","197664","efuq2t4g0f","block2_then_block1","","","character_naming","","","","","","","","","牵","qian1","character_naming_red_block2_rep2","1760","true","true","28310","efuq2t4g0f_character_naming_red_block2_rep2.webm","true","{""error"":""OSF_FILE_EXISTS"",""message"":""The OSF file already exists. File names must be unique.""}","2","","","","","","red","lead along","neutral","red","false","","",""
"html-keyboard-response","null","","null","63","2.1.0","197768","efuq2t4g0f","block2_then_block1","","","inter_trial_interval","","","","","","","","","","","","","","","","","","","","","","","","","","","","","","","",""
"html-keyboard-response","null","<div class=""fixation"">+</div>","null","64","2.1.0","198280","efuq2t4g0f","block2_then_block1","","","fixation","","","","","","","","","","","","","","","","","","","","","","","","","","","","","","","",""
"html-keyboard-response","1528","
      <div class=""chinese-character"" style=""color:#000000;"">脸</div>
      <div style=""margin-top:32px; font-size:16px; color:#555; font-family:Arial,sans-serif;"">
        Say the character aloud, then press <strong>Space</strong>.
      </div>
    "," ","65","2.1.0","199810","efuq2t4g0f","block2_then_block1","","","character_naming","","","","","","","","","脸","lian3","character_naming_f2_13_block2_norep","1528","true","true","24446","efuq2t4g0f_character_naming_f2_13_block2_norep.webm","true","{""message"":""Success""}","2","","","","","","f2_13","face","filler","red","true","","",""
"html-keyboard-response","null","","null","66","2.1.0","199912","efuq2t4g0f","block2_then_block1","","","inter_trial_interval","","","","","","","","","","","","","","","","","","","","","","","","","","","","","","","",""
"html-keyboard-response","null","<div class=""fixation"">+</div>","null","67","2.1.0","200417","efuq2t4g0f","block2_then_block1","","","fixation","","","","","","","","","","","","","","","","","","","","","","","","","","","","","","","",""
"html-keyboard-response","1741","
      <div class=""chinese-character"" style=""color:#000000;"">轰</div>
      <div style=""margin-top:32px; font-size:16px; color:#555; font-family:Arial,sans-serif;"">
        Say the character aloud, then press <strong>Space</strong>.
      </div>
    "," ","68","2.1.0","202160","efuq2t4g0f","block2_then_block1","","","character_naming","","","","","","","","","轰","hong1","character_naming_red_block2_rep2","1741","true","true","28310","efuq2t4g0f_character_naming_red_block2_rep2.webm","true","{""error"":""OSF_FILE_EXISTS"",""message"":""The OSF file already exists. File names must be unique.""}","2","","","","","","red","boom","congruent_S_plus_T_minus","red","false","","",""
"html-keyboard-response","null","","null","69","2.1.0","202275","efuq2t4g0f","block2_then_block1","","","inter_trial_interval","","","","","","","","","","","","","","","","","","","","","","","","","","","","","","","",""
"html-keyboard-response","null","<div class=""fixation"">+</div>","null","70","2.1.0","202780","efuq2t4g0f","block2_then_block1","","","fixation","","","","","","","","","","","","","","","","","","","","","","","","","","","","","","","",""
"html-keyboard-response","1888","
      <div class=""chinese-character"" style=""color:#000000;"">心</div>
      <div style=""margin-top:32px; font-size:16px; color:#555; font-family:Arial,sans-serif;"">
        Say the character aloud, then press <strong>Space</strong>.
      </div>
    "," ","71","2.1.0","204669","efuq2t4g0f","block2_then_block1","","","character_naming","","","","","","","","","心","xin1","character_naming_f2_23_block2_norep","1888","true","true","30242","efuq2t4g0f_character_naming_f2_23_block2_norep.webm","true","{""message"":""Success""}","2","","","","","","f2_23","heart","filler","blue","true","","",""
"html-keyboard-response","null","","null","72","2.1.0","204771","efuq2t4g0f","block2_then_block1","","","inter_trial_interval","","","","","","","","","","","","","","","","","","","","","","","","","","","","","","","",""
"html-keyboard-response","null","<div class=""fixation"">+</div>","null","73","2.1.0","205277","efuq2t4g0f","block2_then_block1","","","fixation","","","","","","","","","","","","","","","","","","","","","","","","","","","","","","","",""
"html-keyboard-response","1591","
      <div class=""chinese-character"" style=""color:#000000;"">虑</div>
      <div style=""margin-top:32px; font-size:16px; color:#555; font-family:Arial,sans-serif;"">
        Say the character aloud, then press <strong>Space</strong>.
      </div>
    "," ","74","2.1.0","206870","efuq2t4g0f","block2_then_block1","","","character_naming","","","","","","","","","虑","lv4","character_naming_green_block2_rep2","1591","true","true","25412","efuq2t4g0f_character_naming_green_block2_rep2.webm","true","{""message"":""Success""}","2","","","","","","green","ponder","congruent_S_T_plus","green","false","","",""
"html-keyboard-response","null","","null","75","2.1.0","206972","efuq2t4g0f","block2_then_block1","","","inter_trial_interval","","","","","","","","","","","","","","","","","","","","","","","","","","","","","","","",""
"html-keyboard-response","null","<div class=""fixation"">+</div>","null","76","2.1.0","207476","efuq2t4g0f","block2_then_block1","","","fixation","","","","","","","","","","","","","","","","","","","","","","","","","","","","","","","",""
"html-keyboard-response","1777","
      <div class=""chinese-character"" style=""color:#000000;"">蓝</div>
      <div style=""margin-top:32px; font-size:16px; color:#555; font-family:Arial,sans-serif;"">
        Say the character aloud, then press <strong>Space</strong>.
      </div>
    "," ","77","2.1.0","209255","efuq2t4g0f","block2_then_block1","","","character_naming","","","","","","","","","蓝","lan2","character_naming_blue_block2_rep2","1777","true","true","28310","efuq2t4g0f_character_naming_blue_block2_rep2.webm","true","{""error"":""OSF_FILE_EXISTS"",""message"":""The OSF file already exists. File names must be unique.""}","2","","","","","","blue","blue","congruent_color_character","blue","false","","",""
"html-keyboard-response","null","","null","78","2.1.0","209370","efuq2t4g0f","block2_then_block1","","","inter_trial_interval","","","","","","","","","","","","","","","","","","","","","","","","","","","","","","","",""
"html-keyboard-response","null","<div class=""fixation"">+</div>","null","79","2.1.0","209880","efuq2t4g0f","block2_then_block1","","","fixation","","","","","","","","","","","","","","","","","","","","","","","","","","","","","","","",""
"html-keyboard-response","1474","
      <div class=""chinese-character"" style=""color:#000000;"">电</div>
      <div style=""margin-top:32px; font-size:16px; color:#555; font-family:Arial,sans-serif;"">
        Say the character aloud, then press <strong>Space</strong>.
      </div>
    "," ","80","2.1.0","211356","efuq2t4g0f","block2_then_block1","","","character_naming","","","","","","","","","电","dian4","character_naming_f2_15_block2_norep","1474","true","true","23480","efuq2t4g0f_character_naming_f2_15_block2_norep.webm","true","{""message"":""Success""}","2","","","","","","f2_15","electricity","filler","blue","true","","",""
"html-keyboard-response","null","","null","81","2.1.0","211469","efuq2t4g0f","block2_then_block1","","","inter_trial_interval","","","","","","","","","","","","","","","","","","","","","","","","","","","","","","","",""
"html-keyboard-response","null","<div class=""fixation"">+</div>","null","82","2.1.0","211972","efuq2t4g0f","block2_then_block1","","","fixation","","","","","","","","","","","","","","","","","","","","","","","","","","","","","","","",""
"html-keyboard-response","1934","
      <div class=""chinese-character"" style=""color:#000000;"">趁</div>
      <div style=""margin-top:32px; font-size:16px; color:#555; font-family:Arial,sans-serif;"">
        Say the character aloud, then press <strong>Space</strong>.
      </div>
    "," ","83","2.1.0","213908","efuq2t4g0f","block2_then_block1","","","character_naming","","","","","","","","","趁","chen4","character_naming_yellow_block2_rep2","1934","true","true","31208","efuq2t4g0f_character_naming_yellow_block2_rep2.webm","true","{""error"":""OSF_FILE_EXISTS"",""message"":""The OSF file already exists. File names must be unique.""}","2","","","","","","yellow","take advantage of","neutral","yellow","false","","",""
"html-keyboard-response","null","","null","84","2.1.0","214016","efuq2t4g0f","block2_then_block1","","","inter_trial_interval","","","","","","","","","","","","","","","","","","","","","","","","","","","","","","","",""
"html-keyboard-response","null","<div class=""fixation"">+</div>","null","85","2.1.0","214522","efuq2t4g0f","block2_then_block1","","","fixation","","","","","","","","","","","","","","","","","","","","","","","","","","","","","","","",""
"html-keyboard-response","2165","
      <div class=""chinese-character"" style=""color:#000000;"">涂</div>
      <div style=""margin-top:32px; font-size:16px; color:#555; font-family:Arial,sans-serif;"">
        Say the character aloud, then press <strong>Space</strong>.
      </div>
    "," ","86","2.1.0","216688","efuq2t4g0f","block2_then_block1","","","character_naming","","","","","","","","","涂","tu2","character_naming_green_block2_rep2","2165","true","true","35072","efuq2t4g0f_character_naming_green_block2_rep2.webm","true","{""error"":""OSF_FILE_EXISTS"",""message"":""The OSF file already exists. File names must be unique.""}","2","","","","","","green","paint","neutral","green","false","","",""
"html-keyboard-response","null","","null","87","2.1.0","216794","efuq2t4g0f","block2_then_block1","","","inter_trial_interval","","","","","","","","","","","","","","","","","","","","","","","","","","","","","","","",""
"html-keyboard-response","null","<div class=""fixation"">+</div>","null","88","2.1.0","217296","efuq2t4g0f","block2_then_block1","","","fixation","","","","","","","","","","","","","","","","","","","","","","","","","","","","","","","",""
"html-keyboard-response","1895","
      <div class=""chinese-character"" style=""color:#000000;"">红</div>
      <div style=""margin-top:32px; font-size:16px; color:#555; font-family:Arial,sans-serif;"">
        Say the character aloud, then press <strong>Space</strong>.
      </div>
    "," ","89","2.1.0","219193","efuq2t4g0f","block2_then_block1","","","character_naming","","","","","","","","","红","hong2","character_naming_red_block2_rep2","1895","true","true","30242","efuq2t4g0f_character_naming_red_block2_rep2.webm","true","{""error"":""OSF_FILE_EXISTS"",""message"":""The OSF file already exists. File names must be unique.""}","2","","","","","","red","red","incongruent_color_character","blue","false","","",""
"html-keyboard-response","null","","null","90","2.1.0","219296","efuq2t4g0f","block2_then_block1","","","inter_trial_interval","","","","","","","","","","","","","","","","","","","","","","","","","","","","","","","",""
"html-keyboard-response","null","<div class=""fixation"">+</div>","null","91","2.1.0","219812","efuq2t4g0f","block2_then_block1","","","fixation","","","","","","","","","","","","","","","","","","","","","","","","","","","","","","","",""
"html-keyboard-response","1843","
      <div class=""chinese-character"" style=""color:#000000;"">口</div>
      <div style=""margin-top:32px; font-size:16px; color:#555; font-family:Arial,sans-serif;"">
        Say the character aloud, then press <strong>Space</strong>.
      </div>
    "," ","92","2.1.0","221656","efuq2t4g0f","block2_then_block1","","","character_naming","","","","","","","","","口","kou3","character_naming_f2_22_block2_norep","1843","true","true","29276","efuq2t4g0f_character_naming_f2_22_block2_norep.webm","true","{""message"":""Success""}","2","","","","","","f2_22","mouth","filler","yellow","true","","",""
"html-keyboard-response","null","","null","93","2.1.0","221759","efuq2t4g0f","block2_then_block1","","","inter_trial_interval","","","","","","","","","","","","","","","","","","","","","","","","","","","","","","","",""
"html-keyboard-response","null","<div class=""fixation"">+</div>","null","94","2.1.0","222270","efuq2t4g0f","block2_then_block1","","","fixation","","","","","","","","","","","","","","","","","","","","","","","","","","","","","","","",""
"html-keyboard-response","2008","
      <div class=""chinese-character"" style=""color:#000000;"">星</div>
      <div style=""margin-top:32px; font-size:16px; color:#555; font-family:Arial,sans-serif;"">
        Say the character aloud, then press <strong>Space</strong>.
      </div>
    "," ","95","2.1.0","224279","efuq2t4g0f","block2_then_block1","","","character_naming","","","","","","","","","星","xing1","character_naming_f2_18_block2_norep","2008","true","true","32174","efuq2t4g0f_character_naming_f2_18_block2_norep.webm","true","{""message"":""Success""}","2","","","","","","f2_18","star","filler","yellow","true","","",""
"html-keyboard-response","null","","null","96","2.1.0","224390","efuq2t4g0f","block2_then_block1","","","inter_trial_interval","","","","","","","","","","","","","","","","","","","","","","","","","","","","","","","",""
"html-keyboard-response","null","<div class=""fixation"">+</div>","null","97","2.1.0","224895","efuq2t4g0f","block2_then_block1","","","fixation","","","","","","","","","","","","","","","","","","","","","","","","","","","","","","","",""
"html-keyboard-response","1804","
      <div class=""chinese-character"" style=""color:#000000;"">旅</div>
      <div style=""margin-top:32px; font-size:16px; color:#555; font-family:Arial,sans-serif;"">
        Say the character aloud, then press <strong>Space</strong>.
      </div>
    "," ","98","2.1.0","226700","efuq2t4g0f","block2_then_block1","","","character_naming","","","","","","","","","旅","lv3","character_naming_green_block2_rep2","1804","true","true","29276","efuq2t4g0f_character_naming_green_block2_rep2.webm","true","{""error"":""OSF_FILE_EXISTS"",""message"":""The OSF file already exists. File names must be unique.""}","2","","","","","","green","travel","congruent_S_plus_T_minus","green","false","","",""
"html-keyboard-response","null","","null","99","2.1.0","226806","efuq2t4g0f","block2_then_block1","","","inter_trial_interval","","","","","","","","","","","","","","","","","","","","","","","","","","","","","","","",""
"html-keyboard-response","null","<div class=""fixation"">+</div>","null","100","2.1.0","227308","efuq2t4g0f","block2_then_block1","","","fixation","","","","","","","","","","","","","","","","","","","","","","","","","","","","","","","",""
"html-keyboard-response","1903","
      <div class=""chinese-character"" style=""color:#000000;"">房</div>
      <div style=""margin-top:32px; font-size:16px; color:#555; font-family:Arial,sans-serif;"">
        Say the character aloud, then press <strong>Space</strong>.
      </div>
    "," ","101","2.1.0","229213","efuq2t4g0f","block2_then_block1","","","character_naming","","","","","","","","","房","fang2","character_naming_f2_8_block2_norep","1903","true","true","30242","efuq2t4g0f_character_naming_f2_8_block2_norep.webm","true","{""message"":""Success""}","2","","","","","","f2_8","room","filler","green","true","","",""
"html-keyboard-response","null","","null","102","2.1.0","229319","efuq2t4g0f","block2_then_block1","","","inter_trial_interval","","","","","","","","","","","","","","","","","","","","","","","","","","","","","","","",""
"html-keyboard-response","null","<div class=""fixation"">+</div>","null","103","2.1.0","229831","efuq2t4g0f","block2_then_block1","","","fixation","","","","","","","","","","","","","","","","","","","","","","","","","","","","","","","",""
"html-keyboard-response","2809","
      <div class=""chinese-character"" style=""color:#000000;"">皇</div>
      <div style=""margin-top:32px; font-size:16px; color:#555; font-family:Arial,sans-serif;"">
        Say the character aloud, then press <strong>Space</strong>.
      </div>
    "," ","104","2.1.0","232642","efuq2t4g0f","block2_then_block1","","","character_naming","","","","","","","","","皇","huang2","character_naming_yellow_block2_rep2","2809","true","true","44732","efuq2t4g0f_character_naming_yellow_block2_rep2.webm","true","{""error"":""OSF_FILE_EXISTS"",""message"":""The OSF file already exists. File names must be unique.""}","2","","","","","","yellow","emperor","congruent_S_T_plus","yellow","false","","",""
"html-keyboard-response","null","","null","105","2.1.0","232751","efuq2t4g0f","block2_then_block1","","","inter_trial_interval","","","","","","","","","","","","","","","","","","","","","","","","","","","","","","","",""
"html-keyboard-response","null","<div class=""fixation"">+</div>","null","106","2.1.0","233255","efuq2t4g0f","block2_then_block1","","","fixation","","","","","","","","","","","","","","","","","","","","","","","","","","","","","","","",""
"html-keyboard-response","2750","
      <div class=""chinese-character"" style=""color:#000000;"">草</div>
      <div style=""margin-top:32px; font-size:16px; color:#555; font-family:Arial,sans-serif;"">
        Say the character aloud, then press <strong>Space</strong>.
      </div>
    "," ","107","2.1.0","236007","efuq2t4g0f","block2_then_block1","","","character_naming","","","","","","","","","草","cao3","character_naming_f2_19_block2_norep","2750","true","true","43766","efuq2t4g0f_character_naming_f2_19_block2_norep.webm","true","{""message"":""Success""}","2","","","","","","f2_19","grass","filler","blue","true","","",""
"html-keyboard-response","null","","null","108","2.1.0","236115","efuq2t4g0f","block2_then_block1","","","inter_trial_interval","","","","","","","","","","","","","","","","","","","","","","","","","","","","","","","",""
"html-keyboard-response","null","<div class=""fixation"">+</div>","null","109","2.1.0","236626","efuq2t4g0f","block2_then_block1","","","fixation","","","","","","","","","","","","","","","","","","","","","","","","","","","","","","","",""
"html-keyboard-response","1436","
      <div class=""chinese-character"" style=""color:#000000;"">马</div>
      <div style=""margin-top:32px; font-size:16px; color:#555; font-family:Arial,sans-serif;"">
        Say the character aloud, then press <strong>Space</strong>.
      </div>
    "," ","110","2.1.0","238064","efuq2t4g0f","block2_then_block1","","","character_naming","","","","","","","","","马","ma3","character_naming_f2_3_block2_norep","1436","true","true","22514","efuq2t4g0f_character_naming_f2_3_block2_norep.webm","true","{""message"":""Success""}","2","","","","","","f2_3","horse","filler","blue","true","","",""
"html-keyboard-response","null","","null","111","2.1.0","238173","efuq2t4g0f","block2_then_block1","","","inter_trial_interval","","","","","","","","","","","","","","","","","","","","","","","","","","","","","","","",""
"html-keyboard-response","null","<div class=""fixation"">+</div>","null","112","2.1.0","238681","efuq2t4g0f","block2_then_block1","","","fixation","","","","","","","","","","","","","","","","","","","","","","","","","","","","","","","",""
"html-keyboard-response","1958","
      <div class=""chinese-character"" style=""color:#000000;"">笔</div>
      <div style=""margin-top:32px; font-size:16px; color:#555; font-family:Arial,sans-serif;"">
        Say the character aloud, then press <strong>Space</strong>.
      </div>
    "," ","113","2.1.0","240639","efuq2t4g0f","block2_then_block1","","","character_naming","","","","","","","","","笔","bi3","character_naming_f2_5_block2_norep","1958","true","true","31208","efuq2t4g0f_character_naming_f2_5_block2_norep.webm","true","{""message"":""Success""}","2","","","","","","f2_5","pen","filler","red","true","","",""
"html-keyboard-response","null","","null","114","2.1.0","240741","efuq2t4g0f","block2_then_block1","","","inter_trial_interval","","","","","","","","","","","","","","","","","","","","","","","","","","","","","","","",""
"html-keyboard-response","null","<div class=""fixation"">+</div>","null","115","2.1.0","241256","efuq2t4g0f","block2_then_block1","","","fixation","","","","","","","","","","","","","","","","","","","","","","","","","","","","","","","",""
"html-keyboard-response","1759","
      <div class=""chinese-character"" style=""color:#000000;"">宫</div>
      <div style=""margin-top:32px; font-size:16px; color:#555; font-family:Arial,sans-serif;"">
        Say the character aloud, then press <strong>Space</strong>.
      </div>
    "," ","116","2.1.0","243016","efuq2t4g0f","block2_then_block1","","","character_naming","","","","","","","","","宫","gong1","character_naming_blue_block2_rep2","1759","true","true","28310","efuq2t4g0f_character_naming_blue_block2_rep2.webm","true","{""error"":""OSF_FILE_EXISTS"",""message"":""The OSF file already exists. File names must be unique.""}","2","","","","","","blue","palace","neutral","blue","false","","",""
"html-keyboard-response","null","","null","117","2.1.0","243118","efuq2t4g0f","block2_then_block1","","","inter_trial_interval","","","","","","","","","","","","","","","","","","","","","","","","","","","","","","","",""
"html-keyboard-response","null","<div class=""fixation"">+</div>","null","118","2.1.0","243629","efuq2t4g0f","block2_then_block1","","","fixation","","","","","","","","","","","","","","","","","","","","","","","","","","","","","","","",""
"html-keyboard-response","2246","
      <div class=""chinese-character"" style=""color:#000000;"">影</div>
      <div style=""margin-top:32px; font-size:16px; color:#555; font-family:Arial,sans-serif;"">
        Say the character aloud, then press <strong>Space</strong>.
      </div>
    "," ","119","2.1.0","245876","efuq2t4g0f","block2_then_block1","","","character_naming","","","","","","","","","影","ying3","character_naming_f2_16_block2_norep","2246","true","true","36038","efuq2t4g0f_character_naming_f2_16_block2_norep.webm","true","{""message"":""Success""}","2","","","","","","f2_16","shadow/movie","filler","green","true","","",""
"html-keyboard-response","null","","null","120","2.1.0","245990","efuq2t4g0f","block2_then_block1","","","inter_trial_interval","","","","","","","","","","","","","","","","","","","","","","","","","","","","","","","",""
"html-keyboard-response","null","<div class=""fixation"">+</div>","null","121","2.1.0","246499","efuq2t4g0f","block2_then_block1","","","fixation","","","","","","","","","","","","","","","","","","","","","","","","","","","","","","","",""
"html-keyboard-response","1751","
      <div class=""chinese-character"" style=""color:#000000;"">蓝</div>
      <div style=""margin-top:32px; font-size:16px; color:#555; font-family:Arial,sans-serif;"">
        Say the character aloud, then press <strong>Space</strong>.
      </div>
    "," ","122","2.1.0","248252","efuq2t4g0f","block2_then_block1","","","character_naming","","","","","","","","","蓝","lan2","character_naming_blue_block2_rep2","1751","true","true","28310","efuq2t4g0f_character_naming_blue_block2_rep2.webm","true","{""error"":""OSF_FILE_EXISTS"",""message"":""The OSF file already exists. File names must be unique.""}","2","","","","","","blue","blue","incongruent_color_character","red","false","","",""
"html-keyboard-response","null","","null","123","2.1.0","248357","efuq2t4g0f","block2_then_block1","","","inter_trial_interval","","","","","","","","","","","","","","","","","","","","","","","","","","","","","","","",""
"html-keyboard-response","null","<div class=""fixation"">+</div>","null","124","2.1.0","248874","efuq2t4g0f","block2_then_block1","","","fixation","","","","","","","","","","","","","","","","","","","","","","","","","","","","","","","",""
"html-keyboard-response","2208","
      <div class=""chinese-character"" style=""color:#000000;"">婪</div>
      <div style=""margin-top:32px; font-size:16px; color:#555; font-family:Arial,sans-serif;"">
        Say the character aloud, then press <strong>Space</strong>.
      </div>
    "," ","125","2.1.0","251084","efuq2t4g0f","block2_then_block1","","","character_naming","","","","","","","","","婪","lan2","character_naming_blue_block2_rep2","2208","true","true","35072","efuq2t4g0f_character_naming_blue_block2_rep2.webm","true","{""error"":""OSF_FILE_EXISTS"",""message"":""The OSF file already exists. File names must be unique.""}","2","","","","","","blue","greedy","congruent_S_T_plus","blue","false","","",""
"html-keyboard-response","null","","null","126","2.1.0","251186","efuq2t4g0f","block2_then_block1","","","inter_trial_interval","","","","","","","","","","","","","","","","","","","","","","","","","","","","","","","",""
"html-keyboard-response","null","<div class=""fixation"">+</div>","null","127","2.1.0","251691","efuq2t4g0f","block2_then_block1","","","fixation","","","","","","","","","","","","","","","","","","","","","","","","","","","","","","","",""
"html-keyboard-response","1791","
      <div class=""chinese-character"" style=""color:#000000;"">田</div>
      <div style=""margin-top:32px; font-size:16px; color:#555; font-family:Arial,sans-serif;"">
        Say the character aloud, then press <strong>Space</strong>.
      </div>
    "," ","128","2.1.0","253484","efuq2t4g0f","block2_then_block1","","","character_naming","","","","","","","","","田","tian2","character_naming_f2_24_block2_norep","1791","true","true","28310","efuq2t4g0f_character_naming_f2_24_block2_norep.webm","true","{""message"":""Success""}","2","","","","","","f2_24","field","filler","green","true","","",""
"html-keyboard-response","null","","null","129","2.1.0","253600","efuq2t4g0f","block2_then_block1","","","inter_trial_interval","","","","","","","","","","","","","","","","","","","","","","","","","","","","","","","",""
"html-keyboard-response","null","<div class=""fixation"">+</div>","null","130","2.1.0","254104","efuq2t4g0f","block2_then_block1","","","fixation","","","","","","","","","","","","","","","","","","","","","","","","","","","","","","","",""
"html-keyboard-response","1559","
      <div class=""chinese-character"" style=""color:#000000;"">球</div>
      <div style=""margin-top:32px; font-size:16px; color:#555; font-family:Arial,sans-serif;"">
        Say the character aloud, then press <strong>Space</strong>.
      </div>
    "," ","131","2.1.0","255663","efuq2t4g0f","block2_then_block1","","","character_naming","","","","","","","","","球","qiu2","character_naming_f2_9_block2_norep","1559","true","true","25412","efuq2t4g0f_character_naming_f2_9_block2_norep.webm","true","{""message"":""Success""}","2","","","","","","f2_9","ball","filler","red","true","","",""
"html-keyboard-response","null","","null","132","2.1.0","255780","efuq2t4g0f","block2_then_block1","","","inter_trial_interval","","","","","","","","","","","","","","","","","","","","","","","","","","","","","","","",""
"html-keyboard-response","null","<div class=""fixation"">+</div>","null","133","2.1.0","256285","efuq2t4g0f","block2_then_block1","","","fixation","","","","","","","","","","","","","","","","","","","","","","","","","","","","","","","",""
"html-keyboard-response","1794","
      <div class=""chinese-character"" style=""color:#000000;"">雪</div>
      <div style=""margin-top:32px; font-size:16px; color:#555; font-family:Arial,sans-serif;"">
        Say the character aloud, then press <strong>Space</strong>.
      </div>
    "," ","134","2.1.0","258081","efuq2t4g0f","block2_then_block1","","","character_naming","","","","","","","","","雪","xue3","character_naming_f2_20_block2_norep","1794","true","true","28310","efuq2t4g0f_character_naming_f2_20_block2_norep.webm","true","{""message"":""Success""}","2","","","","","","f2_20","snow","filler","green","true","","",""
"html-keyboard-response","null","","null","135","2.1.0","258196","efuq2t4g0f","block2_then_block1","","","inter_trial_interval","","","","","","","","","","","","","","","","","","","","","","","","","","","","","","","",""
"html-keyboard-response","null","<div class=""fixation"">+</div>","null","136","2.1.0","258700","efuq2t4g0f","block2_then_block1","","","fixation","","","","","","","","","","","","","","","","","","","","","","","","","","","","","","","",""
"html-keyboard-response","1369","
      <div class=""chinese-character"" style=""color:#000000;"">猫</div>
      <div style=""margin-top:32px; font-size:16px; color:#555; font-family:Arial,sans-serif;"">
        Say the character aloud, then press <strong>Space</strong>.
      </div>
    "," ","137","2.1.0","260071","efuq2t4g0f","block2_then_block1","","","character_naming","","","","","","","","","猫","mao1","character_naming_f2_1_block2_norep","1369","true","true","21548","efuq2t4g0f_character_naming_f2_1_block2_norep.webm","true","{""message"":""Success""}","2","","","","","","f2_1","cat","filler","red","true","","",""
"html-keyboard-response","null","","null","138","2.1.0","260178","efuq2t4g0f","block2_then_block1","","","inter_trial_interval","","","","","","","","","","","","","","","","","","","","","","","","","","","","","","","",""
"html-keyboard-response","null","<div class=""fixation"">+</div>","null","139","2.1.0","260685","efuq2t4g0f","block2_then_block1","","","fixation","","","","","","","","","","","","","","","","","","","","","","","","","","","","","","","",""
"html-keyboard-response","1351","
      <div class=""chinese-character"" style=""color:#000000;"">绿</div>
      <div style=""margin-top:32px; font-size:16px; color:#555; font-family:Arial,sans-serif;"">
        Say the character aloud, then press <strong>Space</strong>.
      </div>
    "," ","140","2.1.0","262038","efuq2t4g0f","block2_then_block1","","","character_naming","","","","","","","","","绿","lv4","character_naming_green_block2_rep2","1351","true","true","21548","efuq2t4g0f_character_naming_green_block2_rep2.webm","true","{""error"":""OSF_FILE_EXISTS"",""message"":""The OSF file already exists. File names must be unique.""}","2","","","","","","green","green","congruent_color_character","green","false","","",""
"html-keyboard-response","null","","null","141","2.1.0","262143","efuq2t4g0f","block2_then_block1","","","inter_trial_interval","","","","","","","","","","","","","","","","","","","","","","","","","","","","","","","",""
"html-keyboard-response","null","<div class=""fixation"">+</div>","null","142","2.1.0","262652","efuq2t4g0f","block2_then_block1","","","fixation","","","","","","","","","","","","","","","","","","","","","","","","","","","","","","","",""
"html-keyboard-response","1783","
      <div class=""chinese-character"" style=""color:#000000;"">狗</div>
      <div style=""margin-top:32px; font-size:16px; color:#555; font-family:Arial,sans-serif;"">
        Say the character aloud, then press <strong>Space</strong>.
      </div>
    "," ","143","2.1.0","264438","efuq2t4g0f","block2_then_block1","","","character_naming","","","","","","","","","狗","gou3","character_naming_f2_2_block2_norep","1783","true","true","28310","efuq2t4g0f_character_naming_f2_2_block2_norep.webm","true","{""message"":""Success""}","2","","","","","","f2_2","dog","filler","yellow","true","","",""
"html-keyboard-response","null","","null","144","2.1.0","264539","efuq2t4g0f","block2_then_block1","","","inter_trial_interval","","","","","","","","","","","","","","","","","","","","","","","","","","","","","","","",""
"html-keyboard-response","null","<div class=""fixation"">+</div>","null","145","2.1.0","265046","efuq2t4g0f","block2_then_block1","","","fixation","","","","","","","","","","","","","","","","","","","","","","","","","","","","","","","",""
"html-keyboard-response","1404","
      <div class=""chinese-character"" style=""color:#000000;"">椅</div>
      <div style=""margin-top:32px; font-size:16px; color:#555; font-family:Arial,sans-serif;"">
        Say the character aloud, then press <strong>Space</strong>.
      </div>
    "," ","146","2.1.0","266452","efuq2t4g0f","block2_then_block1","","","character_naming","","","","","","","","","椅","yi3","character_naming_f2_7_block2_norep","1404","true","true","22514","efuq2t4g0f_character_naming_f2_7_block2_norep.webm","true","{""message"":""Success""}","2","","","","","","f2_7","chair","filler","blue","true","","",""
"html-keyboard-response","null","","null","147","2.1.0","266557","efuq2t4g0f","block2_then_block1","","","inter_trial_interval","","","","","","","","","","","","","","","","","","","","","","","","","","","","","","","",""
"html-keyboard-response","null","<div class=""fixation"">+</div>","null","148","2.1.0","267063","efuq2t4g0f","block2_then_block1","","","fixation","","","","","","","","","","","","","","","","","","","","","","","","","","","","","","","",""
"html-keyboard-response","1394","
      <div class=""chinese-character"" style=""color:#000000;"">黄</div>
      <div style=""margin-top:32px; font-size:16px; color:#555; font-family:Arial,sans-serif;"">
        Say the character aloud, then press <strong>Space</strong>.
      </div>
    "," ","149","2.1.0","268459","efuq2t4g0f","block2_then_block1","","","character_naming","","","","","","","","","黄","huang2","character_naming_yellow_block2_rep2","1394","true","true","22514","efuq2t4g0f_character_naming_yellow_block2_rep2.webm","true","{""error"":""OSF_FILE_EXISTS"",""message"":""The OSF file already exists. File names must be unique.""}","2","","","","","","yellow","yellow","congruent_color_character","yellow","false","","",""
"html-keyboard-response","null","","null","150","2.1.0","268562","efuq2t4g0f","block2_then_block1","","","inter_trial_interval","","","","","","","","","","","","","","","","","","","","","","","","","","","","","","","",""
"html-keyboard-response","null","<div class=""fixation"">+</div>","null","151","2.1.0","269077","efuq2t4g0f","block2_then_block1","","","fixation","","","","","","","","","","","","","","","","","","","","","","","","","","","","","","","",""
"html-keyboard-response","1579","
      <div class=""chinese-character"" style=""color:#000000;"">晃</div>
      <div style=""margin-top:32px; font-size:16px; color:#555; font-family:Arial,sans-serif;"">
        Say the character aloud, then press <strong>Space</strong>.
      </div>
    "," ","152","2.1.0","270657","efuq2t4g0f","block2_then_block1","","","character_naming","","","","","","","","","晃","huang4","character_naming_yellow_block2_rep2","1579","true","true","25412","efuq2t4g0f_character_naming_yellow_block2_rep2.webm","true","{""error"":""OSF_FILE_EXISTS"",""message"":""The OSF file already exists. File names must be unique.""}","2","","","","","","yellow","sway","congruent_S_plus_T_minus","yellow","false","","",""
"html-keyboard-response","null","","null","153","2.1.0","270760","efuq2t4g0f","block2_then_block1","","","inter_trial_interval","","","","","","","","","","","","","","","","","","","","","","","","","","","","","","","",""
"html-keyboard-response","null","<div class=""fixation"">+</div>","null","154","2.1.0","271263","efuq2t4g0f","block2_then_block1","","","fixation","","","","","","","","","","","","","","","","","","","","","","","","","","","","","","","",""
"html-keyboard-response","1424","
      <div class=""chinese-character"" style=""color:#000000;"">海</div>
      <div style=""margin-top:32px; font-size:16px; color:#555; font-family:Arial,sans-serif;"">
        Say the character aloud, then press <strong>Space</strong>.
      </div>
    "," ","155","2.1.0","272689","efuq2t4g0f","block2_then_block1","","","character_naming","","","","","","","","","海","hai3","character_naming_f2_12_block2_norep","1424","true","true","22514","efuq2t4g0f_character_naming_f2_12_block2_norep.webm","true","{""message"":""Success""}","2","","","","","","f2_12","sea","filler","green","true","","",""
"html-keyboard-response","null","","null","156","2.1.0","272791","efuq2t4g0f","block2_then_block1","","","inter_trial_interval","","","","","","","","","","","","","","","","","","","","","","","","","","","","","","","",""
"html-keyboard-response","null","<div class=""fixation"">+</div>","null","157","2.1.0","273296","efuq2t4g0f","block2_then_block1","","","fixation","","","","","","","","","","","","","","","","","","","","","","","","","","","","","","","",""
"html-keyboard-response","1461","
      <div class=""chinese-character"" style=""color:#000000;"">河</div>
      <div style=""margin-top:32px; font-size:16px; color:#555; font-family:Arial,sans-serif;"">
        Say the character aloud, then press <strong>Space</strong>.
      </div>
    "," ","158","2.1.0","274758","efuq2t4g0f","block2_then_block1","","","character_naming","","","","","","","","","河","he2","character_naming_f2_11_block2_norep","1461","true","true","23480","efuq2t4g0f_character_naming_f2_11_block2_norep.webm","true","{""message"":""Success""}","2","","","","","","f2_11","river","filler","blue","true","","",""
"html-keyboard-response","null","","null","159","2.1.0","274869","efuq2t4g0f","block2_then_block1","","","inter_trial_interval","","","","","","","","","","","","","","","","","","","","","","","","","","","","","","","",""
"html-keyboard-response","null","<div class=""fixation"">+</div>","null","160","2.1.0","275371","efuq2t4g0f","block2_then_block1","","","fixation","","","","","","","","","","","","","","","","","","","","","","","","","","","","","","","",""
"html-keyboard-response","1601","
      <div class=""chinese-character"" style=""color:#000000;"">饭</div>
      <div style=""margin-top:32px; font-size:16px; color:#555; font-family:Arial,sans-serif;"">
        Say the character aloud, then press <strong>Space</strong>.
      </div>
    "," ","161","2.1.0","276973","efuq2t4g0f","block2_then_block1","","","character_naming","","","","","","","","","饭","fan4","character_naming_f2_14_block2_norep","1601","true","true","25412","efuq2t4g0f_character_naming_f2_14_block2_norep.webm","true","{""message"":""Success""}","2","","","","","","f2_14","meal","filler","yellow","true","","",""
"html-keyboard-response","null","","null","162","2.1.0","277086","efuq2t4g0f","block2_then_block1","","","inter_trial_interval","","","","","","","","","","","","","","","","","","","","","","","","","","","","","","","",""
"html-keyboard-response","null","<div class=""fixation"">+</div>","null","163","2.1.0","277588","efuq2t4g0f","block2_then_block1","","","fixation","","","","","","","","","","","","","","","","","","","","","","","","","","","","","","","",""
"html-keyboard-response","1646","
      <div class=""chinese-character"" style=""color:#000000;"">缠</div>
      <div style=""margin-top:32px; font-size:16px; color:#555; font-family:Arial,sans-serif;"">
        Say the character aloud, then press <strong>Space</strong>.
      </div>
    "," ","164","2.1.0","279236","efuq2t4g0f","block2_then_block1","","","character_naming","","","","","","","","","缠","chan2","character_naming_yellow_block2_rep2","1646","true","true","26378","efuq2t4g0f_character_naming_yellow_block2_rep2.webm","true","{""error"":""OSF_FILE_EXISTS"",""message"":""The OSF file already exists. File names must be unique.""}","2","","","","","","yellow","wrap around","congruent_S_minus_T_plus","yellow","false","","",""
"html-keyboard-response","null","","null","165","2.1.0","279344","efuq2t4g0f","block2_then_block1","","","inter_trial_interval","","","","","","","","","","","","","","","","","","","","","","","","","","","","","","","",""
"html-keyboard-response","null","<div class=""fixation"">+</div>","null","166","2.1.0","279846","efuq2t4g0f","block2_then_block1","","","fixation","","","","","","","","","","","","","","","","","","","","","","","","","","","","","","","",""
"html-keyboard-response","1383","
      <div class=""chinese-character"" style=""color:#000000;"">洞</div>
      <div style=""margin-top:32px; font-size:16px; color:#555; font-family:Arial,sans-serif;"">
        Say the character aloud, then press <strong>Space</strong>.
      </div>
    "," ","167","2.1.0","281230","efuq2t4g0f","block2_then_block1","","","character_naming","","","","","","","","","洞","dong4","character_naming_green_block2_rep2","1383","true","true","22514","efuq2t4g0f_character_naming_green_block2_rep2.webm","true","{""error"":""OSF_FILE_EXISTS"",""message"":""The OSF file already exists. File names must be unique.""}","2","","","","","","green","hole","congruent_S_minus_T_plus","green","false","","",""
"html-keyboard-response","null","","null","168","2.1.0","281344","efuq2t4g0f","block2_then_block1","","","inter_trial_interval","","","","","","","","","","","","","","","","","","","","","","","","","","","","","","","",""
"html-keyboard-response","null","<div class=""fixation"">+</div>","null","169","2.1.0","281847","efuq2t4g0f","block2_then_block1","","","fixation","","","","","","","","","","","","","","","","","","","","","","","","","","","","","","","",""
"html-keyboard-response","1364","
      <div class=""chinese-character"" style=""color:#000000;"">绿</div>
      <div style=""margin-top:32px; font-size:16px; color:#555; font-family:Arial,sans-serif;"">
        Say the character aloud, then press <strong>Space</strong>.
      </div>
    "," ","170","2.1.0","283213","efuq2t4g0f","block2_then_block1","","","character_naming","","","","","","","","","绿","lv4","character_naming_green_block2_rep2","1364","true","true","21548","efuq2t4g0f_character_naming_green_block2_rep2.webm","true","{""error"":""OSF_FILE_EXISTS"",""message"":""The OSF file already exists. File names must be unique.""}","2","","","","","","green","green","incongruent_color_character","yellow","false","","",""
"html-keyboard-response","null","","null","171","2.1.0","283316","efuq2t4g0f","block2_then_block1","","","inter_trial_interval","","","","","","","","","","","","","","","","","","","","","","","","","","","","","","","",""
"html-keyboard-response","null","<div class=""fixation"">+</div>","null","172","2.1.0","283828","efuq2t4g0f","block2_then_block1","","","fixation","","","","","","","","","","","","","","","","","","","","","","","","","","","","","","","",""
"html-keyboard-response","1439","
      <div class=""chinese-character"" style=""color:#000000;"">洪</div>
      <div style=""margin-top:32px; font-size:16px; color:#555; font-family:Arial,sans-serif;"">
        Say the character aloud, then press <strong>Space</strong>.
      </div>
    "," ","173","2.1.0","285269","efuq2t4g0f","block2_then_block1","","","character_naming","","","","","","","","","洪","hong2","character_naming_red_block2_rep2","1439","true","true","23480","efuq2t4g0f_character_naming_red_block2_rep2.webm","true","{""error"":""OSF_FILE_EXISTS"",""message"":""The OSF file already exists. File names must be unique.""}","2","","","","","","red","flood","congruent_S_T_plus","red","false","","",""
"html-keyboard-response","null","","null","174","2.1.0","285375","efuq2t4g0f","block2_then_block1","","","inter_trial_interval","","","","","","","","","","","","","","","","","","","","","","","","","","","","","","","",""
"html-keyboard-response","null","<div class=""fixation"">+</div>","null","175","2.1.0","285893","efuq2t4g0f","block2_then_block1","","","fixation","","","","","","","","","","","","","","","","","","","","","","","","","","","","","","","",""
"html-keyboard-response","1850","
      <div class=""chinese-character"" style=""color:#000000;"">耳</div>
      <div style=""margin-top:32px; font-size:16px; color:#555; font-family:Arial,sans-serif;"">
        Say the character aloud, then press <strong>Space</strong>.
      </div>
    "," ","176","2.1.0","287744","efuq2t4g0f","block2_then_block1","","","character_naming","","","","","","","","","耳","er3","character_naming_f2_21_block2_norep","1850","true","true","29276","efuq2t4g0f_character_naming_f2_21_block2_norep.webm","true","{""message"":""Success""}","2","","","","","","f2_21","ear","filler","red","true","","",""
"html-keyboard-response","null","","null","177","2.1.0","287855","efuq2t4g0f","block2_then_block1","","","inter_trial_interval","","","","","","","","","","","","","","","","","","","","","","","","","","","","","","","",""
"html-keyboard-response","2246","
      <div class=""instructions"">
        <h2>English Color-Naming — Block 2</h2>
        <p>You will see Chinese characters printed in color.</p>
        <p>Your task is to identify the <strong>ink color in English</strong>.</p>
        <p>Ignore the character itself.</p>
        <p><strong>R</strong> = red, <strong>Y</strong> = yellow, <strong>B</strong> = blue, <strong>G</strong> = green.</p>
        <p>Press <strong>Space</strong> to begin.</p>
      </div>
    "," ","178","2.1.0","290103","efuq2t4g0f","block2_then_block1","","","","","","","","","","","","","","","","","","","","","","","","","","","","","","","","","","",""
"html-keyboard-response","2975","
      <div class=""instructions"">
        <h2>Keyboard Check</h2>
        <p>Before we continue, please press the <strong>B</strong> key
        (for <strong>blue</strong>) on your keyboard.</p>
        <p style=""color:#888;font-size:0.9em;"">
          If your keyboard is set to a Chinese input method (IME),
          please switch to English / Roman input now, otherwise the experiment cannot record your responses.
        </p>
      </div>
    ","b","179","2.1.0","293078","efuq2t4g0f","block2_then_block1","","","keyboard_check","","","","","","","","","","","","","","","","","","","2","b","","","","","","","","","","","",""
"html-keyboard-response","null","<div class=""fixation"">+</div>","null","180","2.1.0","293592","efuq2t4g0f","block2_then_block1","","","fixation","","","","","","","","","","","","","","","","","","","","","","","","","","","","","","","",""
"html-keyboard-response","1043","<div class=""chinese-character"" style=""color:#2ca02c;"">海</div>","g","181","2.1.0","294637","efuq2t4g0f","block2_then_block1","","","color_naming","","","","","","","","","海","hai3","","","","","","","","","2","","green","g","green","true","f2_12","sea","","","true","filler","false","null"
"html-keyboard-response","null","","null","182","2.1.0","295655","efuq2t4g0f","block2_then_block1","","","inter_trial_interval","","","","","","","","","","","","","","","","","","","","","","","","","","","","","","","",""
"html-keyboard-response","null","<div class=""fixation"">+</div>","null","183","2.1.0","296170","efuq2t4g0f","block2_then_block1","","","fixation","","","","","","","","","","","","","","","","","","","","","","","","","","","","","","","",""
"html-keyboard-response","787","<div class=""chinese-character"" style=""color:#d62728;"">蓝</div>","r","184","2.1.0","296958","efuq2t4g0f","block2_then_block1","","","color_naming","","","","","","","","","蓝","lan2","","","","","","","","","2","","red","r","red","true","blue","blue","","","false","incongruent_color_character","true","2"
"html-keyboard-response","null","","null","185","2.1.0","297960","efuq2t4g0f","block2_then_block1","","","inter_trial_interval","","","","","","","","","","","","","","","","","","","","","","","","","","","","","","","",""
"html-keyboard-response","null","<div class=""fixation"">+</div>","null","186","2.1.0","298467","efuq2t4g0f","block2_then_block1","","","fixation","","","","","","","","","","","","","","","","","","","","","","","","","","","","","","","",""
"html-keyboard-response","759","<div class=""chinese-character"" style=""color:#d62728;"">球</div>","r","187","2.1.0","299227","efuq2t4g0f","block2_then_block1","","","color_naming","","","","","","","","","球","qiu2","","","","","","","","","2","","red","r","red","true","f2_9","ball","","","true","filler","false","null"
"html-keyboard-response","null","","null","188","2.1.0","300231","efuq2t4g0f","block2_then_block1","","","inter_trial_interval","","","","","","","","","","","","","","","","","","","","","","","","","","","","","","","",""
"html-keyboard-response","null","<div class=""fixation"">+</div>","null","189","2.1.0","300734","efuq2t4g0f","block2_then_block1","","","fixation","","","","","","","","","","","","","","","","","","","","","","","","","","","","","","","",""
"html-keyboard-response","907","<div class=""chinese-character"" style=""color:#d6b300;"">口</div>","y","190","2.1.0","301642","efuq2t4g0f","block2_then_block1","","","color_naming","","","","","","","","","口","kou3","","","","","","","","","2","","yellow","y","yellow","true","f2_22","mouth","","","true","filler","false","null"
"html-keyboard-response","null","","null","191","2.1.0","302644","efuq2t4g0f","block2_then_block1","","","inter_trial_interval","","","","","","","","","","","","","","","","","","","","","","","","","","","","","","","",""
"html-keyboard-response","null","<div class=""fixation"">+</div>","null","192","2.1.0","303149","efuq2t4g0f","block2_then_block1","","","fixation","","","","","","","","","","","","","","","","","","","","","","","","","","","","","","","",""
"html-keyboard-response","932","<div class=""chinese-character"" style=""color:#2ca02c;"">黄</div>","g","193","2.1.0","304083","efuq2t4g0f","block2_then_block1","","","color_naming","","","","","","","","","黄","huang2","","","","","","","","","2","","green","g","green","true","yellow","yellow","","","false","incongruent_color_character","true","2"
"html-keyboard-response","null","","null","194","2.1.0","305097","efuq2t4g0f","block2_then_block1","","","inter_trial_interval","","","","","","","","","","","","","","","","","","","","","","","","","","","","","","","",""
"html-keyboard-response","null","<div class=""fixation"">+</div>","null","195","2.1.0","305608","efuq2t4g0f","block2_then_block1","","","fixation","","","","","","","","","","","","","","","","","","","","","","","","","","","","","","","",""
"html-keyboard-response","735","<div class=""chinese-character"" style=""color:#d62728;"">猫</div>","r","196","2.1.0","306345","efuq2t4g0f","block2_then_block1","","","color_naming","","","","","","","","","猫","mao1","","","","","","","","","2","","red","r","red","true","f2_1","cat","","","true","filler","false","null"
"html-keyboard-response","null","","null","197","2.1.0","307360","efuq2t4g0f","block2_then_block1","","","inter_trial_interval","","","","","","","","","","","","","","","","","","","","","","","","","","","","","","","",""
"html-keyboard-response","null","<div class=""fixation"">+</div>","null","198","2.1.0","307861","efuq2t4g0f","block2_then_block1","","","fixation","","","","","","","","","","","","","","","","","","","","","","","","","","","","","","","",""
"html-keyboard-response","795","<div class=""chinese-character"" style=""color:#2ca02c;"">旅</div>","g","199","2.1.0","308658","efuq2t4g0f","block2_then_block1","","","color_naming","","","","","","","","","旅","lv3","","","","","","","","","2","","green","g","green","true","green","travel","","","false","congruent_S_plus_T_minus","true","2"
"html-keyboard-response","null","","null","200","2.1.0","309662","efuq2t4g0f","block2_then_block1","","","inter_trial_interval","","","","","","","","","","","","","","","","","","","","","","","","","","","","","","","",""
"html-keyboard-response","null","<div class=""fixation"">+</div>","null","201","2.1.0","310164","efuq2t4g0f","block2_then_block1","","","fixation","","","","","","","","","","","","","","","","","","","","","","","","","","","","","","","",""
"html-keyboard-response","730","<div class=""chinese-character"" style=""color:#1f77b4;"">心</div>","b","202","2.1.0","310896","efuq2t4g0f","block2_then_block1","","","color_naming","","","","","","","","","心","xin1","","","","","","","","","2","","blue","b","blue","true","f2_23","heart","","","true","filler","false","null"
"html-keyboard-response","null","","null","203","2.1.0","311911","efuq2t4g0f","block2_then_block1","","","inter_trial_interval","","","","","","","","","","","","","","","","","","","","","","","","","","","","","","","",""
"html-keyboard-response","null","<div class=""fixation"">+</div>","null","204","2.1.0","312423","efuq2t4g0f","block2_then_block1","","","fixation","","","","","","","","","","","","","","","","","","","","","","","","","","","","","","","",""
"html-keyboard-response","846","<div class=""chinese-character"" style=""color:#d6b300;"">钟</div>","y","205","2.1.0","313271","efuq2t4g0f","block2_then_block1","","","color_naming","","","","","","","","","钟","zhong1","","","","","","","","","2","","yellow","y","yellow","true","f2_10","clock","","","true","filler","false","null"
"html-keyboard-response","null","","null","206","2.1.0","314274","efuq2t4g0f","block2_then_block1","","","inter_trial_interval","","","","","","","","","","","","","","","","","","","","","","","","","","","","","","","",""
"html-keyboard-response","null","<div class=""fixation"">+</div>","null","207","2.1.0","314785","efuq2t4g0f","block2_then_block1","","","fixation","","","","","","","","","","","","","","","","","","","","","","","","","","","","","","","",""
"html-keyboard-response","827","<div class=""chinese-character"" style=""color:#1f77b4;"">尝</div>","b","208","2.1.0","315613","efuq2t4g0f","block2_then_block1","","","color_naming","","","","","","","","","尝","chang2","","","","","","","","","2","","blue","b","blue","true","blue","taste","","","false","congruent_S_minus_T_plus","true","2"
"html-keyboard-response","null","","null","209","2.1.0","316622","efuq2t4g0f","block2_then_block1","","","inter_trial_interval","","","","","","","","","","","","","","","","","","","","","","","","","","","","","","","",""
"html-keyboard-response","null","<div class=""fixation"">+</div>","null","210","2.1.0","317135","efuq2t4g0f","block2_then_block1","","","fixation","","","","","","","","","","","","","","","","","","","","","","","","","","","","","","","",""
"html-keyboard-response","603","<div class=""chinese-character"" style=""color:#d62728;"">脸</div>","r","211","2.1.0","317739","efuq2t4g0f","block2_then_block1","","","color_naming","","","","","","","","","脸","lian3","","","","","","","","","2","","red","r","red","true","f2_13","face","","","true","filler","false","null"
"html-keyboard-response","null","","null","212","2.1.0","318740","efuq2t4g0f","block2_then_block1","","","inter_trial_interval","","","","","","","","","","","","","","","","","","","","","","","","","","","","","","","",""
"html-keyboard-response","null","<div class=""fixation"">+</div>","null","213","2.1.0","319250","efuq2t4g0f","block2_then_block1","","","fixation","","","","","","","","","","","","","","","","","","","","","","","","","","","","","","","",""
"html-keyboard-response","953","<div class=""chinese-character"" style=""color:#d6b300;"">趁</div>","y","214","2.1.0","320205","efuq2t4g0f","block2_then_block1","","","color_naming","","","","","","","","","趁","chen4","","","","","","","","","2","","yellow","y","yellow","true","yellow","take advantage of","","","false","neutral","true","2"
"html-keyboard-response","null","","null","215","2.1.0","321209","efuq2t4g0f","block2_then_block1","","","inter_trial_interval","","","","","","","","","","","","","","","","","","","","","","","","","","","","","","","",""
"html-keyboard-response","null","<div class=""fixation"">+</div>","null","216","2.1.0","321716","efuq2t4g0f","block2_then_block1","","","fixation","","","","","","","","","","","","","","","","","","","","","","","","","","","","","","","",""
"html-keyboard-response","1212","<div class=""chinese-character"" style=""color:#2ca02c;"">房</div>","g","217","2.1.0","322930","efuq2t4g0f","block2_then_block1","","","color_naming","","","","","","","","","房","fang2","","","","","","","","","2","","green","g","green","true","f2_8","room","","","true","filler","false","null"
"html-keyboard-response","null","","null","218","2.1.0","323938","efuq2t4g0f","block2_then_block1","","","inter_trial_interval","","","","","","","","","","","","","","","","","","","","","","","","","","","","","","","",""
"html-keyboard-response","null","<div class=""fixation"">+</div>","null","219","2.1.0","324442","efuq2t4g0f","block2_then_block1","","","fixation","","","","","","","","","","","","","","","","","","","","","","","","","","","","","","","",""
"html-keyboard-response","735","<div class=""chinese-character"" style=""color:#1f77b4;"">宫</div>","b","220","2.1.0","325178","efuq2t4g0f","block2_then_block1","","","color_naming","","","","","","","","","宫","gong1","","","","","","","","","2","","blue","b","blue","true","blue","palace","","","false","neutral","true","2"
"html-keyboard-response","null","","null","221","2.1.0","326184","efuq2t4g0f","block2_then_block1","","","inter_trial_interval","","","","","","","","","","","","","","","","","","","","","","","","","","","","","","","",""
"html-keyboard-response","null","<div class=""fixation"">+</div>","null","222","2.1.0","326693","efuq2t4g0f","block2_then_block1","","","fixation","","","","","","","","","","","","","","","","","","","","","","","","","","","","","","","",""
"html-keyboard-response","857","<div class=""chinese-character"" style=""color:#d62728;"">轰</div>","r","223","2.1.0","327551","efuq2t4g0f","block2_then_block1","","","color_naming","","","","","","","","","轰","hong1","","","","","","","","","2","","red","r","red","true","red","boom","","","false","congruent_S_plus_T_minus","true","2"
"html-keyboard-response","null","","null","224","2.1.0","328556","efuq2t4g0f","block2_then_block1","","","inter_trial_interval","","","","","","","","","","","","","","","","","","","","","","","","","","","","","","","",""
"html-keyboard-response","null","<div class=""fixation"">+</div>","null","225","2.1.0","329060","efuq2t4g0f","block2_then_block1","","","fixation","","","","","","","","","","","","","","","","","","","","","","","","","","","","","","","",""
"html-keyboard-response","786","<div class=""chinese-character"" style=""color:#1f77b4;"">婪</div>","b","226","2.1.0","329848","efuq2t4g0f","block2_then_block1","","","color_naming","","","","","","","","","婪","lan2","","","","","","","","","2","","blue","b","blue","true","blue","greedy","","","false","congruent_S_T_plus","true","2"
"html-keyboard-response","null","","null","227","2.1.0","330866","efuq2t4g0f","block2_then_block1","","","inter_trial_interval","","","","","","","","","","","","","","","","","","","","","","","","","","","","","","","",""
"html-keyboard-response","null","<div class=""fixation"">+</div>","null","228","2.1.0","331376","efuq2t4g0f","block2_then_block1","","","fixation","","","","","","","","","","","","","","","","","","","","","","","","","","","","","","","",""
"html-keyboard-response","781","<div class=""chinese-character"" style=""color:#d6b300;"">桌</div>","y","229","2.1.0","332159","efuq2t4g0f","block2_then_block1","","","color_naming","","","","","","","","","桌","zhuo1","","","","","","","","","2","","yellow","y","yellow","true","f2_6","table","","","true","filler","false","null"
"html-keyboard-response","null","","null","230","2.1.0","333166","efuq2t4g0f","block2_then_block1","","","inter_trial_interval","","","","","","","","","","","","","","","","","","","","","","","","","","","","","","","",""
"html-keyboard-response","null","<div class=""fixation"">+</div>","null","231","2.1.0","333671","efuq2t4g0f","block2_then_block1","","","fixation","","","","","","","","","","","","","","","","","","","","","","","","","","","","","","","",""
"html-keyboard-response","796","<div class=""chinese-character"" style=""color:#d62728;"">洪</div>","r","232","2.1.0","334467","efuq2t4g0f","block2_then_block1","","","color_naming","","","","","","","","","洪","hong2","","","","","","","","","2","","red","r","red","true","red","flood","","","false","congruent_S_T_plus","true","2"
"html-keyboard-response","null","","null","233","2.1.0","335478","efuq2t4g0f","block2_then_block1","","","inter_trial_interval","","","","","","","","","","","","","","","","","","","","","","","","","","","","","","","",""
"html-keyboard-response","null","<div class=""fixation"">+</div>","null","234","2.1.0","335980","efuq2t4g0f","block2_then_block1","","","fixation","","","","","","","","","","","","","","","","","","","","","","","","","","","","","","","",""
"html-keyboard-response","1103","<div class=""chinese-character"" style=""color:#2ca02c;"">涂</div>","g","235","2.1.0","337084","efuq2t4g0f","block2_then_block1","","","color_naming","","","","","","","","","涂","tu2","","","","","","","","","2","","green","g","green","true","green","paint","","","false","neutral","true","2"
"html-keyboard-response","null","","null","236","2.1.0","338094","efuq2t4g0f","block2_then_block1","","","inter_trial_interval","","","","","","","","","","","","","","","","","","","","","","","","","","","","","","","",""
"html-keyboard-response","null","<div class=""fixation"">+</div>","null","237","2.1.0","338603","efuq2t4g0f","block2_then_block1","","","fixation","","","","","","","","","","","","","","","","","","","","","","","","","","","","","","","",""
"html-keyboard-response","807","<div class=""chinese-character"" style=""color:#d62728;"">衣</div>","r","238","2.1.0","339411","efuq2t4g0f","block2_then_block1","","","color_naming","","","","","","","","","衣","yi1","","","","","","","","","2","","red","r","red","true","f2_17","clothing","","","true","filler","false","null"
"html-keyboard-response","null","","null","239","2.1.0","340419","efuq2t4g0f","block2_then_block1","","","inter_trial_interval","","","","","","","","","","","","","","","","","","","","","","","","","","","","","","","",""
"html-keyboard-response","null","<div class=""fixation"">+</div>","null","240","2.1.0","340933","efuq2t4g0f","block2_then_block1","","","fixation","","","","","","","","","","","","","","","","","","","","","","","","","","","","","","","",""
"html-keyboard-response","906","<div class=""chinese-character"" style=""color:#d6b300;"">缠</div>","y","241","2.1.0","341841","efuq2t4g0f","block2_then_block1","","","color_naming","","","","","","","","","缠","chan2","","","","","","","","","2","","yellow","y","yellow","true","yellow","wrap around","","","false","congruent_S_minus_T_plus","true","2"
"html-keyboard-response","null","","null","242","2.1.0","342856","efuq2t4g0f","block2_then_block1","","","inter_trial_interval","","","","","","","","","","","","","","","","","","","","","","","","","","","","","","","",""
"html-keyboard-response","null","<div class=""fixation"">+</div>","null","243","2.1.0","343369","efuq2t4g0f","block2_then_block1","","","fixation","","","","","","","","","","","","","","","","","","","","","","","","","","","","","","","",""
"html-keyboard-response","735","<div class=""chinese-character"" style=""color:#1f77b4;"">览</div>","b","244","2.1.0","344106","efuq2t4g0f","block2_then_block1","","","color_naming","","","","","","","","","览","lan3","","","","","","","","","2","","blue","b","blue","true","blue","view","","","false","congruent_S_plus_T_minus","true","2"
"html-keyboard-response","null","","null","245","2.1.0","345112","efuq2t4g0f","block2_then_block1","","","inter_trial_interval","","","","","","","","","","","","","","","","","","","","","","","","","","","","","","","",""
"html-keyboard-response","null","<div class=""fixation"">+</div>","null","246","2.1.0","345617","efuq2t4g0f","block2_then_block1","","","fixation","","","","","","","","","","","","","","","","","","","","","","","","","","","","","","","",""
"html-keyboard-response","687","<div class=""chinese-character"" style=""color:#d62728;"">瓶</div>","r","247","2.1.0","346306","efuq2t4g0f","block2_then_block1","","","color_naming","","","","","","","","","瓶","ping2","","","","","","","","","2","","red","r","red","true","red","bottle","","","false","congruent_S_minus_T_plus","true","2"
"html-keyboard-response","null","","null","248","2.1.0","347314","efuq2t4g0f","block2_then_block1","","","inter_trial_interval","","","","","","","","","","","","","","","","","","","","","","","","","","","","","","","",""
"html-keyboard-response","null","<div class=""fixation"">+</div>","null","249","2.1.0","347828","efuq2t4g0f","block2_then_block1","","","fixation","","","","","","","","","","","","","","","","","","","","","","","","","","","","","","","",""
"html-keyboard-response","818","<div class=""chinese-character"" style=""color:#d6b300;"">晃</div>","y","250","2.1.0","348648","efuq2t4g0f","block2_then_block1","","","color_naming","","","","","","","","","晃","huang4","","","","","","","","","2","","yellow","y","yellow","true","yellow","sway","","","false","congruent_S_plus_T_minus","true","2"
"html-keyboard-response","null","","null","251","2.1.0","349653","efuq2t4g0f","block2_then_block1","","","inter_trial_interval","","","","","","","","","","","","","","","","","","","","","","","","","","","","","","","",""
"html-keyboard-response","null","<div class=""fixation"">+</div>","null","252","2.1.0","350158","efuq2t4g0f","block2_then_block1","","","fixation","","","","","","","","","","","","","","","","","","","","","","","","","","","","","","","",""
"html-keyboard-response","718","<div class=""chinese-character"" style=""color:#d6b300;"">黄</div>","y","253","2.1.0","350878","efuq2t4g0f","block2_then_block1","","","color_naming","","","","","","","","","黄","huang2","","","","","","","","","2","","yellow","y","yellow","true","yellow","yellow","","","false","congruent_color_character","true","2"
"html-keyboard-response","null","","null","254","2.1.0","351896","efuq2t4g0f","block2_then_block1","","","inter_trial_interval","","","","","","","","","","","","","","","","","","","","","","","","","","","","","","","",""
"html-keyboard-response","null","<div class=""fixation"">+</div>","null","255","2.1.0","352405","efuq2t4g0f","block2_then_block1","","","fixation","","","","","","","","","","","","","","","","","","","","","","","","","","","","","","","",""
"html-keyboard-response","959","<div class=""chinese-character"" style=""color:#2ca02c;"">雪</div>","g","256","2.1.0","353366","efuq2t4g0f","block2_then_block1","","","color_naming","","","","","","","","","雪","xue3","","","","","","","","","2","","green","g","green","true","f2_20","snow","","","true","filler","false","null"
"html-keyboard-response","null","","null","257","2.1.0","354373","efuq2t4g0f","block2_then_block1","","","inter_trial_interval","","","","","","","","","","","","","","","","","","","","","","","","","","","","","","","",""
"html-keyboard-response","null","<div class=""fixation"">+</div>","null","258","2.1.0","354888","efuq2t4g0f","block2_then_block1","","","fixation","","","","","","","","","","","","","","","","","","","","","","","","","","","","","","","",""
"html-keyboard-response","841","<div class=""chinese-character"" style=""color:#d6b300;"">狗</div>","y","259","2.1.0","355731","efuq2t4g0f","block2_then_block1","","","color_naming","","","","","","","","","狗","gou3","","","","","","","","","2","","yellow","y","yellow","true","f2_2","dog","","","true","filler","false","null"
"html-keyboard-response","null","","null","260","2.1.0","356736","efuq2t4g0f","block2_then_block1","","","inter_trial_interval","","","","","","","","","","","","","","","","","","","","","","","","","","","","","","","",""
"html-keyboard-response","null","<div class=""fixation"">+</div>","null","261","2.1.0","357251","efuq2t4g0f","block2_then_block1","","","fixation","","","","","","","","","","","","","","","","","","","","","","","","","","","","","","","",""
"html-keyboard-response","853","<div class=""chinese-character"" style=""color:#d6b300;"">绿</div>","y","262","2.1.0","358105","efuq2t4g0f","block2_then_block1","","","color_naming","","","","","","","","","绿","lv4","","","","","","","","","2","","yellow","y","yellow","true","green","green","","","false","incongruent_color_character","true","2"
"html-keyboard-response","null","","null","263","2.1.0","359107","efuq2t4g0f","block2_then_block1","","","inter_trial_interval","","","","","","","","","","","","","","","","","","","","","","","","","","","","","","","",""
"html-keyboard-response","null","<div class=""fixation"">+</div>","null","264","2.1.0","359618","efuq2t4g0f","block2_then_block1","","","fixation","","","","","","","","","","","","","","","","","","","","","","","","","","","","","","","",""
"html-keyboard-response","862","<div class=""chinese-character"" style=""color:#2ca02c;"">洞</div>","g","265","2.1.0","360481","efuq2t4g0f","block2_then_block1","","","color_naming","","","","","","","","","洞","dong4","","","","","","","","","2","","green","g","green","true","green","hole","","","false","congruent_S_minus_T_plus","true","2"
"html-keyboard-response","null","","null","266","2.1.0","361485","efuq2t4g0f","block2_then_block1","","","inter_trial_interval","","","","","","","","","","","","","","","","","","","","","","","","","","","","","","","",""
"html-keyboard-response","null","<div class=""fixation"">+</div>","null","267","2.1.0","361999","efuq2t4g0f","block2_then_block1","","","fixation","","","","","","","","","","","","","","","","","","","","","","","","","","","","","","","",""
"html-keyboard-response","742","<div class=""chinese-character"" style=""color:#d62728;"">笔</div>","r","268","2.1.0","362743","efuq2t4g0f","block2_then_block1","","","color_naming","","","","","","","","","笔","bi3","","","","","","","","","2","","red","r","red","true","f2_5","pen","","","true","filler","false","null"
"html-keyboard-response","null","","null","269","2.1.0","363758","efuq2t4g0f","block2_then_block1","","","inter_trial_interval","","","","","","","","","","","","","","","","","","","","","","","","","","","","","","","",""
"html-keyboard-response","null","<div class=""fixation"">+</div>","null","270","2.1.0","364261","efuq2t4g0f","block2_then_block1","","","fixation","","","","","","","","","","","","","","","","","","","","","","","","","","","","","","","",""
"html-keyboard-response","753","<div class=""chinese-character"" style=""color:#1f77b4;"">草</div>","b","271","2.1.0","365016","efuq2t4g0f","block2_then_block1","","","color_naming","","","","","","","","","草","cao3","","","","","","","","","2","","blue","b","blue","true","f2_19","grass","","","true","filler","false","null"
"html-keyboard-response","null","","null","272","2.1.0","366022","efuq2t4g0f","block2_then_block1","","","inter_trial_interval","","","","","","","","","","","","","","","","","","","","","","","","","","","","","","","",""
"html-keyboard-response","null","<div class=""fixation"">+</div>","null","273","2.1.0","366530","efuq2t4g0f","block2_then_block1","","","fixation","","","","","","","","","","","","","","","","","","","","","","","","","","","","","","","",""
"html-keyboard-response","700","<div class=""chinese-character"" style=""color:#1f77b4;"">红</div>","b","274","2.1.0","367230","efuq2t4g0f","block2_then_block1","","","color_naming","","","","","","","","","红","hong2","","","","","","","","","2","","blue","b","blue","true","red","red","","","false","incongruent_color_character","true","2"
"html-keyboard-response","null","","null","275","2.1.0","368233","efuq2t4g0f","block2_then_block1","","","inter_trial_interval","","","","","","","","","","","","","","","","","","","","","","","","","","","","","","","",""
"html-keyboard-response","null","<div class=""fixation"">+</div>","null","276","2.1.0","368743","efuq2t4g0f","block2_then_block1","","","fixation","","","","","","","","","","","","","","","","","","","","","","","","","","","","","","","",""
"html-keyboard-response","725","<div class=""chinese-character"" style=""color:#1f77b4;"">椅</div>","b","277","2.1.0","369470","efuq2t4g0f","block2_then_block1","","","color_naming","","","","","","","","","椅","yi3","","","","","","","","","2","","blue","b","blue","true","f2_7","chair","","","true","filler","false","null"
"html-keyboard-response","null","","null","278","2.1.0","370477","efuq2t4g0f","block2_then_block1","","","inter_trial_interval","","","","","","","","","","","","","","","","","","","","","","","","","","","","","","","",""
"html-keyboard-response","null","<div class=""fixation"">+</div>","null","279","2.1.0","370992","efuq2t4g0f","block2_then_block1","","","fixation","","","","","","","","","","","","","","","","","","","","","","","","","","","","","","","",""
"html-keyboard-response","642","<div class=""chinese-character"" style=""color:#d62728;"">牵</div>","r","280","2.1.0","371635","efuq2t4g0f","block2_then_block1","","","color_naming","","","","","","","","","牵","qian1","","","","","","","","","2","","red","r","red","true","red","lead along","","","false","neutral","true","2"
"html-keyboard-response","null","","null","281","2.1.0","372643","efuq2t4g0f","block2_then_block1","","","inter_trial_interval","","","","","","","","","","","","","","","","","","","","","","","","","","","","","","","",""
"html-keyboard-response","null","<div class=""fixation"">+</div>","null","282","2.1.0","373156","efuq2t4g0f","block2_then_block1","","","fixation","","","","","","","","","","","","","","","","","","","","","","","","","","","","","","","",""
"html-keyboard-response","700","<div class=""chinese-character"" style=""color:#1f77b4;"">河</div>","b","283","2.1.0","373858","efuq2t4g0f","block2_then_block1","","","color_naming","","","","","","","","","河","he2","","","","","","","","","2","","blue","b","blue","true","f2_11","river","","","true","filler","false","null"
"html-keyboard-response","null","","null","284","2.1.0","374861","efuq2t4g0f","block2_then_block1","","","inter_trial_interval","","","","","","","","","","","","","","","","","","","","","","","","","","","","","","","",""
"html-keyboard-response","null","<div class=""fixation"">+</div>","null","285","2.1.0","375373","efuq2t4g0f","block2_then_block1","","","fixation","","","","","","","","","","","","","","","","","","","","","","","","","","","","","","","",""
"html-keyboard-response","717","<div class=""chinese-character"" style=""color:#d6b300;"">星</div>","y","286","2.1.0","376091","efuq2t4g0f","block2_then_block1","","","color_naming","","","","","","","","","星","xing1","","","","","","","","","2","","yellow","y","yellow","true","f2_18","star","","","true","filler","false","null"
"html-keyboard-response","null","","null","287","2.1.0","377104","efuq2t4g0f","block2_then_block1","","","inter_trial_interval","","","","","","","","","","","","","","","","","","","","","","","","","","","","","","","",""
"html-keyboard-response","null","<div class=""fixation"">+</div>","null","288","2.1.0","377620","efuq2t4g0f","block2_then_block1","","","fixation","","","","","","","","","","","","","","","","","","","","","","","","","","","","","","","",""
"html-keyboard-response","620","<div class=""chinese-character"" style=""color:#1f77b4;"">电</div>","b","289","2.1.0","378242","efuq2t4g0f","block2_then_block1","","","color_naming","","","","","","","","","电","dian4","","","","","","","","","2","","blue","b","blue","true","f2_15","electricity","","","true","filler","false","null"
"html-keyboard-response","null","","null","290","2.1.0","379256","efuq2t4g0f","block2_then_block1","","","inter_trial_interval","","","","","","","","","","","","","","","","","","","","","","","","","","","","","","","",""
"html-keyboard-response","null","<div class=""fixation"">+</div>","null","291","2.1.0","379767","efuq2t4g0f","block2_then_block1","","","fixation","","","","","","","","","","","","","","","","","","","","","","","","","","","","","","","",""
"html-keyboard-response","681","<div class=""chinese-character"" style=""color:#2ca02c;"">虑</div>","g","292","2.1.0","380449","efuq2t4g0f","block2_then_block1","","","color_naming","","","","","","","","","虑","lv4","","","","","","","","","2","","green","g","green","true","green","ponder","","","false","congruent_S_T_plus","true","2"
"html-keyboard-response","null","","null","293","2.1.0","381460","efuq2t4g0f","block2_then_block1","","","inter_trial_interval","","","","","","","","","","","","","","","","","","","","","","","","","","","","","","","",""
"html-keyboard-response","null","<div class=""fixation"">+</div>","null","294","2.1.0","381965","efuq2t4g0f","block2_then_block1","","","fixation","","","","","","","","","","","","","","","","","","","","","","","","","","","","","","","",""
"html-keyboard-response","665","<div class=""chinese-character"" style=""color:#d6b300;"">皇</div>","y","295","2.1.0","382632","efuq2t4g0f","block2_then_block1","","","color_naming","","","","","","","","","皇","huang2","","","","","","","","","2","","yellow","y","yellow","true","yellow","emperor","","","false","congruent_S_T_plus","true","2"
"html-keyboard-response","null","","null","296","2.1.0","383639","efuq2t4g0f","block2_then_block1","","","inter_trial_interval","","","","","","","","","","","","","","","","","","","","","","","","","","","","","","","",""
"html-keyboard-response","null","<div class=""fixation"">+</div>","null","297","2.1.0","384150","efuq2t4g0f","block2_then_block1","","","fixation","","","","","","","","","","","","","","","","","","","","","","","","","","","","","","","",""
"html-keyboard-response","615","<div class=""chinese-character"" style=""color:#d62728;"">耳</div>","r","298","2.1.0","384766","efuq2t4g0f","block2_then_block1","","","color_naming","","","","","","","","","耳","er3","","","","","","","","","2","","red","r","red","true","f2_21","ear","","","true","filler","false","null"
"html-keyboard-response","null","","null","299","2.1.0","385779","efuq2t4g0f","block2_then_block1","","","inter_trial_interval","","","","","","","","","","","","","","","","","","","","","","","","","","","","","","","",""
"html-keyboard-response","null","<div class=""fixation"">+</div>","null","300","2.1.0","386295","efuq2t4g0f","block2_then_block1","","","fixation","","","","","","","","","","","","","","","","","","","","","","","","","","","","","","","",""
"html-keyboard-response","645","<div class=""chinese-character"" style=""color:#1f77b4;"">马</div>","b","301","2.1.0","386942","efuq2t4g0f","block2_then_block1","","","color_naming","","","","","","","","","马","ma3","","","","","","","","","2","","blue","b","blue","true","f2_3","horse","","","true","filler","false","null"
"html-keyboard-response","null","","null","302","2.1.0","387952","efuq2t4g0f","block2_then_block1","","","inter_trial_interval","","","","","","","","","","","","","","","","","","","","","","","","","","","","","","","",""
"html-keyboard-response","null","<div class=""fixation"">+</div>","null","303","2.1.0","388459","efuq2t4g0f","block2_then_block1","","","fixation","","","","","","","","","","","","","","","","","","","","","","","","","","","","","","","",""
"html-keyboard-response","576","<div class=""chinese-character"" style=""color:#d62728;"">红</div>","r","304","2.1.0","389036","efuq2t4g0f","block2_then_block1","","","color_naming","","","","","","","","","红","hong2","","","","","","","","","2","","red","r","red","true","red","red","","","false","congruent_color_character","true","2"
"html-keyboard-response","null","","null","305","2.1.0","390048","efuq2t4g0f","block2_then_block1","","","inter_trial_interval","","","","","","","","","","","","","","","","","","","","","","","","","","","","","","","",""
"html-keyboard-response","null","<div class=""fixation"">+</div>","null","306","2.1.0","390565","efuq2t4g0f","block2_then_block1","","","fixation","","","","","","","","","","","","","","","","","","","","","","","","","","","","","","","",""
"html-keyboard-response","751","<div class=""chinese-character"" style=""color:#2ca02c;"">田</div>","g","307","2.1.0","391318","efuq2t4g0f","block2_then_block1","","","color_naming","","","","","","","","","田","tian2","","","","","","","","","2","","green","g","green","true","f2_24","field","","","true","filler","false","null"
"html-keyboard-response","null","","null","308","2.1.0","392326","efuq2t4g0f","block2_then_block1","","","inter_trial_interval","","","","","","","","","","","","","","","","","","","","","","","","","","","","","","","",""
"html-keyboard-response","null","<div class=""fixation"">+</div>","null","309","2.1.0","392841","efuq2t4g0f","block2_then_block1","","","fixation","","","","","","","","","","","","","","","","","","","","","","","","","","","","","","","",""
"html-keyboard-response","696","<div class=""chinese-character"" style=""color:#d6b300;"">饭</div>","y","310","2.1.0","393538","efuq2t4g0f","block2_then_block1","","","color_naming","","","","","","","","","饭","fan4","","","","","","","","","2","","yellow","y","yellow","true","f2_14","meal","","","true","filler","false","null"
"html-keyboard-response","null","","null","311","2.1.0","394542","efuq2t4g0f","block2_then_block1","","","inter_trial_interval","","","","","","","","","","","","","","","","","","","","","","","","","","","","","","","",""
"html-keyboard-response","null","<div class=""fixation"">+</div>","null","312","2.1.0","395054","efuq2t4g0f","block2_then_block1","","","fixation","","","","","","","","","","","","","","","","","","","","","","","","","","","","","","","",""
"html-keyboard-response","1010","<div class=""chinese-character"" style=""color:#2ca02c;"">绿</div>","g","313","2.1.0","396065","efuq2t4g0f","block2_then_block1","","","color_naming","","","","","","","","","绿","lv4","","","","","","","","","2","","green","g","green","true","green","green","","","false","congruent_color_character","true","2"
"html-keyboard-response","null","","null","314","2.1.0","397068","efuq2t4g0f","block2_then_block1","","","inter_trial_interval","","","","","","","","","","","","","","","","","","","","","","","","","","","","","","","",""
"html-keyboard-response","null","<div class=""fixation"">+</div>","null","315","2.1.0","397572","efuq2t4g0f","block2_then_block1","","","fixation","","","","","","","","","","","","","","","","","","","","","","","","","","","","","","","",""
"html-keyboard-response","716","<div class=""chinese-character"" style=""color:#2ca02c;"">影</div>","g","316","2.1.0","398289","efuq2t4g0f","block2_then_block1","","","color_naming","","","","","","","","","影","ying3","","","","","","","","","2","","green","g","green","true","f2_16","shadow/movie","","","true","filler","false","null"
"html-keyboard-response","null","","null","317","2.1.0","399296","efuq2t4g0f","block2_then_block1","","","inter_trial_interval","","","","","","","","","","","","","","","","","","","","","","","","","","","","","","","",""
"html-keyboard-response","null","<div class=""fixation"">+</div>","null","318","2.1.0","399805","efuq2t4g0f","block2_then_block1","","","fixation","","","","","","","","","","","","","","","","","","","","","","","","","","","","","","","",""
"html-keyboard-response","762","<div class=""chinese-character"" style=""color:#1f77b4;"">蓝</div>","b","319","2.1.0","400569","efuq2t4g0f","block2_then_block1","","","color_naming","","","","","","","","","蓝","lan2","","","","","","","","","2","","blue","b","blue","true","blue","blue","","","false","congruent_color_character","true","2"
"html-keyboard-response","null","","null","320","2.1.0","401579","efuq2t4g0f","block2_then_block1","","","inter_trial_interval","","","","","","","","","","","","","","","","","","","","","","","","","","","","","","","",""
"html-keyboard-response","null","<div class=""fixation"">+</div>","null","321","2.1.0","402098","efuq2t4g0f","block2_then_block1","","","fixation","","","","","","","","","","","","","","","","","","","","","","","","","","","","","","","",""
"html-keyboard-response","908","<div class=""chinese-character"" style=""color:#2ca02c;"">米</div>","g","322","2.1.0","403007","efuq2t4g0f","block2_then_block1","","","color_naming","","","","","","","","","米","mi3","","","","","","","","","2","","green","g","green","true","f2_4","rice","","","true","filler","false","null"
"html-keyboard-response","null","","null","323","2.1.0","404021","efuq2t4g0f","block2_then_block1","","","inter_trial_interval","","","","","","","","","","","","","","","","","","","","","","","","","","","","","","","",""
"html-keyboard-response","2433","
    <div class=""instructions"">
      <h2>Short Break</h2>
      <p>You have completed the first half of the experiment.</p>
      <p>Press <strong>Space</strong> when you are ready to continue.</p>
    </div>
  "," ","324","2.1.0","406455","efuq2t4g0f","block2_then_block1","","","","","","","","","","","","","","","","","","","","","","","","","","","","","","","","","","",""
"html-keyboard-response","4659","
      <div class=""instructions"">
        <h2>Chinese Character Naming — Block 1</h2>
        <p>You will see Chinese characters printed in black.</p>
        <p>Please <strong>say the character aloud in Mandarin</strong> as quickly and accurately as possible.</p>
        <p>After speaking, press <strong>Space</strong> to move to the next character immediately.</p>
        <p>Your voice will be recorded so we can verify your responses.</p>
        <p>Press <strong>Space</strong> to begin.</p>
      </div>
    "," ","325","2.1.0","411116","efuq2t4g0f","block2_then_block1","","","","","","","","","","","","","","","","","","","","","","","","","","","","","","","","","","",""
"html-keyboard-response","null","<div class=""fixation"">+</div>","null","326","2.1.0","411633","efuq2t4g0f","block2_then_block1","","","fixation","","","","","","","","","","","","","","","","","","","","","","","","","","","","","","","",""
"html-keyboard-response","1689","
      <div class=""chinese-character"" style=""color:#000000;"">趁</div>
      <div style=""margin-top:32px; font-size:16px; color:#555; font-family:Arial,sans-serif;"">
        Say the character aloud, then press <strong>Space</strong>.
      </div>
    "," ","327","2.1.0","413323","efuq2t4g0f","block2_then_block1","","","character_naming","","","","","","","","","趁","chen4","character_naming_yellow_block1_rep1","1689","true","true","27344","efuq2t4g0f_character_naming_yellow_block1_rep1.webm","true","{""message"":""Success""}","1","","","","","","yellow","take advantage of","neutral","yellow","false","","",""
"html-keyboard-response","null","","null","328","2.1.0","413435","efuq2t4g0f","block2_then_block1","","","inter_trial_interval","","","","","","","","","","","","","","","","","","","","","","","","","","","","","","","",""
"html-keyboard-response","null","<div class=""fixation"">+</div>","null","329","2.1.0","413939","efuq2t4g0f","block2_then_block1","","","fixation","","","","","","","","","","","","","","","","","","","","","","","","","","","","","","","",""
"html-keyboard-response","1251","
      <div class=""chinese-character"" style=""color:#000000;"">绿</div>
      <div style=""margin-top:32px; font-size:16px; color:#555; font-family:Arial,sans-serif;"">
        Say the character aloud, then press <strong>Space</strong>.
      </div>
    "," ","330","2.1.0","415192","efuq2t4g0f","block2_then_block1","","","character_naming","","","","","","","","","绿","lv4","character_naming_green_block1_rep1","1251","true","true","19616","efuq2t4g0f_character_naming_green_block1_rep1.webm","true","{""message"":""Success""}","1","","","","","","green","green","congruent_color_character","green","false","","",""
"html-keyboard-response","null","","null","331","2.1.0","415296","efuq2t4g0f","block2_then_block1","","","inter_trial_interval","","","","","","","","","","","","","","","","","","","","","","","","","","","","","","","",""
"html-keyboard-response","null","<div class=""fixation"">+</div>","null","332","2.1.0","415805","efuq2t4g0f","block2_then_block1","","","fixation","","","","","","","","","","","","","","","","","","","","","","","","","","","","","","","",""
"html-keyboard-response","1467","
      <div class=""chinese-character"" style=""color:#000000;"">雨</div>
      <div style=""margin-top:32px; font-size:16px; color:#555; font-family:Arial,sans-serif;"">
        Say the character aloud, then press <strong>Space</strong>.
      </div>
    "," ","333","2.1.0","417273","efuq2t4g0f","block2_then_block1","","","character_naming","","","","","","","","","雨","yu3","character_naming_f1_17_block1_norep","1467","true","true","23480","efuq2t4g0f_character_naming_f1_17_block1_norep.webm","true","{""message"":""Success""}","1","","","","","","f1_17","rain","filler","red","true","","",""
"html-keyboard-response","null","","null","334","2.1.0","417381","efuq2t4g0f","block2_then_block1","","","inter_trial_interval","","","","","","","","","","","","","","","","","","","","","","","","","","","","","","","",""
"html-keyboard-response","null","<div class=""fixation"">+</div>","null","335","2.1.0","417886","efuq2t4g0f","block2_then_block1","","","fixation","","","","","","","","","","","","","","","","","","","","","","","","","","","","","","","",""
"html-keyboard-response","1241","
      <div class=""chinese-character"" style=""color:#000000;"">路</div>
      <div style=""margin-top:32px; font-size:16px; color:#555; font-family:Arial,sans-serif;"">
        Say the character aloud, then press <strong>Space</strong>.
      </div>
    "," ","336","2.1.0","419129","efuq2t4g0f","block2_then_block1","","","character_naming","","","","","","","","","路","lu4","character_naming_f1_14_block1_norep","1241","true","true","19616","efuq2t4g0f_character_naming_f1_14_block1_norep.webm","true","{""message"":""Success""}","1","","","","","","f1_14","road","filler","yellow","true","","",""
"html-keyboard-response","null","","null","337","2.1.0","419232","efuq2t4g0f","block2_then_block1","","","inter_trial_interval","","","","","","","","","","","","","","","","","","","","","","","","","","","","","","","",""
"html-keyboard-response","null","<div class=""fixation"">+</div>","null","338","2.1.0","419741","efuq2t4g0f","block2_then_block1","","","fixation","","","","","","","","","","","","","","","","","","","","","","","","","","","","","","","",""
"html-keyboard-response","1482","
      <div class=""chinese-character"" style=""color:#000000;"">婪</div>
      <div style=""margin-top:32px; font-size:16px; color:#555; font-family:Arial,sans-serif;"">
        Say the character aloud, then press <strong>Space</strong>.
      </div>
    "," ","339","2.1.0","421224","efuq2t4g0f","block2_then_block1","","","character_naming","","","","","","","","","婪","lan2","character_naming_blue_block1_rep1","1482","true","true","23480","efuq2t4g0f_character_naming_blue_block1_rep1.webm","true","{""message"":""Success""}","1","","","","","","blue","greedy","congruent_S_T_plus","blue","false","","",""
"html-keyboard-response","null","","null","340","2.1.0","421329","efuq2t4g0f","block2_then_block1","","","inter_trial_interval","","","","","","","","","","","","","","","","","","","","","","","","","","","","","","","",""
"html-keyboard-response","null","<div class=""fixation"">+</div>","null","341","2.1.0","421844","efuq2t4g0f","block2_then_block1","","","fixation","","","","","","","","","","","","","","","","","","","","","","","","","","","","","","","",""
"html-keyboard-response","1449","
      <div class=""chinese-character"" style=""color:#000000;"">树</div>
      <div style=""margin-top:32px; font-size:16px; color:#555; font-family:Arial,sans-serif;"">
        Say the character aloud, then press <strong>Space</strong>.
      </div>
    "," ","342","2.1.0","423294","efuq2t4g0f","block2_then_block1","","","character_naming","","","","","","","","","树","shu4","character_naming_f1_16_block1_norep","1449","true","true","23480","efuq2t4g0f_character_naming_f1_16_block1_norep.webm","true","{""message"":""Success""}","1","","","","","","f1_16","tree","filler","green","true","","",""
"html-keyboard-response","null","","null","343","2.1.0","423406","efuq2t4g0f","block2_then_block1","","","inter_trial_interval","","","","","","","","","","","","","","","","","","","","","","","","","","","","","","","",""
"html-keyboard-response","null","<div class=""fixation"">+</div>","null","344","2.1.0","423915","efuq2t4g0f","block2_then_block1","","","fixation","","","","","","","","","","","","","","","","","","","","","","","","","","","","","","","",""
"html-keyboard-response","1376","
      <div class=""chinese-character"" style=""color:#000000;"">桥</div>
      <div style=""margin-top:32px; font-size:16px; color:#555; font-family:Arial,sans-serif;"">
        Say the character aloud, then press <strong>Space</strong>.
      </div>
    "," ","345","2.1.0","425292","efuq2t4g0f","block2_then_block1","","","character_naming","","","","","","","","","桥","qiao2","character_naming_f1_18_block1_norep","1376","true","true","21548","efuq2t4g0f_character_naming_f1_18_block1_norep.webm","true","{""message"":""Success""}","1","","","","","","f1_18","bridge","filler","yellow","true","","",""
"html-keyboard-response","null","","null","346","2.1.0","425395","efuq2t4g0f","block2_then_block1","","","inter_trial_interval","","","","","","","","","","","","","","","","","","","","","","","","","","","","","","","",""
"html-keyboard-response","null","<div class=""fixation"">+</div>","null","347","2.1.0","425910","efuq2t4g0f","block2_then_block1","","","fixation","","","","","","","","","","","","","","","","","","","","","","","","","","","","","","","",""
"html-keyboard-response","1526","
      <div class=""chinese-character"" style=""color:#000000;"">船</div>
      <div style=""margin-top:32px; font-size:16px; color:#555; font-family:Arial,sans-serif;"">
        Say the character aloud, then press <strong>Space</strong>.
      </div>
    "," ","348","2.1.0","427437","efuq2t4g0f","block2_then_block1","","","character_naming","","","","","","","","","船","chuan2","character_naming_f1_23_block1_norep","1526","true","true","24446","efuq2t4g0f_character_naming_f1_23_block1_norep.webm","true","{""message"":""Success""}","1","","","","","","f1_23","boat","filler","blue","true","","",""
"html-keyboard-response","null","","null","349","2.1.0","427541","efuq2t4g0f","block2_then_block1","","","inter_trial_interval","","","","","","","","","","","","","","","","","","","","","","","","","","","","","","","",""
"html-keyboard-response","null","<div class=""fixation"">+</div>","null","350","2.1.0","428046","efuq2t4g0f","block2_then_block1","","","fixation","","","","","","","","","","","","","","","","","","","","","","","","","","","","","","","",""
"html-keyboard-response","1388","
      <div class=""chinese-character"" style=""color:#000000;"">蓝</div>
      <div style=""margin-top:32px; font-size:16px; color:#555; font-family:Arial,sans-serif;"">
        Say the character aloud, then press <strong>Space</strong>.
      </div>
    "," ","351","2.1.0","429435","efuq2t4g0f","block2_then_block1","","","character_naming","","","","","","","","","蓝","lan2","character_naming_blue_block1_rep1","1388","true","true","22514","efuq2t4g0f_character_naming_blue_block1_rep1.webm","true","{""error"":null,""message"":""Data received. OSF upload will be retried automatically.""}","1","","","","","","blue","blue","congruent_color_character","blue","false","","",""
"html-keyboard-response","null","","null","352","2.1.0","429539","efuq2t4g0f","block2_then_block1","","","inter_trial_interval","","","","","","","","","","","","","","","","","","","","","","","","","","","","","","","",""
"html-keyboard-response","null","<div class=""fixation"">+</div>","null","353","2.1.0","430043","efuq2t4g0f","block2_then_block1","","","fixation","","","","","","","","","","","","","","","","","","","","","","","","","","","","","","","",""
"html-keyboard-response","1582","
      <div class=""chinese-character"" style=""color:#000000;"">城</div>
      <div style=""margin-top:32px; font-size:16px; color:#555; font-family:Arial,sans-serif;"">
        Say the character aloud, then press <strong>Space</strong>.
      </div>
    "," ","354","2.1.0","431625","efuq2t4g0f","block2_then_block1","","","character_naming","","","","","","","","","城","cheng2","character_naming_f1_22_block1_norep","1582","true","true","25412","efuq2t4g0f_character_naming_f1_22_block1_norep.webm","true","{""message"":""Success""}","1","","","","","","f1_22","city","filler","yellow","true","","",""
"html-keyboard-response","null","","null","355","2.1.0","431736","efuq2t4g0f","block2_then_block1","","","inter_trial_interval","","","","","","","","","","","","","","","","","","","","","","","","","","","","","","","",""
"html-keyboard-response","null","<div class=""fixation"">+</div>","null","356","2.1.0","432241","efuq2t4g0f","block2_then_block1","","","fixation","","","","","","","","","","","","","","","","","","","","","","","","","","","","","","","",""
"html-keyboard-response","1271","
      <div class=""chinese-character"" style=""color:#000000;"">晃</div>
      <div style=""margin-top:32px; font-size:16px; color:#555; font-family:Arial,sans-serif;"">
        Say the character aloud, then press <strong>Space</strong>.
      </div>
    "," ","357","2.1.0","433513","efuq2t4g0f","block2_then_block1","","","character_naming","","","","","","","","","晃","huang4","character_naming_yellow_block1_rep1","1271","true","true","20582","efuq2t4g0f_character_naming_yellow_block1_rep1.webm","true","{""error"":""OSF_FILE_EXISTS"",""message"":""The OSF file already exists. File names must be unique.""}","1","","","","","","yellow","sway","congruent_S_plus_T_minus","yellow","false","","",""
"html-keyboard-response","null","","null","358","2.1.0","433618","efuq2t4g0f","block2_then_block1","","","inter_trial_interval","","","","","","","","","","","","","","","","","","","","","","","","","","","","","","","",""
"html-keyboard-response","null","<div class=""fixation"">+</div>","null","359","2.1.0","434123","efuq2t4g0f","block2_then_block1","","","fixation","","","","","","","","","","","","","","","","","","","","","","","","","","","","","","","",""
"html-keyboard-response","1413","
      <div class=""chinese-character"" style=""color:#000000;"">皇</div>
      <div style=""margin-top:32px; font-size:16px; color:#555; font-family:Arial,sans-serif;"">
        Say the character aloud, then press <strong>Space</strong>.
      </div>
    "," ","360","2.1.0","435537","efuq2t4g0f","block2_then_block1","","","character_naming","","","","","","","","","皇","huang2","character_naming_yellow_block1_rep1","1413","true","true","22514","efuq2t4g0f_character_naming_yellow_block1_rep1.webm","true","{""error"":""OSF_FILE_EXISTS"",""message"":""The OSF file already exists. File names must be unique.""}","1","","","","","","yellow","emperor","congruent_S_T_plus","yellow","false","","",""
"html-keyboard-response","null","","null","361","2.1.0","435650","efuq2t4g0f","block2_then_block1","","","inter_trial_interval","","","","","","","","","","","","","","","","","","","","","","","","","","","","","","","",""
"html-keyboard-response","null","<div class=""fixation"">+</div>","null","362","2.1.0","436154","efuq2t4g0f","block2_then_block1","","","fixation","","","","","","","","","","","","","","","","","","","","","","","","","","","","","","","",""
"html-keyboard-response","1587","
      <div class=""chinese-character"" style=""color:#000000;"">水</div>
      <div style=""margin-top:32px; font-size:16px; color:#555; font-family:Arial,sans-serif;"">
        Say the character aloud, then press <strong>Space</strong>.
      </div>
    "," ","363","2.1.0","437742","efuq2t4g0f","block2_then_block1","","","character_naming","","","","","","","","","水","shui3","character_naming_f1_3_block1_norep","1587","true","true","25412","efuq2t4g0f_character_naming_f1_3_block1_norep.webm","true","{""message"":""Success""}","1","","","","","","f1_3","water","filler","blue","true","","",""
"html-keyboard-response","null","","null","364","2.1.0","437849","efuq2t4g0f","block2_then_block1","","","inter_trial_interval","","","","","","","","","","","","","","","","","","","","","","","","","","","","","","","",""
"html-keyboard-response","null","<div class=""fixation"">+</div>","null","365","2.1.0","438353","efuq2t4g0f","block2_then_block1","","","fixation","","","","","","","","","","","","","","","","","","","","","","","","","","","","","","","",""
"html-keyboard-response","1276","
      <div class=""chinese-character"" style=""color:#000000;"">鱼</div>
      <div style=""margin-top:32px; font-size:16px; color:#555; font-family:Arial,sans-serif;"">
        Say the character aloud, then press <strong>Space</strong>.
      </div>
    "," ","366","2.1.0","439631","efuq2t4g0f","block2_then_block1","","","character_naming","","","","","","","","","鱼","yu2","character_naming_f1_12_block1_norep","1276","true","true","20582","efuq2t4g0f_character_naming_f1_12_block1_norep.webm","true","{""message"":""Success""}","1","","","","","","f1_12","fish","filler","green","true","","",""
"html-keyboard-response","null","","null","367","2.1.0","439748","efuq2t4g0f","block2_then_block1","","","inter_trial_interval","","","","","","","","","","","","","","","","","","","","","","","","","","","","","","","",""
"html-keyboard-response","null","<div class=""fixation"">+</div>","null","368","2.1.0","440250","efuq2t4g0f","block2_then_block1","","","fixation","","","","","","","","","","","","","","","","","","","","","","","","","","","","","","","",""
"html-keyboard-response","1374","
      <div class=""chinese-character"" style=""color:#000000;"">黄</div>
      <div style=""margin-top:32px; font-size:16px; color:#555; font-family:Arial,sans-serif;"">
        Say the character aloud, then press <strong>Space</strong>.
      </div>
    "," ","369","2.1.0","441624","efuq2t4g0f","block2_then_block1","","","character_naming","","","","","","","","","黄","huang2","character_naming_yellow_block1_rep1","1374","true","true","21548","efuq2t4g0f_character_naming_yellow_block1_rep1.webm","true","{""error"":""OSF_FILE_EXISTS"",""message"":""The OSF file already exists. File names must be unique.""}","1","","","","","","yellow","yellow","incongruent_color_character","green","false","","",""
"html-keyboard-response","null","","null","370","2.1.0","441728","efuq2t4g0f","block2_then_block1","","","inter_trial_interval","","","","","","","","","","","","","","","","","","","","","","","","","","","","","","","",""
"html-keyboard-response","null","<div class=""fixation"">+</div>","null","371","2.1.0","442245","efuq2t4g0f","block2_then_block1","","","fixation","","","","","","","","","","","","","","","","","","","","","","","","","","","","","","","",""
"html-keyboard-response","1424","
      <div class=""chinese-character"" style=""color:#000000;"">宫</div>
      <div style=""margin-top:32px; font-size:16px; color:#555; font-family:Arial,sans-serif;"">
        Say the character aloud, then press <strong>Space</strong>.
      </div>
    "," ","372","2.1.0","443671","efuq2t4g0f","block2_then_block1","","","character_naming","","","","","","","","","宫","gong1","character_naming_blue_block1_rep1","1424","true","true","22514","efuq2t4g0f_character_naming_blue_block1_rep1.webm","true","{""error"":""OSF_FILE_EXISTS"",""message"":""The OSF file already exists. File names must be unique.""}","1","","","","","","blue","palace","neutral","blue","false","","",""
"html-keyboard-response","null","","null","373","2.1.0","443777","efuq2t4g0f","block2_then_block1","","","inter_trial_interval","","","","","","","","","","","","","","","","","","","","","","","","","","","","","","","",""
"html-keyboard-response","null","<div class=""fixation"">+</div>","null","374","2.1.0","444287","efuq2t4g0f","block2_then_block1","","","fixation","","","","","","","","","","","","","","","","","","","","","","","","","","","","","","","",""
"html-keyboard-response","1581","
      <div class=""chinese-character"" style=""color:#000000;"">车</div>
      <div style=""margin-top:32px; font-size:16px; color:#555; font-family:Arial,sans-serif;"">
        Say the character aloud, then press <strong>Space</strong>.
      </div>
    "," ","375","2.1.0","445868","efuq2t4g0f","block2_then_block1","","","character_naming","","","","","","","","","车","che1","character_naming_f1_5_block1_norep","1581","true","true","25412","efuq2t4g0f_character_naming_f1_5_block1_norep.webm","true","{""message"":""Success""}","1","","","","","","f1_5","car","filler","red","true","","",""
"html-keyboard-response","null","","null","376","2.1.0","445976","efuq2t4g0f","block2_then_block1","","","inter_trial_interval","","","","","","","","","","","","","","","","","","","","","","","","","","","","","","","",""
"html-keyboard-response","null","<div class=""fixation"">+</div>","null","377","2.1.0","446481","efuq2t4g0f","block2_then_block1","","","fixation","","","","","","","","","","","","","","","","","","","","","","","","","","","","","","","",""
"html-keyboard-response","1507","
      <div class=""chinese-character"" style=""color:#000000;"">风</div>
      <div style=""margin-top:32px; font-size:16px; color:#555; font-family:Arial,sans-serif;"">
        Say the character aloud, then press <strong>Space</strong>.
      </div>
    "," ","378","2.1.0","447990","efuq2t4g0f","block2_then_block1","","","character_naming","","","","","","","","","风","feng1","character_naming_f1_10_block1_norep","1507","true","true","24446","efuq2t4g0f_character_naming_f1_10_block1_norep.webm","true","{""message"":""Success""}","1","","","","","","f1_10","wind","filler","yellow","true","","",""
"html-keyboard-response","null","","null","379","2.1.0","448106","efuq2t4g0f","block2_then_block1","","","inter_trial_interval","","","","","","","","","","","","","","","","","","","","","","","","","","","","","","","",""
"html-keyboard-response","null","<div class=""fixation"">+</div>","null","380","2.1.0","448611","efuq2t4g0f","block2_then_block1","","","fixation","","","","","","","","","","","","","","","","","","","","","","","","","","","","","","","",""
"html-keyboard-response","1445","
      <div class=""chinese-character"" style=""color:#000000;"">洞</div>
      <div style=""margin-top:32px; font-size:16px; color:#555; font-family:Arial,sans-serif;"">
        Say the character aloud, then press <strong>Space</strong>.
      </div>
    "," ","381","2.1.0","450057","efuq2t4g0f","block2_then_block1","","","character_naming","","","","","","","","","洞","dong4","character_naming_green_block1_rep1","1445","true","true","23480","efuq2t4g0f_character_naming_green_block1_rep1.webm","true","{""error"":""OSF_FILE_EXISTS"",""message"":""The OSF file already exists. File names must be unique.""}","1","","","","","","green","hole","congruent_S_minus_T_plus","green","false","","",""
"html-keyboard-response","null","","null","382","2.1.0","450163","efuq2t4g0f","block2_then_block1","","","inter_trial_interval","","","","","","","","","","","","","","","","","","","","","","","","","","","","","","","",""
"html-keyboard-response","null","<div class=""fixation"">+</div>","null","383","2.1.0","450674","efuq2t4g0f","block2_then_block1","","","fixation","","","","","","","","","","","","","","","","","","","","","","","","","","","","","","","",""
"html-keyboard-response","1598","
      <div class=""chinese-character"" style=""color:#000000;"">云</div>
      <div style=""margin-top:32px; font-size:16px; color:#555; font-family:Arial,sans-serif;"">
        Say the character aloud, then press <strong>Space</strong>.
      </div>
    "," ","384","2.1.0","452272","efuq2t4g0f","block2_then_block1","","","character_naming","","","","","","","","","云","yun2","character_naming_f1_9_block1_norep","1598","true","true","25412","efuq2t4g0f_character_naming_f1_9_block1_norep.webm","true","{""message"":""Success""}","1","","","","","","f1_9","cloud","filler","red","true","","",""
"html-keyboard-response","null","","null","385","2.1.0","452376","efuq2t4g0f","block2_then_block1","","","inter_trial_interval","","","","","","","","","","","","","","","","","","","","","","","","","","","","","","","",""
"html-keyboard-response","null","<div class=""fixation"">+</div>","null","386","2.1.0","452878","efuq2t4g0f","block2_then_block1","","","fixation","","","","","","","","","","","","","","","","","","","","","","","","","","","","","","","",""
"html-keyboard-response","1450","
      <div class=""chinese-character"" style=""color:#000000;"">鸟</div>
      <div style=""margin-top:32px; font-size:16px; color:#555; font-family:Arial,sans-serif;"">
        Say the character aloud, then press <strong>Space</strong>.
      </div>
    "," ","387","2.1.0","454329","efuq2t4g0f","block2_then_block1","","","character_naming","","","","","","","","","鸟","niao3","character_naming_f1_11_block1_norep","1450","true","true","23480","efuq2t4g0f_character_naming_f1_11_block1_norep.webm","true","{""message"":""Success""}","1","","","","","","f1_11","bird","filler","blue","true","","",""
"html-keyboard-response","null","","null","388","2.1.0","454446","efuq2t4g0f","block2_then_block1","","","inter_trial_interval","","","","","","","","","","","","","","","","","","","","","","","","","","","","","","","",""
"html-keyboard-response","null","<div class=""fixation"">+</div>","null","389","2.1.0","454961","efuq2t4g0f","block2_then_block1","","","fixation","","","","","","","","","","","","","","","","","","","","","","","","","","","","","","","",""
"html-keyboard-response","1414","
      <div class=""chinese-character"" style=""color:#000000;"">轰</div>
      <div style=""margin-top:32px; font-size:16px; color:#555; font-family:Arial,sans-serif;"">
        Say the character aloud, then press <strong>Space</strong>.
      </div>
    "," ","390","2.1.0","456376","efuq2t4g0f","block2_then_block1","","","character_naming","","","","","","","","","轰","hong1","character_naming_red_block1_rep1","1414","true","true","22514","efuq2t4g0f_character_naming_red_block1_rep1.webm","true","{""message"":""Success""}","1","","","","","","red","boom","congruent_S_plus_T_minus","red","false","","",""
"html-keyboard-response","null","","null","391","2.1.0","456480","efuq2t4g0f","block2_then_block1","","","inter_trial_interval","","","","","","","","","","","","","","","","","","","","","","","","","","","","","","","",""
"html-keyboard-response","null","<div class=""fixation"">+</div>","null","392","2.1.0","456987","efuq2t4g0f","block2_then_block1","","","fixation","","","","","","","","","","","","","","","","","","","","","","","","","","","","","","","",""
"html-keyboard-response","1521","
      <div class=""chinese-character"" style=""color:#000000;"">牵</div>
      <div style=""margin-top:32px; font-size:16px; color:#555; font-family:Arial,sans-serif;"">
        Say the character aloud, then press <strong>Space</strong>.
      </div>
    "," ","393","2.1.0","458509","efuq2t4g0f","block2_then_block1","","","character_naming","","","","","","","","","牵","qian1","character_naming_red_block1_rep1","1521","true","true","24446","efuq2t4g0f_character_naming_red_block1_rep1.webm","true","{""error"":""OSF_FILE_EXISTS"",""message"":""The OSF file already exists. File names must be unique.""}","1","","","","","","red","lead along","neutral","red","false","","",""
"html-keyboard-response","null","","null","394","2.1.0","458614","efuq2t4g0f","block2_then_block1","","","inter_trial_interval","","","","","","","","","","","","","","","","","","","","","","","","","","","","","","","",""
"html-keyboard-response","null","<div class=""fixation"">+</div>","null","395","2.1.0","459118","efuq2t4g0f","block2_then_block1","","","fixation","","","","","","","","","","","","","","","","","","","","","","","","","","","","","","","",""
"html-keyboard-response","1495","
      <div class=""chinese-character"" style=""color:#000000;"">石</div>
      <div style=""margin-top:32px; font-size:16px; color:#555; font-family:Arial,sans-serif;"">
        Say the character aloud, then press <strong>Space</strong>.
      </div>
    "," ","396","2.1.0","460614","efuq2t4g0f","block2_then_block1","","","character_naming","","","","","","","","","石","shi2","character_naming_f1_24_block1_norep","1495","true","true","23480","efuq2t4g0f_character_naming_f1_24_block1_norep.webm","true","{""message"":""Success""}","1","","","","","","f1_24","stone","filler","green","true","","",""
"html-keyboard-response","null","","null","397","2.1.0","460730","efuq2t4g0f","block2_then_block1","","","inter_trial_interval","","","","","","","","","","","","","","","","","","","","","","","","","","","","","","","",""
"html-keyboard-response","null","<div class=""fixation"">+</div>","null","398","2.1.0","461238","efuq2t4g0f","block2_then_block1","","","fixation","","","","","","","","","","","","","","","","","","","","","","","","","","","","","","","",""
"html-keyboard-response","1563","
      <div class=""chinese-character"" style=""color:#000000;"">花</div>
      <div style=""margin-top:32px; font-size:16px; color:#555; font-family:Arial,sans-serif;"">
        Say the character aloud, then press <strong>Space</strong>.
      </div>
    "," ","399","2.1.0","462803","efuq2t4g0f","block2_then_block1","","","character_naming","","","","","","","","","花","hua1","character_naming_f1_6_block1_norep","1563","true","true","25412","efuq2t4g0f_character_naming_f1_6_block1_norep.webm","true","{""message"":""Success""}","1","","","","","","f1_6","flower","filler","yellow","true","","",""
"html-keyboard-response","null","","null","400","2.1.0","462912","efuq2t4g0f","block2_then_block1","","","inter_trial_interval","","","","","","","","","","","","","","","","","","","","","","","","","","","","","","","",""
"html-keyboard-response","null","<div class=""fixation"">+</div>","null","401","2.1.0","463416","efuq2t4g0f","block2_then_block1","","","fixation","","","","","","","","","","","","","","","","","","","","","","","","","","","","","","","",""
"html-keyboard-response","1571","
      <div class=""chinese-character"" style=""color:#000000;"">红</div>
      <div style=""margin-top:32px; font-size:16px; color:#555; font-family:Arial,sans-serif;"">
        Say the character aloud, then press <strong>Space</strong>.
      </div>
    "," ","402","2.1.0","464988","efuq2t4g0f","block2_then_block1","","","character_naming","","","","","","","","","红","hong2","character_naming_red_block1_rep1","1571","true","true","25412","efuq2t4g0f_character_naming_red_block1_rep1.webm","true","{""error"":""OSF_FILE_EXISTS"",""message"":""The OSF file already exists. File names must be unique.""}","1","","","","","","red","red","congruent_color_character","red","false","","",""
"html-keyboard-response","null","","null","403","2.1.0","465094","efuq2t4g0f","block2_then_block1","","","inter_trial_interval","","","","","","","","","","","","","","","","","","","","","","","","","","","","","","","",""
"html-keyboard-response","null","<div class=""fixation"">+</div>","null","404","2.1.0","465612","efuq2t4g0f","block2_then_block1","","","fixation","","","","","","","","","","","","","","","","","","","","","","","","","","","","","","","",""
"html-keyboard-response","1255","
      <div class=""chinese-character"" style=""color:#000000;"">月</div>
      <div style=""margin-top:32px; font-size:16px; color:#555; font-family:Arial,sans-serif;"">
        Say the character aloud, then press <strong>Space</strong>.
      </div>
    "," ","405","2.1.0","466868","efuq2t4g0f","block2_then_block1","","","character_naming","","","","","","","","","月","yue4","character_naming_f1_7_block1_norep","1255","true","true","20582","efuq2t4g0f_character_naming_f1_7_block1_norep.webm","true","{""message"":""Success""}","1","","","","","","f1_7","moon","filler","blue","true","","",""
"html-keyboard-response","null","","null","406","2.1.0","466974","efuq2t4g0f","block2_then_block1","","","inter_trial_interval","","","","","","","","","","","","","","","","","","","","","","","","","","","","","","","",""
"html-keyboard-response","null","<div class=""fixation"">+</div>","null","407","2.1.0","467481","efuq2t4g0f","block2_then_block1","","","fixation","","","","","","","","","","","","","","","","","","","","","","","","","","","","","","","",""
"html-keyboard-response","1525","
      <div class=""chinese-character"" style=""color:#000000;"">门</div>
      <div style=""margin-top:32px; font-size:16px; color:#555; font-family:Arial,sans-serif;"">
        Say the character aloud, then press <strong>Space</strong>.
      </div>
    "," ","408","2.1.0","469008","efuq2t4g0f","block2_then_block1","","","character_naming","","","","","","","","","门","men2","character_naming_f1_4_block1_norep","1525","true","true","24446","efuq2t4g0f_character_naming_f1_4_block1_norep.webm","true","{""message"":""Success""}","1","","","","","","f1_4","door","filler","green","true","","",""
"html-keyboard-response","null","","null","409","2.1.0","469122","efuq2t4g0f","block2_then_block1","","","inter_trial_interval","","","","","","","","","","","","","","","","","","","","","","","","","","","","","","","",""
"html-keyboard-response","null","<div class=""fixation"">+</div>","null","410","2.1.0","469628","efuq2t4g0f","block2_then_block1","","","fixation","","","","","","","","","","","","","","","","","","","","","","","","","","","","","","","",""
"html-keyboard-response","1580","
      <div class=""chinese-character"" style=""color:#000000;"">纸</div>
      <div style=""margin-top:32px; font-size:16px; color:#555; font-family:Arial,sans-serif;"">
        Say the character aloud, then press <strong>Space</strong>.
      </div>
    "," ","411","2.1.0","471209","efuq2t4g0f","block2_then_block1","","","character_naming","","","","","","","","","纸","zhi3","character_naming_f1_19_block1_norep","1580","true","true","25412","efuq2t4g0f_character_naming_f1_19_block1_norep.webm","true","{""message"":""Success""}","1","","","","","","f1_19","paper","filler","blue","true","","",""
"html-keyboard-response","null","","null","412","2.1.0","471312","efuq2t4g0f","block2_then_block1","","","inter_trial_interval","","","","","","","","","","","","","","","","","","","","","","","","","","","","","","","",""
"html-keyboard-response","null","<div class=""fixation"">+</div>","null","413","2.1.0","471825","efuq2t4g0f","block2_then_block1","","","fixation","","","","","","","","","","","","","","","","","","","","","","","","","","","","","","","",""
"html-keyboard-response","1654","
      <div class=""chinese-character"" style=""color:#000000;"">黄</div>
      <div style=""margin-top:32px; font-size:16px; color:#555; font-family:Arial,sans-serif;"">
        Say the character aloud, then press <strong>Space</strong>.
      </div>
    "," ","414","2.1.0","473481","efuq2t4g0f","block2_then_block1","","","character_naming","","","","","","","","","黄","huang2","character_naming_yellow_block1_rep1","1654","true","true","26378","efuq2t4g0f_character_naming_yellow_block1_rep1.webm","true","{""error"":""OSF_FILE_EXISTS"",""message"":""The OSF file already exists. File names must be unique.""}","1","","","","","","yellow","yellow","congruent_color_character","yellow","false","","",""
"html-keyboard-response","null","","null","415","2.1.0","473583","efuq2t4g0f","block2_then_block1","","","inter_trial_interval","","","","","","","","","","","","","","","","","","","","","","","","","","","","","","","",""
"html-keyboard-response","null","<div class=""fixation"">+</div>","null","416","2.1.0","474090","efuq2t4g0f","block2_then_block1","","","fixation","","","","","","","","","","","","","","","","","","","","","","","","","","","","","","","",""
"html-keyboard-response","1529","
      <div class=""chinese-character"" style=""color:#000000;"">旅</div>
      <div style=""margin-top:32px; font-size:16px; color:#555; font-family:Arial,sans-serif;"">
        Say the character aloud, then press <strong>Space</strong>.
      </div>
    "," ","417","2.1.0","475620","efuq2t4g0f","block2_then_block1","","","character_naming","","","","","","","","","旅","lv3","character_naming_green_block1_rep1","1529","true","true","24446","efuq2t4g0f_character_naming_green_block1_rep1.webm","true","{""error"":""OSF_FILE_EXISTS"",""message"":""The OSF file already exists. File names must be unique.""}","1","","","","","","green","travel","congruent_S_plus_T_minus","green","false","","",""
"html-keyboard-response","null","","null","418","2.1.0","475724","efuq2t4g0f","block2_then_block1","","","inter_trial_interval","","","","","","","","","","","","","","","","","","","","","","","","","","","","","","","",""
"html-keyboard-response","null","<div class=""fixation"">+</div>","null","419","2.1.0","476237","efuq2t4g0f","block2_then_block1","","","fixation","","","","","","","","","","","","","","","","","","","","","","","","","","","","","","","",""
"html-keyboard-response","1711","
      <div class=""chinese-character"" style=""color:#000000;"">茶</div>
      <div style=""margin-top:32px; font-size:16px; color:#555; font-family:Arial,sans-serif;"">
        Say the character aloud, then press <strong>Space</strong>.
      </div>
    "," ","420","2.1.0","477949","efuq2t4g0f","block2_then_block1","","","character_naming","","","","","","","","","茶","cha2","character_naming_f1_20_block1_norep","1711","true","true","27344","efuq2t4g0f_character_naming_f1_20_block1_norep.webm","true","{""message"":""Success""}","1","","","","","","f1_20","tea","filler","green","true","","",""
"html-keyboard-response","null","","null","421","2.1.0","478053","efuq2t4g0f","block2_then_block1","","","inter_trial_interval","","","","","","","","","","","","","","","","","","","","","","","","","","","","","","","",""
"html-keyboard-response","null","<div class=""fixation"">+</div>","null","422","2.1.0","478562","efuq2t4g0f","block2_then_block1","","","fixation","","","","","","","","","","","","","","","","","","","","","","","","","","","","","","","",""
"html-keyboard-response","1570","
      <div class=""chinese-character"" style=""color:#000000;"">缠</div>
      <div style=""margin-top:32px; font-size:16px; color:#555; font-family:Arial,sans-serif;"">
        Say the character aloud, then press <strong>Space</strong>.
      </div>
    "," ","423","2.1.0","480134","efuq2t4g0f","block2_then_block1","","","character_naming","","","","","","","","","缠","chan2","character_naming_yellow_block1_rep1","1570","true","true","25412","efuq2t4g0f_character_naming_yellow_block1_rep1.webm","true","{""error"":""OSF_FILE_EXISTS"",""message"":""The OSF file already exists. File names must be unique.""}","1","","","","","","yellow","wrap around","congruent_S_minus_T_plus","yellow","false","","",""
"html-keyboard-response","null","","null","424","2.1.0","480248","efuq2t4g0f","block2_then_block1","","","inter_trial_interval","","","","","","","","","","","","","","","","","","","","","","","","","","","","","","","",""
"html-keyboard-response","null","<div class=""fixation"">+</div>","null","425","2.1.0","480750","efuq2t4g0f","block2_then_block1","","","fixation","","","","","","","","","","","","","","","","","","","","","","","","","","","","","","","",""
"html-keyboard-response","1539","
      <div class=""chinese-character"" style=""color:#000000;"">尝</div>
      <div style=""margin-top:32px; font-size:16px; color:#555; font-family:Arial,sans-serif;"">
        Say the character aloud, then press <strong>Space</strong>.
      </div>
    "," ","426","2.1.0","482290","efuq2t4g0f","block2_then_block1","","","character_naming","","","","","","","","","尝","chang2","character_naming_blue_block1_rep1","1539","true","true","24446","efuq2t4g0f_character_naming_blue_block1_rep1.webm","true","{""error"":""OSF_FILE_EXISTS"",""message"":""The OSF file already exists. File names must be unique.""}","1","","","","","","blue","taste","congruent_S_minus_T_plus","blue","false","","",""
"html-keyboard-response","null","","null","427","2.1.0","482395","efuq2t4g0f","block2_then_block1","","","inter_trial_interval","","","","","","","","","","","","","","","","","","","","","","","","","","","","","","","",""
"html-keyboard-response","null","<div class=""fixation"">+</div>","null","428","2.1.0","482901","efuq2t4g0f","block2_then_block1","","","fixation","","","","","","","","","","","","","","","","","","","","","","","","","","","","","","","",""
"html-keyboard-response","1733","
      <div class=""chinese-character"" style=""color:#000000;"">灯</div>
      <div style=""margin-top:32px; font-size:16px; color:#555; font-family:Arial,sans-serif;"">
        Say the character aloud, then press <strong>Space</strong>.
      </div>
    "," ","429","2.1.0","484634","efuq2t4g0f","block2_then_block1","","","character_naming","","","","","","","","","灯","deng1","character_naming_f1_21_block1_norep","1733","true","true","27344","efuq2t4g0f_character_naming_f1_21_block1_norep.webm","true","{""message"":""Success""}","1","","","","","","f1_21","lamp","filler","red","true","","",""
"html-keyboard-response","null","","null","430","2.1.0","484736","efuq2t4g0f","block2_then_block1","","","inter_trial_interval","","","","","","","","","","","","","","","","","","","","","","","","","","","","","","","",""
"html-keyboard-response","null","<div class=""fixation"">+</div>","null","431","2.1.0","485244","efuq2t4g0f","block2_then_block1","","","fixation","","","","","","","","","","","","","","","","","","","","","","","","","","","","","","","",""
"html-keyboard-response","1781","
      <div class=""chinese-character"" style=""color:#000000;"">览</div>
      <div style=""margin-top:32px; font-size:16px; color:#555; font-family:Arial,sans-serif;"">
        Say the character aloud, then press <strong>Space</strong>.
      </div>
    "," ","432","2.1.0","487027","efuq2t4g0f","block2_then_block1","","","character_naming","","","","","","","","","览","lan3","character_naming_blue_block1_rep1","1781","true","true","28310","efuq2t4g0f_character_naming_blue_block1_rep1.webm","true","{""error"":""OSF_FILE_EXISTS"",""message"":""The OSF file already exists. File names must be unique.""}","1","","","","","","blue","view","congruent_S_plus_T_minus","blue","false","","",""
"html-keyboard-response","null","","null","433","2.1.0","487143","efuq2t4g0f","block2_then_block1","","","inter_trial_interval","","","","","","","","","","","","","","","","","","","","","","","","","","","","","","","",""
"html-keyboard-response","null","<div class=""fixation"">+</div>","null","434","2.1.0","487646","efuq2t4g0f","block2_then_block1","","","fixation","","","","","","","","","","","","","","","","","","","","","","","","","","","","","","","",""
"html-keyboard-response","1410","
      <div class=""chinese-character"" style=""color:#000000;"">书</div>
      <div style=""margin-top:32px; font-size:16px; color:#555; font-family:Arial,sans-serif;"">
        Say the character aloud, then press <strong>Space</strong>.
      </div>
    "," ","435","2.1.0","489057","efuq2t4g0f","block2_then_block1","","","character_naming","","","","","","","","","书","shu1","character_naming_f1_1_block1_norep","1410","true","true","22514","efuq2t4g0f_character_naming_f1_1_block1_norep.webm","true","{""message"":""Success""}","1","","","","","","f1_1","book","filler","red","true","","",""
"html-keyboard-response","null","","null","436","2.1.0","489169","efuq2t4g0f","block2_then_block1","","","inter_trial_interval","","","","","","","","","","","","","","","","","","","","","","","","","","","","","","","",""
"html-keyboard-response","null","<div class=""fixation"">+</div>","null","437","2.1.0","489676","efuq2t4g0f","block2_then_block1","","","fixation","","","","","","","","","","","","","","","","","","","","","","","","","","","","","","","",""
"html-keyboard-response","1515","
      <div class=""chinese-character"" style=""color:#000000;"">洪</div>
      <div style=""margin-top:32px; font-size:16px; color:#555; font-family:Arial,sans-serif;"">
        Say the character aloud, then press <strong>Space</strong>.
      </div>
    "," ","438","2.1.0","491192","efuq2t4g0f","block2_then_block1","","","character_naming","","","","","","","","","洪","hong2","character_naming_red_block1_rep1","1515","true","true","24446","efuq2t4g0f_character_naming_red_block1_rep1.webm","true","{""error"":""OSF_FILE_EXISTS"",""message"":""The OSF file already exists. File names must be unique.""}","1","","","","","","red","flood","congruent_S_T_plus","red","false","","",""
"html-keyboard-response","null","","null","439","2.1.0","491296","efuq2t4g0f","block2_then_block1","","","inter_trial_interval","","","","","","","","","","","","","","","","","","","","","","","","","","","","","","","",""
"html-keyboard-response","null","<div class=""fixation"">+</div>","null","440","2.1.0","491809","efuq2t4g0f","block2_then_block1","","","fixation","","","","","","","","","","","","","","","","","","","","","","","","","","","","","","","",""
"html-keyboard-response","1699","
      <div class=""chinese-character"" style=""color:#000000;"">红</div>
      <div style=""margin-top:32px; font-size:16px; color:#555; font-family:Arial,sans-serif;"">
        Say the character aloud, then press <strong>Space</strong>.
      </div>
    "," ","441","2.1.0","493509","efuq2t4g0f","block2_then_block1","","","character_naming","","","","","","","","","红","hong2","character_naming_red_block1_rep1","1699","true","true","27344","efuq2t4g0f_character_naming_red_block1_rep1.webm","true","{""error"":""OSF_FILE_EXISTS"",""message"":""The OSF file already exists. File names must be unique.""}","1","","","","","","red","red","incongruent_color_character","blue","false","","",""
"html-keyboard-response","null","","null","442","2.1.0","493618","efuq2t4g0f","block2_then_block1","","","inter_trial_interval","","","","","","","","","","","","","","","","","","","","","","","","","","","","","","","",""
"html-keyboard-response","null","<div class=""fixation"">+</div>","null","443","2.1.0","494125","efuq2t4g0f","block2_then_block1","","","fixation","","","","","","","","","","","","","","","","","","","","","","","","","","","","","","","",""
"html-keyboard-response","1654","
      <div class=""chinese-character"" style=""color:#000000;"">山</div>
      <div style=""margin-top:32px; font-size:16px; color:#555; font-family:Arial,sans-serif;"">
        Say the character aloud, then press <strong>Space</strong>.
      </div>
    "," ","444","2.1.0","495780","efuq2t4g0f","block2_then_block1","","","character_naming","","","","","","","","","山","shan1","character_naming_f1_2_block1_norep","1654","true","true","26378","efuq2t4g0f_character_naming_f1_2_block1_norep.webm","true","{""message"":""Success""}","1","","","","","","f1_2","mountain","filler","yellow","true","","",""
"html-keyboard-response","null","","null","445","2.1.0","495885","efuq2t4g0f","block2_then_block1","","","inter_trial_interval","","","","","","","","","","","","","","","","","","","","","","","","","","","","","","","",""
"html-keyboard-response","null","<div class=""fixation"">+</div>","null","446","2.1.0","496389","efuq2t4g0f","block2_then_block1","","","fixation","","","","","","","","","","","","","","","","","","","","","","","","","","","","","","","",""
"html-keyboard-response","1535","
      <div class=""chinese-character"" style=""color:#000000;"">涂</div>
      <div style=""margin-top:32px; font-size:16px; color:#555; font-family:Arial,sans-serif;"">
        Say the character aloud, then press <strong>Space</strong>.
      </div>
    "," ","447","2.1.0","497926","efuq2t4g0f","block2_then_block1","","","character_naming","","","","","","","","","涂","tu2","character_naming_green_block1_rep1","1535","true","true","24446","efuq2t4g0f_character_naming_green_block1_rep1.webm","true","{""error"":""OSF_FILE_EXISTS"",""message"":""The OSF file already exists. File names must be unique.""}","1","","","","","","green","paint","neutral","green","false","","",""
"html-keyboard-response","null","","null","448","2.1.0","498032","efuq2t4g0f","block2_then_block1","","","inter_trial_interval","","","","","","","","","","","","","","","","","","","","","","","","","","","","","","","",""
"html-keyboard-response","null","<div class=""fixation"">+</div>","null","449","2.1.0","498536","efuq2t4g0f","block2_then_block1","","","fixation","","","","","","","","","","","","","","","","","","","","","","","","","","","","","","","",""
"html-keyboard-response","1508","
      <div class=""chinese-character"" style=""color:#000000;"">蓝</div>
      <div style=""margin-top:32px; font-size:16px; color:#555; font-family:Arial,sans-serif;"">
        Say the character aloud, then press <strong>Space</strong>.
      </div>
    "," ","450","2.1.0","500045","efuq2t4g0f","block2_then_block1","","","character_naming","","","","","","","","","蓝","lan2","character_naming_blue_block1_rep1","1508","true","true","24446","efuq2t4g0f_character_naming_blue_block1_rep1.webm","true","{""error"":""OSF_FILE_EXISTS"",""message"":""The OSF file already exists. File names must be unique.""}","1","","","","","","blue","blue","incongruent_color_character","red","false","","",""
"html-keyboard-response","null","","null","451","2.1.0","500147","efuq2t4g0f","block2_then_block1","","","inter_trial_interval","","","","","","","","","","","","","","","","","","","","","","","","","","","","","","","",""
"html-keyboard-response","null","<div class=""fixation"">+</div>","null","452","2.1.0","500661","efuq2t4g0f","block2_then_block1","","","fixation","","","","","","","","","","","","","","","","","","","","","","","","","","","","","","","",""
"html-keyboard-response","1765","
      <div class=""chinese-character"" style=""color:#000000;"">瓶</div>
      <div style=""margin-top:32px; font-size:16px; color:#555; font-family:Arial,sans-serif;"">
        Say the character aloud, then press <strong>Space</strong>.
      </div>
    "," ","453","2.1.0","502428","efuq2t4g0f","block2_then_block1","","","character_naming","","","","","","","","","瓶","ping2","character_naming_red_block1_rep1","1765","true","true","28310","efuq2t4g0f_character_naming_red_block1_rep1.webm","true","{""error"":""OSF_FILE_EXISTS"",""message"":""The OSF file already exists. File names must be unique.""}","1","","","","","","red","bottle","congruent_S_minus_T_plus","red","false","","",""
"html-keyboard-response","null","","null","454","2.1.0","502545","efuq2t4g0f","block2_then_block1","","","inter_trial_interval","","","","","","","","","","","","","","","","","","","","","","","","","","","","","","","",""
"html-keyboard-response","null","<div class=""fixation"">+</div>","null","455","2.1.0","503048","efuq2t4g0f","block2_then_block1","","","fixation","","","","","","","","","","","","","","","","","","","","","","","","","","","","","","","",""
"html-keyboard-response","1569","
      <div class=""chinese-character"" style=""color:#000000;"">手</div>
      <div style=""margin-top:32px; font-size:16px; color:#555; font-family:Arial,sans-serif;"">
        Say the character aloud, then press <strong>Space</strong>.
      </div>
    "," ","456","2.1.0","504619","efuq2t4g0f","block2_then_block1","","","character_naming","","","","","","","","","手","shou3","character_naming_f1_8_block1_norep","1569","true","true","25412","efuq2t4g0f_character_naming_f1_8_block1_norep.webm","true","{""message"":""Success""}","1","","","","","","f1_8","hand","filler","green","true","","",""
"html-keyboard-response","null","","null","457","2.1.0","504726","efuq2t4g0f","block2_then_block1","","","inter_trial_interval","","","","","","","","","","","","","","","","","","","","","","","","","","","","","","","",""
"html-keyboard-response","null","<div class=""fixation"">+</div>","null","458","2.1.0","505232","efuq2t4g0f","block2_then_block1","","","fixation","","","","","","","","","","","","","","","","","","","","","","","","","","","","","","","",""
"html-keyboard-response","1551","
      <div class=""chinese-character"" style=""color:#000000;"">家</div>
      <div style=""margin-top:32px; font-size:16px; color:#555; font-family:Arial,sans-serif;"">
        Say the character aloud, then press <strong>Space</strong>.
      </div>
    "," ","459","2.1.0","506785","efuq2t4g0f","block2_then_block1","","","character_naming","","","","","","","","","家","jia1","character_naming_f1_13_block1_norep","1551","true","true","24446","efuq2t4g0f_character_naming_f1_13_block1_norep.webm","true","{""message"":""Success""}","1","","","","","","f1_13","home","filler","red","true","","",""
"html-keyboard-response","null","","null","460","2.1.0","506892","efuq2t4g0f","block2_then_block1","","","inter_trial_interval","","","","","","","","","","","","","","","","","","","","","","","","","","","","","","","",""
"html-keyboard-response","null","<div class=""fixation"">+</div>","null","461","2.1.0","507396","efuq2t4g0f","block2_then_block1","","","fixation","","","","","","","","","","","","","","","","","","","","","","","","","","","","","","","",""
"html-keyboard-response","1401","
      <div class=""chinese-character"" style=""color:#000000;"">虑</div>
      <div style=""margin-top:32px; font-size:16px; color:#555; font-family:Arial,sans-serif;"">
        Say the character aloud, then press <strong>Space</strong>.
      </div>
    "," ","462","2.1.0","508798","efuq2t4g0f","block2_then_block1","","","character_naming","","","","","","","","","虑","lv4","character_naming_green_block1_rep1","1401","true","true","22514","efuq2t4g0f_character_naming_green_block1_rep1.webm","true","{""error"":""OSF_FILE_EXISTS"",""message"":""The OSF file already exists. File names must be unique.""}","1","","","","","","green","ponder","congruent_S_T_plus","green","false","","",""
"html-keyboard-response","null","","null","463","2.1.0","508907","efuq2t4g0f","block2_then_block1","","","inter_trial_interval","","","","","","","","","","","","","","","","","","","","","","","","","","","","","","","",""
"html-keyboard-response","null","<div class=""fixation"">+</div>","null","464","2.1.0","509425","efuq2t4g0f","block2_then_block1","","","fixation","","","","","","","","","","","","","","","","","","","","","","","","","","","","","","","",""
"html-keyboard-response","1717","
      <div class=""chinese-character"" style=""color:#000000;"">绿</div>
      <div style=""margin-top:32px; font-size:16px; color:#555; font-family:Arial,sans-serif;"">
        Say the character aloud, then press <strong>Space</strong>.
      </div>
    "," ","465","2.1.0","511144","efuq2t4g0f","block2_then_block1","","","character_naming","","","","","","","","","绿","lv4","character_naming_green_block1_rep1","1717","true","true","27344","efuq2t4g0f_character_naming_green_block1_rep1.webm","true","{""error"":""OSF_FILE_EXISTS"",""message"":""The OSF file already exists. File names must be unique.""}","1","","","","","","green","green","incongruent_color_character","yellow","false","","",""
"html-keyboard-response","null","","null","466","2.1.0","511255","efuq2t4g0f","block2_then_block1","","","inter_trial_interval","","","","","","","","","","","","","","","","","","","","","","","","","","","","","","","",""
"html-keyboard-response","null","<div class=""fixation"">+</div>","null","467","2.1.0","511765","efuq2t4g0f","block2_then_block1","","","fixation","","","","","","","","","","","","","","","","","","","","","","","","","","","","","","","",""
"html-keyboard-response","1497","
      <div class=""chinese-character"" style=""color:#000000;"">窗</div>
      <div style=""margin-top:32px; font-size:16px; color:#555; font-family:Arial,sans-serif;"">
        Say the character aloud, then press <strong>Space</strong>.
      </div>
    "," ","468","2.1.0","513262","efuq2t4g0f","block2_then_block1","","","character_naming","","","","","","","","","窗","chuang1","character_naming_f1_15_block1_norep","1497","true","true","23480","efuq2t4g0f_character_naming_f1_15_block1_norep.webm","true","{""message"":""Success""}","1","","","","","","f1_15","window","filler","blue","true","","",""
"html-keyboard-response","null","","null","469","2.1.0","513369","efuq2t4g0f","block2_then_block1","","","inter_trial_interval","","","","","","","","","","","","","","","","","","","","","","","","","","","","","","","",""
"html-keyboard-response","2585","
      <div class=""instructions"">
        <h2>English Color-Naming — Block 1</h2>
        <p>You will see Chinese characters printed in color.</p>
        <p>Your task is to identify the <strong>ink color in English</strong>.</p>
        <p>Ignore the character itself.</p>
        <p><strong>R</strong> = red, <strong>Y</strong> = yellow, <strong>B</strong> = blue, <strong>G</strong> = green.</p>
        <p>Press <strong>Space</strong> to begin.</p>
      </div>
    "," ","470","2.1.0","515956","efuq2t4g0f","block2_then_block1","","","","","","","","","","","","","","","","","","","","","","","","","","","","","","","","","","",""
"html-keyboard-response","1182","
      <div class=""instructions"">
        <h2>Keyboard Check</h2>
        <p>Before we continue, please press the <strong>B</strong> key
        (for <strong>blue</strong>) on your keyboard.</p>
        <p style=""color:#888;font-size:0.9em;"">
          If your keyboard is set to a Chinese input method (IME),
          please switch to English / Roman input now, otherwise the experiment cannot record your responses.
        </p>
      </div>
    ","b","471","2.1.0","517138","efuq2t4g0f","block2_then_block1","","","keyboard_check","","","","","","","","","","","","","","","","","","","1","b","","","","","","","","","","","",""
"html-keyboard-response","null","<div class=""fixation"">+</div>","null","472","2.1.0","517643","efuq2t4g0f","block2_then_block1","","","fixation","","","","","","","","","","","","","","","","","","","","","","","","","","","","","","","",""
"html-keyboard-response","832","<div class=""chinese-character"" style=""color:#1f77b4;"">船</div>","b","473","2.1.0","518476","efuq2t4g0f","block2_then_block1","","","color_naming","","","","","","","","","船","chuan2","","","","","","","","","1","","blue","b","blue","true","f1_23","boat","","","true","filler","false","null"
"html-keyboard-response","null","","null","474","2.1.0","519492","efuq2t4g0f","block2_then_block1","","","inter_trial_interval","","","","","","","","","","","","","","","","","","","","","","","","","","","","","","","",""
"html-keyboard-response","null","<div class=""fixation"">+</div>","null","475","2.1.0","519998","efuq2t4g0f","block2_then_block1","","","fixation","","","","","","","","","","","","","","","","","","","","","","","","","","","","","","","",""
"html-keyboard-response","803","<div class=""chinese-character"" style=""color:#1f77b4;"">红</div>","b","476","2.1.0","520802","efuq2t4g0f","block2_then_block1","","","color_naming","","","","","","","","","红","hong2","","","","","","","","","1","","blue","b","blue","true","red","red","","","false","incongruent_color_character","true","1"
"html-keyboard-response","null","","null","477","2.1.0","521805","efuq2t4g0f","block2_then_block1","","","inter_trial_interval","","","","","","","","","","","","","","","","","","","","","","","","","","","","","","","",""
"html-keyboard-response","null","<div class=""fixation"">+</div>","null","478","2.1.0","522316","efuq2t4g0f","block2_then_block1","","","fixation","","","","","","","","","","","","","","","","","","","","","","","","","","","","","","","",""
"html-keyboard-response","669","<div class=""chinese-character"" style=""color:#2ca02c;"">石</div>","g","479","2.1.0","522987","efuq2t4g0f","block2_then_block1","","","color_naming","","","","","","","","","石","shi2","","","","","","","","","1","","green","g","green","true","f1_24","stone","","","true","filler","false","null"
"html-keyboard-response","null","","null","480","2.1.0","524004","efuq2t4g0f","block2_then_block1","","","inter_trial_interval","","","","","","","","","","","","","","","","","","","","","","","","","","","","","","","",""
"html-keyboard-response","null","<div class=""fixation"">+</div>","null","481","2.1.0","524517","efuq2t4g0f","block2_then_block1","","","fixation","","","","","","","","","","","","","","","","","","","","","","","","","","","","","","","",""
"html-keyboard-response","747","<div class=""chinese-character"" style=""color:#1f77b4;"">纸</div>","b","482","2.1.0","525265","efuq2t4g0f","block2_then_block1","","","color_naming","","","","","","","","","纸","zhi3","","","","","","","","","1","","blue","b","blue","true","f1_19","paper","","","true","filler","false","null"
"html-keyboard-response","null","","null","483","2.1.0","526275","efuq2t4g0f","block2_then_block1","","","inter_trial_interval","","","","","","","","","","","","","","","","","","","","","","","","","","","","","","","",""
"html-keyboard-response","null","<div class=""fixation"">+</div>","null","484","2.1.0","526782","efuq2t4g0f","block2_then_block1","","","fixation","","","","","","","","","","","","","","","","","","","","","","","","","","","","","","","",""
"html-keyboard-response","768","<div class=""chinese-character"" style=""color:#1f77b4;"">月</div>","b","485","2.1.0","527552","efuq2t4g0f","block2_then_block1","","","color_naming","","","","","","","","","月","yue4","","","","","","","","","1","","blue","b","blue","true","f1_7","moon","","","true","filler","false","null"
"html-keyboard-response","null","","null","486","2.1.0","528566","efuq2t4g0f","block2_then_block1","","","inter_trial_interval","","","","","","","","","","","","","","","","","","","","","","","","","","","","","","","",""
"html-keyboard-response","null","<div class=""fixation"">+</div>","null","487","2.1.0","529076","efuq2t4g0f","block2_then_block1","","","fixation","","","","","","","","","","","","","","","","","","","","","","","","","","","","","","","",""
"html-keyboard-response","833","<div class=""chinese-character"" style=""color:#2ca02c;"">黄</div>","g","488","2.1.0","529911","efuq2t4g0f","block2_then_block1","","","color_naming","","","","","","","","","黄","huang2","","","","","","","","","1","","green","g","green","true","yellow","yellow","","","false","incongruent_color_character","true","1"
"html-keyboard-response","null","","null","489","2.1.0","530928","efuq2t4g0f","block2_then_block1","","","inter_trial_interval","","","","","","","","","","","","","","","","","","","","","","","","","","","","","","","",""
"html-keyboard-response","null","<div class=""fixation"">+</div>","null","490","2.1.0","531446","efuq2t4g0f","block2_then_block1","","","fixation","","","","","","","","","","","","","","","","","","","","","","","","","","","","","","","",""
"html-keyboard-response","701","<div class=""chinese-character"" style=""color:#2ca02c;"">门</div>","g","491","2.1.0","532148","efuq2t4g0f","block2_then_block1","","","color_naming","","","","","","","","","门","men2","","","","","","","","","1","","green","g","green","true","f1_4","door","","","true","filler","false","null"
"html-keyboard-response","null","","null","492","2.1.0","533158","efuq2t4g0f","block2_then_block1","","","inter_trial_interval","","","","","","","","","","","","","","","","","","","","","","","","","","","","","","","",""
"html-keyboard-response","null","<div class=""fixation"">+</div>","null","493","2.1.0","533675","efuq2t4g0f","block2_then_block1","","","fixation","","","","","","","","","","","","","","","","","","","","","","","","","","","","","","","",""
"html-keyboard-response","800","<div class=""chinese-character"" style=""color:#d6b300;"">绿</div>","y","494","2.1.0","534476","efuq2t4g0f","block2_then_block1","","","color_naming","","","","","","","","","绿","lv4","","","","","","","","","1","","yellow","y","yellow","true","green","green","","","false","incongruent_color_character","true","1"
"html-keyboard-response","null","","null","495","2.1.0","535487","efuq2t4g0f","block2_then_block1","","","inter_trial_interval","","","","","","","","","","","","","","","","","","","","","","","","","","","","","","","",""
"html-keyboard-response","null","<div class=""fixation"">+</div>","null","496","2.1.0","536004","efuq2t4g0f","block2_then_block1","","","fixation","","","","","","","","","","","","","","","","","","","","","","","","","","","","","","","",""
"html-keyboard-response","709","<div class=""chinese-character"" style=""color:#1f77b4;"">鸟</div>","b","497","2.1.0","536715","efuq2t4g0f","block2_then_block1","","","color_naming","","","","","","","","","鸟","niao3","","","","","","","","","1","","blue","b","blue","true","f1_11","bird","","","true","filler","false","null"
"html-keyboard-response","null","","null","498","2.1.0","537726","efuq2t4g0f","block2_then_block1","","","inter_trial_interval","","","","","","","","","","","","","","","","","","","","","","","","","","","","","","","",""
"html-keyboard-response","null","<div class=""fixation"">+</div>","null","499","2.1.0","538236","efuq2t4g0f","block2_then_block1","","","fixation","","","","","","","","","","","","","","","","","","","","","","","","","","","","","","","",""
"html-keyboard-response","678","<div class=""chinese-character"" style=""color:#d62728;"">灯</div>","r","500","2.1.0","538915","efuq2t4g0f","block2_then_block1","","","color_naming","","","","","","","","","灯","deng1","","","","","","","","","1","","red","r","red","true","f1_21","lamp","","","true","filler","false","null"
"html-keyboard-response","null","","null","501","2.1.0","539928","efuq2t4g0f","block2_then_block1","","","inter_trial_interval","","","","","","","","","","","","","","","","","","","","","","","","","","","","","","","",""
"html-keyboard-response","null","<div class=""fixation"">+</div>","null","502","2.1.0","540435","efuq2t4g0f","block2_then_block1","","","fixation","","","","","","","","","","","","","","","","","","","","","","","","","","","","","","","",""
"html-keyboard-response","669","<div class=""chinese-character"" style=""color:#d62728;"">瓶</div>","r","503","2.1.0","541106","efuq2t4g0f","block2_then_block1","","","color_naming","","","","","","","","","瓶","ping2","","","","","","","","","1","","red","r","red","true","red","bottle","","","false","congruent_S_minus_T_plus","true","1"
"html-keyboard-response","null","","null","504","2.1.0","542122","efuq2t4g0f","block2_then_block1","","","inter_trial_interval","","","","","","","","","","","","","","","","","","","","","","","","","","","","","","","",""
"html-keyboard-response","null","<div class=""fixation"">+</div>","null","505","2.1.0","542632","efuq2t4g0f","block2_then_block1","","","fixation","","","","","","","","","","","","","","","","","","","","","","","","","","","","","","","",""
"html-keyboard-response","759","<div class=""chinese-character"" style=""color:#2ca02c;"">手</div>","g","506","2.1.0","543393","efuq2t4g0f","block2_then_block1","","","color_naming","","","","","","","","","手","shou3","","","","","","","","","1","","green","g","green","true","f1_8","hand","","","true","filler","false","null"
"html-keyboard-response","null","","null","507","2.1.0","544400","efuq2t4g0f","block2_then_block1","","","inter_trial_interval","","","","","","","","","","","","","","","","","","","","","","","","","","","","","","","",""
"html-keyboard-response","null","<div class=""fixation"">+</div>","null","508","2.1.0","544912","efuq2t4g0f","block2_then_block1","","","fixation","","","","","","","","","","","","","","","","","","","","","","","","","","","","","","","",""
"html-keyboard-response","883","<div class=""chinese-character"" style=""color:#1f77b4;"">水</div>","b","509","2.1.0","545797","efuq2t4g0f","block2_then_block1","","","color_naming","","","","","","","","","水","shui3","","","","","","","","","1","","blue","b","blue","true","f1_3","water","","","true","filler","false","null"
"html-keyboard-response","null","","null","510","2.1.0","546814","efuq2t4g0f","block2_then_block1","","","inter_trial_interval","","","","","","","","","","","","","","","","","","","","","","","","","","","","","","","",""
"html-keyboard-response","null","<div class=""fixation"">+</div>","null","511","2.1.0","547330","efuq2t4g0f","block2_then_block1","","","fixation","","","","","","","","","","","","","","","","","","","","","","","","","","","","","","","",""
"html-keyboard-response","723","<div class=""chinese-character"" style=""color:#d62728;"">车</div>","r","512","2.1.0","548055","efuq2t4g0f","block2_then_block1","","","color_naming","","","","","","","","","车","che1","","","","","","","","","1","","red","r","red","true","f1_5","car","","","true","filler","false","null"
"html-keyboard-response","null","","null","513","2.1.0","549067","efuq2t4g0f","block2_then_block1","","","inter_trial_interval","","","","","","","","","","","","","","","","","","","","","","","","","","","","","","","",""
"html-keyboard-response","null","<div class=""fixation"">+</div>","null","514","2.1.0","549576","efuq2t4g0f","block2_then_block1","","","fixation","","","","","","","","","","","","","","","","","","","","","","","","","","","","","","","",""
"html-keyboard-response","779","<div class=""chinese-character"" style=""color:#d62728;"">红</div>","r","515","2.1.0","550357","efuq2t4g0f","block2_then_block1","","","color_naming","","","","","","","","","红","hong2","","","","","","","","","1","","red","r","red","true","red","red","","","false","congruent_color_character","true","1"
"html-keyboard-response","null","","null","516","2.1.0","551362","efuq2t4g0f","block2_then_block1","","","inter_trial_interval","","","","","","","","","","","","","","","","","","","","","","","","","","","","","","","",""
"html-keyboard-response","null","<div class=""fixation"">+</div>","null","517","2.1.0","551873","efuq2t4g0f","block2_then_block1","","","fixation","","","","","","","","","","","","","","","","","","","","","","","","","","","","","","","",""
"html-keyboard-response","667","<div class=""chinese-character"" style=""color:#d62728;"">云</div>","r","518","2.1.0","552541","efuq2t4g0f","block2_then_block1","","","color_naming","","","","","","","","","云","yun2","","","","","","","","","1","","red","r","red","true","f1_9","cloud","","","true","filler","false","null"
"html-keyboard-response","null","","null","519","2.1.0","553558","efuq2t4g0f","block2_then_block1","","","inter_trial_interval","","","","","","","","","","","","","","","","","","","","","","","","","","","","","","","",""
"html-keyboard-response","null","<div class=""fixation"">+</div>","null","520","2.1.0","554073","efuq2t4g0f","block2_then_block1","","","fixation","","","","","","","","","","","","","","","","","","","","","","","","","","","","","","","",""
"html-keyboard-response","825","<div class=""chinese-character"" style=""color:#d6b300;"">皇</div>","y","521","2.1.0","554899","efuq2t4g0f","block2_then_block1","","","color_naming","","","","","","","","","皇","huang2","","","","","","","","","1","","yellow","y","yellow","true","yellow","emperor","","","false","congruent_S_T_plus","true","1"
"html-keyboard-response","null","","null","522","2.1.0","555909","efuq2t4g0f","block2_then_block1","","","inter_trial_interval","","","","","","","","","","","","","","","","","","","","","","","","","","","","","","","",""
"html-keyboard-response","null","<div class=""fixation"">+</div>","null","523","2.1.0","556422","efuq2t4g0f","block2_then_block1","","","fixation","","","","","","","","","","","","","","","","","","","","","","","","","","","","","","","",""
"html-keyboard-response","827","<div class=""chinese-character"" style=""color:#2ca02c;"">鱼</div>","g","524","2.1.0","557250","efuq2t4g0f","block2_then_block1","","","color_naming","","","","","","","","","鱼","yu2","","","","","","","","","1","","green","g","green","true","f1_12","fish","","","true","filler","false","null"
"html-keyboard-response","null","","null","525","2.1.0","558265","efuq2t4g0f","block2_then_block1","","","inter_trial_interval","","","","","","","","","","","","","","","","","","","","","","","","","","","","","","","",""
"html-keyboard-response","null","<div class=""fixation"">+</div>","null","526","2.1.0","558771","efuq2t4g0f","block2_then_block1","","","fixation","","","","","","","","","","","","","","","","","","","","","","","","","","","","","","","",""
"html-keyboard-response","765","<div class=""chinese-character"" style=""color:#d6b300;"">城</div>","y","527","2.1.0","559537","efuq2t4g0f","block2_then_block1","","","color_naming","","","","","","","","","城","cheng2","","","","","","","","","1","","yellow","y","yellow","true","f1_22","city","","","true","filler","false","null"
"html-keyboard-response","null","","null","528","2.1.0","560551","efuq2t4g0f","block2_then_block1","","","inter_trial_interval","","","","","","","","","","","","","","","","","","","","","","","","","","","","","","","",""
"html-keyboard-response","null","<div class=""fixation"">+</div>","null","529","2.1.0","561068","efuq2t4g0f","block2_then_block1","","","fixation","","","","","","","","","","","","","","","","","","","","","","","","","","","","","","","",""
"html-keyboard-response","971","<div class=""chinese-character"" style=""color:#d6b300;"">桥</div>","y","530","2.1.0","562040","efuq2t4g0f","block2_then_block1","","","color_naming","","","","","","","","","桥","qiao2","","","","","","","","","1","","yellow","y","yellow","true","f1_18","bridge","","","true","filler","false","null"
"html-keyboard-response","null","","null","531","2.1.0","563055","efuq2t4g0f","block2_then_block1","","","inter_trial_interval","","","","","","","","","","","","","","","","","","","","","","","","","","","","","","","",""
"html-keyboard-response","null","<div class=""fixation"">+</div>","null","532","2.1.0","563565","efuq2t4g0f","block2_then_block1","","","fixation","","","","","","","","","","","","","","","","","","","","","","","","","","","","","","","",""
"html-keyboard-response","735","<div class=""chinese-character"" style=""color:#d62728;"">牵</div>","r","533","2.1.0","564301","efuq2t4g0f","block2_then_block1","","","color_naming","","","","","","","","","牵","qian1","","","","","","","","","1","","red","r","red","true","red","lead along","","","false","neutral","true","1"
"html-keyboard-response","null","","null","534","2.1.0","565317","efuq2t4g0f","block2_then_block1","","","inter_trial_interval","","","","","","","","","","","","","","","","","","","","","","","","","","","","","","","",""
"html-keyboard-response","null","<div class=""fixation"">+</div>","null","535","2.1.0","565830","efuq2t4g0f","block2_then_block1","","","fixation","","","","","","","","","","","","","","","","","","","","","","","","","","","","","","","",""
"html-keyboard-response","829","<div class=""chinese-character"" style=""color:#2ca02c;"">旅</div>","g","536","2.1.0","566660","efuq2t4g0f","block2_then_block1","","","color_naming","","","","","","","","","旅","lv3","","","","","","","","","1","","green","g","green","true","green","travel","","","false","congruent_S_plus_T_minus","true","1"
"html-keyboard-response","null","","null","537","2.1.0","567676","efuq2t4g0f","block2_then_block1","","","inter_trial_interval","","","","","","","","","","","","","","","","","","","","","","","","","","","","","","","",""
"html-keyboard-response","null","<div class=""fixation"">+</div>","null","538","2.1.0","568187","efuq2t4g0f","block2_then_block1","","","fixation","","","","","","","","","","","","","","","","","","","","","","","","","","","","","","","",""
"html-keyboard-response","746","<div class=""chinese-character"" style=""color:#1f77b4;"">尝</div>","b","539","2.1.0","568934","efuq2t4g0f","block2_then_block1","","","color_naming","","","","","","","","","尝","chang2","","","","","","","","","1","","blue","b","blue","true","blue","taste","","","false","congruent_S_minus_T_plus","true","1"
"html-keyboard-response","null","","null","540","2.1.0","569945","efuq2t4g0f","block2_then_block1","","","inter_trial_interval","","","","","","","","","","","","","","","","","","","","","","","","","","","","","","","",""
"html-keyboard-response","null","<div class=""fixation"">+</div>","null","541","2.1.0","570462","efuq2t4g0f","block2_then_block1","","","fixation","","","","","","","","","","","","","","","","","","","","","","","","","","","","","","","",""
"html-keyboard-response","892","<div class=""chinese-character"" style=""color:#d6b300;"">趁</div>","y","542","2.1.0","571356","efuq2t4g0f","block2_then_block1","","","color_naming","","","","","","","","","趁","chen4","","","","","","","","","1","","yellow","y","yellow","true","yellow","take advantage of","","","false","neutral","true","1"
"html-keyboard-response","null","","null","543","2.1.0","572363","efuq2t4g0f","block2_then_block1","","","inter_trial_interval","","","","","","","","","","","","","","","","","","","","","","","","","","","","","","","",""
"html-keyboard-response","null","<div class=""fixation"">+</div>","null","544","2.1.0","572875","efuq2t4g0f","block2_then_block1","","","fixation","","","","","","","","","","","","","","","","","","","","","","","","","","","","","","","",""
"html-keyboard-response","701","<div class=""chinese-character"" style=""color:#d6b300;"">晃</div>","y","545","2.1.0","573577","efuq2t4g0f","block2_then_block1","","","color_naming","","","","","","","","","晃","huang4","","","","","","","","","1","","yellow","y","yellow","true","yellow","sway","","","false","congruent_S_plus_T_minus","true","1"
"html-keyboard-response","null","","null","546","2.1.0","574588","efuq2t4g0f","block2_then_block1","","","inter_trial_interval","","","","","","","","","","","","","","","","","","","","","","","","","","","","","","","",""
"html-keyboard-response","null","<div class=""fixation"">+</div>","null","547","2.1.0","575091","efuq2t4g0f","block2_then_block1","","","fixation","","","","","","","","","","","","","","","","","","","","","","","","","","","","","","","",""
"html-keyboard-response","749","<div class=""chinese-character"" style=""color:#d6b300;"">路</div>","y","548","2.1.0","575841","efuq2t4g0f","block2_then_block1","","","color_naming","","","","","","","","","路","lu4","","","","","","","","","1","","yellow","y","yellow","true","f1_14","road","","","true","filler","false","null"
"html-keyboard-response","null","","null","549","2.1.0","576855","efuq2t4g0f","block2_then_block1","","","inter_trial_interval","","","","","","","","","","","","","","","","","","","","","","","","","","","","","","","",""
"html-keyboard-response","null","<div class=""fixation"">+</div>","null","550","2.1.0","577371","efuq2t4g0f","block2_then_block1","","","fixation","","","","","","","","","","","","","","","","","","","","","","","","","","","","","","","",""
"html-keyboard-response","803","<div class=""chinese-character"" style=""color:#2ca02c;"">绿</div>","g","551","2.1.0","578176","efuq2t4g0f","block2_then_block1","","","color_naming","","","","","","","","","绿","lv4","","","","","","","","","1","","green","g","green","true","green","green","","","false","congruent_color_character","true","1"
"html-keyboard-response","null","","null","552","2.1.0","579186","efuq2t4g0f","block2_then_block1","","","inter_trial_interval","","","","","","","","","","","","","","","","","","","","","","","","","","","","","","","",""
"html-keyboard-response","null","<div class=""fixation"">+</div>","null","553","2.1.0","579691","efuq2t4g0f","block2_then_block1","","","fixation","","","","","","","","","","","","","","","","","","","","","","","","","","","","","","","",""
"html-keyboard-response","747","<div class=""chinese-character"" style=""color:#1f77b4;"">窗</div>","b","554","2.1.0","580440","efuq2t4g0f","block2_then_block1","","","color_naming","","","","","","","","","窗","chuang1","","","","","","","","","1","","blue","b","blue","true","f1_15","window","","","true","filler","false","null"
"html-keyboard-response","null","","null","555","2.1.0","581452","efuq2t4g0f","block2_then_block1","","","inter_trial_interval","","","","","","","","","","","","","","","","","","","","","","","","","","","","","","","",""
"html-keyboard-response","null","<div class=""fixation"">+</div>","null","556","2.1.0","581968","efuq2t4g0f","block2_then_block1","","","fixation","","","","","","","","","","","","","","","","","","","","","","","","","","","","","","","",""
"html-keyboard-response","860","<div class=""chinese-character"" style=""color:#d6b300;"">风</div>","y","557","2.1.0","582829","efuq2t4g0f","block2_then_block1","","","color_naming","","","","","","","","","风","feng1","","","","","","","","","1","","yellow","y","yellow","true","f1_10","wind","","","true","filler","false","null"
"html-keyboard-response","null","","null","558","2.1.0","583841","efuq2t4g0f","block2_then_block1","","","inter_trial_interval","","","","","","","","","","","","","","","","","","","","","","","","","","","","","","","",""
"html-keyboard-response","null","<div class=""fixation"">+</div>","null","559","2.1.0","584349","efuq2t4g0f","block2_then_block1","","","fixation","","","","","","","","","","","","","","","","","","","","","","","","","","","","","","","",""
"html-keyboard-response","784","<div class=""chinese-character"" style=""color:#d62728;"">蓝</div>","r","560","2.1.0","585134","efuq2t4g0f","block2_then_block1","","","color_naming","","","","","","","","","蓝","lan2","","","","","","","","","1","","red","r","red","true","blue","blue","","","false","incongruent_color_character","true","1"
"html-keyboard-response","null","","null","561","2.1.0","586144","efuq2t4g0f","block2_then_block1","","","inter_trial_interval","","","","","","","","","","","","","","","","","","","","","","","","","","","","","","","",""
"html-keyboard-response","null","<div class=""fixation"">+</div>","null","562","2.1.0","586647","efuq2t4g0f","block2_then_block1","","","fixation","","","","","","","","","","","","","","","","","","","","","","","","","","","","","","","",""
"html-keyboard-response","805","<div class=""chinese-character"" style=""color:#d62728;"">轰</div>","r","563","2.1.0","587454","efuq2t4g0f","block2_then_block1","","","color_naming","","","","","","","","","轰","hong1","","","","","","","","","1","","red","r","red","true","red","boom","","","false","congruent_S_plus_T_minus","true","1"
"html-keyboard-response","null","","null","564","2.1.0","588463","efuq2t4g0f","block2_then_block1","","","inter_trial_interval","","","","","","","","","","","","","","","","","","","","","","","","","","","","","","","",""
"html-keyboard-response","null","<div class=""fixation"">+</div>","null","565","2.1.0","588966","efuq2t4g0f","block2_then_block1","","","fixation","","","","","","","","","","","","","","","","","","","","","","","","","","","","","","","",""
"html-keyboard-response","771","<div class=""chinese-character"" style=""color:#2ca02c;"">洞</div>","g","566","2.1.0","589738","efuq2t4g0f","block2_then_block1","","","color_naming","","","","","","","","","洞","dong4","","","","","","","","","1","","green","g","green","true","green","hole","","","false","congruent_S_minus_T_plus","true","1"
"html-keyboard-response","null","","null","567","2.1.0","590742","efuq2t4g0f","block2_then_block1","","","inter_trial_interval","","","","","","","","","","","","","","","","","","","","","","","","","","","","","","","",""
"html-keyboard-response","null","<div class=""fixation"">+</div>","null","568","2.1.0","591246","efuq2t4g0f","block2_then_block1","","","fixation","","","","","","","","","","","","","","","","","","","","","","","","","","","","","","","",""
"html-keyboard-response","708","<div class=""chinese-character"" style=""color:#d62728;"">家</div>","r","569","2.1.0","591955","efuq2t4g0f","block2_then_block1","","","color_naming","","","","","","","","","家","jia1","","","","","","","","","1","","red","r","red","true","f1_13","home","","","true","filler","false","null"
"html-keyboard-response","null","","null","570","2.1.0","592970","efuq2t4g0f","block2_then_block1","","","inter_trial_interval","","","","","","","","","","","","","","","","","","","","","","","","","","","","","","","",""
"html-keyboard-response","null","<div class=""fixation"">+</div>","null","571","2.1.0","593471","efuq2t4g0f","block2_then_block1","","","fixation","","","","","","","","","","","","","","","","","","","","","","","","","","","","","","","",""
"html-keyboard-response","664","<div class=""chinese-character"" style=""color:#d62728;"">雨</div>","r","572","2.1.0","594137","efuq2t4g0f","block2_then_block1","","","color_naming","","","","","","","","","雨","yu3","","","","","","","","","1","","red","r","red","true","f1_17","rain","","","true","filler","false","null"
"html-keyboard-response","null","","null","573","2.1.0","595147","efuq2t4g0f","block2_then_block1","","","inter_trial_interval","","","","","","","","","","","","","","","","","","","","","","","","","","","","","","","",""
"html-keyboard-response","null","<div class=""fixation"">+</div>","null","574","2.1.0","595656","efuq2t4g0f","block2_then_block1","","","fixation","","","","","","","","","","","","","","","","","","","","","","","","","","","","","","","",""
"html-keyboard-response","862","<div class=""chinese-character"" style=""color:#2ca02c;"">虑</div>","g","575","2.1.0","596519","efuq2t4g0f","block2_then_block1","","","color_naming","","","","","","","","","虑","lv4","","","","","","","","","1","","green","g","green","true","green","ponder","","","false","congruent_S_T_plus","true","1"
"html-keyboard-response","null","","null","576","2.1.0","597523","efuq2t4g0f","block2_then_block1","","","inter_trial_interval","","","","","","","","","","","","","","","","","","","","","","","","","","","","","","","",""
"html-keyboard-response","null","<div class=""fixation"">+</div>","null","577","2.1.0","598038","efuq2t4g0f","block2_then_block1","","","fixation","","","","","","","","","","","","","","","","","","","","","","","","","","","","","","","",""
"html-keyboard-response","678","<div class=""chinese-character"" style=""color:#2ca02c;"">茶</div>","g","578","2.1.0","598718","efuq2t4g0f","block2_then_block1","","","color_naming","","","","","","","","","茶","cha2","","","","","","","","","1","","green","g","green","true","f1_20","tea","","","true","filler","false","null"
"html-keyboard-response","null","","null","579","2.1.0","599734","efuq2t4g0f","block2_then_block1","","","inter_trial_interval","","","","","","","","","","","","","","","","","","","","","","","","","","","","","","","",""
"html-keyboard-response","null","<div class=""fixation"">+</div>","null","580","2.1.0","600240","efuq2t4g0f","block2_then_block1","","","fixation","","","","","","","","","","","","","","","","","","","","","","","","","","","","","","","",""
"html-keyboard-response","775","<div class=""chinese-character"" style=""color:#2ca02c;"">树</div>","g","581","2.1.0","601015","efuq2t4g0f","block2_then_block1","","","color_naming","","","","","","","","","树","shu4","","","","","","","","","1","","green","g","green","true","f1_16","tree","","","true","filler","false","null"
"html-keyboard-response","null","","null","582","2.1.0","602028","efuq2t4g0f","block2_then_block1","","","inter_trial_interval","","","","","","","","","","","","","","","","","","","","","","","","","","","","","","","",""
"html-keyboard-response","null","<div class=""fixation"">+</div>","null","583","2.1.0","602536","efuq2t4g0f","block2_then_block1","","","fixation","","","","","","","","","","","","","","","","","","","","","","","","","","","","","","","",""
"html-keyboard-response","867","<div class=""chinese-character"" style=""color:#1f77b4;"">蓝</div>","b","584","2.1.0","603404","efuq2t4g0f","block2_then_block1","","","color_naming","","","","","","","","","蓝","lan2","","","","","","","","","1","","blue","b","blue","true","blue","blue","","","false","congruent_color_character","true","1"
"html-keyboard-response","null","","null","585","2.1.0","604416","efuq2t4g0f","block2_then_block1","","","inter_trial_interval","","","","","","","","","","","","","","","","","","","","","","","","","","","","","","","",""
"html-keyboard-response","null","<div class=""fixation"">+</div>","null","586","2.1.0","604918","efuq2t4g0f","block2_then_block1","","","fixation","","","","","","","","","","","","","","","","","","","","","","","","","","","","","","","",""
"html-keyboard-response","709","<div class=""chinese-character"" style=""color:#d6b300;"">黄</div>","y","587","2.1.0","605628","efuq2t4g0f","block2_then_block1","","","color_naming","","","","","","","","","黄","huang2","","","","","","","","","1","","yellow","y","yellow","true","yellow","yellow","","","false","congruent_color_character","true","1"
"html-keyboard-response","null","","null","588","2.1.0","606632","efuq2t4g0f","block2_then_block1","","","inter_trial_interval","","","","","","","","","","","","","","","","","","","","","","","","","","","","","","","",""
"html-keyboard-response","null","<div class=""fixation"">+</div>","null","589","2.1.0","607146","efuq2t4g0f","block2_then_block1","","","fixation","","","","","","","","","","","","","","","","","","","","","","","","","","","","","","","",""
"html-keyboard-response","704","<div class=""chinese-character"" style=""color:#d6b300;"">缠</div>","y","590","2.1.0","607852","efuq2t4g0f","block2_then_block1","","","color_naming","","","","","","","","","缠","chan2","","","","","","","","","1","","yellow","y","yellow","true","yellow","wrap around","","","false","congruent_S_minus_T_plus","true","1"
"html-keyboard-response","null","","null","591","2.1.0","608868","efuq2t4g0f","block2_then_block1","","","inter_trial_interval","","","","","","","","","","","","","","","","","","","","","","","","","","","","","","","",""
"html-keyboard-response","null","<div class=""fixation"">+</div>","null","592","2.1.0","609378","efuq2t4g0f","block2_then_block1","","","fixation","","","","","","","","","","","","","","","","","","","","","","","","","","","","","","","",""
"html-keyboard-response","1296","<div class=""chinese-character"" style=""color:#1f77b4;"">婪</div>","b","593","2.1.0","610675","efuq2t4g0f","block2_then_block1","","","color_naming","","","","","","","","","婪","lan2","","","","","","","","","1","","blue","b","blue","true","blue","greedy","","","false","congruent_S_T_plus","true","1"
"html-keyboard-response","null","","null","594","2.1.0","611678","efuq2t4g0f","block2_then_block1","","","inter_trial_interval","","","","","","","","","","","","","","","","","","","","","","","","","","","","","","","",""
"html-keyboard-response","null","<div class=""fixation"">+</div>","null","595","2.1.0","612191","efuq2t4g0f","block2_then_block1","","","fixation","","","","","","","","","","","","","","","","","","","","","","","","","","","","","","","",""
"html-keyboard-response","660","<div class=""chinese-character"" style=""color:#1f77b4;"">览</div>","b","596","2.1.0","612853","efuq2t4g0f","block2_then_block1","","","color_naming","","","","","","","","","览","lan3","","","","","","","","","1","","blue","b","blue","true","blue","view","","","false","congruent_S_plus_T_minus","true","1"
"html-keyboard-response","null","","null","597","2.1.0","613860","efuq2t4g0f","block2_then_block1","","","inter_trial_interval","","","","","","","","","","","","","","","","","","","","","","","","","","","","","","","",""
"html-keyboard-response","null","<div class=""fixation"">+</div>","null","598","2.1.0","614378","efuq2t4g0f","block2_then_block1","","","fixation","","","","","","","","","","","","","","","","","","","","","","","","","","","","","","","",""
"html-keyboard-response","702","<div class=""chinese-character"" style=""color:#d62728;"">洪</div>","r","599","2.1.0","615081","efuq2t4g0f","block2_then_block1","","","color_naming","","","","","","","","","洪","hong2","","","","","","","","","1","","red","r","red","true","red","flood","","","false","congruent_S_T_plus","true","1"
"html-keyboard-response","null","","null","600","2.1.0","616094","efuq2t4g0f","block2_then_block1","","","inter_trial_interval","","","","","","","","","","","","","","","","","","","","","","","","","","","","","","","",""
"html-keyboard-response","null","<div class=""fixation"">+</div>","null","601","2.1.0","616606","efuq2t4g0f","block2_then_block1","","","fixation","","","","","","","","","","","","","","","","","","","","","","","","","","","","","","","",""
"html-keyboard-response","697","<div class=""chinese-character"" style=""color:#1f77b4;"">宫</div>","b","602","2.1.0","617304","efuq2t4g0f","block2_then_block1","","","color_naming","","","","","","","","","宫","gong1","","","","","","","","","1","","blue","b","blue","true","blue","palace","","","false","neutral","true","1"
"html-keyboard-response","null","","null","603","2.1.0","618320","efuq2t4g0f","block2_then_block1","","","inter_trial_interval","","","","","","","","","","","","","","","","","","","","","","","","","","","","","","","",""
"html-keyboard-response","null","<div class=""fixation"">+</div>","null","604","2.1.0","618826","efuq2t4g0f","block2_then_block1","","","fixation","","","","","","","","","","","","","","","","","","","","","","","","","","","","","","","",""
"html-keyboard-response","676","<div class=""chinese-character"" style=""color:#d62728;"">书</div>","r","605","2.1.0","619503","efuq2t4g0f","block2_then_block1","","","color_naming","","","","","","","","","书","shu1","","","","","","","","","1","","red","r","red","true","f1_1","book","","","true","filler","false","null"
"html-keyboard-response","null","","null","606","2.1.0","620505","efuq2t4g0f","block2_then_block1","","","inter_trial_interval","","","","","","","","","","","","","","","","","","","","","","","","","","","","","","","",""
"html-keyboard-response","null","<div class=""fixation"">+</div>","null","607","2.1.0","621017","efuq2t4g0f","block2_then_block1","","","fixation","","","","","","","","","","","","","","","","","","","","","","","","","","","","","","","",""
"html-keyboard-response","778","<div class=""chinese-character"" style=""color:#2ca02c;"">涂</div>","g","608","2.1.0","621796","efuq2t4g0f","block2_then_block1","","","color_naming","","","","","","","","","涂","tu2","","","","","","","","","1","","green","g","green","true","green","paint","","","false","neutral","true","1"
"html-keyboard-response","null","","null","609","2.1.0","622803","efuq2t4g0f","block2_then_block1","","","inter_trial_interval","","","","","","","","","","","","","","","","","","","","","","","","","","","","","","","",""
"html-keyboard-response","null","<div class=""fixation"">+</div>","null","610","2.1.0","623318","efuq2t4g0f","block2_then_block1","","","fixation","","","","","","","","","","","","","","","","","","","","","","","","","","","","","","","",""
"html-keyboard-response","758","<div class=""chinese-character"" style=""color:#d6b300;"">山</div>","y","611","2.1.0","624078","efuq2t4g0f","block2_then_block1","","","color_naming","","","","","","","","","山","shan1","","","","","","","","","1","","yellow","y","yellow","true","f1_2","mountain","","","true","filler","false","null"
"html-keyboard-response","null","","null","612","2.1.0","625088","efuq2t4g0f","block2_then_block1","","","inter_trial_interval","","","","","","","","","","","","","","","","","","","","","","","","","","","","","","","",""
"html-keyboard-response","null","<div class=""fixation"">+</div>","null","613","2.1.0","625598","efuq2t4g0f","block2_then_block1","","","fixation","","","","","","","","","","","","","","","","","","","","","","","","","","","","","","","",""
"html-keyboard-response","661","<div class=""chinese-character"" style=""color:#d6b300;"">花</div>","y","614","2.1.0","626261","efuq2t4g0f","block2_then_block1","","","color_naming","","","","","","","","","花","hua1","","","","","","","","","1","","yellow","y","yellow","true","f1_6","flower","","","true","filler","false","null"
"html-keyboard-response","null","","null","615","2.1.0","627266","efuq2t4g0f","block2_then_block1","","","inter_trial_interval","","","","","","","","","","","","","","","","","","","","","","","","","","","","","","","",""
"html-keyboard-response","14023","
      <div class=""instructions"">
        <h2>Experiment Complete</h2>
        <p>Thank you for participating!</p>
        <p>Your keyboard color-naming accuracy was <strong>96</strong> out of <strong>96</strong> trials (100%).</p>
        <p>Press <strong>Space</strong> to view the data.</p>
      </div>
    "," ","616","2.1.0","641292","efuq2t4g0f","block2_then_block1","","","","","","","","","","","","","","","","","","","","","","","","","","","","","","","","","","",""
