"trial_type","rt","stimulus","response","trial_index","plugin_version","time_elapsed","subject_id","experimental_order","consent_response","consent_timestamp","task","mandarin_english_bilingual","native_language","english_age_of_acquisition","years_in_us","english_proficiency_score","mandarin_proficiency","english_proficiency","normal_or_corrected_vision","character","pinyin","recording_key","space_rt_ms","mic_available","audio_recorded","audio_size_bytes","audio_filename","audio_upload_ok","audio_upload_status","block","expected_key","ink_color","correct_key","response_color","correct","item_id","translation","source_condition","source_ink_color","is_filler","condition","is_critical","repetition"
"html-button-response","5329","<div class=""consent-text""> <h2>Consent Agreement</h2> <p> Please read this consent agreement carefully before deciding whether to participate in this experiment. </p> <p> <strong>Description:</strong> You are invited to participate in a research study about language and language learning. The purpose of the research is to understand how people learn new words. This research will be conducted through the Prolific platform, including participants from the US, UK, and Canada. If you decide to participate in this research, you will learn and use new words. </p> <p> <strong>Time Involvement:</strong> The task will last the amount of time advertised on Prolific. You are free to withdraw from the study at any time. </p> <p> <strong>Risks and Benefits:</strong> Study data will be stored securely, in compliance with Stanford University standards, minimizing the risk of confiden-tiality breach. This study advances our scientific understanding of how people learn new languages. We cannot and do not guarantee or promise that you will receive any benefits from this study. </p> <p> <strong>Compensation:</strong> You will receive payment in the amount advertised on Prolific. If you do not complete this study, you will receive prorated payment based on the time that you have spent. Additionally, you may be eligible for bonus payments as described in the instructions. </p> <p> <strong>Participant's Rights:</strong> If you have read this form and have decided to participate in this project, please understand your participation is voluntary and you have the right to withdraw your consent or discontinue participation at any time without penalty or loss of benefits to which you are otherwise entitled. The alternative is not to participate. You have the right to refuse to answer particular questions. The results of this research study may be presented at scientific or professional meetings or published in scientific journals. Your individual privacy will be maintained in all published and writ-ten data resulting from the study. In accordance with scientific norms, the data from this study may be used or shared with other researchers for future research (after removing personally identifying information) without additional consent from you. </p> <p> <strong>Contact Information:</strong> If you have any questions, concerns or complaints about this research, its procedures, risks and benefits, contact the Protocol Director, Robert Hawkins (<a href=""mailto:rdhawkins@stanford.edu"">rdhawkins@stanford.edu</a>, 217-549-6923). </p> <p> <strong>Independent Contact:</strong> If you are not satisfied with how this study is being conducted, or if you have any concerns, com-plaints, or general questions about the research or your rights as a participant, please contact the Stanford Institutional Review Board (IRB) to speak to someone independent of the research team at 650-723-2480 or toll free at 1-866-680-2906, or email at irbnonmed@stanford.edu. You can also write to the Stanford IRB, Stanford University, 1705 El Camino Real, Palo Alto, CA 94306. Please save or print a copy of this page for your records. </p> <p> <strong>If you agree to participate in this research, please click ""I agree""</strong> </p></br> </div>","0","0","2.1.0","5335","m25boogf27","block1_then_block2","agree","2026-05-27T00:59:44.711Z","","","","","","","","","","","","","","","","","","","","","","","","","","","","","","","","",""
"html-keyboard-response","26216","
    <div class=""instructions"">
      <h2>Welcome</h2>
      <p>Thank you for participating in this experiment.</p>
      <p>This study has two kinds of tasks:</p>
      <ol>
        <li>Read Chinese characters aloud in Mandarin.</li>
        <li>Name the ink color of Chinese characters in English.</li>
      </ol>
      <p>Press <strong>Space</strong> to continue.</p>
    </div>
  "," ","1","2.1.0","31553","m25boogf27","block1_then_block2","","","","","","","","","","","","","","","","","","","","","","","","","","","","","","","","","","",""
"survey-html-form","116413","","{""mandarin_english_bilingual"":""yes"",""native_language"":""Mandarin"",""english_age_of_acquisition"":""0"",""years_in_us"":""0"",""english_proficiency_score"":""IELTS 7"",""mandarin_proficiency"":""native"",""english_proficiency"":""advanced"",""normal_or_corrected_vision"":""yes""}","2","2.1.0","147970","m25boogf27","block1_then_block2","","","participant_information","yes","Mandarin","0","0","IELTS 7","native","advanced","yes","","","","","","","","","","","","","","","","","","","","","","","",""
"html-keyboard-response","22038","
    <div class=""instructions"">
      <h2>Color Response Keys</h2>
      <p>In the color-naming task, respond to the <strong>ink color</strong>, not the meaning of the character.</p>
      <ul>
        <li><strong>R</strong> = red</li>
        <li><strong>Y</strong> = yellow</li>
        <li><strong>B</strong> = blue</li>
        <li><strong>G</strong> = green</li>
      </ul>
      <p>Respond as quickly and accurately as possible.</p>
      <p>Press <strong>Space</strong> to continue.</p>
    </div>
  "," ","3","2.1.0","170010","m25boogf27","block1_then_block2","","","","","","","","","","","","","","","","","","","","","","","","","","","","","","","","","","",""
"html-keyboard-response","19396","
    <div class=""instructions"">
      <h2>Microphone Access</h2>
      <p>This experiment records your voice responses during the Chinese character-naming task.</p>
      <p>Your browser may ask for microphone permission — please click <strong>Allow</strong>.</p>
      <p>Your voice recordings will be securely uploaded to our research server (DataPipe) for analysis.</p>
      <p>Press <strong>Space</strong> once you have granted permission (or if no prompt appeared).</p>
    </div>
  "," ","4","2.1.0","189408","m25boogf27","block1_then_block2","","","mic_permission","","","","","","","","","","","","","","","","","","","","","","","","","","","","","","","",""
"html-keyboard-response","10188","
      <div class=""instructions"">
        <h2>Practice — Character Reading</h2>
        <p>First, you will practice reading Chinese characters aloud.</p>
        <p>Each character will appear on screen. Say it aloud in Mandarin, then press <strong>Space</strong> to move immediately to the next character.</p>
        <p>Your voice will be recorded during the real experiment.</p>
        <p>Press <strong>Space</strong> to start.</p>
      </div>
    "," ","5","2.1.0","199598","m25boogf27","block1_then_block2","","","","","","","","","","","","","","","","","","","","","","","","","","","","","","","","","","",""
"html-keyboard-response","null","<div class=""fixation"">+</div>","null","6","2.1.0","200102","m25boogf27","block1_then_block2","","","fixation","","","","","","","","","","","","","","","","","","","","","","","","","","","","","","","",""
"html-keyboard-response","2330","
      <div class=""chinese-character"" style=""color:#000000;"">日</div>
      <div style=""margin-top:32px; font-size:16px; color:#555; font-family:Arial,sans-serif;"">
        Say the character aloud, then press <strong>Space</strong>.
      </div>
    "," ","7","2.1.0","202436","m25boogf27","block1_then_block2","","","practice_character_naming","","","","","","","","","日","ri4","practice_character_日","2330","true","true","37004","m25boogf27_practice_character_日.webm","true","{""message"":""Success""}","","","","","","","","","","","","","",""
"html-keyboard-response","null","","null","8","2.1.0","202543","m25boogf27","block1_then_block2","","","inter_trial_interval","","","","","","","","","","","","","","","","","","","","","","","","","","","","","","","",""
"html-keyboard-response","null","<div class=""fixation"">+</div>","null","9","2.1.0","203049","m25boogf27","block1_then_block2","","","fixation","","","","","","","","","","","","","","","","","","","","","","","","","","","","","","","",""
"html-keyboard-response","1756","
      <div class=""chinese-character"" style=""color:#000000;"">木</div>
      <div style=""margin-top:32px; font-size:16px; color:#555; font-family:Arial,sans-serif;"">
        Say the character aloud, then press <strong>Space</strong>.
      </div>
    "," ","10","2.1.0","204807","m25boogf27","block1_then_block2","","","practice_character_naming","","","","","","","","","木","mu4","practice_character_木","1756","true","true","28310","m25boogf27_practice_character_木.webm","true","{""message"":""Success""}","","","","","","","","","","","","","",""
"html-keyboard-response","null","","null","11","2.1.0","204913","m25boogf27","block1_then_block2","","","inter_trial_interval","","","","","","","","","","","","","","","","","","","","","","","","","","","","","","","",""
"html-keyboard-response","null","<div class=""fixation"">+</div>","null","12","2.1.0","205416","m25boogf27","block1_then_block2","","","fixation","","","","","","","","","","","","","","","","","","","","","","","","","","","","","","","",""
"html-keyboard-response","2180","
      <div class=""chinese-character"" style=""color:#000000;"">人</div>
      <div style=""margin-top:32px; font-size:16px; color:#555; font-family:Arial,sans-serif;"">
        Say the character aloud, then press <strong>Space</strong>.
      </div>
    "," ","13","2.1.0","207598","m25boogf27","block1_then_block2","","","practice_character_naming","","","","","","","","","人","ren2","practice_character_人","2180","true","true","35072","m25boogf27_practice_character_人.webm","true","{""message"":""Success""}","","","","","","","","","","","","","",""
"html-keyboard-response","null","","null","14","2.1.0","207705","m25boogf27","block1_then_block2","","","inter_trial_interval","","","","","","","","","","","","","","","","","","","","","","","","","","","","","","","",""
"html-keyboard-response","null","<div class=""fixation"">+</div>","null","15","2.1.0","208210","m25boogf27","block1_then_block2","","","fixation","","","","","","","","","","","","","","","","","","","","","","","","","","","","","","","",""
"html-keyboard-response","1391","
      <div class=""chinese-character"" style=""color:#000000;"">火</div>
      <div style=""margin-top:32px; font-size:16px; color:#555; font-family:Arial,sans-serif;"">
        Say the character aloud, then press <strong>Space</strong>.
      </div>
    "," ","16","2.1.0","209602","m25boogf27","block1_then_block2","","","practice_character_naming","","","","","","","","","火","huo3","practice_character_火","1391","true","true","22514","m25boogf27_practice_character_火.webm","true","{""message"":""Success""}","","","","","","","","","","","","","",""
"html-keyboard-response","null","","null","17","2.1.0","209709","m25boogf27","block1_then_block2","","","inter_trial_interval","","","","","","","","","","","","","","","","","","","","","","","","","","","","","","","",""
"html-keyboard-response","20449","
      <div class=""instructions"">
        <h2>Practice — Color Naming</h2>
        <p>Now practice naming the ink color in English using the keyboard.</p>
        <p><strong>R</strong> = red, <strong>Y</strong> = yellow, <strong>B</strong> = blue, <strong>G</strong> = green.</p>
        <p>Press <strong>Space</strong> to start.</p>
      </div>
    "," ","18","2.1.0","230160","m25boogf27","block1_then_block2","","","","","","","","","","","","","","","","","","","","","","","","","","","","","","","","","","",""
"html-keyboard-response","5004","
      <div class=""instructions"">
        <h2>Keyboard Check</h2>
        <p>Before we continue, please press the <strong>G</strong> key
        (for <strong>green</strong>) on your keyboard.</p>
        <p style=""color:#888;font-size:0.9em;"">
          If your keyboard is set to a Chinese input method (IME),
          please switch to English / Roman input now, otherwise the experiment cannot record your responses.
        </p>
      </div>
    ","g","19","2.1.0","235165","m25boogf27","block1_then_block2","","","keyboard_check","","","","","","","","","","","","","","","","","","","practice","g","","","","","","","","","","","",""
"html-keyboard-response","null","<div class=""fixation"">+</div>","null","20","2.1.0","235669","m25boogf27","block1_then_block2","","","fixation","","","","","","","","","","","","","","","","","","","","","","","","","","","","","","","",""
"html-keyboard-response","null","<div class=""chinese-character"" style=""color:#d62728;"">日</div>","null","21","2.1.0","238672","m25boogf27","block1_then_block2","","","practice_color_naming","","","","","","","","","日","","","","","","","","","","","","red","r","null","false","","","","","","","",""
"html-keyboard-response","null","","null","22","2.1.0","239679","m25boogf27","block1_then_block2","","","inter_trial_interval","","","","","","","","","","","","","","","","","","","","","","","","","","","","","","","",""
"html-keyboard-response","null","<div class=""fixation"">+</div>","null","23","2.1.0","240181","m25boogf27","block1_then_block2","","","fixation","","","","","","","","","","","","","","","","","","","","","","","","","","","","","","","",""
"html-keyboard-response","null","<div class=""chinese-character"" style=""color:#2ca02c;"">木</div>","null","24","2.1.0","243184","m25boogf27","block1_then_block2","","","practice_color_naming","","","","","","","","","木","","","","","","","","","","","","green","g","null","false","","","","","","","",""
"html-keyboard-response","null","","null","25","2.1.0","244189","m25boogf27","block1_then_block2","","","inter_trial_interval","","","","","","","","","","","","","","","","","","","","","","","","","","","","","","","",""
"html-keyboard-response","null","<div class=""fixation"">+</div>","null","26","2.1.0","244691","m25boogf27","block1_then_block2","","","fixation","","","","","","","","","","","","","","","","","","","","","","","","","","","","","","","",""
"html-keyboard-response","null","<div class=""chinese-character"" style=""color:#d6b300;"">人</div>","null","27","2.1.0","247699","m25boogf27","block1_then_block2","","","practice_color_naming","","","","","","","","","人","","","","","","","","","","","","yellow","y","null","false","","","","","","","",""
"html-keyboard-response","null","","null","28","2.1.0","248702","m25boogf27","block1_then_block2","","","inter_trial_interval","","","","","","","","","","","","","","","","","","","","","","","","","","","","","","","",""
"html-keyboard-response","null","<div class=""fixation"">+</div>","null","29","2.1.0","249206","m25boogf27","block1_then_block2","","","fixation","","","","","","","","","","","","","","","","","","","","","","","","","","","","","","","",""
"html-keyboard-response","null","<div class=""chinese-character"" style=""color:#1f77b4;"">火</div>","null","30","2.1.0","252213","m25boogf27","block1_then_block2","","","practice_color_naming","","","","","","","","","火","","","","","","","","","","","","blue","b","null","false","","","","","","","",""
"html-keyboard-response","null","","null","31","2.1.0","253219","m25boogf27","block1_then_block2","","","inter_trial_interval","","","","","","","","","","","","","","","","","","","","","","","","","","","","","","","",""
"html-keyboard-response","4726","
      <div class=""instructions"">
        <h2>End of Practice</h2>
        <p>The practice is over. The experiment will now begin.</p>
        <p>Press <strong>Space</strong> to continue.</p>
      </div>
    "," ","32","2.1.0","257946","m25boogf27","block1_then_block2","","","","","","","","","","","","","","","","","","","","","","","","","","","","","","","","","","",""
"html-keyboard-response","13027","
      <div class=""instructions"">
        <h2>Chinese Character Naming — Block 1</h2>
        <p>You will see Chinese characters printed in black.</p>
        <p>Please <strong>say the character aloud in Mandarin</strong> as quickly and accurately as possible.</p>
        <p>After speaking, press <strong>Space</strong> to move to the next character immediately.</p>
        <p>Your voice will be recorded so we can verify your responses.</p>
        <p>Press <strong>Space</strong> to begin.</p>
      </div>
    "," ","33","2.1.0","270974","m25boogf27","block1_then_block2","","","","","","","","","","","","","","","","","","","","","","","","","","","","","","","","","","",""
"html-keyboard-response","null","<div class=""fixation"">+</div>","null","34","2.1.0","271476","m25boogf27","block1_then_block2","","","fixation","","","","","","","","","","","","","","","","","","","","","","","","","","","","","","","",""
"html-keyboard-response","1936","
      <div class=""chinese-character"" style=""color:#000000;"">缠</div>
      <div style=""margin-top:32px; font-size:16px; color:#555; font-family:Arial,sans-serif;"">
        Say the character aloud, then press <strong>Space</strong>.
      </div>
    "," ","35","2.1.0","273413","m25boogf27","block1_then_block2","","","character_naming","","","","","","","","","缠","chan2","character_naming_yellow_block1_rep1","1936","true","true","31208","m25boogf27_character_naming_yellow_block1_rep1.webm","true","{""message"":""Success""}","1","","","","","","yellow","wrap around","congruent_S_minus_T_plus","yellow","false","","",""
"html-keyboard-response","null","","null","36","2.1.0","273518","m25boogf27","block1_then_block2","","","inter_trial_interval","","","","","","","","","","","","","","","","","","","","","","","","","","","","","","","",""
"html-keyboard-response","null","<div class=""fixation"">+</div>","null","37","2.1.0","274023","m25boogf27","block1_then_block2","","","fixation","","","","","","","","","","","","","","","","","","","","","","","","","","","","","","","",""
"html-keyboard-response","2117","
      <div class=""chinese-character"" style=""color:#000000;"">书</div>
      <div style=""margin-top:32px; font-size:16px; color:#555; font-family:Arial,sans-serif;"">
        Say the character aloud, then press <strong>Space</strong>.
      </div>
    "," ","38","2.1.0","276141","m25boogf27","block1_then_block2","","","character_naming","","","","","","","","","书","shu1","character_naming_f1_1_block1_norep","2117","true","true","34106","m25boogf27_character_naming_f1_1_block1_norep.webm","true","{""message"":""Success""}","1","","","","","","f1_1","book","filler","red","true","","",""
"html-keyboard-response","null","","null","39","2.1.0","276243","m25boogf27","block1_then_block2","","","inter_trial_interval","","","","","","","","","","","","","","","","","","","","","","","","","","","","","","","",""
"html-keyboard-response","null","<div class=""fixation"">+</div>","null","40","2.1.0","276748","m25boogf27","block1_then_block2","","","fixation","","","","","","","","","","","","","","","","","","","","","","","","","","","","","","","",""
"html-keyboard-response","1794","
      <div class=""chinese-character"" style=""color:#000000;"">树</div>
      <div style=""margin-top:32px; font-size:16px; color:#555; font-family:Arial,sans-serif;"">
        Say the character aloud, then press <strong>Space</strong>.
      </div>
    "," ","41","2.1.0","278544","m25boogf27","block1_then_block2","","","character_naming","","","","","","","","","树","shu4","character_naming_f1_16_block1_norep","1794","true","true","28310","m25boogf27_character_naming_f1_16_block1_norep.webm","true","{""message"":""Success""}","1","","","","","","f1_16","tree","filler","green","true","","",""
"html-keyboard-response","null","","null","42","2.1.0","278651","m25boogf27","block1_then_block2","","","inter_trial_interval","","","","","","","","","","","","","","","","","","","","","","","","","","","","","","","",""
"html-keyboard-response","null","<div class=""fixation"">+</div>","null","43","2.1.0","279154","m25boogf27","block1_then_block2","","","fixation","","","","","","","","","","","","","","","","","","","","","","","","","","","","","","","",""
"html-keyboard-response","1299","
      <div class=""chinese-character"" style=""color:#000000;"">绿</div>
      <div style=""margin-top:32px; font-size:16px; color:#555; font-family:Arial,sans-serif;"">
        Say the character aloud, then press <strong>Space</strong>.
      </div>
    "," ","44","2.1.0","280455","m25boogf27","block1_then_block2","","","character_naming","","","","","","","","","绿","lv4","character_naming_green_block1_rep1","1299","true","true","20582","m25boogf27_character_naming_green_block1_rep1.webm","true","{""message"":""Success""}","1","","","","","","green","green","incongruent_color_character","yellow","false","","",""
"html-keyboard-response","null","","null","45","2.1.0","280557","m25boogf27","block1_then_block2","","","inter_trial_interval","","","","","","","","","","","","","","","","","","","","","","","","","","","","","","","",""
"html-keyboard-response","null","<div class=""fixation"">+</div>","null","46","2.1.0","281059","m25boogf27","block1_then_block2","","","fixation","","","","","","","","","","","","","","","","","","","","","","","","","","","","","","","",""
"html-keyboard-response","1305","
      <div class=""chinese-character"" style=""color:#000000;"">纸</div>
      <div style=""margin-top:32px; font-size:16px; color:#555; font-family:Arial,sans-serif;"">
        Say the character aloud, then press <strong>Space</strong>.
      </div>
    "," ","47","2.1.0","282365","m25boogf27","block1_then_block2","","","character_naming","","","","","","","","","纸","zhi3","character_naming_f1_19_block1_norep","1305","true","true","20582","m25boogf27_character_naming_f1_19_block1_norep.webm","true","{""message"":""Success""}","1","","","","","","f1_19","paper","filler","blue","true","","",""
"html-keyboard-response","null","","null","48","2.1.0","282470","m25boogf27","block1_then_block2","","","inter_trial_interval","","","","","","","","","","","","","","","","","","","","","","","","","","","","","","","",""
"html-keyboard-response","null","<div class=""fixation"">+</div>","null","49","2.1.0","282974","m25boogf27","block1_then_block2","","","fixation","","","","","","","","","","","","","","","","","","","","","","","","","","","","","","","",""
"html-keyboard-response","1477","
      <div class=""chinese-character"" style=""color:#000000;"">趁</div>
      <div style=""margin-top:32px; font-size:16px; color:#555; font-family:Arial,sans-serif;"">
        Say the character aloud, then press <strong>Space</strong>.
      </div>
    "," ","50","2.1.0","284452","m25boogf27","block1_then_block2","","","character_naming","","","","","","","","","趁","chen4","character_naming_yellow_block1_rep1","1477","true","true","23480","m25boogf27_character_naming_yellow_block1_rep1.webm","true","{""error"":""OSF_FILE_EXISTS"",""message"":""The OSF file already exists. File names must be unique.""}","1","","","","","","yellow","take advantage of","neutral","yellow","false","","",""
"html-keyboard-response","null","","null","51","2.1.0","284557","m25boogf27","block1_then_block2","","","inter_trial_interval","","","","","","","","","","","","","","","","","","","","","","","","","","","","","","","",""
"html-keyboard-response","null","<div class=""fixation"">+</div>","null","52","2.1.0","285062","m25boogf27","block1_then_block2","","","fixation","","","","","","","","","","","","","","","","","","","","","","","","","","","","","","","",""
"html-keyboard-response","1360","
      <div class=""chinese-character"" style=""color:#000000;"">蓝</div>
      <div style=""margin-top:32px; font-size:16px; color:#555; font-family:Arial,sans-serif;"">
        Say the character aloud, then press <strong>Space</strong>.
      </div>
    "," ","53","2.1.0","286423","m25boogf27","block1_then_block2","","","character_naming","","","","","","","","","蓝","lan2","character_naming_blue_block1_rep1","1360","true","true","21548","m25boogf27_character_naming_blue_block1_rep1.webm","true","{""message"":""Success""}","1","","","","","","blue","blue","incongruent_color_character","red","false","","",""
"html-keyboard-response","null","","null","54","2.1.0","286530","m25boogf27","block1_then_block2","","","inter_trial_interval","","","","","","","","","","","","","","","","","","","","","","","","","","","","","","","",""
"html-keyboard-response","null","<div class=""fixation"">+</div>","null","55","2.1.0","287036","m25boogf27","block1_then_block2","","","fixation","","","","","","","","","","","","","","","","","","","","","","","","","","","","","","","",""
"html-keyboard-response","1293","
      <div class=""chinese-character"" style=""color:#000000;"">红</div>
      <div style=""margin-top:32px; font-size:16px; color:#555; font-family:Arial,sans-serif;"">
        Say the character aloud, then press <strong>Space</strong>.
      </div>
    "," ","56","2.1.0","288330","m25boogf27","block1_then_block2","","","character_naming","","","","","","","","","红","hong2","character_naming_red_block1_rep1","1293","true","true","20582","m25boogf27_character_naming_red_block1_rep1.webm","true","{""message"":""Success""}","1","","","","","","red","red","incongruent_color_character","blue","false","","",""
"html-keyboard-response","null","","null","57","2.1.0","288433","m25boogf27","block1_then_block2","","","inter_trial_interval","","","","","","","","","","","","","","","","","","","","","","","","","","","","","","","",""
"html-keyboard-response","null","<div class=""fixation"">+</div>","null","58","2.1.0","288941","m25boogf27","block1_then_block2","","","fixation","","","","","","","","","","","","","","","","","","","","","","","","","","","","","","","",""
"html-keyboard-response","1400","
      <div class=""chinese-character"" style=""color:#000000;"">洞</div>
      <div style=""margin-top:32px; font-size:16px; color:#555; font-family:Arial,sans-serif;"">
        Say the character aloud, then press <strong>Space</strong>.
      </div>
    "," ","59","2.1.0","290342","m25boogf27","block1_then_block2","","","character_naming","","","","","","","","","洞","dong4","character_naming_green_block1_rep1","1400","true","true","22514","m25boogf27_character_naming_green_block1_rep1.webm","true","{""error"":""OSF_FILE_EXISTS"",""message"":""The OSF file already exists. File names must be unique.""}","1","","","","","","green","hole","congruent_S_minus_T_plus","green","false","","",""
"html-keyboard-response","null","","null","60","2.1.0","290447","m25boogf27","block1_then_block2","","","inter_trial_interval","","","","","","","","","","","","","","","","","","","","","","","","","","","","","","","",""
"html-keyboard-response","null","<div class=""fixation"">+</div>","null","61","2.1.0","290949","m25boogf27","block1_then_block2","","","fixation","","","","","","","","","","","","","","","","","","","","","","","","","","","","","","","",""
"html-keyboard-response","1205","
      <div class=""chinese-character"" style=""color:#000000;"">牵</div>
      <div style=""margin-top:32px; font-size:16px; color:#555; font-family:Arial,sans-serif;"">
        Say the character aloud, then press <strong>Space</strong>.
      </div>
    "," ","62","2.1.0","292155","m25boogf27","block1_then_block2","","","character_naming","","","","","","","","","牵","qian1","character_naming_red_block1_rep1","1205","true","true","19616","m25boogf27_character_naming_red_block1_rep1.webm","true","{""error"":""OSF_FILE_EXISTS"",""message"":""The OSF file already exists. File names must be unique.""}","1","","","","","","red","lead along","neutral","red","false","","",""
"html-keyboard-response","null","","null","63","2.1.0","292262","m25boogf27","block1_then_block2","","","inter_trial_interval","","","","","","","","","","","","","","","","","","","","","","","","","","","","","","","",""
"html-keyboard-response","null","<div class=""fixation"">+</div>","null","64","2.1.0","292768","m25boogf27","block1_then_block2","","","fixation","","","","","","","","","","","","","","","","","","","","","","","","","","","","","","","",""
"html-keyboard-response","1646","
      <div class=""chinese-character"" style=""color:#000000;"">蓝</div>
      <div style=""margin-top:32px; font-size:16px; color:#555; font-family:Arial,sans-serif;"">
        Say the character aloud, then press <strong>Space</strong>.
      </div>
    "," ","65","2.1.0","294415","m25boogf27","block1_then_block2","","","character_naming","","","","","","","","","蓝","lan2","character_naming_blue_block1_rep1","1646","true","true","26378","m25boogf27_character_naming_blue_block1_rep1.webm","true","{""error"":""OSF_FILE_EXISTS"",""message"":""The OSF file already exists. File names must be unique.""}","1","","","","","","blue","blue","congruent_color_character","blue","false","","",""
"html-keyboard-response","null","","null","66","2.1.0","294517","m25boogf27","block1_then_block2","","","inter_trial_interval","","","","","","","","","","","","","","","","","","","","","","","","","","","","","","","",""
"html-keyboard-response","null","<div class=""fixation"">+</div>","null","67","2.1.0","295022","m25boogf27","block1_then_block2","","","fixation","","","","","","","","","","","","","","","","","","","","","","","","","","","","","","","",""
"html-keyboard-response","1774","
      <div class=""chinese-character"" style=""color:#000000;"">瓶</div>
      <div style=""margin-top:32px; font-size:16px; color:#555; font-family:Arial,sans-serif;"">
        Say the character aloud, then press <strong>Space</strong>.
      </div>
    "," ","68","2.1.0","296798","m25boogf27","block1_then_block2","","","character_naming","","","","","","","","","瓶","ping2","character_naming_red_block1_rep1","1774","true","true","28310","m25boogf27_character_naming_red_block1_rep1.webm","true","{""error"":""OSF_FILE_EXISTS"",""message"":""The OSF file already exists. File names must be unique.""}","1","","","","","","red","bottle","congruent_S_minus_T_plus","red","false","","",""
"html-keyboard-response","null","","null","69","2.1.0","296903","m25boogf27","block1_then_block2","","","inter_trial_interval","","","","","","","","","","","","","","","","","","","","","","","","","","","","","","","",""
"html-keyboard-response","null","<div class=""fixation"">+</div>","null","70","2.1.0","297409","m25boogf27","block1_then_block2","","","fixation","","","","","","","","","","","","","","","","","","","","","","","","","","","","","","","",""
"html-keyboard-response","1363","
      <div class=""chinese-character"" style=""color:#000000;"">轰</div>
      <div style=""margin-top:32px; font-size:16px; color:#555; font-family:Arial,sans-serif;"">
        Say the character aloud, then press <strong>Space</strong>.
      </div>
    "," ","71","2.1.0","298773","m25boogf27","block1_then_block2","","","character_naming","","","","","","","","","轰","hong1","character_naming_red_block1_rep1","1363","true","true","21548","m25boogf27_character_naming_red_block1_rep1.webm","true","{""error"":""OSF_FILE_EXISTS"",""message"":""The OSF file already exists. File names must be unique.""}","1","","","","","","red","boom","congruent_S_plus_T_minus","red","false","","",""
"html-keyboard-response","null","","null","72","2.1.0","298879","m25boogf27","block1_then_block2","","","inter_trial_interval","","","","","","","","","","","","","","","","","","","","","","","","","","","","","","","",""
"html-keyboard-response","null","<div class=""fixation"">+</div>","null","73","2.1.0","299385","m25boogf27","block1_then_block2","","","fixation","","","","","","","","","","","","","","","","","","","","","","","","","","","","","","","",""
"html-keyboard-response","1323","
      <div class=""chinese-character"" style=""color:#000000;"">花</div>
      <div style=""margin-top:32px; font-size:16px; color:#555; font-family:Arial,sans-serif;"">
        Say the character aloud, then press <strong>Space</strong>.
      </div>
    "," ","74","2.1.0","300710","m25boogf27","block1_then_block2","","","character_naming","","","","","","","","","花","hua1","character_naming_f1_6_block1_norep","1323","true","true","21548","m25boogf27_character_naming_f1_6_block1_norep.webm","true","{""message"":""Success""}","1","","","","","","f1_6","flower","filler","yellow","true","","",""
"html-keyboard-response","null","","null","75","2.1.0","300813","m25boogf27","block1_then_block2","","","inter_trial_interval","","","","","","","","","","","","","","","","","","","","","","","","","","","","","","","",""
"html-keyboard-response","null","<div class=""fixation"">+</div>","null","76","2.1.0","301318","m25boogf27","block1_then_block2","","","fixation","","","","","","","","","","","","","","","","","","","","","","","","","","","","","","","",""
"html-keyboard-response","1605","
      <div class=""chinese-character"" style=""color:#000000;"">茶</div>
      <div style=""margin-top:32px; font-size:16px; color:#555; font-family:Arial,sans-serif;"">
        Say the character aloud, then press <strong>Space</strong>.
      </div>
    "," ","77","2.1.0","302924","m25boogf27","block1_then_block2","","","character_naming","","","","","","","","","茶","cha2","character_naming_f1_20_block1_norep","1605","true","true","25412","m25boogf27_character_naming_f1_20_block1_norep.webm","true","{""message"":""Success""}","1","","","","","","f1_20","tea","filler","green","true","","",""
"html-keyboard-response","null","","null","78","2.1.0","303031","m25boogf27","block1_then_block2","","","inter_trial_interval","","","","","","","","","","","","","","","","","","","","","","","","","","","","","","","",""
"html-keyboard-response","null","<div class=""fixation"">+</div>","null","79","2.1.0","303532","m25boogf27","block1_then_block2","","","fixation","","","","","","","","","","","","","","","","","","","","","","","","","","","","","","","",""
"html-keyboard-response","1291","
      <div class=""chinese-character"" style=""color:#000000;"">鱼</div>
      <div style=""margin-top:32px; font-size:16px; color:#555; font-family:Arial,sans-serif;"">
        Say the character aloud, then press <strong>Space</strong>.
      </div>
    "," ","80","2.1.0","304825","m25boogf27","block1_then_block2","","","character_naming","","","","","","","","","鱼","yu2","character_naming_f1_12_block1_norep","1291","true","true","20582","m25boogf27_character_naming_f1_12_block1_norep.webm","true","{""message"":""Success""}","1","","","","","","f1_12","fish","filler","green","true","","",""
"html-keyboard-response","null","","null","81","2.1.0","304930","m25boogf27","block1_then_block2","","","inter_trial_interval","","","","","","","","","","","","","","","","","","","","","","","","","","","","","","","",""
"html-keyboard-response","null","<div class=""fixation"">+</div>","null","82","2.1.0","305437","m25boogf27","block1_then_block2","","","fixation","","","","","","","","","","","","","","","","","","","","","","","","","","","","","","","",""
"html-keyboard-response","1097","
      <div class=""chinese-character"" style=""color:#000000;"">车</div>
      <div style=""margin-top:32px; font-size:16px; color:#555; font-family:Arial,sans-serif;"">
        Say the character aloud, then press <strong>Space</strong>.
      </div>
    "," ","83","2.1.0","306535","m25boogf27","block1_then_block2","","","character_naming","","","","","","","","","车","che1","character_naming_f1_5_block1_norep","1097","true","true","17684","m25boogf27_character_naming_f1_5_block1_norep.webm","true","{""message"":""Success""}","1","","","","","","f1_5","car","filler","red","true","","",""
"html-keyboard-response","null","","null","84","2.1.0","306641","m25boogf27","block1_then_block2","","","inter_trial_interval","","","","","","","","","","","","","","","","","","","","","","","","","","","","","","","",""
"html-keyboard-response","null","<div class=""fixation"">+</div>","null","85","2.1.0","307144","m25boogf27","block1_then_block2","","","fixation","","","","","","","","","","","","","","","","","","","","","","","","","","","","","","","",""
"html-keyboard-response","1437","
      <div class=""chinese-character"" style=""color:#000000;"">涂</div>
      <div style=""margin-top:32px; font-size:16px; color:#555; font-family:Arial,sans-serif;"">
        Say the character aloud, then press <strong>Space</strong>.
      </div>
    "," ","86","2.1.0","308582","m25boogf27","block1_then_block2","","","character_naming","","","","","","","","","涂","tu2","character_naming_green_block1_rep1","1437","true","true","22514","m25boogf27_character_naming_green_block1_rep1.webm","true","{""error"":""OSF_FILE_EXISTS"",""message"":""The OSF file already exists. File names must be unique.""}","1","","","","","","green","paint","neutral","green","false","","",""
"html-keyboard-response","null","","null","87","2.1.0","308688","m25boogf27","block1_then_block2","","","inter_trial_interval","","","","","","","","","","","","","","","","","","","","","","","","","","","","","","","",""
"html-keyboard-response","null","<div class=""fixation"">+</div>","null","88","2.1.0","309193","m25boogf27","block1_then_block2","","","fixation","","","","","","","","","","","","","","","","","","","","","","","","","","","","","","","",""
"html-keyboard-response","1541","
      <div class=""chinese-character"" style=""color:#000000;"">婪</div>
      <div style=""margin-top:32px; font-size:16px; color:#555; font-family:Arial,sans-serif;"">
        Say the character aloud, then press <strong>Space</strong>.
      </div>
    "," ","89","2.1.0","310735","m25boogf27","block1_then_block2","","","character_naming","","","","","","","","","婪","lan2","character_naming_blue_block1_rep1","1541","true","true","24446","m25boogf27_character_naming_blue_block1_rep1.webm","true","{""error"":""OSF_FILE_EXISTS"",""message"":""The OSF file already exists. File names must be unique.""}","1","","","","","","blue","greedy","congruent_S_T_plus","blue","false","","",""
"html-keyboard-response","null","","null","90","2.1.0","310839","m25boogf27","block1_then_block2","","","inter_trial_interval","","","","","","","","","","","","","","","","","","","","","","","","","","","","","","","",""
"html-keyboard-response","null","<div class=""fixation"">+</div>","null","91","2.1.0","311343","m25boogf27","block1_then_block2","","","fixation","","","","","","","","","","","","","","","","","","","","","","","","","","","","","","","",""
"html-keyboard-response","1273","
      <div class=""chinese-character"" style=""color:#000000;"">黄</div>
      <div style=""margin-top:32px; font-size:16px; color:#555; font-family:Arial,sans-serif;"">
        Say the character aloud, then press <strong>Space</strong>.
      </div>
    "," ","92","2.1.0","312618","m25boogf27","block1_then_block2","","","character_naming","","","","","","","","","黄","huang2","character_naming_yellow_block1_rep1","1273","true","true","20582","m25boogf27_character_naming_yellow_block1_rep1.webm","true","{""error"":""OSF_FILE_EXISTS"",""message"":""The OSF file already exists. File names must be unique.""}","1","","","","","","yellow","yellow","congruent_color_character","yellow","false","","",""
"html-keyboard-response","null","","null","93","2.1.0","312720","m25boogf27","block1_then_block2","","","inter_trial_interval","","","","","","","","","","","","","","","","","","","","","","","","","","","","","","","",""
"html-keyboard-response","null","<div class=""fixation"">+</div>","null","94","2.1.0","313224","m25boogf27","block1_then_block2","","","fixation","","","","","","","","","","","","","","","","","","","","","","","","","","","","","","","",""
"html-keyboard-response","1262","
      <div class=""chinese-character"" style=""color:#000000;"">路</div>
      <div style=""margin-top:32px; font-size:16px; color:#555; font-family:Arial,sans-serif;"">
        Say the character aloud, then press <strong>Space</strong>.
      </div>
    "," ","95","2.1.0","314488","m25boogf27","block1_then_block2","","","character_naming","","","","","","","","","路","lu4","character_naming_f1_14_block1_norep","1262","true","true","20582","m25boogf27_character_naming_f1_14_block1_norep.webm","true","{""message"":""Success""}","1","","","","","","f1_14","road","filler","yellow","true","","",""
"html-keyboard-response","null","","null","96","2.1.0","314593","m25boogf27","block1_then_block2","","","inter_trial_interval","","","","","","","","","","","","","","","","","","","","","","","","","","","","","","","",""
"html-keyboard-response","null","<div class=""fixation"">+</div>","null","97","2.1.0","315097","m25boogf27","block1_then_block2","","","fixation","","","","","","","","","","","","","","","","","","","","","","","","","","","","","","","",""
"html-keyboard-response","1243","
      <div class=""chinese-character"" style=""color:#000000;"">宫</div>
      <div style=""margin-top:32px; font-size:16px; color:#555; font-family:Arial,sans-serif;"">
        Say the character aloud, then press <strong>Space</strong>.
      </div>
    "," ","98","2.1.0","316342","m25boogf27","block1_then_block2","","","character_naming","","","","","","","","","宫","gong1","character_naming_blue_block1_rep1","1243","true","true","19616","m25boogf27_character_naming_blue_block1_rep1.webm","true","{""error"":""OSF_FILE_EXISTS"",""message"":""The OSF file already exists. File names must be unique.""}","1","","","","","","blue","palace","neutral","blue","false","","",""
"html-keyboard-response","null","","null","99","2.1.0","316448","m25boogf27","block1_then_block2","","","inter_trial_interval","","","","","","","","","","","","","","","","","","","","","","","","","","","","","","","",""
"html-keyboard-response","null","<div class=""fixation"">+</div>","null","100","2.1.0","316954","m25boogf27","block1_then_block2","","","fixation","","","","","","","","","","","","","","","","","","","","","","","","","","","","","","","",""
"html-keyboard-response","1203","
      <div class=""chinese-character"" style=""color:#000000;"">洪</div>
      <div style=""margin-top:32px; font-size:16px; color:#555; font-family:Arial,sans-serif;"">
        Say the character aloud, then press <strong>Space</strong>.
      </div>
    "," ","101","2.1.0","318159","m25boogf27","block1_then_block2","","","character_naming","","","","","","","","","洪","hong2","character_naming_red_block1_rep1","1203","true","true","19616","m25boogf27_character_naming_red_block1_rep1.webm","true","{""error"":""OSF_FILE_EXISTS"",""message"":""The OSF file already exists. File names must be unique.""}","1","","","","","","red","flood","congruent_S_T_plus","red","false","","",""
"html-keyboard-response","null","","null","102","2.1.0","318266","m25boogf27","block1_then_block2","","","inter_trial_interval","","","","","","","","","","","","","","","","","","","","","","","","","","","","","","","",""
"html-keyboard-response","null","<div class=""fixation"">+</div>","null","103","2.1.0","318769","m25boogf27","block1_then_block2","","","fixation","","","","","","","","","","","","","","","","","","","","","","","","","","","","","","","",""
"html-keyboard-response","883","
      <div class=""chinese-character"" style=""color:#000000;"">雨</div>
      <div style=""margin-top:32px; font-size:16px; color:#555; font-family:Arial,sans-serif;"">
        Say the character aloud, then press <strong>Space</strong>.
      </div>
    "," ","104","2.1.0","319653","m25boogf27","block1_then_block2","","","character_naming","","","","","","","","","雨","yu3","character_naming_f1_17_block1_norep","883","true","true","13820","m25boogf27_character_naming_f1_17_block1_norep.webm","true","{""message"":""Success""}","1","","","","","","f1_17","rain","filler","red","true","","",""
"html-keyboard-response","null","","null","105","2.1.0","319757","m25boogf27","block1_then_block2","","","inter_trial_interval","","","","","","","","","","","","","","","","","","","","","","","","","","","","","","","",""
"html-keyboard-response","null","<div class=""fixation"">+</div>","null","106","2.1.0","320261","m25boogf27","block1_then_block2","","","fixation","","","","","","","","","","","","","","","","","","","","","","","","","","","","","","","",""
"html-keyboard-response","823","
      <div class=""chinese-character"" style=""color:#000000;"">晃</div>
      <div style=""margin-top:32px; font-size:16px; color:#555; font-family:Arial,sans-serif;"">
        Say the character aloud, then press <strong>Space</strong>.
      </div>
    "," ","107","2.1.0","321085","m25boogf27","block1_then_block2","","","character_naming","","","","","","","","","晃","huang4","character_naming_yellow_block1_rep1","823","true","true","12854","m25boogf27_character_naming_yellow_block1_rep1.webm","true","{""error"":""OSF_FILE_EXISTS"",""message"":""The OSF file already exists. File names must be unique.""}","1","","","","","","yellow","sway","congruent_S_plus_T_minus","yellow","false","","",""
"html-keyboard-response","null","","null","108","2.1.0","321191","m25boogf27","block1_then_block2","","","inter_trial_interval","","","","","","","","","","","","","","","","","","","","","","","","","","","","","","","",""
"html-keyboard-response","null","<div class=""fixation"">+</div>","null","109","2.1.0","321693","m25boogf27","block1_then_block2","","","fixation","","","","","","","","","","","","","","","","","","","","","","","","","","","","","","","",""
"html-keyboard-response","942","
      <div class=""chinese-character"" style=""color:#000000;"">家</div>
      <div style=""margin-top:32px; font-size:16px; color:#555; font-family:Arial,sans-serif;"">
        Say the character aloud, then press <strong>Space</strong>.
      </div>
    "," ","110","2.1.0","322637","m25boogf27","block1_then_block2","","","character_naming","","","","","","","","","家","jia1","character_naming_f1_13_block1_norep","942","true","true","14786","m25boogf27_character_naming_f1_13_block1_norep.webm","true","{""message"":""Success""}","1","","","","","","f1_13","home","filler","red","true","","",""
"html-keyboard-response","null","","null","111","2.1.0","322740","m25boogf27","block1_then_block2","","","inter_trial_interval","","","","","","","","","","","","","","","","","","","","","","","","","","","","","","","",""
"html-keyboard-response","null","<div class=""fixation"">+</div>","null","112","2.1.0","323244","m25boogf27","block1_then_block2","","","fixation","","","","","","","","","","","","","","","","","","","","","","","","","","","","","","","",""
"html-keyboard-response","934","
      <div class=""chinese-character"" style=""color:#000000;"">灯</div>
      <div style=""margin-top:32px; font-size:16px; color:#555; font-family:Arial,sans-serif;"">
        Say the character aloud, then press <strong>Space</strong>.
      </div>
    "," ","113","2.1.0","324179","m25boogf27","block1_then_block2","","","character_naming","","","","","","","","","灯","deng1","character_naming_f1_21_block1_norep","934","true","true","14786","m25boogf27_character_naming_f1_21_block1_norep.webm","true","{""message"":""Success""}","1","","","","","","f1_21","lamp","filler","red","true","","",""
"html-keyboard-response","null","","null","114","2.1.0","324281","m25boogf27","block1_then_block2","","","inter_trial_interval","","","","","","","","","","","","","","","","","","","","","","","","","","","","","","","",""
"html-keyboard-response","null","<div class=""fixation"">+</div>","null","115","2.1.0","324782","m25boogf27","block1_then_block2","","","fixation","","","","","","","","","","","","","","","","","","","","","","","","","","","","","","","",""
"html-keyboard-response","976","
      <div class=""chinese-character"" style=""color:#000000;"">门</div>
      <div style=""margin-top:32px; font-size:16px; color:#555; font-family:Arial,sans-serif;"">
        Say the character aloud, then press <strong>Space</strong>.
      </div>
    "," ","116","2.1.0","325760","m25boogf27","block1_then_block2","","","character_naming","","","","","","","","","门","men2","character_naming_f1_4_block1_norep","976","true","true","15752","m25boogf27_character_naming_f1_4_block1_norep.webm","true","{""message"":""Success""}","1","","","","","","f1_4","door","filler","green","true","","",""
"html-keyboard-response","null","","null","117","2.1.0","325865","m25boogf27","block1_then_block2","","","inter_trial_interval","","","","","","","","","","","","","","","","","","","","","","","","","","","","","","","",""
"html-keyboard-response","null","<div class=""fixation"">+</div>","null","118","2.1.0","326367","m25boogf27","block1_then_block2","","","fixation","","","","","","","","","","","","","","","","","","","","","","","","","","","","","","","",""
"html-keyboard-response","1191","
      <div class=""chinese-character"" style=""color:#000000;"">鸟</div>
      <div style=""margin-top:32px; font-size:16px; color:#555; font-family:Arial,sans-serif;"">
        Say the character aloud, then press <strong>Space</strong>.
      </div>
    "," ","119","2.1.0","327560","m25boogf27","block1_then_block2","","","character_naming","","","","","","","","","鸟","niao3","character_naming_f1_11_block1_norep","1191","true","true","18650","m25boogf27_character_naming_f1_11_block1_norep.webm","true","{""message"":""Success""}","1","","","","","","f1_11","bird","filler","blue","true","","",""
"html-keyboard-response","null","","null","120","2.1.0","327664","m25boogf27","block1_then_block2","","","inter_trial_interval","","","","","","","","","","","","","","","","","","","","","","","","","","","","","","","",""
"html-keyboard-response","null","<div class=""fixation"">+</div>","null","121","2.1.0","328167","m25boogf27","block1_then_block2","","","fixation","","","","","","","","","","","","","","","","","","","","","","","","","","","","","","","",""
"html-keyboard-response","1112","
      <div class=""chinese-character"" style=""color:#000000;"">水</div>
      <div style=""margin-top:32px; font-size:16px; color:#555; font-family:Arial,sans-serif;"">
        Say the character aloud, then press <strong>Space</strong>.
      </div>
    "," ","122","2.1.0","329281","m25boogf27","block1_then_block2","","","character_naming","","","","","","","","","水","shui3","character_naming_f1_3_block1_norep","1112","true","true","17684","m25boogf27_character_naming_f1_3_block1_norep.webm","true","{""message"":""Success""}","1","","","","","","f1_3","water","filler","blue","true","","",""
"html-keyboard-response","null","","null","123","2.1.0","329384","m25boogf27","block1_then_block2","","","inter_trial_interval","","","","","","","","","","","","","","","","","","","","","","","","","","","","","","","",""
"html-keyboard-response","null","<div class=""fixation"">+</div>","null","124","2.1.0","329891","m25boogf27","block1_then_block2","","","fixation","","","","","","","","","","","","","","","","","","","","","","","","","","","","","","","",""
"html-keyboard-response","1201","
      <div class=""chinese-character"" style=""color:#000000;"">石</div>
      <div style=""margin-top:32px; font-size:16px; color:#555; font-family:Arial,sans-serif;"">
        Say the character aloud, then press <strong>Space</strong>.
      </div>
    "," ","125","2.1.0","331093","m25boogf27","block1_then_block2","","","character_naming","","","","","","","","","石","shi2","character_naming_f1_24_block1_norep","1201","true","true","19616","m25boogf27_character_naming_f1_24_block1_norep.webm","true","{""message"":""Success""}","1","","","","","","f1_24","stone","filler","green","true","","",""
"html-keyboard-response","null","","null","126","2.1.0","331200","m25boogf27","block1_then_block2","","","inter_trial_interval","","","","","","","","","","","","","","","","","","","","","","","","","","","","","","","",""
"html-keyboard-response","null","<div class=""fixation"">+</div>","null","127","2.1.0","331704","m25boogf27","block1_then_block2","","","fixation","","","","","","","","","","","","","","","","","","","","","","","","","","","","","","","",""
"html-keyboard-response","1072","
      <div class=""chinese-character"" style=""color:#000000;"">手</div>
      <div style=""margin-top:32px; font-size:16px; color:#555; font-family:Arial,sans-serif;"">
        Say the character aloud, then press <strong>Space</strong>.
      </div>
    "," ","128","2.1.0","332778","m25boogf27","block1_then_block2","","","character_naming","","","","","","","","","手","shou3","character_naming_f1_8_block1_norep","1072","true","true","16718","m25boogf27_character_naming_f1_8_block1_norep.webm","true","{""message"":""Success""}","1","","","","","","f1_8","hand","filler","green","true","","",""
"html-keyboard-response","null","","null","129","2.1.0","332879","m25boogf27","block1_then_block2","","","inter_trial_interval","","","","","","","","","","","","","","","","","","","","","","","","","","","","","","","",""
"html-keyboard-response","null","<div class=""fixation"">+</div>","null","130","2.1.0","333385","m25boogf27","block1_then_block2","","","fixation","","","","","","","","","","","","","","","","","","","","","","","","","","","","","","","",""
"html-keyboard-response","1167","
      <div class=""chinese-character"" style=""color:#000000;"">览</div>
      <div style=""margin-top:32px; font-size:16px; color:#555; font-family:Arial,sans-serif;"">
        Say the character aloud, then press <strong>Space</strong>.
      </div>
    "," ","131","2.1.0","334552","m25boogf27","block1_then_block2","","","character_naming","","","","","","","","","览","lan3","character_naming_blue_block1_rep1","1167","true","true","18650","m25boogf27_character_naming_blue_block1_rep1.webm","true","{""error"":""OSF_FILE_EXISTS"",""message"":""The OSF file already exists. File names must be unique.""}","1","","","","","","blue","view","congruent_S_plus_T_minus","blue","false","","",""
"html-keyboard-response","null","","null","132","2.1.0","334657","m25boogf27","block1_then_block2","","","inter_trial_interval","","","","","","","","","","","","","","","","","","","","","","","","","","","","","","","",""
"html-keyboard-response","null","<div class=""fixation"">+</div>","null","133","2.1.0","335160","m25boogf27","block1_then_block2","","","fixation","","","","","","","","","","","","","","","","","","","","","","","","","","","","","","","",""
"html-keyboard-response","1133","
      <div class=""chinese-character"" style=""color:#000000;"">城</div>
      <div style=""margin-top:32px; font-size:16px; color:#555; font-family:Arial,sans-serif;"">
        Say the character aloud, then press <strong>Space</strong>.
      </div>
    "," ","134","2.1.0","336295","m25boogf27","block1_then_block2","","","character_naming","","","","","","","","","城","cheng2","character_naming_f1_22_block1_norep","1133","true","true","17684","m25boogf27_character_naming_f1_22_block1_norep.webm","true","{""message"":""Success""}","1","","","","","","f1_22","city","filler","yellow","true","","",""
"html-keyboard-response","null","","null","135","2.1.0","336397","m25boogf27","block1_then_block2","","","inter_trial_interval","","","","","","","","","","","","","","","","","","","","","","","","","","","","","","","",""
"html-keyboard-response","null","<div class=""fixation"">+</div>","null","136","2.1.0","336902","m25boogf27","block1_then_block2","","","fixation","","","","","","","","","","","","","","","","","","","","","","","","","","","","","","","",""
"html-keyboard-response","950","
      <div class=""chinese-character"" style=""color:#000000;"">绿</div>
      <div style=""margin-top:32px; font-size:16px; color:#555; font-family:Arial,sans-serif;"">
        Say the character aloud, then press <strong>Space</strong>.
      </div>
    "," ","137","2.1.0","337853","m25boogf27","block1_then_block2","","","character_naming","","","","","","","","","绿","lv4","character_naming_green_block1_rep1","950","true","true","14786","m25boogf27_character_naming_green_block1_rep1.webm","true","{""error"":""OSF_FILE_EXISTS"",""message"":""The OSF file already exists. File names must be unique.""}","1","","","","","","green","green","congruent_color_character","green","false","","",""
"html-keyboard-response","null","","null","138","2.1.0","337957","m25boogf27","block1_then_block2","","","inter_trial_interval","","","","","","","","","","","","","","","","","","","","","","","","","","","","","","","",""
"html-keyboard-response","null","<div class=""fixation"">+</div>","null","139","2.1.0","338464","m25boogf27","block1_then_block2","","","fixation","","","","","","","","","","","","","","","","","","","","","","","","","","","","","","","",""
"html-keyboard-response","978","
      <div class=""chinese-character"" style=""color:#000000;"">月</div>
      <div style=""margin-top:32px; font-size:16px; color:#555; font-family:Arial,sans-serif;"">
        Say the character aloud, then press <strong>Space</strong>.
      </div>
    "," ","140","2.1.0","339443","m25boogf27","block1_then_block2","","","character_naming","","","","","","","","","月","yue4","character_naming_f1_7_block1_norep","978","true","true","15752","m25boogf27_character_naming_f1_7_block1_norep.webm","true","{""message"":""Success""}","1","","","","","","f1_7","moon","filler","blue","true","","",""
"html-keyboard-response","null","","null","141","2.1.0","339544","m25boogf27","block1_then_block2","","","inter_trial_interval","","","","","","","","","","","","","","","","","","","","","","","","","","","","","","","",""
"html-keyboard-response","null","<div class=""fixation"">+</div>","null","142","2.1.0","340048","m25boogf27","block1_then_block2","","","fixation","","","","","","","","","","","","","","","","","","","","","","","","","","","","","","","",""
"html-keyboard-response","1301","
      <div class=""chinese-character"" style=""color:#000000;"">船</div>
      <div style=""margin-top:32px; font-size:16px; color:#555; font-family:Arial,sans-serif;"">
        Say the character aloud, then press <strong>Space</strong>.
      </div>
    "," ","143","2.1.0","341351","m25boogf27","block1_then_block2","","","character_naming","","","","","","","","","船","chuan2","character_naming_f1_23_block1_norep","1301","true","true","20582","m25boogf27_character_naming_f1_23_block1_norep.webm","true","{""message"":""Success""}","1","","","","","","f1_23","boat","filler","blue","true","","",""
"html-keyboard-response","null","","null","144","2.1.0","341456","m25boogf27","block1_then_block2","","","inter_trial_interval","","","","","","","","","","","","","","","","","","","","","","","","","","","","","","","",""
"html-keyboard-response","null","<div class=""fixation"">+</div>","null","145","2.1.0","341961","m25boogf27","block1_then_block2","","","fixation","","","","","","","","","","","","","","","","","","","","","","","","","","","","","","","",""
"html-keyboard-response","1063","
      <div class=""chinese-character"" style=""color:#000000;"">虑</div>
      <div style=""margin-top:32px; font-size:16px; color:#555; font-family:Arial,sans-serif;"">
        Say the character aloud, then press <strong>Space</strong>.
      </div>
    "," ","146","2.1.0","343025","m25boogf27","block1_then_block2","","","character_naming","","","","","","","","","虑","lv4","character_naming_green_block1_rep1","1063","true","true","16718","m25boogf27_character_naming_green_block1_rep1.webm","true","{""error"":""OSF_FILE_EXISTS"",""message"":""The OSF file already exists. File names must be unique.""}","1","","","","","","green","ponder","congruent_S_T_plus","green","false","","",""
"html-keyboard-response","null","","null","147","2.1.0","343127","m25boogf27","block1_then_block2","","","inter_trial_interval","","","","","","","","","","","","","","","","","","","","","","","","","","","","","","","",""
"html-keyboard-response","null","<div class=""fixation"">+</div>","null","148","2.1.0","343633","m25boogf27","block1_then_block2","","","fixation","","","","","","","","","","","","","","","","","","","","","","","","","","","","","","","",""
"html-keyboard-response","1108","
      <div class=""chinese-character"" style=""color:#000000;"">风</div>
      <div style=""margin-top:32px; font-size:16px; color:#555; font-family:Arial,sans-serif;"">
        Say the character aloud, then press <strong>Space</strong>.
      </div>
    "," ","149","2.1.0","344742","m25boogf27","block1_then_block2","","","character_naming","","","","","","","","","风","feng1","character_naming_f1_10_block1_norep","1108","true","true","17684","m25boogf27_character_naming_f1_10_block1_norep.webm","true","{""message"":""Success""}","1","","","","","","f1_10","wind","filler","yellow","true","","",""
"html-keyboard-response","null","","null","150","2.1.0","344849","m25boogf27","block1_then_block2","","","inter_trial_interval","","","","","","","","","","","","","","","","","","","","","","","","","","","","","","","",""
"html-keyboard-response","null","<div class=""fixation"">+</div>","null","151","2.1.0","345354","m25boogf27","block1_then_block2","","","fixation","","","","","","","","","","","","","","","","","","","","","","","","","","","","","","","",""
"html-keyboard-response","1161","
      <div class=""chinese-character"" style=""color:#000000;"">云</div>
      <div style=""margin-top:32px; font-size:16px; color:#555; font-family:Arial,sans-serif;"">
        Say the character aloud, then press <strong>Space</strong>.
      </div>
    "," ","152","2.1.0","346517","m25boogf27","block1_then_block2","","","character_naming","","","","","","","","","云","yun2","character_naming_f1_9_block1_norep","1161","true","true","18650","m25boogf27_character_naming_f1_9_block1_norep.webm","true","{""message"":""Success""}","1","","","","","","f1_9","cloud","filler","red","true","","",""
"html-keyboard-response","null","","null","153","2.1.0","346618","m25boogf27","block1_then_block2","","","inter_trial_interval","","","","","","","","","","","","","","","","","","","","","","","","","","","","","","","",""
"html-keyboard-response","null","<div class=""fixation"">+</div>","null","154","2.1.0","347120","m25boogf27","block1_then_block2","","","fixation","","","","","","","","","","","","","","","","","","","","","","","","","","","","","","","",""
"html-keyboard-response","1061","
      <div class=""chinese-character"" style=""color:#000000;"">尝</div>
      <div style=""margin-top:32px; font-size:16px; color:#555; font-family:Arial,sans-serif;"">
        Say the character aloud, then press <strong>Space</strong>.
      </div>
    "," ","155","2.1.0","348182","m25boogf27","block1_then_block2","","","character_naming","","","","","","","","","尝","chang2","character_naming_blue_block1_rep1","1061","true","true","16718","m25boogf27_character_naming_blue_block1_rep1.webm","true","{""error"":""OSF_FILE_EXISTS"",""message"":""The OSF file already exists. File names must be unique.""}","1","","","","","","blue","taste","congruent_S_minus_T_plus","blue","false","","",""
"html-keyboard-response","null","","null","156","2.1.0","348287","m25boogf27","block1_then_block2","","","inter_trial_interval","","","","","","","","","","","","","","","","","","","","","","","","","","","","","","","",""
"html-keyboard-response","null","<div class=""fixation"">+</div>","null","157","2.1.0","348790","m25boogf27","block1_then_block2","","","fixation","","","","","","","","","","","","","","","","","","","","","","","","","","","","","","","",""
"html-keyboard-response","814","
      <div class=""chinese-character"" style=""color:#000000;"">桥</div>
      <div style=""margin-top:32px; font-size:16px; color:#555; font-family:Arial,sans-serif;"">
        Say the character aloud, then press <strong>Space</strong>.
      </div>
    "," ","158","2.1.0","349606","m25boogf27","block1_then_block2","","","character_naming","","","","","","","","","桥","qiao2","character_naming_f1_18_block1_norep","814","true","true","12854","m25boogf27_character_naming_f1_18_block1_norep.webm","true","{""message"":""Success""}","1","","","","","","f1_18","bridge","filler","yellow","true","","",""
"html-keyboard-response","null","","null","159","2.1.0","349709","m25boogf27","block1_then_block2","","","inter_trial_interval","","","","","","","","","","","","","","","","","","","","","","","","","","","","","","","",""
"html-keyboard-response","null","<div class=""fixation"">+</div>","null","160","2.1.0","350215","m25boogf27","block1_then_block2","","","fixation","","","","","","","","","","","","","","","","","","","","","","","","","","","","","","","",""
"html-keyboard-response","1113","
      <div class=""chinese-character"" style=""color:#000000;"">窗</div>
      <div style=""margin-top:32px; font-size:16px; color:#555; font-family:Arial,sans-serif;"">
        Say the character aloud, then press <strong>Space</strong>.
      </div>
    "," ","161","2.1.0","351330","m25boogf27","block1_then_block2","","","character_naming","","","","","","","","","窗","chuang1","character_naming_f1_15_block1_norep","1113","true","true","17684","m25boogf27_character_naming_f1_15_block1_norep.webm","true","{""message"":""Success""}","1","","","","","","f1_15","window","filler","blue","true","","",""
"html-keyboard-response","null","","null","162","2.1.0","351436","m25boogf27","block1_then_block2","","","inter_trial_interval","","","","","","","","","","","","","","","","","","","","","","","","","","","","","","","",""
"html-keyboard-response","null","<div class=""fixation"">+</div>","null","163","2.1.0","351941","m25boogf27","block1_then_block2","","","fixation","","","","","","","","","","","","","","","","","","","","","","","","","","","","","","","",""
"html-keyboard-response","999","
      <div class=""chinese-character"" style=""color:#000000;"">红</div>
      <div style=""margin-top:32px; font-size:16px; color:#555; font-family:Arial,sans-serif;"">
        Say the character aloud, then press <strong>Space</strong>.
      </div>
    "," ","164","2.1.0","352942","m25boogf27","block1_then_block2","","","character_naming","","","","","","","","","红","hong2","character_naming_red_block1_rep1","999","true","true","15752","m25boogf27_character_naming_red_block1_rep1.webm","true","{""error"":""OSF_FILE_EXISTS"",""message"":""The OSF file already exists. File names must be unique.""}","1","","","","","","red","red","congruent_color_character","red","false","","",""
"html-keyboard-response","null","","null","165","2.1.0","353049","m25boogf27","block1_then_block2","","","inter_trial_interval","","","","","","","","","","","","","","","","","","","","","","","","","","","","","","","",""
"html-keyboard-response","null","<div class=""fixation"">+</div>","null","166","2.1.0","353553","m25boogf27","block1_then_block2","","","fixation","","","","","","","","","","","","","","","","","","","","","","","","","","","","","","","",""
"html-keyboard-response","1031","
      <div class=""chinese-character"" style=""color:#000000;"">山</div>
      <div style=""margin-top:32px; font-size:16px; color:#555; font-family:Arial,sans-serif;"">
        Say the character aloud, then press <strong>Space</strong>.
      </div>
    "," ","167","2.1.0","354585","m25boogf27","block1_then_block2","","","character_naming","","","","","","","","","山","shan1","character_naming_f1_2_block1_norep","1031","true","true","16718","m25boogf27_character_naming_f1_2_block1_norep.webm","true","{""message"":""Success""}","1","","","","","","f1_2","mountain","filler","yellow","true","","",""
"html-keyboard-response","null","","null","168","2.1.0","354692","m25boogf27","block1_then_block2","","","inter_trial_interval","","","","","","","","","","","","","","","","","","","","","","","","","","","","","","","",""
"html-keyboard-response","null","<div class=""fixation"">+</div>","null","169","2.1.0","355194","m25boogf27","block1_then_block2","","","fixation","","","","","","","","","","","","","","","","","","","","","","","","","","","","","","","",""
"html-keyboard-response","1069","
      <div class=""chinese-character"" style=""color:#000000;"">皇</div>
      <div style=""margin-top:32px; font-size:16px; color:#555; font-family:Arial,sans-serif;"">
        Say the character aloud, then press <strong>Space</strong>.
      </div>
    "," ","170","2.1.0","356265","m25boogf27","block1_then_block2","","","character_naming","","","","","","","","","皇","huang2","character_naming_yellow_block1_rep1","1069","true","true","16718","m25boogf27_character_naming_yellow_block1_rep1.webm","true","{""error"":""OSF_FILE_EXISTS"",""message"":""The OSF file already exists. File names must be unique.""}","1","","","","","","yellow","emperor","congruent_S_T_plus","yellow","false","","",""
"html-keyboard-response","null","","null","171","2.1.0","356368","m25boogf27","block1_then_block2","","","inter_trial_interval","","","","","","","","","","","","","","","","","","","","","","","","","","","","","","","",""
"html-keyboard-response","null","<div class=""fixation"">+</div>","null","172","2.1.0","356874","m25boogf27","block1_then_block2","","","fixation","","","","","","","","","","","","","","","","","","","","","","","","","","","","","","","",""
"html-keyboard-response","1065","
      <div class=""chinese-character"" style=""color:#000000;"">旅</div>
      <div style=""margin-top:32px; font-size:16px; color:#555; font-family:Arial,sans-serif;"">
        Say the character aloud, then press <strong>Space</strong>.
      </div>
    "," ","173","2.1.0","357941","m25boogf27","block1_then_block2","","","character_naming","","","","","","","","","旅","lv3","character_naming_green_block1_rep1","1065","true","true","16718","m25boogf27_character_naming_green_block1_rep1.webm","true","{""error"":""OSF_FILE_EXISTS"",""message"":""The OSF file already exists. File names must be unique.""}","1","","","","","","green","travel","congruent_S_plus_T_minus","green","false","","",""
"html-keyboard-response","null","","null","174","2.1.0","358043","m25boogf27","block1_then_block2","","","inter_trial_interval","","","","","","","","","","","","","","","","","","","","","","","","","","","","","","","",""
"html-keyboard-response","null","<div class=""fixation"">+</div>","null","175","2.1.0","358546","m25boogf27","block1_then_block2","","","fixation","","","","","","","","","","","","","","","","","","","","","","","","","","","","","","","",""
"html-keyboard-response","1062","
      <div class=""chinese-character"" style=""color:#000000;"">黄</div>
      <div style=""margin-top:32px; font-size:16px; color:#555; font-family:Arial,sans-serif;"">
        Say the character aloud, then press <strong>Space</strong>.
      </div>
    "," ","176","2.1.0","359609","m25boogf27","block1_then_block2","","","character_naming","","","","","","","","","黄","huang2","character_naming_yellow_block1_rep1","1062","true","true","16718","m25boogf27_character_naming_yellow_block1_rep1.webm","true","{""error"":""OSF_FILE_EXISTS"",""message"":""The OSF file already exists. File names must be unique.""}","1","","","","","","yellow","yellow","incongruent_color_character","green","false","","",""
"html-keyboard-response","null","","null","177","2.1.0","359716","m25boogf27","block1_then_block2","","","inter_trial_interval","","","","","","","","","","","","","","","","","","","","","","","","","","","","","","","",""
"html-keyboard-response","8770","
      <div class=""instructions"">
        <h2>English Color-Naming — Block 1</h2>
        <p>You will see Chinese characters printed in color.</p>
        <p>Your task is to identify the <strong>ink color in English</strong>.</p>
        <p>Ignore the character itself.</p>
        <p><strong>R</strong> = red, <strong>Y</strong> = yellow, <strong>B</strong> = blue, <strong>G</strong> = green.</p>
        <p>Press <strong>Space</strong> to begin.</p>
      </div>
    "," ","178","2.1.0","368487","m25boogf27","block1_then_block2","","","","","","","","","","","","","","","","","","","","","","","","","","","","","","","","","","",""
"html-keyboard-response","2295","
      <div class=""instructions"">
        <h2>Keyboard Check</h2>
        <p>Before we continue, please press the <strong>Y</strong> key
        (for <strong>yellow</strong>) on your keyboard.</p>
        <p style=""color:#888;font-size:0.9em;"">
          If your keyboard is set to a Chinese input method (IME),
          please switch to English / Roman input now, otherwise the experiment cannot record your responses.
        </p>
      </div>
    ","y","179","2.1.0","370783","m25boogf27","block1_then_block2","","","keyboard_check","","","","","","","","","","","","","","","","","","","1","y","","","","","","","","","","","",""
"html-keyboard-response","null","<div class=""fixation"">+</div>","null","180","2.1.0","371288","m25boogf27","block1_then_block2","","","fixation","","","","","","","","","","","","","","","","","","","","","","","","","","","","","","","",""
"html-keyboard-response","null","<div class=""chinese-character"" style=""color:#d62728;"">瓶</div>","null","181","2.1.0","374294","m25boogf27","block1_then_block2","","","color_naming","","","","","","","","","瓶","ping2","","","","","","","","","1","","red","r","null","false","red","bottle","","","false","congruent_S_minus_T_plus","true","1"
"html-keyboard-response","null","","null","182","2.1.0","375299","m25boogf27","block1_then_block2","","","inter_trial_interval","","","","","","","","","","","","","","","","","","","","","","","","","","","","","","","",""
"html-keyboard-response","null","<div class=""fixation"">+</div>","null","183","2.1.0","375804","m25boogf27","block1_then_block2","","","fixation","","","","","","","","","","","","","","","","","","","","","","","","","","","","","","","",""
"html-keyboard-response","null","<div class=""chinese-character"" style=""color:#d62728;"">云</div>","null","184","2.1.0","378809","m25boogf27","block1_then_block2","","","color_naming","","","","","","","","","云","yun2","","","","","","","","","1","","red","r","null","false","f1_9","cloud","","","true","filler","false","null"
"html-keyboard-response","null","","null","185","2.1.0","379814","m25boogf27","block1_then_block2","","","inter_trial_interval","","","","","","","","","","","","","","","","","","","","","","","","","","","","","","","",""
"html-keyboard-response","null","<div class=""fixation"">+</div>","null","186","2.1.0","380319","m25boogf27","block1_then_block2","","","fixation","","","","","","","","","","","","","","","","","","","","","","","","","","","","","","","",""
"html-keyboard-response","null","<div class=""chinese-character"" style=""color:#d62728;"">雨</div>","null","187","2.1.0","383327","m25boogf27","block1_then_block2","","","color_naming","","","","","","","","","雨","yu3","","","","","","","","","1","","red","r","null","false","f1_17","rain","","","true","filler","false","null"
"html-keyboard-response","null","","null","188","2.1.0","384333","m25boogf27","block1_then_block2","","","inter_trial_interval","","","","","","","","","","","","","","","","","","","","","","","","","","","","","","","",""
"html-keyboard-response","null","<div class=""fixation"">+</div>","null","189","2.1.0","384836","m25boogf27","block1_then_block2","","","fixation","","","","","","","","","","","","","","","","","","","","","","","","","","","","","","","",""
"html-keyboard-response","null","<div class=""chinese-character"" style=""color:#2ca02c;"">门</div>","null","190","2.1.0","387843","m25boogf27","block1_then_block2","","","color_naming","","","","","","","","","门","men2","","","","","","","","","1","","green","g","null","false","f1_4","door","","","true","filler","false","null"
"html-keyboard-response","null","","null","191","2.1.0","388850","m25boogf27","block1_then_block2","","","inter_trial_interval","","","","","","","","","","","","","","","","","","","","","","","","","","","","","","","",""
"html-keyboard-response","null","<div class=""fixation"">+</div>","null","192","2.1.0","389355","m25boogf27","block1_then_block2","","","fixation","","","","","","","","","","","","","","","","","","","","","","","","","","","","","","","",""
"html-keyboard-response","null","<div class=""chinese-character"" style=""color:#d62728;"">洪</div>","null","193","2.1.0","392361","m25boogf27","block1_then_block2","","","color_naming","","","","","","","","","洪","hong2","","","","","","","","","1","","red","r","null","false","red","flood","","","false","congruent_S_T_plus","true","1"
"html-keyboard-response","null","","null","194","2.1.0","393365","m25boogf27","block1_then_block2","","","inter_trial_interval","","","","","","","","","","","","","","","","","","","","","","","","","","","","","","","",""
"html-keyboard-response","null","<div class=""fixation"">+</div>","null","195","2.1.0","393866","m25boogf27","block1_then_block2","","","fixation","","","","","","","","","","","","","","","","","","","","","","","","","","","","","","","",""
"html-keyboard-response","null","<div class=""chinese-character"" style=""color:#d6b300;"">花</div>","null","196","2.1.0","396873","m25boogf27","block1_then_block2","","","color_naming","","","","","","","","","花","hua1","","","","","","","","","1","","yellow","y","null","false","f1_6","flower","","","true","filler","false","null"
"html-keyboard-response","null","","null","197","2.1.0","397879","m25boogf27","block1_then_block2","","","inter_trial_interval","","","","","","","","","","","","","","","","","","","","","","","","","","","","","","","",""
"html-keyboard-response","null","<div class=""fixation"">+</div>","null","198","2.1.0","398383","m25boogf27","block1_then_block2","","","fixation","","","","","","","","","","","","","","","","","","","","","","","","","","","","","","","",""
"html-keyboard-response","null","<div class=""chinese-character"" style=""color:#1f77b4;"">纸</div>","null","199","2.1.0","401385","m25boogf27","block1_then_block2","","","color_naming","","","","","","","","","纸","zhi3","","","","","","","","","1","","blue","b","null","false","f1_19","paper","","","true","filler","false","null"
"html-keyboard-response","null","","null","200","2.1.0","402393","m25boogf27","block1_then_block2","","","inter_trial_interval","","","","","","","","","","","","","","","","","","","","","","","","","","","","","","","",""
"html-keyboard-response","null","<div class=""fixation"">+</div>","null","201","2.1.0","402897","m25boogf27","block1_then_block2","","","fixation","","","","","","","","","","","","","","","","","","","","","","","","","","","","","","","",""
"html-keyboard-response","null","<div class=""chinese-character"" style=""color:#d6b300;"">黄</div>","null","202","2.1.0","405899","m25boogf27","block1_then_block2","","","color_naming","","","","","","","","","黄","huang2","","","","","","","","","1","","yellow","y","null","false","yellow","yellow","","","false","congruent_color_character","true","1"
"html-keyboard-response","null","","null","203","2.1.0","406905","m25boogf27","block1_then_block2","","","inter_trial_interval","","","","","","","","","","","","","","","","","","","","","","","","","","","","","","","",""
"html-keyboard-response","null","<div class=""fixation"">+</div>","null","204","2.1.0","407407","m25boogf27","block1_then_block2","","","fixation","","","","","","","","","","","","","","","","","","","","","","","","","","","","","","","",""
"html-keyboard-response","null","<div class=""chinese-character"" style=""color:#1f77b4;"">船</div>","null","205","2.1.0","410414","m25boogf27","block1_then_block2","","","color_naming","","","","","","","","","船","chuan2","","","","","","","","","1","","blue","b","null","false","f1_23","boat","","","true","filler","false","null"
"html-keyboard-response","null","","null","206","2.1.0","411420","m25boogf27","block1_then_block2","","","inter_trial_interval","","","","","","","","","","","","","","","","","","","","","","","","","","","","","","","",""
"html-keyboard-response","null","<div class=""fixation"">+</div>","null","207","2.1.0","411925","m25boogf27","block1_then_block2","","","fixation","","","","","","","","","","","","","","","","","","","","","","","","","","","","","","","",""
"html-keyboard-response","null","<div class=""chinese-character"" style=""color:#d6b300;"">山</div>","null","208","2.1.0","414932","m25boogf27","block1_then_block2","","","color_naming","","","","","","","","","山","shan1","","","","","","","","","1","","yellow","y","null","false","f1_2","mountain","","","true","filler","false","null"
"html-keyboard-response","null","","null","209","2.1.0","415938","m25boogf27","block1_then_block2","","","inter_trial_interval","","","","","","","","","","","","","","","","","","","","","","","","","","","","","","","",""
"html-keyboard-response","null","<div class=""fixation"">+</div>","null","210","2.1.0","416444","m25boogf27","block1_then_block2","","","fixation","","","","","","","","","","","","","","","","","","","","","","","","","","","","","","","",""
"html-keyboard-response","null","<div class=""chinese-character"" style=""color:#d6b300;"">趁</div>","null","211","2.1.0","419451","m25boogf27","block1_then_block2","","","color_naming","","","","","","","","","趁","chen4","","","","","","","","","1","","yellow","y","null","false","yellow","take advantage of","","","false","neutral","true","1"
"html-keyboard-response","null","","null","212","2.1.0","420458","m25boogf27","block1_then_block2","","","inter_trial_interval","","","","","","","","","","","","","","","","","","","","","","","","","","","","","","","",""
"html-keyboard-response","null","<div class=""fixation"">+</div>","null","213","2.1.0","420963","m25boogf27","block1_then_block2","","","fixation","","","","","","","","","","","","","","","","","","","","","","","","","","","","","","","",""
"html-keyboard-response","null","<div class=""chinese-character"" style=""color:#d62728;"">车</div>","null","214","2.1.0","423969","m25boogf27","block1_then_block2","","","color_naming","","","","","","","","","车","che1","","","","","","","","","1","","red","r","null","false","f1_5","car","","","true","filler","false","null"
"html-keyboard-response","null","","null","215","2.1.0","424975","m25boogf27","block1_then_block2","","","inter_trial_interval","","","","","","","","","","","","","","","","","","","","","","","","","","","","","","","",""
"html-keyboard-response","null","<div class=""fixation"">+</div>","null","216","2.1.0","425479","m25boogf27","block1_then_block2","","","fixation","","","","","","","","","","","","","","","","","","","","","","","","","","","","","","","",""
"html-keyboard-response","null","<div class=""chinese-character"" style=""color:#2ca02c;"">旅</div>","null","217","2.1.0","428486","m25boogf27","block1_then_block2","","","color_naming","","","","","","","","","旅","lv3","","","","","","","","","1","","green","g","null","false","green","travel","","","false","congruent_S_plus_T_minus","true","1"
"html-keyboard-response","null","","null","218","2.1.0","429490","m25boogf27","block1_then_block2","","","inter_trial_interval","","","","","","","","","","","","","","","","","","","","","","","","","","","","","","","",""
"html-keyboard-response","null","<div class=""fixation"">+</div>","null","219","2.1.0","429996","m25boogf27","block1_then_block2","","","fixation","","","","","","","","","","","","","","","","","","","","","","","","","","","","","","","",""
"html-keyboard-response","null","<div class=""chinese-character"" style=""color:#d6b300;"">绿</div>","null","220","2.1.0","433002","m25boogf27","block1_then_block2","","","color_naming","","","","","","","","","绿","lv4","","","","","","","","","1","","yellow","y","null","false","green","green","","","false","incongruent_color_character","true","1"
"html-keyboard-response","null","","null","221","2.1.0","434009","m25boogf27","block1_then_block2","","","inter_trial_interval","","","","","","","","","","","","","","","","","","","","","","","","","","","","","","","",""
"html-keyboard-response","null","<div class=""fixation"">+</div>","null","222","2.1.0","434512","m25boogf27","block1_then_block2","","","fixation","","","","","","","","","","","","","","","","","","","","","","","","","","","","","","","",""
"html-keyboard-response","null","<div class=""chinese-character"" style=""color:#d6b300;"">风</div>","null","223","2.1.0","437515","m25boogf27","block1_then_block2","","","color_naming","","","","","","","","","风","feng1","","","","","","","","","1","","yellow","y","null","false","f1_10","wind","","","true","filler","false","null"
"html-keyboard-response","null","","null","224","2.1.0","438522","m25boogf27","block1_then_block2","","","inter_trial_interval","","","","","","","","","","","","","","","","","","","","","","","","","","","","","","","",""
"html-keyboard-response","null","<div class=""fixation"">+</div>","null","225","2.1.0","439028","m25boogf27","block1_then_block2","","","fixation","","","","","","","","","","","","","","","","","","","","","","","","","","","","","","","",""
"html-keyboard-response","null","<div class=""chinese-character"" style=""color:#2ca02c;"">树</div>","null","226","2.1.0","442032","m25boogf27","block1_then_block2","","","color_naming","","","","","","","","","树","shu4","","","","","","","","","1","","green","g","null","false","f1_16","tree","","","true","filler","false","null"
"html-keyboard-response","null","","null","227","2.1.0","443039","m25boogf27","block1_then_block2","","","inter_trial_interval","","","","","","","","","","","","","","","","","","","","","","","","","","","","","","","",""
"html-keyboard-response","null","<div class=""fixation"">+</div>","null","228","2.1.0","443541","m25boogf27","block1_then_block2","","","fixation","","","","","","","","","","","","","","","","","","","","","","","","","","","","","","","",""
"html-keyboard-response","null","<div class=""chinese-character"" style=""color:#1f77b4;"">鸟</div>","null","229","2.1.0","446546","m25boogf27","block1_then_block2","","","color_naming","","","","","","","","","鸟","niao3","","","","","","","","","1","","blue","b","null","false","f1_11","bird","","","true","filler","false","null"
"html-keyboard-response","null","","null","230","2.1.0","447552","m25boogf27","block1_then_block2","","","inter_trial_interval","","","","","","","","","","","","","","","","","","","","","","","","","","","","","","","",""
"html-keyboard-response","null","<div class=""fixation"">+</div>","null","231","2.1.0","448059","m25boogf27","block1_then_block2","","","fixation","","","","","","","","","","","","","","","","","","","","","","","","","","","","","","","",""
"html-keyboard-response","null","<div class=""chinese-character"" style=""color:#2ca02c;"">茶</div>","null","232","2.1.0","451064","m25boogf27","block1_then_block2","","","color_naming","","","","","","","","","茶","cha2","","","","","","","","","1","","green","g","null","false","f1_20","tea","","","true","filler","false","null"
"html-keyboard-response","null","","null","233","2.1.0","452070","m25boogf27","block1_then_block2","","","inter_trial_interval","","","","","","","","","","","","","","","","","","","","","","","","","","","","","","","",""
"html-keyboard-response","null","<div class=""fixation"">+</div>","null","234","2.1.0","452574","m25boogf27","block1_then_block2","","","fixation","","","","","","","","","","","","","","","","","","","","","","","","","","","","","","","",""
"html-keyboard-response","null","<div class=""chinese-character"" style=""color:#d6b300;"">皇</div>","null","235","2.1.0","455578","m25boogf27","block1_then_block2","","","color_naming","","","","","","","","","皇","huang2","","","","","","","","","1","","yellow","y","null","false","yellow","emperor","","","false","congruent_S_T_plus","true","1"
"html-keyboard-response","null","","null","236","2.1.0","456584","m25boogf27","block1_then_block2","","","inter_trial_interval","","","","","","","","","","","","","","","","","","","","","","","","","","","","","","","",""
"html-keyboard-response","null","<div class=""fixation"">+</div>","null","237","2.1.0","457090","m25boogf27","block1_then_block2","","","fixation","","","","","","","","","","","","","","","","","","","","","","","","","","","","","","","",""
"html-keyboard-response","null","<div class=""chinese-character"" style=""color:#2ca02c;"">石</div>","null","238","2.1.0","460097","m25boogf27","block1_then_block2","","","color_naming","","","","","","","","","石","shi2","","","","","","","","","1","","green","g","null","false","f1_24","stone","","","true","filler","false","null"
"html-keyboard-response","null","","null","239","2.1.0","461104","m25boogf27","block1_then_block2","","","inter_trial_interval","","","","","","","","","","","","","","","","","","","","","","","","","","","","","","","",""
"html-keyboard-response","null","<div class=""fixation"">+</div>","null","240","2.1.0","461608","m25boogf27","block1_then_block2","","","fixation","","","","","","","","","","","","","","","","","","","","","","","","","","","","","","","",""
"html-keyboard-response","null","<div class=""chinese-character"" style=""color:#2ca02c;"">洞</div>","null","241","2.1.0","464615","m25boogf27","block1_then_block2","","","color_naming","","","","","","","","","洞","dong4","","","","","","","","","1","","green","g","null","false","green","hole","","","false","congruent_S_minus_T_plus","true","1"
"html-keyboard-response","null","","null","242","2.1.0","465622","m25boogf27","block1_then_block2","","","inter_trial_interval","","","","","","","","","","","","","","","","","","","","","","","","","","","","","","","",""
"html-keyboard-response","null","<div class=""fixation"">+</div>","null","243","2.1.0","466126","m25boogf27","block1_then_block2","","","fixation","","","","","","","","","","","","","","","","","","","","","","","","","","","","","","","",""
"html-keyboard-response","null","<div class=""chinese-character"" style=""color:#1f77b4;"">蓝</div>","null","244","2.1.0","469132","m25boogf27","block1_then_block2","","","color_naming","","","","","","","","","蓝","lan2","","","","","","","","","1","","blue","b","null","false","blue","blue","","","false","congruent_color_character","true","1"
"html-keyboard-response","null","","null","245","2.1.0","470140","m25boogf27","block1_then_block2","","","inter_trial_interval","","","","","","","","","","","","","","","","","","","","","","","","","","","","","","","",""
"html-keyboard-response","null","<div class=""fixation"">+</div>","null","246","2.1.0","470644","m25boogf27","block1_then_block2","","","fixation","","","","","","","","","","","","","","","","","","","","","","","","","","","","","","","",""
"html-keyboard-response","null","<div class=""chinese-character"" style=""color:#2ca02c;"">鱼</div>","null","247","2.1.0","473650","m25boogf27","block1_then_block2","","","color_naming","","","","","","","","","鱼","yu2","","","","","","","","","1","","green","g","null","false","f1_12","fish","","","true","filler","false","null"
"html-keyboard-response","null","","null","248","2.1.0","474653","m25boogf27","block1_then_block2","","","inter_trial_interval","","","","","","","","","","","","","","","","","","","","","","","","","","","","","","","",""
"html-keyboard-response","null","<div class=""fixation"">+</div>","null","249","2.1.0","475155","m25boogf27","block1_then_block2","","","fixation","","","","","","","","","","","","","","","","","","","","","","","","","","","","","","","",""
"html-keyboard-response","null","<div class=""chinese-character"" style=""color:#d62728;"">蓝</div>","null","250","2.1.0","478163","m25boogf27","block1_then_block2","","","color_naming","","","","","","","","","蓝","lan2","","","","","","","","","1","","red","r","null","false","blue","blue","","","false","incongruent_color_character","true","1"
"html-keyboard-response","null","","null","251","2.1.0","479168","m25boogf27","block1_then_block2","","","inter_trial_interval","","","","","","","","","","","","","","","","","","","","","","","","","","","","","","","",""
"html-keyboard-response","null","<div class=""fixation"">+</div>","null","252","2.1.0","479673","m25boogf27","block1_then_block2","","","fixation","","","","","","","","","","","","","","","","","","","","","","","","","","","","","","","",""
"html-keyboard-response","null","<div class=""chinese-character"" style=""color:#d6b300;"">城</div>","null","253","2.1.0","482679","m25boogf27","block1_then_block2","","","color_naming","","","","","","","","","城","cheng2","","","","","","","","","1","","yellow","y","null","false","f1_22","city","","","true","filler","false","null"
"html-keyboard-response","null","","null","254","2.1.0","483687","m25boogf27","block1_then_block2","","","inter_trial_interval","","","","","","","","","","","","","","","","","","","","","","","","","","","","","","","",""
"html-keyboard-response","null","<div class=""fixation"">+</div>","null","255","2.1.0","484192","m25boogf27","block1_then_block2","","","fixation","","","","","","","","","","","","","","","","","","","","","","","","","","","","","","","",""
"html-keyboard-response","null","<div class=""chinese-character"" style=""color:#2ca02c;"">绿</div>","null","256","2.1.0","487196","m25boogf27","block1_then_block2","","","color_naming","","","","","","","","","绿","lv4","","","","","","","","","1","","green","g","null","false","green","green","","","false","congruent_color_character","true","1"
"html-keyboard-response","null","","null","257","2.1.0","488203","m25boogf27","block1_then_block2","","","inter_trial_interval","","","","","","","","","","","","","","","","","","","","","","","","","","","","","","","",""
"html-keyboard-response","null","<div class=""fixation"">+</div>","null","258","2.1.0","488710","m25boogf27","block1_then_block2","","","fixation","","","","","","","","","","","","","","","","","","","","","","","","","","","","","","","",""
"html-keyboard-response","null","<div class=""chinese-character"" style=""color:#d6b300;"">缠</div>","null","259","2.1.0","491716","m25boogf27","block1_then_block2","","","color_naming","","","","","","","","","缠","chan2","","","","","","","","","1","","yellow","y","null","false","yellow","wrap around","","","false","congruent_S_minus_T_plus","true","1"
"html-keyboard-response","null","","null","260","2.1.0","492723","m25boogf27","block1_then_block2","","","inter_trial_interval","","","","","","","","","","","","","","","","","","","","","","","","","","","","","","","",""
"html-keyboard-response","null","<div class=""fixation"">+</div>","null","261","2.1.0","493229","m25boogf27","block1_then_block2","","","fixation","","","","","","","","","","","","","","","","","","","","","","","","","","","","","","","",""
"html-keyboard-response","null","<div class=""chinese-character"" style=""color:#2ca02c;"">虑</div>","null","262","2.1.0","496233","m25boogf27","block1_then_block2","","","color_naming","","","","","","","","","虑","lv4","","","","","","","","","1","","green","g","null","false","green","ponder","","","false","congruent_S_T_plus","true","1"
"html-keyboard-response","null","","null","263","2.1.0","497237","m25boogf27","block1_then_block2","","","inter_trial_interval","","","","","","","","","","","","","","","","","","","","","","","","","","","","","","","",""
"html-keyboard-response","null","<div class=""fixation"">+</div>","null","264","2.1.0","497742","m25boogf27","block1_then_block2","","","fixation","","","","","","","","","","","","","","","","","","","","","","","","","","","","","","","",""
"html-keyboard-response","null","<div class=""chinese-character"" style=""color:#d6b300;"">晃</div>","null","265","2.1.0","500750","m25boogf27","block1_then_block2","","","color_naming","","","","","","","","","晃","huang4","","","","","","","","","1","","yellow","y","null","false","yellow","sway","","","false","congruent_S_plus_T_minus","true","1"
"html-keyboard-response","null","","null","266","2.1.0","501752","m25boogf27","block1_then_block2","","","inter_trial_interval","","","","","","","","","","","","","","","","","","","","","","","","","","","","","","","",""
"html-keyboard-response","null","<div class=""fixation"">+</div>","null","267","2.1.0","502258","m25boogf27","block1_then_block2","","","fixation","","","","","","","","","","","","","","","","","","","","","","","","","","","","","","","",""
"html-keyboard-response","null","<div class=""chinese-character"" style=""color:#d62728;"">红</div>","null","268","2.1.0","505264","m25boogf27","block1_then_block2","","","color_naming","","","","","","","","","红","hong2","","","","","","","","","1","","red","r","null","false","red","red","","","false","congruent_color_character","true","1"
"html-keyboard-response","null","","null","269","2.1.0","506270","m25boogf27","block1_then_block2","","","inter_trial_interval","","","","","","","","","","","","","","","","","","","","","","","","","","","","","","","",""
"html-keyboard-response","null","<div class=""fixation"">+</div>","null","270","2.1.0","506774","m25boogf27","block1_then_block2","","","fixation","","","","","","","","","","","","","","","","","","","","","","","","","","","","","","","",""
"html-keyboard-response","null","<div class=""chinese-character"" style=""color:#2ca02c;"">涂</div>","null","271","2.1.0","509777","m25boogf27","block1_then_block2","","","color_naming","","","","","","","","","涂","tu2","","","","","","","","","1","","green","g","null","false","green","paint","","","false","neutral","true","1"
"html-keyboard-response","null","","null","272","2.1.0","510782","m25boogf27","block1_then_block2","","","inter_trial_interval","","","","","","","","","","","","","","","","","","","","","","","","","","","","","","","",""
"html-keyboard-response","null","<div class=""fixation"">+</div>","null","273","2.1.0","511287","m25boogf27","block1_then_block2","","","fixation","","","","","","","","","","","","","","","","","","","","","","","","","","","","","","","",""
"html-keyboard-response","null","<div class=""chinese-character"" style=""color:#1f77b4;"">宫</div>","null","274","2.1.0","514290","m25boogf27","block1_then_block2","","","color_naming","","","","","","","","","宫","gong1","","","","","","","","","1","","blue","b","null","false","blue","palace","","","false","neutral","true","1"
"html-keyboard-response","null","","null","275","2.1.0","515292","m25boogf27","block1_then_block2","","","inter_trial_interval","","","","","","","","","","","","","","","","","","","","","","","","","","","","","","","",""
"html-keyboard-response","null","<div class=""fixation"">+</div>","null","276","2.1.0","515796","m25boogf27","block1_then_block2","","","fixation","","","","","","","","","","","","","","","","","","","","","","","","","","","","","","","",""
"html-keyboard-response","null","<div class=""chinese-character"" style=""color:#d6b300;"">路</div>","null","277","2.1.0","518802","m25boogf27","block1_then_block2","","","color_naming","","","","","","","","","路","lu4","","","","","","","","","1","","yellow","y","null","false","f1_14","road","","","true","filler","false","null"
"html-keyboard-response","null","","null","278","2.1.0","519808","m25boogf27","block1_then_block2","","","inter_trial_interval","","","","","","","","","","","","","","","","","","","","","","","","","","","","","","","",""
"html-keyboard-response","null","<div class=""fixation"">+</div>","null","279","2.1.0","520313","m25boogf27","block1_then_block2","","","fixation","","","","","","","","","","","","","","","","","","","","","","","","","","","","","","","",""
"html-keyboard-response","null","<div class=""chinese-character"" style=""color:#d62728;"">灯</div>","null","280","2.1.0","523319","m25boogf27","block1_then_block2","","","color_naming","","","","","","","","","灯","deng1","","","","","","","","","1","","red","r","null","false","f1_21","lamp","","","true","filler","false","null"
"html-keyboard-response","null","","null","281","2.1.0","524326","m25boogf27","block1_then_block2","","","inter_trial_interval","","","","","","","","","","","","","","","","","","","","","","","","","","","","","","","",""
"html-keyboard-response","null","<div class=""fixation"">+</div>","null","282","2.1.0","524831","m25boogf27","block1_then_block2","","","fixation","","","","","","","","","","","","","","","","","","","","","","","","","","","","","","","",""
"html-keyboard-response","null","<div class=""chinese-character"" style=""color:#1f77b4;"">水</div>","null","283","2.1.0","527838","m25boogf27","block1_then_block2","","","color_naming","","","","","","","","","水","shui3","","","","","","","","","1","","blue","b","null","false","f1_3","water","","","true","filler","false","null"
"html-keyboard-response","null","","null","284","2.1.0","528845","m25boogf27","block1_then_block2","","","inter_trial_interval","","","","","","","","","","","","","","","","","","","","","","","","","","","","","","","",""
"html-keyboard-response","null","<div class=""fixation"">+</div>","null","285","2.1.0","529347","m25boogf27","block1_then_block2","","","fixation","","","","","","","","","","","","","","","","","","","","","","","","","","","","","","","",""
"html-keyboard-response","null","<div class=""chinese-character"" style=""color:#d62728;"">牵</div>","null","286","2.1.0","532351","m25boogf27","block1_then_block2","","","color_naming","","","","","","","","","牵","qian1","","","","","","","","","1","","red","r","null","false","red","lead along","","","false","neutral","true","1"
"html-keyboard-response","null","","null","287","2.1.0","533356","m25boogf27","block1_then_block2","","","inter_trial_interval","","","","","","","","","","","","","","","","","","","","","","","","","","","","","","","",""
"html-keyboard-response","null","<div class=""fixation"">+</div>","null","288","2.1.0","533863","m25boogf27","block1_then_block2","","","fixation","","","","","","","","","","","","","","","","","","","","","","","","","","","","","","","",""
"html-keyboard-response","null","<div class=""chinese-character"" style=""color:#2ca02c;"">黄</div>","null","289","2.1.0","536866","m25boogf27","block1_then_block2","","","color_naming","","","","","","","","","黄","huang2","","","","","","","","","1","","green","g","null","false","yellow","yellow","","","false","incongruent_color_character","true","1"
"html-keyboard-response","null","","null","290","2.1.0","537873","m25boogf27","block1_then_block2","","","inter_trial_interval","","","","","","","","","","","","","","","","","","","","","","","","","","","","","","","",""
"html-keyboard-response","null","<div class=""fixation"">+</div>","null","291","2.1.0","538376","m25boogf27","block1_then_block2","","","fixation","","","","","","","","","","","","","","","","","","","","","","","","","","","","","","","",""
"html-keyboard-response","null","<div class=""chinese-character"" style=""color:#d62728;"">轰</div>","null","292","2.1.0","541380","m25boogf27","block1_then_block2","","","color_naming","","","","","","","","","轰","hong1","","","","","","","","","1","","red","r","null","false","red","boom","","","false","congruent_S_plus_T_minus","true","1"
"html-keyboard-response","null","","null","293","2.1.0","542385","m25boogf27","block1_then_block2","","","inter_trial_interval","","","","","","","","","","","","","","","","","","","","","","","","","","","","","","","",""
"html-keyboard-response","null","<div class=""fixation"">+</div>","null","294","2.1.0","542887","m25boogf27","block1_then_block2","","","fixation","","","","","","","","","","","","","","","","","","","","","","","","","","","","","","","",""
"html-keyboard-response","null","<div class=""chinese-character"" style=""color:#1f77b4;"">览</div>","null","295","2.1.0","545893","m25boogf27","block1_then_block2","","","color_naming","","","","","","","","","览","lan3","","","","","","","","","1","","blue","b","null","false","blue","view","","","false","congruent_S_plus_T_minus","true","1"
"html-keyboard-response","null","","null","296","2.1.0","546897","m25boogf27","block1_then_block2","","","inter_trial_interval","","","","","","","","","","","","","","","","","","","","","","","","","","","","","","","",""
"html-keyboard-response","null","<div class=""fixation"">+</div>","null","297","2.1.0","547402","m25boogf27","block1_then_block2","","","fixation","","","","","","","","","","","","","","","","","","","","","","","","","","","","","","","",""
"html-keyboard-response","null","<div class=""chinese-character"" style=""color:#2ca02c;"">手</div>","null","298","2.1.0","550405","m25boogf27","block1_then_block2","","","color_naming","","","","","","","","","手","shou3","","","","","","","","","1","","green","g","null","false","f1_8","hand","","","true","filler","false","null"
"html-keyboard-response","null","","null","299","2.1.0","551413","m25boogf27","block1_then_block2","","","inter_trial_interval","","","","","","","","","","","","","","","","","","","","","","","","","","","","","","","",""
"html-keyboard-response","null","<div class=""fixation"">+</div>","null","300","2.1.0","551917","m25boogf27","block1_then_block2","","","fixation","","","","","","","","","","","","","","","","","","","","","","","","","","","","","","","",""
"html-keyboard-response","null","<div class=""chinese-character"" style=""color:#1f77b4;"">窗</div>","null","301","2.1.0","554923","m25boogf27","block1_then_block2","","","color_naming","","","","","","","","","窗","chuang1","","","","","","","","","1","","blue","b","null","false","f1_15","window","","","true","filler","false","null"
"html-keyboard-response","null","","null","302","2.1.0","555930","m25boogf27","block1_then_block2","","","inter_trial_interval","","","","","","","","","","","","","","","","","","","","","","","","","","","","","","","",""
"html-keyboard-response","null","<div class=""fixation"">+</div>","null","303","2.1.0","556435","m25boogf27","block1_then_block2","","","fixation","","","","","","","","","","","","","","","","","","","","","","","","","","","","","","","",""
"html-keyboard-response","null","<div class=""chinese-character"" style=""color:#1f77b4;"">婪</div>","null","304","2.1.0","559439","m25boogf27","block1_then_block2","","","color_naming","","","","","","","","","婪","lan2","","","","","","","","","1","","blue","b","null","false","blue","greedy","","","false","congruent_S_T_plus","true","1"
"html-keyboard-response","null","","null","305","2.1.0","560447","m25boogf27","block1_then_block2","","","inter_trial_interval","","","","","","","","","","","","","","","","","","","","","","","","","","","","","","","",""
"html-keyboard-response","null","<div class=""fixation"">+</div>","null","306","2.1.0","560953","m25boogf27","block1_then_block2","","","fixation","","","","","","","","","","","","","","","","","","","","","","","","","","","","","","","",""
"html-keyboard-response","null","<div class=""chinese-character"" style=""color:#1f77b4;"">月</div>","null","307","2.1.0","563960","m25boogf27","block1_then_block2","","","color_naming","","","","","","","","","月","yue4","","","","","","","","","1","","blue","b","null","false","f1_7","moon","","","true","filler","false","null"
"html-keyboard-response","null","","null","308","2.1.0","564966","m25boogf27","block1_then_block2","","","inter_trial_interval","","","","","","","","","","","","","","","","","","","","","","","","","","","","","","","",""
"html-keyboard-response","null","<div class=""fixation"">+</div>","null","309","2.1.0","565468","m25boogf27","block1_then_block2","","","fixation","","","","","","","","","","","","","","","","","","","","","","","","","","","","","","","",""
"html-keyboard-response","null","<div class=""chinese-character"" style=""color:#d62728;"">书</div>","null","310","2.1.0","568472","m25boogf27","block1_then_block2","","","color_naming","","","","","","","","","书","shu1","","","","","","","","","1","","red","r","null","false","f1_1","book","","","true","filler","false","null"
"html-keyboard-response","null","","null","311","2.1.0","569479","m25boogf27","block1_then_block2","","","inter_trial_interval","","","","","","","","","","","","","","","","","","","","","","","","","","","","","","","",""
"html-keyboard-response","null","<div class=""fixation"">+</div>","null","312","2.1.0","569986","m25boogf27","block1_then_block2","","","fixation","","","","","","","","","","","","","","","","","","","","","","","","","","","","","","","",""
"html-keyboard-response","null","<div class=""chinese-character"" style=""color:#1f77b4;"">红</div>","null","313","2.1.0","572993","m25boogf27","block1_then_block2","","","color_naming","","","","","","","","","红","hong2","","","","","","","","","1","","blue","b","null","false","red","red","","","false","incongruent_color_character","true","1"
"html-keyboard-response","null","","null","314","2.1.0","574000","m25boogf27","block1_then_block2","","","inter_trial_interval","","","","","","","","","","","","","","","","","","","","","","","","","","","","","","","",""
"html-keyboard-response","null","<div class=""fixation"">+</div>","null","315","2.1.0","574504","m25boogf27","block1_then_block2","","","fixation","","","","","","","","","","","","","","","","","","","","","","","","","","","","","","","",""
"html-keyboard-response","null","<div class=""chinese-character"" style=""color:#d62728;"">家</div>","null","316","2.1.0","577511","m25boogf27","block1_then_block2","","","color_naming","","","","","","","","","家","jia1","","","","","","","","","1","","red","r","null","false","f1_13","home","","","true","filler","false","null"
"html-keyboard-response","null","","null","317","2.1.0","578517","m25boogf27","block1_then_block2","","","inter_trial_interval","","","","","","","","","","","","","","","","","","","","","","","","","","","","","","","",""
"html-keyboard-response","null","<div class=""fixation"">+</div>","null","318","2.1.0","579022","m25boogf27","block1_then_block2","","","fixation","","","","","","","","","","","","","","","","","","","","","","","","","","","","","","","",""
"html-keyboard-response","null","<div class=""chinese-character"" style=""color:#d6b300;"">桥</div>","null","319","2.1.0","582028","m25boogf27","block1_then_block2","","","color_naming","","","","","","","","","桥","qiao2","","","","","","","","","1","","yellow","y","null","false","f1_18","bridge","","","true","filler","false","null"
"html-keyboard-response","null","","null","320","2.1.0","583034","m25boogf27","block1_then_block2","","","inter_trial_interval","","","","","","","","","","","","","","","","","","","","","","","","","","","","","","","",""
"html-keyboard-response","null","<div class=""fixation"">+</div>","null","321","2.1.0","583539","m25boogf27","block1_then_block2","","","fixation","","","","","","","","","","","","","","","","","","","","","","","","","","","","","","","",""
"html-keyboard-response","null","<div class=""chinese-character"" style=""color:#1f77b4;"">尝</div>","null","322","2.1.0","586546","m25boogf27","block1_then_block2","","","color_naming","","","","","","","","","尝","chang2","","","","","","","","","1","","blue","b","null","false","blue","taste","","","false","congruent_S_minus_T_plus","true","1"
"html-keyboard-response","null","","null","323","2.1.0","587552","m25boogf27","block1_then_block2","","","inter_trial_interval","","","","","","","","","","","","","","","","","","","","","","","","","","","","","","","",""
"html-keyboard-response","6280","
    <div class=""instructions"">
      <h2>Short Break</h2>
      <p>You have completed the first half of the experiment.</p>
      <p>Press <strong>Space</strong> when you are ready to continue.</p>
    </div>
  "," ","324","2.1.0","593834","m25boogf27","block1_then_block2","","","","","","","","","","","","","","","","","","","","","","","","","","","","","","","","","","",""
"html-keyboard-response","6991","
      <div class=""instructions"">
        <h2>Chinese Character Naming — Block 2</h2>
        <p>You will see Chinese characters printed in black.</p>
        <p>Please <strong>say the character aloud in Mandarin</strong> as quickly and accurately as possible.</p>
        <p>After speaking, press <strong>Space</strong> to move to the next character immediately.</p>
        <p>Your voice will be recorded so we can verify your responses.</p>
        <p>Press <strong>Space</strong> to begin.</p>
      </div>
    "," ","325","2.1.0","600826","m25boogf27","block1_then_block2","","","","","","","","","","","","","","","","","","","","","","","","","","","","","","","","","","",""
"html-keyboard-response","null","<div class=""fixation"">+</div>","null","326","2.1.0","601327","m25boogf27","block1_then_block2","","","fixation","","","","","","","","","","","","","","","","","","","","","","","","","","","","","","","",""
"html-keyboard-response","1057","
      <div class=""chinese-character"" style=""color:#000000;"">洪</div>
      <div style=""margin-top:32px; font-size:16px; color:#555; font-family:Arial,sans-serif;"">
        Say the character aloud, then press <strong>Space</strong>.
      </div>
    "," ","327","2.1.0","602386","m25boogf27","block1_then_block2","","","character_naming","","","","","","","","","洪","hong2","character_naming_red_block2_rep2","1057","true","true","16718","m25boogf27_character_naming_red_block2_rep2.webm","true","{""message"":""Success""}","2","","","","","","red","flood","congruent_S_T_plus","red","false","","",""
"html-keyboard-response","null","","null","328","2.1.0","602493","m25boogf27","block1_then_block2","","","inter_trial_interval","","","","","","","","","","","","","","","","","","","","","","","","","","","","","","","",""
"html-keyboard-response","null","<div class=""fixation"">+</div>","null","329","2.1.0","602996","m25boogf27","block1_then_block2","","","fixation","","","","","","","","","","","","","","","","","","","","","","","","","","","","","","","",""
"html-keyboard-response","972","
      <div class=""chinese-character"" style=""color:#000000;"">宫</div>
      <div style=""margin-top:32px; font-size:16px; color:#555; font-family:Arial,sans-serif;"">
        Say the character aloud, then press <strong>Space</strong>.
      </div>
    "," ","330","2.1.0","603969","m25boogf27","block1_then_block2","","","character_naming","","","","","","","","","宫","gong1","character_naming_blue_block2_rep2","972","true","true","15752","m25boogf27_character_naming_blue_block2_rep2.webm","true","{""message"":""Success""}","2","","","","","","blue","palace","neutral","blue","false","","",""
"html-keyboard-response","null","","null","331","2.1.0","604076","m25boogf27","block1_then_block2","","","inter_trial_interval","","","","","","","","","","","","","","","","","","","","","","","","","","","","","","","",""
"html-keyboard-response","null","<div class=""fixation"">+</div>","null","332","2.1.0","604577","m25boogf27","block1_then_block2","","","fixation","","","","","","","","","","","","","","","","","","","","","","","","","","","","","","","",""
"html-keyboard-response","777","
      <div class=""chinese-character"" style=""color:#000000;"">蓝</div>
      <div style=""margin-top:32px; font-size:16px; color:#555; font-family:Arial,sans-serif;"">
        Say the character aloud, then press <strong>Space</strong>.
      </div>
    "," ","333","2.1.0","605355","m25boogf27","block1_then_block2","","","character_naming","","","","","","","","","蓝","lan2","character_naming_blue_block2_rep2","777","true","true","11888","m25boogf27_character_naming_blue_block2_rep2.webm","true","{""error"":""OSF_FILE_EXISTS"",""message"":""The OSF file already exists. File names must be unique.""}","2","","","","","","blue","blue","congruent_color_character","blue","false","","",""
"html-keyboard-response","null","","null","334","2.1.0","605460","m25boogf27","block1_then_block2","","","inter_trial_interval","","","","","","","","","","","","","","","","","","","","","","","","","","","","","","","",""
"html-keyboard-response","null","<div class=""fixation"">+</div>","null","335","2.1.0","605966","m25boogf27","block1_then_block2","","","fixation","","","","","","","","","","","","","","","","","","","","","","","","","","","","","","","",""
"html-keyboard-response","993","
      <div class=""chinese-character"" style=""color:#000000;"">田</div>
      <div style=""margin-top:32px; font-size:16px; color:#555; font-family:Arial,sans-serif;"">
        Say the character aloud, then press <strong>Space</strong>.
      </div>
    "," ","336","2.1.0","606961","m25boogf27","block1_then_block2","","","character_naming","","","","","","","","","田","tian2","character_naming_f2_24_block2_norep","993","true","true","15752","m25boogf27_character_naming_f2_24_block2_norep.webm","true","{""message"":""Success""}","2","","","","","","f2_24","field","filler","green","true","","",""
"html-keyboard-response","null","","null","337","2.1.0","607063","m25boogf27","block1_then_block2","","","inter_trial_interval","","","","","","","","","","","","","","","","","","","","","","","","","","","","","","","",""
"html-keyboard-response","null","<div class=""fixation"">+</div>","null","338","2.1.0","607568","m25boogf27","block1_then_block2","","","fixation","","","","","","","","","","","","","","","","","","","","","","","","","","","","","","","",""
"html-keyboard-response","727","
      <div class=""chinese-character"" style=""color:#000000;"">脸</div>
      <div style=""margin-top:32px; font-size:16px; color:#555; font-family:Arial,sans-serif;"">
        Say the character aloud, then press <strong>Space</strong>.
      </div>
    "," ","339","2.1.0","608295","m25boogf27","block1_then_block2","","","character_naming","","","","","","","","","脸","lian3","character_naming_f2_13_block2_norep","727","true","true","11888","m25boogf27_character_naming_f2_13_block2_norep.webm","true","{""message"":""Success""}","2","","","","","","f2_13","face","filler","red","true","","",""
"html-keyboard-response","null","","null","340","2.1.0","608398","m25boogf27","block1_then_block2","","","inter_trial_interval","","","","","","","","","","","","","","","","","","","","","","","","","","","","","","","",""
"html-keyboard-response","null","<div class=""fixation"">+</div>","null","341","2.1.0","608903","m25boogf27","block1_then_block2","","","fixation","","","","","","","","","","","","","","","","","","","","","","","","","","","","","","","",""
"html-keyboard-response","843","
      <div class=""chinese-character"" style=""color:#000000;"">雪</div>
      <div style=""margin-top:32px; font-size:16px; color:#555; font-family:Arial,sans-serif;"">
        Say the character aloud, then press <strong>Space</strong>.
      </div>
    "," ","342","2.1.0","609747","m25boogf27","block1_then_block2","","","character_naming","","","","","","","","","雪","xue3","character_naming_f2_20_block2_norep","843","true","true","13820","m25boogf27_character_naming_f2_20_block2_norep.webm","true","{""message"":""Success""}","2","","","","","","f2_20","snow","filler","green","true","","",""
"html-keyboard-response","null","","null","343","2.1.0","609852","m25boogf27","block1_then_block2","","","inter_trial_interval","","","","","","","","","","","","","","","","","","","","","","","","","","","","","","","",""
"html-keyboard-response","null","<div class=""fixation"">+</div>","null","344","2.1.0","610354","m25boogf27","block1_then_block2","","","fixation","","","","","","","","","","","","","","","","","","","","","","","","","","","","","","","",""
"html-keyboard-response","865","
      <div class=""chinese-character"" style=""color:#000000;"">虑</div>
      <div style=""margin-top:32px; font-size:16px; color:#555; font-family:Arial,sans-serif;"">
        Say the character aloud, then press <strong>Space</strong>.
      </div>
    "," ","345","2.1.0","611220","m25boogf27","block1_then_block2","","","character_naming","","","","","","","","","虑","lv4","character_naming_green_block2_rep2","865","true","true","13820","m25boogf27_character_naming_green_block2_rep2.webm","true","{""message"":""Success""}","2","","","","","","green","ponder","congruent_S_T_plus","green","false","","",""
"html-keyboard-response","null","","null","346","2.1.0","611326","m25boogf27","block1_then_block2","","","inter_trial_interval","","","","","","","","","","","","","","","","","","","","","","","","","","","","","","","",""
"html-keyboard-response","null","<div class=""fixation"">+</div>","null","347","2.1.0","611832","m25boogf27","block1_then_block2","","","fixation","","","","","","","","","","","","","","","","","","","","","","","","","","","","","","","",""
"html-keyboard-response","1070","
      <div class=""chinese-character"" style=""color:#000000;"">皇</div>
      <div style=""margin-top:32px; font-size:16px; color:#555; font-family:Arial,sans-serif;"">
        Say the character aloud, then press <strong>Space</strong>.
      </div>
    "," ","348","2.1.0","612904","m25boogf27","block1_then_block2","","","character_naming","","","","","","","","","皇","huang2","character_naming_yellow_block2_rep2","1070","true","true","16718","m25boogf27_character_naming_yellow_block2_rep2.webm","true","{""message"":""Success""}","2","","","","","","yellow","emperor","congruent_S_T_plus","yellow","false","","",""
"html-keyboard-response","null","","null","349","2.1.0","613011","m25boogf27","block1_then_block2","","","inter_trial_interval","","","","","","","","","","","","","","","","","","","","","","","","","","","","","","","",""
"html-keyboard-response","null","<div class=""fixation"">+</div>","null","350","2.1.0","613517","m25boogf27","block1_then_block2","","","fixation","","","","","","","","","","","","","","","","","","","","","","","","","","","","","","","",""
"html-keyboard-response","977","
      <div class=""chinese-character"" style=""color:#000000;"">猫</div>
      <div style=""margin-top:32px; font-size:16px; color:#555; font-family:Arial,sans-serif;"">
        Say the character aloud, then press <strong>Space</strong>.
      </div>
    "," ","351","2.1.0","614496","m25boogf27","block1_then_block2","","","character_naming","","","","","","","","","猫","mao1","character_naming_f2_1_block2_norep","977","true","true","15752","m25boogf27_character_naming_f2_1_block2_norep.webm","true","{""message"":""Success""}","2","","","","","","f2_1","cat","filler","red","true","","",""
"html-keyboard-response","null","","null","352","2.1.0","614599","m25boogf27","block1_then_block2","","","inter_trial_interval","","","","","","","","","","","","","","","","","","","","","","","","","","","","","","","",""
"html-keyboard-response","null","<div class=""fixation"">+</div>","null","353","2.1.0","615101","m25boogf27","block1_then_block2","","","fixation","","","","","","","","","","","","","","","","","","","","","","","","","","","","","","","",""
"html-keyboard-response","1162","
      <div class=""chinese-character"" style=""color:#000000;"">星</div>
      <div style=""margin-top:32px; font-size:16px; color:#555; font-family:Arial,sans-serif;"">
        Say the character aloud, then press <strong>Space</strong>.
      </div>
    "," ","354","2.1.0","616264","m25boogf27","block1_then_block2","","","character_naming","","","","","","","","","星","xing1","character_naming_f2_18_block2_norep","1162","true","true","18650","m25boogf27_character_naming_f2_18_block2_norep.webm","true","{""message"":""Success""}","2","","","","","","f2_18","star","filler","yellow","true","","",""
"html-keyboard-response","null","","null","355","2.1.0","616368","m25boogf27","block1_then_block2","","","inter_trial_interval","","","","","","","","","","","","","","","","","","","","","","","","","","","","","","","",""
"html-keyboard-response","null","<div class=""fixation"">+</div>","null","356","2.1.0","616874","m25boogf27","block1_then_block2","","","fixation","","","","","","","","","","","","","","","","","","","","","","","","","","","","","","","",""
"html-keyboard-response","1066","
      <div class=""chinese-character"" style=""color:#000000;"">红</div>
      <div style=""margin-top:32px; font-size:16px; color:#555; font-family:Arial,sans-serif;"">
        Say the character aloud, then press <strong>Space</strong>.
      </div>
    "," ","357","2.1.0","617941","m25boogf27","block1_then_block2","","","character_naming","","","","","","","","","红","hong2","character_naming_red_block2_rep2","1066","true","true","16718","m25boogf27_character_naming_red_block2_rep2.webm","true","{""error"":""OSF_FILE_EXISTS"",""message"":""The OSF file already exists. File names must be unique.""}","2","","","","","","red","red","congruent_color_character","red","false","","",""
"html-keyboard-response","null","","null","358","2.1.0","618044","m25boogf27","block1_then_block2","","","inter_trial_interval","","","","","","","","","","","","","","","","","","","","","","","","","","","","","","","",""
"html-keyboard-response","null","<div class=""fixation"">+</div>","null","359","2.1.0","618549","m25boogf27","block1_then_block2","","","fixation","","","","","","","","","","","","","","","","","","","","","","","","","","","","","","","",""
"html-keyboard-response","1027","
      <div class=""chinese-character"" style=""color:#000000;"">桌</div>
      <div style=""margin-top:32px; font-size:16px; color:#555; font-family:Arial,sans-serif;"">
        Say the character aloud, then press <strong>Space</strong>.
      </div>
    "," ","360","2.1.0","619577","m25boogf27","block1_then_block2","","","character_naming","","","","","","","","","桌","zhuo1","character_naming_f2_6_block2_norep","1027","true","true","16718","m25boogf27_character_naming_f2_6_block2_norep.webm","true","{""message"":""Success""}","2","","","","","","f2_6","table","filler","yellow","true","","",""
"html-keyboard-response","null","","null","361","2.1.0","619681","m25boogf27","block1_then_block2","","","inter_trial_interval","","","","","","","","","","","","","","","","","","","","","","","","","","","","","","","",""
"html-keyboard-response","null","<div class=""fixation"">+</div>","null","362","2.1.0","620188","m25boogf27","block1_then_block2","","","fixation","","","","","","","","","","","","","","","","","","","","","","","","","","","","","","","",""
"html-keyboard-response","794","
      <div class=""chinese-character"" style=""color:#000000;"">蓝</div>
      <div style=""margin-top:32px; font-size:16px; color:#555; font-family:Arial,sans-serif;"">
        Say the character aloud, then press <strong>Space</strong>.
      </div>
    "," ","363","2.1.0","620983","m25boogf27","block1_then_block2","","","character_naming","","","","","","","","","蓝","lan2","character_naming_blue_block2_rep2","794","true","true","12854","m25boogf27_character_naming_blue_block2_rep2.webm","true","{""error"":""OSF_FILE_EXISTS"",""message"":""The OSF file already exists. File names must be unique.""}","2","","","","","","blue","blue","incongruent_color_character","red","false","","",""
"html-keyboard-response","null","","null","364","2.1.0","621087","m25boogf27","block1_then_block2","","","inter_trial_interval","","","","","","","","","","","","","","","","","","","","","","","","","","","","","","","",""
"html-keyboard-response","null","<div class=""fixation"">+</div>","null","365","2.1.0","621590","m25boogf27","block1_then_block2","","","fixation","","","","","","","","","","","","","","","","","","","","","","","","","","","","","","","",""
"html-keyboard-response","744","
      <div class=""chinese-character"" style=""color:#000000;"">狗</div>
      <div style=""margin-top:32px; font-size:16px; color:#555; font-family:Arial,sans-serif;"">
        Say the character aloud, then press <strong>Space</strong>.
      </div>
    "," ","366","2.1.0","622336","m25boogf27","block1_then_block2","","","character_naming","","","","","","","","","狗","gou3","character_naming_f2_2_block2_norep","744","true","true","11888","m25boogf27_character_naming_f2_2_block2_norep.webm","true","{""message"":""Success""}","2","","","","","","f2_2","dog","filler","yellow","true","","",""
"html-keyboard-response","null","","null","367","2.1.0","622442","m25boogf27","block1_then_block2","","","inter_trial_interval","","","","","","","","","","","","","","","","","","","","","","","","","","","","","","","",""
"html-keyboard-response","null","<div class=""fixation"">+</div>","null","368","2.1.0","622948","m25boogf27","block1_then_block2","","","fixation","","","","","","","","","","","","","","","","","","","","","","","","","","","","","","","",""
"html-keyboard-response","404","
      <div class=""chinese-character"" style=""color:#000000;"">笔</div>
      <div style=""margin-top:32px; font-size:16px; color:#555; font-family:Arial,sans-serif;"">
        Say the character aloud, then press <strong>Space</strong>.
      </div>
    "," ","369","2.1.0","623353","m25boogf27","block1_then_block2","","","character_naming","","","","","","","","","笔","bi3","character_naming_f2_5_block2_norep","404","true","true","6092","m25boogf27_character_naming_f2_5_block2_norep.webm","true","{""message"":""Success""}","2","","","","","","f2_5","pen","filler","red","true","","",""
"html-keyboard-response","null","","null","370","2.1.0","623459","m25boogf27","block1_then_block2","","","inter_trial_interval","","","","","","","","","","","","","","","","","","","","","","","","","","","","","","","",""
"html-keyboard-response","null","<div class=""fixation"">+</div>","null","371","2.1.0","623961","m25boogf27","block1_then_block2","","","fixation","","","","","","","","","","","","","","","","","","","","","","","","","","","","","","","",""
"html-keyboard-response","1023","
      <div class=""chinese-character"" style=""color:#000000;"">缠</div>
      <div style=""margin-top:32px; font-size:16px; color:#555; font-family:Arial,sans-serif;"">
        Say the character aloud, then press <strong>Space</strong>.
      </div>
    "," ","372","2.1.0","624986","m25boogf27","block1_then_block2","","","character_naming","","","","","","","","","缠","chan2","character_naming_yellow_block2_rep2","1023","true","true","16718","m25boogf27_character_naming_yellow_block2_rep2.webm","true","{""error"":""OSF_FILE_EXISTS"",""message"":""The OSF file already exists. File names must be unique.""}","2","","","","","","yellow","wrap around","congruent_S_minus_T_plus","yellow","false","","",""
"html-keyboard-response","null","","null","373","2.1.0","625088","m25boogf27","block1_then_block2","","","inter_trial_interval","","","","","","","","","","","","","","","","","","","","","","","","","","","","","","","",""
"html-keyboard-response","null","<div class=""fixation"">+</div>","null","374","2.1.0","625594","m25boogf27","block1_then_block2","","","fixation","","","","","","","","","","","","","","","","","","","","","","","","","","","","","","","",""
"html-keyboard-response","794","
      <div class=""chinese-character"" style=""color:#000000;"">米</div>
      <div style=""margin-top:32px; font-size:16px; color:#555; font-family:Arial,sans-serif;"">
        Say the character aloud, then press <strong>Space</strong>.
      </div>
    "," ","375","2.1.0","626390","m25boogf27","block1_then_block2","","","character_naming","","","","","","","","","米","mi3","character_naming_f2_4_block2_norep","794","true","true","12854","m25boogf27_character_naming_f2_4_block2_norep.webm","true","{""message"":""Success""}","2","","","","","","f2_4","rice","filler","green","true","","",""
"html-keyboard-response","null","","null","376","2.1.0","626495","m25boogf27","block1_then_block2","","","inter_trial_interval","","","","","","","","","","","","","","","","","","","","","","","","","","","","","","","",""
"html-keyboard-response","null","<div class=""fixation"">+</div>","null","377","2.1.0","627001","m25boogf27","block1_then_block2","","","fixation","","","","","","","","","","","","","","","","","","","","","","","","","","","","","","","",""
"html-keyboard-response","880","
      <div class=""chinese-character"" style=""color:#000000;"">洞</div>
      <div style=""margin-top:32px; font-size:16px; color:#555; font-family:Arial,sans-serif;"">
        Say the character aloud, then press <strong>Space</strong>.
      </div>
    "," ","378","2.1.0","627882","m25boogf27","block1_then_block2","","","character_naming","","","","","","","","","洞","dong4","character_naming_green_block2_rep2","880","true","true","13820","m25boogf27_character_naming_green_block2_rep2.webm","true","{""error"":""OSF_FILE_EXISTS"",""message"":""The OSF file already exists. File names must be unique.""}","2","","","","","","green","hole","congruent_S_minus_T_plus","green","false","","",""
"html-keyboard-response","null","","null","379","2.1.0","627983","m25boogf27","block1_then_block2","","","inter_trial_interval","","","","","","","","","","","","","","","","","","","","","","","","","","","","","","","",""
"html-keyboard-response","null","<div class=""fixation"">+</div>","null","380","2.1.0","628486","m25boogf27","block1_then_block2","","","fixation","","","","","","","","","","","","","","","","","","","","","","","","","","","","","","","",""
"html-keyboard-response","999","
      <div class=""chinese-character"" style=""color:#000000;"">红</div>
      <div style=""margin-top:32px; font-size:16px; color:#555; font-family:Arial,sans-serif;"">
        Say the character aloud, then press <strong>Space</strong>.
      </div>
    "," ","381","2.1.0","629487","m25boogf27","block1_then_block2","","","character_naming","","","","","","","","","红","hong2","character_naming_red_block2_rep2","999","true","true","15752","m25boogf27_character_naming_red_block2_rep2.webm","true","{""error"":""OSF_FILE_EXISTS"",""message"":""The OSF file already exists. File names must be unique.""}","2","","","","","","red","red","incongruent_color_character","blue","false","","",""
"html-keyboard-response","null","","null","382","2.1.0","629591","m25boogf27","block1_then_block2","","","inter_trial_interval","","","","","","","","","","","","","","","","","","","","","","","","","","","","","","","",""
"html-keyboard-response","null","<div class=""fixation"">+</div>","null","383","2.1.0","630098","m25boogf27","block1_then_block2","","","fixation","","","","","","","","","","","","","","","","","","","","","","","","","","","","","","","",""
"html-keyboard-response","814","
      <div class=""chinese-character"" style=""color:#000000;"">马</div>
      <div style=""margin-top:32px; font-size:16px; color:#555; font-family:Arial,sans-serif;"">
        Say the character aloud, then press <strong>Space</strong>.
      </div>
    "," ","384","2.1.0","630914","m25boogf27","block1_then_block2","","","character_naming","","","","","","","","","马","ma3","character_naming_f2_3_block2_norep","814","true","true","12854","m25boogf27_character_naming_f2_3_block2_norep.webm","true","{""message"":""Success""}","2","","","","","","f2_3","horse","filler","blue","true","","",""
"html-keyboard-response","null","","null","385","2.1.0","631017","m25boogf27","block1_then_block2","","","inter_trial_interval","","","","","","","","","","","","","","","","","","","","","","","","","","","","","","","",""
"html-keyboard-response","null","<div class=""fixation"">+</div>","null","386","2.1.0","631523","m25boogf27","block1_then_block2","","","fixation","","","","","","","","","","","","","","","","","","","","","","","","","","","","","","","",""
"html-keyboard-response","916","
      <div class=""chinese-character"" style=""color:#000000;"">饭</div>
      <div style=""margin-top:32px; font-size:16px; color:#555; font-family:Arial,sans-serif;"">
        Say the character aloud, then press <strong>Space</strong>.
      </div>
    "," ","387","2.1.0","632440","m25boogf27","block1_then_block2","","","character_naming","","","","","","","","","饭","fan4","character_naming_f2_14_block2_norep","916","true","true","14786","m25boogf27_character_naming_f2_14_block2_norep.webm","true","{""message"":""Success""}","2","","","","","","f2_14","meal","filler","yellow","true","","",""
"html-keyboard-response","null","","null","388","2.1.0","632544","m25boogf27","block1_then_block2","","","inter_trial_interval","","","","","","","","","","","","","","","","","","","","","","","","","","","","","","","",""
"html-keyboard-response","null","<div class=""fixation"">+</div>","null","389","2.1.0","633050","m25boogf27","block1_then_block2","","","fixation","","","","","","","","","","","","","","","","","","","","","","","","","","","","","","","",""
"html-keyboard-response","1035","
      <div class=""chinese-character"" style=""color:#000000;"">房</div>
      <div style=""margin-top:32px; font-size:16px; color:#555; font-family:Arial,sans-serif;"">
        Say the character aloud, then press <strong>Space</strong>.
      </div>
    "," ","390","2.1.0","634086","m25boogf27","block1_then_block2","","","character_naming","","","","","","","","","房","fang2","character_naming_f2_8_block2_norep","1035","true","true","16718","m25boogf27_character_naming_f2_8_block2_norep.webm","true","{""message"":""Success""}","2","","","","","","f2_8","room","filler","green","true","","",""
"html-keyboard-response","null","","null","391","2.1.0","634192","m25boogf27","block1_then_block2","","","inter_trial_interval","","","","","","","","","","","","","","","","","","","","","","","","","","","","","","","",""
"html-keyboard-response","null","<div class=""fixation"">+</div>","null","392","2.1.0","634694","m25boogf27","block1_then_block2","","","fixation","","","","","","","","","","","","","","","","","","","","","","","","","","","","","","","",""
"html-keyboard-response","1049","
      <div class=""chinese-character"" style=""color:#000000;"">瓶</div>
      <div style=""margin-top:32px; font-size:16px; color:#555; font-family:Arial,sans-serif;"">
        Say the character aloud, then press <strong>Space</strong>.
      </div>
    "," ","393","2.1.0","635745","m25boogf27","block1_then_block2","","","character_naming","","","","","","","","","瓶","ping2","character_naming_red_block2_rep2","1049","true","true","16718","m25boogf27_character_naming_red_block2_rep2.webm","true","{""error"":""OSF_FILE_EXISTS"",""message"":""The OSF file already exists. File names must be unique.""}","2","","","","","","red","bottle","congruent_S_minus_T_plus","red","false","","",""
"html-keyboard-response","null","","null","394","2.1.0","635851","m25boogf27","block1_then_block2","","","inter_trial_interval","","","","","","","","","","","","","","","","","","","","","","","","","","","","","","","",""
"html-keyboard-response","null","<div class=""fixation"">+</div>","null","395","2.1.0","636353","m25boogf27","block1_then_block2","","","fixation","","","","","","","","","","","","","","","","","","","","","","","","","","","","","","","",""
"html-keyboard-response","1069","
      <div class=""chinese-character"" style=""color:#000000;"">河</div>
      <div style=""margin-top:32px; font-size:16px; color:#555; font-family:Arial,sans-serif;"">
        Say the character aloud, then press <strong>Space</strong>.
      </div>
    "," ","396","2.1.0","637424","m25boogf27","block1_then_block2","","","character_naming","","","","","","","","","河","he2","character_naming_f2_11_block2_norep","1069","true","true","16718","m25boogf27_character_naming_f2_11_block2_norep.webm","true","{""message"":""Success""}","2","","","","","","f2_11","river","filler","blue","true","","",""
"html-keyboard-response","null","","null","397","2.1.0","637530","m25boogf27","block1_then_block2","","","inter_trial_interval","","","","","","","","","","","","","","","","","","","","","","","","","","","","","","","",""
"html-keyboard-response","null","<div class=""fixation"">+</div>","null","398","2.1.0","638034","m25boogf27","block1_then_block2","","","fixation","","","","","","","","","","","","","","","","","","","","","","","","","","","","","","","",""
"html-keyboard-response","1058","
      <div class=""chinese-character"" style=""color:#000000;"">电</div>
      <div style=""margin-top:32px; font-size:16px; color:#555; font-family:Arial,sans-serif;"">
        Say the character aloud, then press <strong>Space</strong>.
      </div>
    "," ","399","2.1.0","639095","m25boogf27","block1_then_block2","","","character_naming","","","","","","","","","电","dian4","character_naming_f2_15_block2_norep","1058","true","true","16718","m25boogf27_character_naming_f2_15_block2_norep.webm","true","{""message"":""Success""}","2","","","","","","f2_15","electricity","filler","blue","true","","",""
"html-keyboard-response","null","","null","400","2.1.0","639201","m25boogf27","block1_then_block2","","","inter_trial_interval","","","","","","","","","","","","","","","","","","","","","","","","","","","","","","","",""
"html-keyboard-response","null","<div class=""fixation"">+</div>","null","401","2.1.0","639706","m25boogf27","block1_then_block2","","","fixation","","","","","","","","","","","","","","","","","","","","","","","","","","","","","","","",""
"html-keyboard-response","1045","
      <div class=""chinese-character"" style=""color:#000000;"">黄</div>
      <div style=""margin-top:32px; font-size:16px; color:#555; font-family:Arial,sans-serif;"">
        Say the character aloud, then press <strong>Space</strong>.
      </div>
    "," ","402","2.1.0","640753","m25boogf27","block1_then_block2","","","character_naming","","","","","","","","","黄","huang2","character_naming_yellow_block2_rep2","1045","true","true","16718","m25boogf27_character_naming_yellow_block2_rep2.webm","true","{""error"":""OSF_FILE_EXISTS"",""message"":""The OSF file already exists. File names must be unique.""}","2","","","","","","yellow","yellow","congruent_color_character","yellow","false","","",""
"html-keyboard-response","null","","null","403","2.1.0","640858","m25boogf27","block1_then_block2","","","inter_trial_interval","","","","","","","","","","","","","","","","","","","","","","","","","","","","","","","",""
"html-keyboard-response","null","<div class=""fixation"">+</div>","null","404","2.1.0","641364","m25boogf27","block1_then_block2","","","fixation","","","","","","","","","","","","","","","","","","","","","","","","","","","","","","","",""
"html-keyboard-response","978","
      <div class=""chinese-character"" style=""color:#000000;"">涂</div>
      <div style=""margin-top:32px; font-size:16px; color:#555; font-family:Arial,sans-serif;"">
        Say the character aloud, then press <strong>Space</strong>.
      </div>
    "," ","405","2.1.0","642343","m25boogf27","block1_then_block2","","","character_naming","","","","","","","","","涂","tu2","character_naming_green_block2_rep2","978","true","true","15752","m25boogf27_character_naming_green_block2_rep2.webm","true","{""error"":""OSF_FILE_EXISTS"",""message"":""The OSF file already exists. File names must be unique.""}","2","","","","","","green","paint","neutral","green","false","","",""
"html-keyboard-response","null","","null","406","2.1.0","642446","m25boogf27","block1_then_block2","","","inter_trial_interval","","","","","","","","","","","","","","","","","","","","","","","","","","","","","","","",""
"html-keyboard-response","null","<div class=""fixation"">+</div>","null","407","2.1.0","642948","m25boogf27","block1_then_block2","","","fixation","","","","","","","","","","","","","","","","","","","","","","","","","","","","","","","",""
"html-keyboard-response","940","
      <div class=""chinese-character"" style=""color:#000000;"">草</div>
      <div style=""margin-top:32px; font-size:16px; color:#555; font-family:Arial,sans-serif;"">
        Say the character aloud, then press <strong>Space</strong>.
      </div>
    "," ","408","2.1.0","643890","m25boogf27","block1_then_block2","","","character_naming","","","","","","","","","草","cao3","character_naming_f2_19_block2_norep","940","true","true","14786","m25boogf27_character_naming_f2_19_block2_norep.webm","true","{""message"":""Success""}","2","","","","","","f2_19","grass","filler","blue","true","","",""
"html-keyboard-response","null","","null","409","2.1.0","643994","m25boogf27","block1_then_block2","","","inter_trial_interval","","","","","","","","","","","","","","","","","","","","","","","","","","","","","","","",""
"html-keyboard-response","null","<div class=""fixation"">+</div>","null","410","2.1.0","644497","m25boogf27","block1_then_block2","","","fixation","","","","","","","","","","","","","","","","","","","","","","","","","","","","","","","",""
"html-keyboard-response","904","
      <div class=""chinese-character"" style=""color:#000000;"">耳</div>
      <div style=""margin-top:32px; font-size:16px; color:#555; font-family:Arial,sans-serif;"">
        Say the character aloud, then press <strong>Space</strong>.
      </div>
    "," ","411","2.1.0","645403","m25boogf27","block1_then_block2","","","character_naming","","","","","","","","","耳","er3","character_naming_f2_21_block2_norep","904","true","true","14786","m25boogf27_character_naming_f2_21_block2_norep.webm","true","{""message"":""Success""}","2","","","","","","f2_21","ear","filler","red","true","","",""
"html-keyboard-response","null","","null","412","2.1.0","645509","m25boogf27","block1_then_block2","","","inter_trial_interval","","","","","","","","","","","","","","","","","","","","","","","","","","","","","","","",""
"html-keyboard-response","null","<div class=""fixation"">+</div>","null","413","2.1.0","646014","m25boogf27","block1_then_block2","","","fixation","","","","","","","","","","","","","","","","","","","","","","","","","","","","","","","",""
"html-keyboard-response","1054","
      <div class=""chinese-character"" style=""color:#000000;"">影</div>
      <div style=""margin-top:32px; font-size:16px; color:#555; font-family:Arial,sans-serif;"">
        Say the character aloud, then press <strong>Space</strong>.
      </div>
    "," ","414","2.1.0","647070","m25boogf27","block1_then_block2","","","character_naming","","","","","","","","","影","ying3","character_naming_f2_16_block2_norep","1054","true","true","16718","m25boogf27_character_naming_f2_16_block2_norep.webm","true","{""message"":""Success""}","2","","","","","","f2_16","shadow/movie","filler","green","true","","",""
"html-keyboard-response","null","","null","415","2.1.0","647176","m25boogf27","block1_then_block2","","","inter_trial_interval","","","","","","","","","","","","","","","","","","","","","","","","","","","","","","","",""
"html-keyboard-response","null","<div class=""fixation"">+</div>","null","416","2.1.0","647680","m25boogf27","block1_then_block2","","","fixation","","","","","","","","","","","","","","","","","","","","","","","","","","","","","","","",""
"html-keyboard-response","1156","
      <div class=""chinese-character"" style=""color:#000000;"">钟</div>
      <div style=""margin-top:32px; font-size:16px; color:#555; font-family:Arial,sans-serif;"">
        Say the character aloud, then press <strong>Space</strong>.
      </div>
    "," ","417","2.1.0","648838","m25boogf27","block1_then_block2","","","character_naming","","","","","","","","","钟","zhong1","character_naming_f2_10_block2_norep","1156","true","true","18650","m25boogf27_character_naming_f2_10_block2_norep.webm","true","{""message"":""Success""}","2","","","","","","f2_10","clock","filler","yellow","true","","",""
"html-keyboard-response","null","","null","418","2.1.0","648942","m25boogf27","block1_then_block2","","","inter_trial_interval","","","","","","","","","","","","","","","","","","","","","","","","","","","","","","","",""
"html-keyboard-response","null","<div class=""fixation"">+</div>","null","419","2.1.0","649447","m25boogf27","block1_then_block2","","","fixation","","","","","","","","","","","","","","","","","","","","","","","","","","","","","","","",""
"html-keyboard-response","1013","
      <div class=""chinese-character"" style=""color:#000000;"">牵</div>
      <div style=""margin-top:32px; font-size:16px; color:#555; font-family:Arial,sans-serif;"">
        Say the character aloud, then press <strong>Space</strong>.
      </div>
    "," ","420","2.1.0","650462","m25boogf27","block1_then_block2","","","character_naming","","","","","","","","","牵","qian1","character_naming_red_block2_rep2","1013","true","true","15752","m25boogf27_character_naming_red_block2_rep2.webm","true","{""error"":""OSF_FILE_EXISTS"",""message"":""The OSF file already exists. File names must be unique.""}","2","","","","","","red","lead along","neutral","red","false","","",""
"html-keyboard-response","null","","null","421","2.1.0","650566","m25boogf27","block1_then_block2","","","inter_trial_interval","","","","","","","","","","","","","","","","","","","","","","","","","","","","","","","",""
"html-keyboard-response","null","<div class=""fixation"">+</div>","null","422","2.1.0","651069","m25boogf27","block1_then_block2","","","fixation","","","","","","","","","","","","","","","","","","","","","","","","","","","","","","","",""
"html-keyboard-response","1023","
      <div class=""chinese-character"" style=""color:#000000;"">衣</div>
      <div style=""margin-top:32px; font-size:16px; color:#555; font-family:Arial,sans-serif;"">
        Say the character aloud, then press <strong>Space</strong>.
      </div>
    "," ","423","2.1.0","652094","m25boogf27","block1_then_block2","","","character_naming","","","","","","","","","衣","yi1","character_naming_f2_17_block2_norep","1023","true","true","16718","m25boogf27_character_naming_f2_17_block2_norep.webm","true","{""message"":""Success""}","2","","","","","","f2_17","clothing","filler","red","true","","",""
"html-keyboard-response","null","","null","424","2.1.0","652196","m25boogf27","block1_then_block2","","","inter_trial_interval","","","","","","","","","","","","","","","","","","","","","","","","","","","","","","","",""
"html-keyboard-response","null","<div class=""fixation"">+</div>","null","425","2.1.0","652698","m25boogf27","block1_then_block2","","","fixation","","","","","","","","","","","","","","","","","","","","","","","","","","","","","","","",""
"html-keyboard-response","925","
      <div class=""chinese-character"" style=""color:#000000;"">口</div>
      <div style=""margin-top:32px; font-size:16px; color:#555; font-family:Arial,sans-serif;"">
        Say the character aloud, then press <strong>Space</strong>.
      </div>
    "," ","426","2.1.0","653624","m25boogf27","block1_then_block2","","","character_naming","","","","","","","","","口","kou3","character_naming_f2_22_block2_norep","925","true","true","14786","m25boogf27_character_naming_f2_22_block2_norep.webm","true","{""message"":""Success""}","2","","","","","","f2_22","mouth","filler","yellow","true","","",""
"html-keyboard-response","null","","null","427","2.1.0","653728","m25boogf27","block1_then_block2","","","inter_trial_interval","","","","","","","","","","","","","","","","","","","","","","","","","","","","","","","",""
"html-keyboard-response","null","<div class=""fixation"">+</div>","null","428","2.1.0","654232","m25boogf27","block1_then_block2","","","fixation","","","","","","","","","","","","","","","","","","","","","","","","","","","","","","","",""
"html-keyboard-response","1070","
      <div class=""chinese-character"" style=""color:#000000;"">球</div>
      <div style=""margin-top:32px; font-size:16px; color:#555; font-family:Arial,sans-serif;"">
        Say the character aloud, then press <strong>Space</strong>.
      </div>
    "," ","429","2.1.0","655303","m25boogf27","block1_then_block2","","","character_naming","","","","","","","","","球","qiu2","character_naming_f2_9_block2_norep","1070","true","true","16718","m25boogf27_character_naming_f2_9_block2_norep.webm","true","{""message"":""Success""}","2","","","","","","f2_9","ball","filler","red","true","","",""
"html-keyboard-response","null","","null","430","2.1.0","655409","m25boogf27","block1_then_block2","","","inter_trial_interval","","","","","","","","","","","","","","","","","","","","","","","","","","","","","","","",""
"html-keyboard-response","null","<div class=""fixation"">+</div>","null","431","2.1.0","655914","m25boogf27","block1_then_block2","","","fixation","","","","","","","","","","","","","","","","","","","","","","","","","","","","","","","",""
"html-keyboard-response","1173","
      <div class=""chinese-character"" style=""color:#000000;"">椅</div>
      <div style=""margin-top:32px; font-size:16px; color:#555; font-family:Arial,sans-serif;"">
        Say the character aloud, then press <strong>Space</strong>.
      </div>
    "," ","432","2.1.0","657089","m25boogf27","block1_then_block2","","","character_naming","","","","","","","","","椅","yi3","character_naming_f2_7_block2_norep","1173","true","true","18650","m25boogf27_character_naming_f2_7_block2_norep.webm","true","{""message"":""Success""}","2","","","","","","f2_7","chair","filler","blue","true","","",""
"html-keyboard-response","null","","null","433","2.1.0","657195","m25boogf27","block1_then_block2","","","inter_trial_interval","","","","","","","","","","","","","","","","","","","","","","","","","","","","","","","",""
"html-keyboard-response","null","<div class=""fixation"">+</div>","null","434","2.1.0","657699","m25boogf27","block1_then_block2","","","fixation","","","","","","","","","","","","","","","","","","","","","","","","","","","","","","","",""
"html-keyboard-response","1009","
      <div class=""chinese-character"" style=""color:#000000;"">晃</div>
      <div style=""margin-top:32px; font-size:16px; color:#555; font-family:Arial,sans-serif;"">
        Say the character aloud, then press <strong>Space</strong>.
      </div>
    "," ","435","2.1.0","658709","m25boogf27","block1_then_block2","","","character_naming","","","","","","","","","晃","huang4","character_naming_yellow_block2_rep2","1009","true","true","15752","m25boogf27_character_naming_yellow_block2_rep2.webm","true","{""error"":""OSF_FILE_EXISTS"",""message"":""The OSF file already exists. File names must be unique.""}","2","","","","","","yellow","sway","congruent_S_plus_T_minus","yellow","false","","",""
"html-keyboard-response","null","","null","436","2.1.0","658813","m25boogf27","block1_then_block2","","","inter_trial_interval","","","","","","","","","","","","","","","","","","","","","","","","","","","","","","","",""
"html-keyboard-response","null","<div class=""fixation"">+</div>","null","437","2.1.0","659318","m25boogf27","block1_then_block2","","","fixation","","","","","","","","","","","","","","","","","","","","","","","","","","","","","","","",""
"html-keyboard-response","983","
      <div class=""chinese-character"" style=""color:#000000;"">轰</div>
      <div style=""margin-top:32px; font-size:16px; color:#555; font-family:Arial,sans-serif;"">
        Say the character aloud, then press <strong>Space</strong>.
      </div>
    "," ","438","2.1.0","660303","m25boogf27","block1_then_block2","","","character_naming","","","","","","","","","轰","hong1","character_naming_red_block2_rep2","983","true","true","15752","m25boogf27_character_naming_red_block2_rep2.webm","true","{""error"":""OSF_FILE_EXISTS"",""message"":""The OSF file already exists. File names must be unique.""}","2","","","","","","red","boom","congruent_S_plus_T_minus","red","false","","",""
"html-keyboard-response","null","","null","439","2.1.0","660406","m25boogf27","block1_then_block2","","","inter_trial_interval","","","","","","","","","","","","","","","","","","","","","","","","","","","","","","","",""
"html-keyboard-response","null","<div class=""fixation"">+</div>","null","440","2.1.0","660912","m25boogf27","block1_then_block2","","","fixation","","","","","","","","","","","","","","","","","","","","","","","","","","","","","","","",""
"html-keyboard-response","1101","
      <div class=""chinese-character"" style=""color:#000000;"">婪</div>
      <div style=""margin-top:32px; font-size:16px; color:#555; font-family:Arial,sans-serif;"">
        Say the character aloud, then press <strong>Space</strong>.
      </div>
    "," ","441","2.1.0","662014","m25boogf27","block1_then_block2","","","character_naming","","","","","","","","","婪","lan2","character_naming_blue_block2_rep2","1101","true","true","17684","m25boogf27_character_naming_blue_block2_rep2.webm","true","{""error"":""OSF_FILE_EXISTS"",""message"":""The OSF file already exists. File names must be unique.""}","2","","","","","","blue","greedy","congruent_S_T_plus","blue","false","","",""
"html-keyboard-response","null","","null","442","2.1.0","662119","m25boogf27","block1_then_block2","","","inter_trial_interval","","","","","","","","","","","","","","","","","","","","","","","","","","","","","","","",""
"html-keyboard-response","null","<div class=""fixation"">+</div>","null","443","2.1.0","662623","m25boogf27","block1_then_block2","","","fixation","","","","","","","","","","","","","","","","","","","","","","","","","","","","","","","",""
"html-keyboard-response","940","
      <div class=""chinese-character"" style=""color:#000000;"">尝</div>
      <div style=""margin-top:32px; font-size:16px; color:#555; font-family:Arial,sans-serif;"">
        Say the character aloud, then press <strong>Space</strong>.
      </div>
    "," ","444","2.1.0","663564","m25boogf27","block1_then_block2","","","character_naming","","","","","","","","","尝","chang2","character_naming_blue_block2_rep2","940","true","true","14786","m25boogf27_character_naming_blue_block2_rep2.webm","true","{""error"":""OSF_FILE_EXISTS"",""message"":""The OSF file already exists. File names must be unique.""}","2","","","","","","blue","taste","congruent_S_minus_T_plus","blue","false","","",""
"html-keyboard-response","null","","null","445","2.1.0","663670","m25boogf27","block1_then_block2","","","inter_trial_interval","","","","","","","","","","","","","","","","","","","","","","","","","","","","","","","",""
"html-keyboard-response","null","<div class=""fixation"">+</div>","null","446","2.1.0","664177","m25boogf27","block1_then_block2","","","fixation","","","","","","","","","","","","","","","","","","","","","","","","","","","","","","","",""
"html-keyboard-response","918","
      <div class=""chinese-character"" style=""color:#000000;"">绿</div>
      <div style=""margin-top:32px; font-size:16px; color:#555; font-family:Arial,sans-serif;"">
        Say the character aloud, then press <strong>Space</strong>.
      </div>
    "," ","447","2.1.0","665097","m25boogf27","block1_then_block2","","","character_naming","","","","","","","","","绿","lv4","character_naming_green_block2_rep2","918","true","true","14786","m25boogf27_character_naming_green_block2_rep2.webm","true","{""error"":""OSF_FILE_EXISTS"",""message"":""The OSF file already exists. File names must be unique.""}","2","","","","","","green","green","congruent_color_character","green","false","","",""
"html-keyboard-response","null","","null","448","2.1.0","665202","m25boogf27","block1_then_block2","","","inter_trial_interval","","","","","","","","","","","","","","","","","","","","","","","","","","","","","","","",""
"html-keyboard-response","null","<div class=""fixation"">+</div>","null","449","2.1.0","665708","m25boogf27","block1_then_block2","","","fixation","","","","","","","","","","","","","","","","","","","","","","","","","","","","","","","",""
"html-keyboard-response","998","
      <div class=""chinese-character"" style=""color:#000000;"">览</div>
      <div style=""margin-top:32px; font-size:16px; color:#555; font-family:Arial,sans-serif;"">
        Say the character aloud, then press <strong>Space</strong>.
      </div>
    "," ","450","2.1.0","666708","m25boogf27","block1_then_block2","","","character_naming","","","","","","","","","览","lan3","character_naming_blue_block2_rep2","998","true","true","15752","m25boogf27_character_naming_blue_block2_rep2.webm","true","{""error"":""OSF_FILE_EXISTS"",""message"":""The OSF file already exists. File names must be unique.""}","2","","","","","","blue","view","congruent_S_plus_T_minus","blue","false","","",""
"html-keyboard-response","null","","null","451","2.1.0","666814","m25boogf27","block1_then_block2","","","inter_trial_interval","","","","","","","","","","","","","","","","","","","","","","","","","","","","","","","",""
"html-keyboard-response","null","<div class=""fixation"">+</div>","null","452","2.1.0","667318","m25boogf27","block1_then_block2","","","fixation","","","","","","","","","","","","","","","","","","","","","","","","","","","","","","","",""
"html-keyboard-response","1031","
      <div class=""chinese-character"" style=""color:#000000;"">心</div>
      <div style=""margin-top:32px; font-size:16px; color:#555; font-family:Arial,sans-serif;"">
        Say the character aloud, then press <strong>Space</strong>.
      </div>
    "," ","453","2.1.0","668351","m25boogf27","block1_then_block2","","","character_naming","","","","","","","","","心","xin1","character_naming_f2_23_block2_norep","1031","true","true","16718","m25boogf27_character_naming_f2_23_block2_norep.webm","true","{""message"":""Success""}","2","","","","","","f2_23","heart","filler","blue","true","","",""
"html-keyboard-response","null","","null","454","2.1.0","668452","m25boogf27","block1_then_block2","","","inter_trial_interval","","","","","","","","","","","","","","","","","","","","","","","","","","","","","","","",""
"html-keyboard-response","null","<div class=""fixation"">+</div>","null","455","2.1.0","668958","m25boogf27","block1_then_block2","","","fixation","","","","","","","","","","","","","","","","","","","","","","","","","","","","","","","",""
"html-keyboard-response","1023","
      <div class=""chinese-character"" style=""color:#000000;"">绿</div>
      <div style=""margin-top:32px; font-size:16px; color:#555; font-family:Arial,sans-serif;"">
        Say the character aloud, then press <strong>Space</strong>.
      </div>
    "," ","456","2.1.0","669983","m25boogf27","block1_then_block2","","","character_naming","","","","","","","","","绿","lv4","character_naming_green_block2_rep2","1023","true","true","16718","m25boogf27_character_naming_green_block2_rep2.webm","true","{""error"":""OSF_FILE_EXISTS"",""message"":""The OSF file already exists. File names must be unique.""}","2","","","","","","green","green","incongruent_color_character","yellow","false","","",""
"html-keyboard-response","null","","null","457","2.1.0","670088","m25boogf27","block1_then_block2","","","inter_trial_interval","","","","","","","","","","","","","","","","","","","","","","","","","","","","","","","",""
"html-keyboard-response","null","<div class=""fixation"">+</div>","null","458","2.1.0","670592","m25boogf27","block1_then_block2","","","fixation","","","","","","","","","","","","","","","","","","","","","","","","","","","","","","","",""
"html-keyboard-response","1003","
      <div class=""chinese-character"" style=""color:#000000;"">旅</div>
      <div style=""margin-top:32px; font-size:16px; color:#555; font-family:Arial,sans-serif;"">
        Say the character aloud, then press <strong>Space</strong>.
      </div>
    "," ","459","2.1.0","671597","m25boogf27","block1_then_block2","","","character_naming","","","","","","","","","旅","lv3","character_naming_green_block2_rep2","1003","true","true","15752","m25boogf27_character_naming_green_block2_rep2.webm","true","{""error"":""OSF_FILE_EXISTS"",""message"":""The OSF file already exists. File names must be unique.""}","2","","","","","","green","travel","congruent_S_plus_T_minus","green","false","","",""
"html-keyboard-response","null","","null","460","2.1.0","671703","m25boogf27","block1_then_block2","","","inter_trial_interval","","","","","","","","","","","","","","","","","","","","","","","","","","","","","","","",""
"html-keyboard-response","null","<div class=""fixation"">+</div>","null","461","2.1.0","672206","m25boogf27","block1_then_block2","","","fixation","","","","","","","","","","","","","","","","","","","","","","","","","","","","","","","",""
"html-keyboard-response","957","
      <div class=""chinese-character"" style=""color:#000000;"">趁</div>
      <div style=""margin-top:32px; font-size:16px; color:#555; font-family:Arial,sans-serif;"">
        Say the character aloud, then press <strong>Space</strong>.
      </div>
    "," ","462","2.1.0","673164","m25boogf27","block1_then_block2","","","character_naming","","","","","","","","","趁","chen4","character_naming_yellow_block2_rep2","957","true","true","15752","m25boogf27_character_naming_yellow_block2_rep2.webm","true","{""error"":""OSF_FILE_EXISTS"",""message"":""The OSF file already exists. File names must be unique.""}","2","","","","","","yellow","take advantage of","neutral","yellow","false","","",""
"html-keyboard-response","null","","null","463","2.1.0","673270","m25boogf27","block1_then_block2","","","inter_trial_interval","","","","","","","","","","","","","","","","","","","","","","","","","","","","","","","",""
"html-keyboard-response","null","<div class=""fixation"">+</div>","null","464","2.1.0","673775","m25boogf27","block1_then_block2","","","fixation","","","","","","","","","","","","","","","","","","","","","","","","","","","","","","","",""
"html-keyboard-response","974","
      <div class=""chinese-character"" style=""color:#000000;"">黄</div>
      <div style=""margin-top:32px; font-size:16px; color:#555; font-family:Arial,sans-serif;"">
        Say the character aloud, then press <strong>Space</strong>.
      </div>
    "," ","465","2.1.0","674750","m25boogf27","block1_then_block2","","","character_naming","","","","","","","","","黄","huang2","character_naming_yellow_block2_rep2","974","true","true","15752","m25boogf27_character_naming_yellow_block2_rep2.webm","true","{""error"":""OSF_FILE_EXISTS"",""message"":""The OSF file already exists. File names must be unique.""}","2","","","","","","yellow","yellow","incongruent_color_character","green","false","","",""
"html-keyboard-response","null","","null","466","2.1.0","674857","m25boogf27","block1_then_block2","","","inter_trial_interval","","","","","","","","","","","","","","","","","","","","","","","","","","","","","","","",""
"html-keyboard-response","null","<div class=""fixation"">+</div>","null","467","2.1.0","675364","m25boogf27","block1_then_block2","","","fixation","","","","","","","","","","","","","","","","","","","","","","","","","","","","","","","",""
"html-keyboard-response","1087","
      <div class=""chinese-character"" style=""color:#000000;"">海</div>
      <div style=""margin-top:32px; font-size:16px; color:#555; font-family:Arial,sans-serif;"">
        Say the character aloud, then press <strong>Space</strong>.
      </div>
    "," ","468","2.1.0","676452","m25boogf27","block1_then_block2","","","character_naming","","","","","","","","","海","hai3","character_naming_f2_12_block2_norep","1087","true","true","17684","m25boogf27_character_naming_f2_12_block2_norep.webm","true","{""message"":""Success""}","2","","","","","","f2_12","sea","filler","green","true","","",""
"html-keyboard-response","null","","null","469","2.1.0","676555","m25boogf27","block1_then_block2","","","inter_trial_interval","","","","","","","","","","","","","","","","","","","","","","","","","","","","","","","",""
"html-keyboard-response","2333","
      <div class=""instructions"">
        <h2>English Color-Naming — Block 2</h2>
        <p>You will see Chinese characters printed in color.</p>
        <p>Your task is to identify the <strong>ink color in English</strong>.</p>
        <p>Ignore the character itself.</p>
        <p><strong>R</strong> = red, <strong>Y</strong> = yellow, <strong>B</strong> = blue, <strong>G</strong> = green.</p>
        <p>Press <strong>Space</strong> to begin.</p>
      </div>
    "," ","470","2.1.0","678889","m25boogf27","block1_then_block2","","","","","","","","","","","","","","","","","","","","","","","","","","","","","","","","","","",""
"html-keyboard-response","1929","
      <div class=""instructions"">
        <h2>Keyboard Check</h2>
        <p>Before we continue, please press the <strong>B</strong> key
        (for <strong>blue</strong>) on your keyboard.</p>
        <p style=""color:#888;font-size:0.9em;"">
          If your keyboard is set to a Chinese input method (IME),
          please switch to English / Roman input now, otherwise the experiment cannot record your responses.
        </p>
      </div>
    ","b","471","2.1.0","680820","m25boogf27","block1_then_block2","","","keyboard_check","","","","","","","","","","","","","","","","","","","2","b","","","","","","","","","","","",""
"html-keyboard-response","null","<div class=""fixation"">+</div>","null","472","2.1.0","681323","m25boogf27","block1_then_block2","","","fixation","","","","","","","","","","","","","","","","","","","","","","","","","","","","","","","",""
"html-keyboard-response","null","<div class=""chinese-character"" style=""color:#d6b300;"">星</div>","null","473","2.1.0","684329","m25boogf27","block1_then_block2","","","color_naming","","","","","","","","","星","xing1","","","","","","","","","2","","yellow","y","null","false","f2_18","star","","","true","filler","false","null"
"html-keyboard-response","null","","null","474","2.1.0","685335","m25boogf27","block1_then_block2","","","inter_trial_interval","","","","","","","","","","","","","","","","","","","","","","","","","","","","","","","",""
"html-keyboard-response","null","<div class=""fixation"">+</div>","null","475","2.1.0","685839","m25boogf27","block1_then_block2","","","fixation","","","","","","","","","","","","","","","","","","","","","","","","","","","","","","","",""
"html-keyboard-response","null","<div class=""chinese-character"" style=""color:#d62728;"">牵</div>","null","476","2.1.0","688843","m25boogf27","block1_then_block2","","","color_naming","","","","","","","","","牵","qian1","","","","","","","","","2","","red","r","null","false","red","lead along","","","false","neutral","true","2"
"html-keyboard-response","null","","null","477","2.1.0","689850","m25boogf27","block1_then_block2","","","inter_trial_interval","","","","","","","","","","","","","","","","","","","","","","","","","","","","","","","",""
"html-keyboard-response","null","<div class=""fixation"">+</div>","null","478","2.1.0","690352","m25boogf27","block1_then_block2","","","fixation","","","","","","","","","","","","","","","","","","","","","","","","","","","","","","","",""
"html-keyboard-response","null","<div class=""chinese-character"" style=""color:#d6b300;"">钟</div>","null","479","2.1.0","693355","m25boogf27","block1_then_block2","","","color_naming","","","","","","","","","钟","zhong1","","","","","","","","","2","","yellow","y","null","false","f2_10","clock","","","true","filler","false","null"
"html-keyboard-response","null","","null","480","2.1.0","694360","m25boogf27","block1_then_block2","","","inter_trial_interval","","","","","","","","","","","","","","","","","","","","","","","","","","","","","","","",""
"html-keyboard-response","null","<div class=""fixation"">+</div>","null","481","2.1.0","694864","m25boogf27","block1_then_block2","","","fixation","","","","","","","","","","","","","","","","","","","","","","","","","","","","","","","",""
"html-keyboard-response","null","<div class=""chinese-character"" style=""color:#d62728;"">衣</div>","null","482","2.1.0","697870","m25boogf27","block1_then_block2","","","color_naming","","","","","","","","","衣","yi1","","","","","","","","","2","","red","r","null","false","f2_17","clothing","","","true","filler","false","null"
"html-keyboard-response","null","","null","483","2.1.0","698877","m25boogf27","block1_then_block2","","","inter_trial_interval","","","","","","","","","","","","","","","","","","","","","","","","","","","","","","","",""
"html-keyboard-response","null","<div class=""fixation"">+</div>","null","484","2.1.0","699381","m25boogf27","block1_then_block2","","","fixation","","","","","","","","","","","","","","","","","","","","","","","","","","","","","","","",""
"html-keyboard-response","null","<div class=""chinese-character"" style=""color:#2ca02c;"">海</div>","null","485","2.1.0","702385","m25boogf27","block1_then_block2","","","color_naming","","","","","","","","","海","hai3","","","","","","","","","2","","green","g","null","false","f2_12","sea","","","true","filler","false","null"
"html-keyboard-response","null","","null","486","2.1.0","703391","m25boogf27","block1_then_block2","","","inter_trial_interval","","","","","","","","","","","","","","","","","","","","","","","","","","","","","","","",""
"html-keyboard-response","null","<div class=""fixation"">+</div>","null","487","2.1.0","703896","m25boogf27","block1_then_block2","","","fixation","","","","","","","","","","","","","","","","","","","","","","","","","","","","","","","",""
"html-keyboard-response","null","<div class=""chinese-character"" style=""color:#1f77b4;"">婪</div>","null","488","2.1.0","706903","m25boogf27","block1_then_block2","","","color_naming","","","","","","","","","婪","lan2","","","","","","","","","2","","blue","b","null","false","blue","greedy","","","false","congruent_S_T_plus","true","2"
"html-keyboard-response","null","","null","489","2.1.0","707904","m25boogf27","block1_then_block2","","","inter_trial_interval","","","","","","","","","","","","","","","","","","","","","","","","","","","","","","","",""
"html-keyboard-response","null","<div class=""fixation"">+</div>","null","490","2.1.0","708408","m25boogf27","block1_then_block2","","","fixation","","","","","","","","","","","","","","","","","","","","","","","","","","","","","","","",""
"html-keyboard-response","null","<div class=""chinese-character"" style=""color:#d62728;"">球</div>","null","491","2.1.0","711415","m25boogf27","block1_then_block2","","","color_naming","","","","","","","","","球","qiu2","","","","","","","","","2","","red","r","null","false","f2_9","ball","","","true","filler","false","null"
"html-keyboard-response","null","","null","492","2.1.0","712421","m25boogf27","block1_then_block2","","","inter_trial_interval","","","","","","","","","","","","","","","","","","","","","","","","","","","","","","","",""
"html-keyboard-response","null","<div class=""fixation"">+</div>","null","493","2.1.0","712926","m25boogf27","block1_then_block2","","","fixation","","","","","","","","","","","","","","","","","","","","","","","","","","","","","","","",""
"html-keyboard-response","null","<div class=""chinese-character"" style=""color:#1f77b4;"">览</div>","null","494","2.1.0","715933","m25boogf27","block1_then_block2","","","color_naming","","","","","","","","","览","lan3","","","","","","","","","2","","blue","b","null","false","blue","view","","","false","congruent_S_plus_T_minus","true","2"
"html-keyboard-response","null","","null","495","2.1.0","716939","m25boogf27","block1_then_block2","","","inter_trial_interval","","","","","","","","","","","","","","","","","","","","","","","","","","","","","","","",""
"html-keyboard-response","null","<div class=""fixation"">+</div>","null","496","2.1.0","717446","m25boogf27","block1_then_block2","","","fixation","","","","","","","","","","","","","","","","","","","","","","","","","","","","","","","",""
"html-keyboard-response","null","<div class=""chinese-character"" style=""color:#d62728;"">脸</div>","null","497","2.1.0","720452","m25boogf27","block1_then_block2","","","color_naming","","","","","","","","","脸","lian3","","","","","","","","","2","","red","r","null","false","f2_13","face","","","true","filler","false","null"
"html-keyboard-response","null","","null","498","2.1.0","721459","m25boogf27","block1_then_block2","","","inter_trial_interval","","","","","","","","","","","","","","","","","","","","","","","","","","","","","","","",""
"html-keyboard-response","null","<div class=""fixation"">+</div>","null","499","2.1.0","721963","m25boogf27","block1_then_block2","","","fixation","","","","","","","","","","","","","","","","","","","","","","","","","","","","","","","",""
"html-keyboard-response","null","<div class=""chinese-character"" style=""color:#1f77b4;"">宫</div>","null","500","2.1.0","724970","m25boogf27","block1_then_block2","","","color_naming","","","","","","","","","宫","gong1","","","","","","","","","2","","blue","b","null","false","blue","palace","","","false","neutral","true","2"
"html-keyboard-response","null","","null","501","2.1.0","725977","m25boogf27","block1_then_block2","","","inter_trial_interval","","","","","","","","","","","","","","","","","","","","","","","","","","","","","","","",""
"html-keyboard-response","null","<div class=""fixation"">+</div>","null","502","2.1.0","726482","m25boogf27","block1_then_block2","","","fixation","","","","","","","","","","","","","","","","","","","","","","","","","","","","","","","",""
"html-keyboard-response","null","<div class=""chinese-character"" style=""color:#d62728;"">洪</div>","null","503","2.1.0","729487","m25boogf27","block1_then_block2","","","color_naming","","","","","","","","","洪","hong2","","","","","","","","","2","","red","r","null","false","red","flood","","","false","congruent_S_T_plus","true","2"
"html-keyboard-response","null","","null","504","2.1.0","730491","m25boogf27","block1_then_block2","","","inter_trial_interval","","","","","","","","","","","","","","","","","","","","","","","","","","","","","","","",""
"html-keyboard-response","null","<div class=""fixation"">+</div>","null","505","2.1.0","730998","m25boogf27","block1_then_block2","","","fixation","","","","","","","","","","","","","","","","","","","","","","","","","","","","","","","",""
"html-keyboard-response","null","<div class=""chinese-character"" style=""color:#2ca02c;"">雪</div>","null","506","2.1.0","734005","m25boogf27","block1_then_block2","","","color_naming","","","","","","","","","雪","xue3","","","","","","","","","2","","green","g","null","false","f2_20","snow","","","true","filler","false","null"
"html-keyboard-response","null","","null","507","2.1.0","735009","m25boogf27","block1_then_block2","","","inter_trial_interval","","","","","","","","","","","","","","","","","","","","","","","","","","","","","","","",""
"html-keyboard-response","null","<div class=""fixation"">+</div>","null","508","2.1.0","735515","m25boogf27","block1_then_block2","","","fixation","","","","","","","","","","","","","","","","","","","","","","","","","","","","","","","",""
"html-keyboard-response","null","<div class=""chinese-character"" style=""color:#1f77b4;"">马</div>","null","509","2.1.0","738522","m25boogf27","block1_then_block2","","","color_naming","","","","","","","","","马","ma3","","","","","","","","","2","","blue","b","null","false","f2_3","horse","","","true","filler","false","null"
"html-keyboard-response","null","","null","510","2.1.0","739529","m25boogf27","block1_then_block2","","","inter_trial_interval","","","","","","","","","","","","","","","","","","","","","","","","","","","","","","","",""
"html-keyboard-response","null","<div class=""fixation"">+</div>","null","511","2.1.0","740035","m25boogf27","block1_then_block2","","","fixation","","","","","","","","","","","","","","","","","","","","","","","","","","","","","","","",""
"html-keyboard-response","null","<div class=""chinese-character"" style=""color:#d6b300;"">晃</div>","null","512","2.1.0","743036","m25boogf27","block1_then_block2","","","color_naming","","","","","","","","","晃","huang4","","","","","","","","","2","","yellow","y","null","false","yellow","sway","","","false","congruent_S_plus_T_minus","true","2"
"html-keyboard-response","null","","null","513","2.1.0","744043","m25boogf27","block1_then_block2","","","inter_trial_interval","","","","","","","","","","","","","","","","","","","","","","","","","","","","","","","",""
"html-keyboard-response","null","<div class=""fixation"">+</div>","null","514","2.1.0","744548","m25boogf27","block1_then_block2","","","fixation","","","","","","","","","","","","","","","","","","","","","","","","","","","","","","","",""
"html-keyboard-response","null","<div class=""chinese-character"" style=""color:#2ca02c;"">洞</div>","null","515","2.1.0","747552","m25boogf27","block1_then_block2","","","color_naming","","","","","","","","","洞","dong4","","","","","","","","","2","","green","g","null","false","green","hole","","","false","congruent_S_minus_T_plus","true","2"
"html-keyboard-response","null","","null","516","2.1.0","748555","m25boogf27","block1_then_block2","","","inter_trial_interval","","","","","","","","","","","","","","","","","","","","","","","","","","","","","","","",""
"html-keyboard-response","null","<div class=""fixation"">+</div>","null","517","2.1.0","749060","m25boogf27","block1_then_block2","","","fixation","","","","","","","","","","","","","","","","","","","","","","","","","","","","","","","",""
"html-keyboard-response","null","<div class=""chinese-character"" style=""color:#d6b300;"">黄</div>","null","518","2.1.0","752065","m25boogf27","block1_then_block2","","","color_naming","","","","","","","","","黄","huang2","","","","","","","","","2","","yellow","y","null","false","yellow","yellow","","","false","congruent_color_character","true","2"
"html-keyboard-response","null","","null","519","2.1.0","753070","m25boogf27","block1_then_block2","","","inter_trial_interval","","","","","","","","","","","","","","","","","","","","","","","","","","","","","","","",""
"html-keyboard-response","null","<div class=""fixation"">+</div>","null","520","2.1.0","753577","m25boogf27","block1_then_block2","","","fixation","","","","","","","","","","","","","","","","","","","","","","","","","","","","","","","",""
"html-keyboard-response","null","<div class=""chinese-character"" style=""color:#d62728;"">笔</div>","null","521","2.1.0","756583","m25boogf27","block1_then_block2","","","color_naming","","","","","","","","","笔","bi3","","","","","","","","","2","","red","r","null","false","f2_5","pen","","","true","filler","false","null"
"html-keyboard-response","null","","null","522","2.1.0","757589","m25boogf27","block1_then_block2","","","inter_trial_interval","","","","","","","","","","","","","","","","","","","","","","","","","","","","","","","",""
"html-keyboard-response","null","<div class=""fixation"">+</div>","null","523","2.1.0","758094","m25boogf27","block1_then_block2","","","fixation","","","","","","","","","","","","","","","","","","","","","","","","","","","","","","","",""
"html-keyboard-response","null","<div class=""chinese-character"" style=""color:#d62728;"">耳</div>","null","524","2.1.0","761100","m25boogf27","block1_then_block2","","","color_naming","","","","","","","","","耳","er3","","","","","","","","","2","","red","r","null","false","f2_21","ear","","","true","filler","false","null"
"html-keyboard-response","null","","null","525","2.1.0","762105","m25boogf27","block1_then_block2","","","inter_trial_interval","","","","","","","","","","","","","","","","","","","","","","","","","","","","","","","",""
"html-keyboard-response","null","<div class=""fixation"">+</div>","null","526","2.1.0","762610","m25boogf27","block1_then_block2","","","fixation","","","","","","","","","","","","","","","","","","","","","","","","","","","","","","","",""
"html-keyboard-response","null","<div class=""chinese-character"" style=""color:#2ca02c;"">米</div>","null","527","2.1.0","765616","m25boogf27","block1_then_block2","","","color_naming","","","","","","","","","米","mi3","","","","","","","","","2","","green","g","null","false","f2_4","rice","","","true","filler","false","null"
"html-keyboard-response","null","","null","528","2.1.0","766620","m25boogf27","block1_then_block2","","","inter_trial_interval","","","","","","","","","","","","","","","","","","","","","","","","","","","","","","","",""
"html-keyboard-response","null","<div class=""fixation"">+</div>","null","529","2.1.0","767121","m25boogf27","block1_then_block2","","","fixation","","","","","","","","","","","","","","","","","","","","","","","","","","","","","","","",""
"html-keyboard-response","null","<div class=""chinese-character"" style=""color:#1f77b4;"">草</div>","null","530","2.1.0","770128","m25boogf27","block1_then_block2","","","color_naming","","","","","","","","","草","cao3","","","","","","","","","2","","blue","b","null","false","f2_19","grass","","","true","filler","false","null"
"html-keyboard-response","null","","null","531","2.1.0","771130","m25boogf27","block1_then_block2","","","inter_trial_interval","","","","","","","","","","","","","","","","","","","","","","","","","","","","","","","",""
"html-keyboard-response","null","<div class=""fixation"">+</div>","null","532","2.1.0","771633","m25boogf27","block1_then_block2","","","fixation","","","","","","","","","","","","","","","","","","","","","","","","","","","","","","","",""
"html-keyboard-response","null","<div class=""chinese-character"" style=""color:#d62728;"">轰</div>","null","533","2.1.0","774640","m25boogf27","block1_then_block2","","","color_naming","","","","","","","","","轰","hong1","","","","","","","","","2","","red","r","null","false","red","boom","","","false","congruent_S_plus_T_minus","true","2"
"html-keyboard-response","null","","null","534","2.1.0","775647","m25boogf27","block1_then_block2","","","inter_trial_interval","","","","","","","","","","","","","","","","","","","","","","","","","","","","","","","",""
"html-keyboard-response","null","<div class=""fixation"">+</div>","null","535","2.1.0","776152","m25boogf27","block1_then_block2","","","fixation","","","","","","","","","","","","","","","","","","","","","","","","","","","","","","","",""
"html-keyboard-response","null","<div class=""chinese-character"" style=""color:#1f77b4;"">心</div>","null","536","2.1.0","779157","m25boogf27","block1_then_block2","","","color_naming","","","","","","","","","心","xin1","","","","","","","","","2","","blue","b","null","false","f2_23","heart","","","true","filler","false","null"
"html-keyboard-response","null","","null","537","2.1.0","780163","m25boogf27","block1_then_block2","","","inter_trial_interval","","","","","","","","","","","","","","","","","","","","","","","","","","","","","","","",""
"html-keyboard-response","null","<div class=""fixation"">+</div>","null","538","2.1.0","780669","m25boogf27","block1_then_block2","","","fixation","","","","","","","","","","","","","","","","","","","","","","","","","","","","","","","",""
"html-keyboard-response","null","<div class=""chinese-character"" style=""color:#2ca02c;"">田</div>","null","539","2.1.0","783674","m25boogf27","block1_then_block2","","","color_naming","","","","","","","","","田","tian2","","","","","","","","","2","","green","g","null","false","f2_24","field","","","true","filler","false","null"
"html-keyboard-response","null","","null","540","2.1.0","784681","m25boogf27","block1_then_block2","","","inter_trial_interval","","","","","","","","","","","","","","","","","","","","","","","","","","","","","","","",""
"html-keyboard-response","null","<div class=""fixation"">+</div>","null","541","2.1.0","785187","m25boogf27","block1_then_block2","","","fixation","","","","","","","","","","","","","","","","","","","","","","","","","","","","","","","",""
"html-keyboard-response","null","<div class=""chinese-character"" style=""color:#d6b300;"">桌</div>","null","542","2.1.0","788195","m25boogf27","block1_then_block2","","","color_naming","","","","","","","","","桌","zhuo1","","","","","","","","","2","","yellow","y","null","false","f2_6","table","","","true","filler","false","null"
"html-keyboard-response","null","","null","543","2.1.0","789201","m25boogf27","block1_then_block2","","","inter_trial_interval","","","","","","","","","","","","","","","","","","","","","","","","","","","","","","","",""
"html-keyboard-response","null","<div class=""fixation"">+</div>","null","544","2.1.0","789705","m25boogf27","block1_then_block2","","","fixation","","","","","","","","","","","","","","","","","","","","","","","","","","","","","","","",""
"html-keyboard-response","null","<div class=""chinese-character"" style=""color:#d62728;"">瓶</div>","null","545","2.1.0","792710","m25boogf27","block1_then_block2","","","color_naming","","","","","","","","","瓶","ping2","","","","","","","","","2","","red","r","null","false","red","bottle","","","false","congruent_S_minus_T_plus","true","2"
"html-keyboard-response","null","","null","546","2.1.0","793716","m25boogf27","block1_then_block2","","","inter_trial_interval","","","","","","","","","","","","","","","","","","","","","","","","","","","","","","","",""
"html-keyboard-response","null","<div class=""fixation"">+</div>","null","547","2.1.0","794220","m25boogf27","block1_then_block2","","","fixation","","","","","","","","","","","","","","","","","","","","","","","","","","","","","","","",""
"html-keyboard-response","null","<div class=""chinese-character"" style=""color:#d6b300;"">皇</div>","null","548","2.1.0","797227","m25boogf27","block1_then_block2","","","color_naming","","","","","","","","","皇","huang2","","","","","","","","","2","","yellow","y","null","false","yellow","emperor","","","false","congruent_S_T_plus","true","2"
"html-keyboard-response","null","","null","549","2.1.0","798233","m25boogf27","block1_then_block2","","","inter_trial_interval","","","","","","","","","","","","","","","","","","","","","","","","","","","","","","","",""
"html-keyboard-response","null","<div class=""fixation"">+</div>","null","550","2.1.0","798738","m25boogf27","block1_then_block2","","","fixation","","","","","","","","","","","","","","","","","","","","","","","","","","","","","","","",""
"html-keyboard-response","null","<div class=""chinese-character"" style=""color:#d62728;"">蓝</div>","null","551","2.1.0","801746","m25boogf27","block1_then_block2","","","color_naming","","","","","","","","","蓝","lan2","","","","","","","","","2","","red","r","null","false","blue","blue","","","false","incongruent_color_character","true","2"
"html-keyboard-response","null","","null","552","2.1.0","802752","m25boogf27","block1_then_block2","","","inter_trial_interval","","","","","","","","","","","","","","","","","","","","","","","","","","","","","","","",""
"html-keyboard-response","null","<div class=""fixation"">+</div>","null","553","2.1.0","803257","m25boogf27","block1_then_block2","","","fixation","","","","","","","","","","","","","","","","","","","","","","","","","","","","","","","",""
"html-keyboard-response","null","<div class=""chinese-character"" style=""color:#1f77b4;"">椅</div>","null","554","2.1.0","806264","m25boogf27","block1_then_block2","","","color_naming","","","","","","","","","椅","yi3","","","","","","","","","2","","blue","b","null","false","f2_7","chair","","","true","filler","false","null"
"html-keyboard-response","null","","null","555","2.1.0","807270","m25boogf27","block1_then_block2","","","inter_trial_interval","","","","","","","","","","","","","","","","","","","","","","","","","","","","","","","",""
"html-keyboard-response","null","<div class=""fixation"">+</div>","null","556","2.1.0","807776","m25boogf27","block1_then_block2","","","fixation","","","","","","","","","","","","","","","","","","","","","","","","","","","","","","","",""
"html-keyboard-response","null","<div class=""chinese-character"" style=""color:#2ca02c;"">房</div>","null","557","2.1.0","810779","m25boogf27","block1_then_block2","","","color_naming","","","","","","","","","房","fang2","","","","","","","","","2","","green","g","null","false","f2_8","room","","","true","filler","false","null"
"html-keyboard-response","null","","null","558","2.1.0","811785","m25boogf27","block1_then_block2","","","inter_trial_interval","","","","","","","","","","","","","","","","","","","","","","","","","","","","","","","",""
"html-keyboard-response","null","<div class=""fixation"">+</div>","null","559","2.1.0","812288","m25boogf27","block1_then_block2","","","fixation","","","","","","","","","","","","","","","","","","","","","","","","","","","","","","","",""
"html-keyboard-response","null","<div class=""chinese-character"" style=""color:#d6b300;"">绿</div>","null","560","2.1.0","815295","m25boogf27","block1_then_block2","","","color_naming","","","","","","","","","绿","lv4","","","","","","","","","2","","yellow","y","null","false","green","green","","","false","incongruent_color_character","true","2"
"html-keyboard-response","null","","null","561","2.1.0","816302","m25boogf27","block1_then_block2","","","inter_trial_interval","","","","","","","","","","","","","","","","","","","","","","","","","","","","","","","",""
"html-keyboard-response","null","<div class=""fixation"">+</div>","null","562","2.1.0","816806","m25boogf27","block1_then_block2","","","fixation","","","","","","","","","","","","","","","","","","","","","","","","","","","","","","","",""
"html-keyboard-response","null","<div class=""chinese-character"" style=""color:#d6b300;"">饭</div>","null","563","2.1.0","819812","m25boogf27","block1_then_block2","","","color_naming","","","","","","","","","饭","fan4","","","","","","","","","2","","yellow","y","null","false","f2_14","meal","","","true","filler","false","null"
"html-keyboard-response","null","","null","564","2.1.0","820819","m25boogf27","block1_then_block2","","","inter_trial_interval","","","","","","","","","","","","","","","","","","","","","","","","","","","","","","","",""
"html-keyboard-response","null","<div class=""fixation"">+</div>","null","565","2.1.0","821325","m25boogf27","block1_then_block2","","","fixation","","","","","","","","","","","","","","","","","","","","","","","","","","","","","","","",""
"html-keyboard-response","null","<div class=""chinese-character"" style=""color:#d62728;"">猫</div>","null","566","2.1.0","824331","m25boogf27","block1_then_block2","","","color_naming","","","","","","","","","猫","mao1","","","","","","","","","2","","red","r","null","false","f2_1","cat","","","true","filler","false","null"
"html-keyboard-response","null","","null","567","2.1.0","825338","m25boogf27","block1_then_block2","","","inter_trial_interval","","","","","","","","","","","","","","","","","","","","","","","","","","","","","","","",""
"html-keyboard-response","null","<div class=""fixation"">+</div>","null","568","2.1.0","825845","m25boogf27","block1_then_block2","","","fixation","","","","","","","","","","","","","","","","","","","","","","","","","","","","","","","",""
"html-keyboard-response","null","<div class=""chinese-character"" style=""color:#2ca02c;"">黄</div>","null","569","2.1.0","828852","m25boogf27","block1_then_block2","","","color_naming","","","","","","","","","黄","huang2","","","","","","","","","2","","green","g","null","false","yellow","yellow","","","false","incongruent_color_character","true","2"
"html-keyboard-response","null","","null","570","2.1.0","829858","m25boogf27","block1_then_block2","","","inter_trial_interval","","","","","","","","","","","","","","","","","","","","","","","","","","","","","","","",""
"html-keyboard-response","null","<div class=""fixation"">+</div>","null","571","2.1.0","830361","m25boogf27","block1_then_block2","","","fixation","","","","","","","","","","","","","","","","","","","","","","","","","","","","","","","",""
"html-keyboard-response","null","<div class=""chinese-character"" style=""color:#1f77b4;"">河</div>","null","572","2.1.0","833363","m25boogf27","block1_then_block2","","","color_naming","","","","","","","","","河","he2","","","","","","","","","2","","blue","b","null","false","f2_11","river","","","true","filler","false","null"
"html-keyboard-response","null","","null","573","2.1.0","834369","m25boogf27","block1_then_block2","","","inter_trial_interval","","","","","","","","","","","","","","","","","","","","","","","","","","","","","","","",""
"html-keyboard-response","null","<div class=""fixation"">+</div>","null","574","2.1.0","834873","m25boogf27","block1_then_block2","","","fixation","","","","","","","","","","","","","","","","","","","","","","","","","","","","","","","",""
"html-keyboard-response","null","<div class=""chinese-character"" style=""color:#d6b300;"">缠</div>","null","575","2.1.0","837878","m25boogf27","block1_then_block2","","","color_naming","","","","","","","","","缠","chan2","","","","","","","","","2","","yellow","y","null","false","yellow","wrap around","","","false","congruent_S_minus_T_plus","true","2"
"html-keyboard-response","null","","null","576","2.1.0","838885","m25boogf27","block1_then_block2","","","inter_trial_interval","","","","","","","","","","","","","","","","","","","","","","","","","","","","","","","",""
"html-keyboard-response","null","<div class=""fixation"">+</div>","null","577","2.1.0","839391","m25boogf27","block1_then_block2","","","fixation","","","","","","","","","","","","","","","","","","","","","","","","","","","","","","","",""
"html-keyboard-response","null","<div class=""chinese-character"" style=""color:#d62728;"">红</div>","null","578","2.1.0","842395","m25boogf27","block1_then_block2","","","color_naming","","","","","","","","","红","hong2","","","","","","","","","2","","red","r","null","false","red","red","","","false","congruent_color_character","true","2"
"html-keyboard-response","null","","null","579","2.1.0","843402","m25boogf27","block1_then_block2","","","inter_trial_interval","","","","","","","","","","","","","","","","","","","","","","","","","","","","","","","",""
"html-keyboard-response","null","<div class=""fixation"">+</div>","null","580","2.1.0","843907","m25boogf27","block1_then_block2","","","fixation","","","","","","","","","","","","","","","","","","","","","","","","","","","","","","","",""
"html-keyboard-response","null","<div class=""chinese-character"" style=""color:#1f77b4;"">电</div>","null","581","2.1.0","846911","m25boogf27","block1_then_block2","","","color_naming","","","","","","","","","电","dian4","","","","","","","","","2","","blue","b","null","false","f2_15","electricity","","","true","filler","false","null"
"html-keyboard-response","null","","null","582","2.1.0","847918","m25boogf27","block1_then_block2","","","inter_trial_interval","","","","","","","","","","","","","","","","","","","","","","","","","","","","","","","",""
"html-keyboard-response","null","<div class=""fixation"">+</div>","null","583","2.1.0","848424","m25boogf27","block1_then_block2","","","fixation","","","","","","","","","","","","","","","","","","","","","","","","","","","","","","","",""
"html-keyboard-response","null","<div class=""chinese-character"" style=""color:#d6b300;"">趁</div>","null","584","2.1.0","851431","m25boogf27","block1_then_block2","","","color_naming","","","","","","","","","趁","chen4","","","","","","","","","2","","yellow","y","null","false","yellow","take advantage of","","","false","neutral","true","2"
"html-keyboard-response","null","","null","585","2.1.0","852436","m25boogf27","block1_then_block2","","","inter_trial_interval","","","","","","","","","","","","","","","","","","","","","","","","","","","","","","","",""
"html-keyboard-response","null","<div class=""fixation"">+</div>","null","586","2.1.0","852941","m25boogf27","block1_then_block2","","","fixation","","","","","","","","","","","","","","","","","","","","","","","","","","","","","","","",""
"html-keyboard-response","null","<div class=""chinese-character"" style=""color:#2ca02c;"">旅</div>","null","587","2.1.0","855945","m25boogf27","block1_then_block2","","","color_naming","","","","","","","","","旅","lv3","","","","","","","","","2","","green","g","null","false","green","travel","","","false","congruent_S_plus_T_minus","true","2"
"html-keyboard-response","null","","null","588","2.1.0","856950","m25boogf27","block1_then_block2","","","inter_trial_interval","","","","","","","","","","","","","","","","","","","","","","","","","","","","","","","",""
"html-keyboard-response","null","<div class=""fixation"">+</div>","null","589","2.1.0","857454","m25boogf27","block1_then_block2","","","fixation","","","","","","","","","","","","","","","","","","","","","","","","","","","","","","","",""
"html-keyboard-response","null","<div class=""chinese-character"" style=""color:#1f77b4;"">蓝</div>","null","590","2.1.0","860457","m25boogf27","block1_then_block2","","","color_naming","","","","","","","","","蓝","lan2","","","","","","","","","2","","blue","b","null","false","blue","blue","","","false","congruent_color_character","true","2"
"html-keyboard-response","null","","null","591","2.1.0","861463","m25boogf27","block1_then_block2","","","inter_trial_interval","","","","","","","","","","","","","","","","","","","","","","","","","","","","","","","",""
"html-keyboard-response","null","<div class=""fixation"">+</div>","null","592","2.1.0","861968","m25boogf27","block1_then_block2","","","fixation","","","","","","","","","","","","","","","","","","","","","","","","","","","","","","","",""
"html-keyboard-response","null","<div class=""chinese-character"" style=""color:#1f77b4;"">尝</div>","null","593","2.1.0","864973","m25boogf27","block1_then_block2","","","color_naming","","","","","","","","","尝","chang2","","","","","","","","","2","","blue","b","null","false","blue","taste","","","false","congruent_S_minus_T_plus","true","2"
"html-keyboard-response","null","","null","594","2.1.0","865975","m25boogf27","block1_then_block2","","","inter_trial_interval","","","","","","","","","","","","","","","","","","","","","","","","","","","","","","","",""
"html-keyboard-response","null","<div class=""fixation"">+</div>","null","595","2.1.0","866480","m25boogf27","block1_then_block2","","","fixation","","","","","","","","","","","","","","","","","","","","","","","","","","","","","","","",""
"html-keyboard-response","null","<div class=""chinese-character"" style=""color:#2ca02c;"">涂</div>","null","596","2.1.0","869486","m25boogf27","block1_then_block2","","","color_naming","","","","","","","","","涂","tu2","","","","","","","","","2","","green","g","null","false","green","paint","","","false","neutral","true","2"
"html-keyboard-response","null","","null","597","2.1.0","870492","m25boogf27","block1_then_block2","","","inter_trial_interval","","","","","","","","","","","","","","","","","","","","","","","","","","","","","","","",""
"html-keyboard-response","null","<div class=""fixation"">+</div>","null","598","2.1.0","870997","m25boogf27","block1_then_block2","","","fixation","","","","","","","","","","","","","","","","","","","","","","","","","","","","","","","",""
"html-keyboard-response","null","<div class=""chinese-character"" style=""color:#d6b300;"">狗</div>","null","599","2.1.0","874001","m25boogf27","block1_then_block2","","","color_naming","","","","","","","","","狗","gou3","","","","","","","","","2","","yellow","y","null","false","f2_2","dog","","","true","filler","false","null"
"html-keyboard-response","null","","null","600","2.1.0","875007","m25boogf27","block1_then_block2","","","inter_trial_interval","","","","","","","","","","","","","","","","","","","","","","","","","","","","","","","",""
"html-keyboard-response","null","<div class=""fixation"">+</div>","null","601","2.1.0","875511","m25boogf27","block1_then_block2","","","fixation","","","","","","","","","","","","","","","","","","","","","","","","","","","","","","","",""
"html-keyboard-response","null","<div class=""chinese-character"" style=""color:#d6b300;"">口</div>","null","602","2.1.0","878514","m25boogf27","block1_then_block2","","","color_naming","","","","","","","","","口","kou3","","","","","","","","","2","","yellow","y","null","false","f2_22","mouth","","","true","filler","false","null"
"html-keyboard-response","null","","null","603","2.1.0","879520","m25boogf27","block1_then_block2","","","inter_trial_interval","","","","","","","","","","","","","","","","","","","","","","","","","","","","","","","",""
"html-keyboard-response","null","<div class=""fixation"">+</div>","null","604","2.1.0","880025","m25boogf27","block1_then_block2","","","fixation","","","","","","","","","","","","","","","","","","","","","","","","","","","","","","","",""
"html-keyboard-response","null","<div class=""chinese-character"" style=""color:#2ca02c;"">虑</div>","null","605","2.1.0","883031","m25boogf27","block1_then_block2","","","color_naming","","","","","","","","","虑","lv4","","","","","","","","","2","","green","g","null","false","green","ponder","","","false","congruent_S_T_plus","true","2"
"html-keyboard-response","null","","null","606","2.1.0","884037","m25boogf27","block1_then_block2","","","inter_trial_interval","","","","","","","","","","","","","","","","","","","","","","","","","","","","","","","",""
"html-keyboard-response","null","<div class=""fixation"">+</div>","null","607","2.1.0","884539","m25boogf27","block1_then_block2","","","fixation","","","","","","","","","","","","","","","","","","","","","","","","","","","","","","","",""
"html-keyboard-response","null","<div class=""chinese-character"" style=""color:#2ca02c;"">影</div>","null","608","2.1.0","887544","m25boogf27","block1_then_block2","","","color_naming","","","","","","","","","影","ying3","","","","","","","","","2","","green","g","null","false","f2_16","shadow/movie","","","true","filler","false","null"
"html-keyboard-response","null","","null","609","2.1.0","888549","m25boogf27","block1_then_block2","","","inter_trial_interval","","","","","","","","","","","","","","","","","","","","","","","","","","","","","","","",""
"html-keyboard-response","null","<div class=""fixation"">+</div>","null","610","2.1.0","889055","m25boogf27","block1_then_block2","","","fixation","","","","","","","","","","","","","","","","","","","","","","","","","","","","","","","",""
"html-keyboard-response","null","<div class=""chinese-character"" style=""color:#1f77b4;"">红</div>","null","611","2.1.0","892060","m25boogf27","block1_then_block2","","","color_naming","","","","","","","","","红","hong2","","","","","","","","","2","","blue","b","null","false","red","red","","","false","incongruent_color_character","true","2"
"html-keyboard-response","null","","null","612","2.1.0","893065","m25boogf27","block1_then_block2","","","inter_trial_interval","","","","","","","","","","","","","","","","","","","","","","","","","","","","","","","",""
"html-keyboard-response","null","<div class=""fixation"">+</div>","null","613","2.1.0","893569","m25boogf27","block1_then_block2","","","fixation","","","","","","","","","","","","","","","","","","","","","","","","","","","","","","","",""
"html-keyboard-response","null","<div class=""chinese-character"" style=""color:#2ca02c;"">绿</div>","null","614","2.1.0","896576","m25boogf27","block1_then_block2","","","color_naming","","","","","","","","","绿","lv4","","","","","","","","","2","","green","g","null","false","green","green","","","false","congruent_color_character","true","2"
"html-keyboard-response","null","","null","615","2.1.0","897579","m25boogf27","block1_then_block2","","","inter_trial_interval","","","","","","","","","","","","","","","","","","","","","","","","","","","","","","","",""
"html-keyboard-response","11699","
      <div class=""instructions"">
        <h2>Experiment Complete</h2>
        <p>Thank you for participating!</p>
        <p>Your keyboard color-naming accuracy was <strong>0</strong> out of <strong>96</strong> trials (0%).</p>
        <p>Press <strong>Space</strong> to view the data.</p>
      </div>
    "," ","616","2.1.0","909280","m25boogf27","block1_then_block2","","","","","","","","","","","","","","","","","","","","","","","","","","","","","","","","","","",""
