"trial_type","rt","stimulus","response","trial_index","plugin_version","time_elapsed","subject_id","experimental_order","consent_response","consent_timestamp","task","mandarin_english_bilingual","native_language","english_age_of_acquisition","years_in_us","english_proficiency_score","mandarin_proficiency","english_proficiency","normal_or_corrected_vision","character","pinyin","recording_key","space_rt_ms","mic_available","audio_recorded","audio_size_bytes","audio_filename","audio_upload_ok","audio_upload_status","block","expected_key","ink_color","correct_key","response_color","correct","item_id","translation","source_condition","source_ink_color","is_filler","condition","is_critical","repetition"
"html-button-response","2279","<div class=""consent-text""> <h2>Consent Agreement</h2> <p> Please read this consent agreement carefully before deciding whether to participate in this experiment. </p> <p> <strong>Description:</strong> You are invited to participate in a research study about language and language learning. The purpose of the research is to understand how people learn new words. This research will be conducted through the Prolific platform, including participants from the US, UK, and Canada. If you decide to participate in this research, you will learn and use new words. </p> <p> <strong>Time Involvement:</strong> The task will last the amount of time advertised on Prolific. You are free to withdraw from the study at any time. </p> <p> <strong>Risks and Benefits:</strong> Study data will be stored securely, in compliance with Stanford University standards, minimizing the risk of confiden-tiality breach. This study advances our scientific understanding of how people learn new languages. We cannot and do not guarantee or promise that you will receive any benefits from this study. </p> <p> <strong>Compensation:</strong> You will receive payment in the amount advertised on Prolific. If you do not complete this study, you will receive prorated payment based on the time that you have spent. Additionally, you may be eligible for bonus payments as described in the instructions. </p> <p> <strong>Participant's Rights:</strong> If you have read this form and have decided to participate in this project, please understand your participation is voluntary and you have the right to withdraw your consent or discontinue participation at any time without penalty or loss of benefits to which you are otherwise entitled. The alternative is not to participate. You have the right to refuse to answer particular questions. The results of this research study may be presented at scientific or professional meetings or published in scientific journals. Your individual privacy will be maintained in all published and writ-ten data resulting from the study. In accordance with scientific norms, the data from this study may be used or shared with other researchers for future research (after removing personally identifying information) without additional consent from you. </p> <p> <strong>Contact Information:</strong> If you have any questions, concerns or complaints about this research, its procedures, risks and benefits, contact the Protocol Director, Robert Hawkins (<a href=""mailto:rdhawkins@stanford.edu"">rdhawkins@stanford.edu</a>, 217-549-6923). </p> <p> <strong>Independent Contact:</strong> If you are not satisfied with how this study is being conducted, or if you have any concerns, com-plaints, or general questions about the research or your rights as a participant, please contact the Stanford Institutional Review Board (IRB) to speak to someone independent of the research team at 650-723-2480 or toll free at 1-866-680-2906, or email at irbnonmed@stanford.edu. You can also write to the Stanford IRB, Stanford University, 1705 El Camino Real, Palo Alto, CA 94306. Please save or print a copy of this page for your records. </p> <p> <strong>If you agree to participate in this research, please click ""I agree""</strong> </p></br> </div>","0","0","2.1.0","2285","na64l7rp37","block2_then_block1","agree","2026-05-27T00:12:24.963Z","","","","","","","","","","","","","","","","","","","","","","","","","","","","","","","","",""
"html-keyboard-response","4688","
    <div class=""instructions"">
      <h2>Welcome</h2>
      <p>Thank you for participating in this experiment.</p>
      <p>This study has two kinds of tasks:</p>
      <ol>
        <li>Read Chinese characters aloud in Mandarin.</li>
        <li>Name the ink color of Chinese characters in English.</li>
      </ol>
      <p>Press <strong>Space</strong> to continue.</p>
    </div>
  "," ","1","2.1.0","6976","na64l7rp37","block2_then_block1","","","","","","","","","","","","","","","","","","","","","","","","","","","","","","","","","","",""
"survey-html-form","50004","","{""mandarin_english_bilingual"":""yes"",""native_language"":""Mandarin"",""english_age_of_acquisition"":""5"",""years_in_us"":""0"",""english_proficiency_score"":""Professional"",""mandarin_proficiency"":""native"",""english_proficiency"":""advanced"",""normal_or_corrected_vision"":""yes""}","2","2.1.0","56983","na64l7rp37","block2_then_block1","","","participant_information","yes","Mandarin","5","0","Professional","native","advanced","yes","","","","","","","","","","","","","","","","","","","","","","","",""
"html-keyboard-response","4995","
    <div class=""instructions"">
      <h2>Color Response Keys</h2>
      <p>In the color-naming task, respond to the <strong>ink color</strong>, not the meaning of the character.</p>
      <ul>
        <li><strong>R</strong> = red</li>
        <li><strong>Y</strong> = yellow</li>
        <li><strong>B</strong> = blue</li>
        <li><strong>G</strong> = green</li>
      </ul>
      <p>Respond as quickly and accurately as possible.</p>
      <p>Press <strong>Space</strong> to continue.</p>
    </div>
  "," ","3","2.1.0","61979","na64l7rp37","block2_then_block1","","","","","","","","","","","","","","","","","","","","","","","","","","","","","","","","","","",""
"html-keyboard-response","28406","
    <div class=""instructions"">
      <h2>Microphone Access</h2>
      <p>This experiment records your voice responses during the Chinese character-naming task.</p>
      <p>Your browser may ask for microphone permission — please click <strong>Allow</strong>.</p>
      <p>Your voice recordings will be securely uploaded to our research server (DataPipe) for analysis.</p>
      <p>Press <strong>Space</strong> once you have granted permission (or if no prompt appeared).</p>
    </div>
  "," ","4","2.1.0","90386","na64l7rp37","block2_then_block1","","","mic_permission","","","","","","","","","","","","","","","","","","","","","","","","","","","","","","","",""
"html-keyboard-response","7713","
      <div class=""instructions"">
        <h2>Practice — Character Reading</h2>
        <p>First, you will practice reading Chinese characters aloud.</p>
        <p>Each character will appear on screen. Say it aloud in Mandarin, then press <strong>Space</strong> to move immediately to the next character.</p>
        <p>Your voice will be recorded during the real experiment.</p>
        <p>Press <strong>Space</strong> to start.</p>
      </div>
    "," ","5","2.1.0","98101","na64l7rp37","block2_then_block1","","","","","","","","","","","","","","","","","","","","","","","","","","","","","","","","","","",""
"html-keyboard-response","null","<div class=""fixation"">+</div>","null","6","2.1.0","98605","na64l7rp37","block2_then_block1","","","fixation","","","","","","","","","","","","","","","","","","","","","","","","","","","","","","","",""
"html-keyboard-response","null","
      <div class=""chinese-character"" style=""color:#000000;"">日</div>
      <div style=""margin-top:32px; font-size:16px; color:#555; font-family:Arial,sans-serif;"">
        Say the character aloud, then press <strong>Space</strong>.
      </div>
    ","null","7","2.1.0","103608","na64l7rp37","block2_then_block1","","","practice_character_naming","","","","","","","","","日","ri4","practice_character_日","null","true","true","80474","na64l7rp37_practice_character_日.webm","true","{""message"":""Success""}","","","","","","","","","","","","","",""
"html-keyboard-response","null","","null","8","2.1.0","103719","na64l7rp37","block2_then_block1","","","inter_trial_interval","","","","","","","","","","","","","","","","","","","","","","","","","","","","","","","",""
"html-keyboard-response","null","<div class=""fixation"">+</div>","null","9","2.1.0","104225","na64l7rp37","block2_then_block1","","","fixation","","","","","","","","","","","","","","","","","","","","","","","","","","","","","","","",""
"html-keyboard-response","null","
      <div class=""chinese-character"" style=""color:#000000;"">木</div>
      <div style=""margin-top:32px; font-size:16px; color:#555; font-family:Arial,sans-serif;"">
        Say the character aloud, then press <strong>Space</strong>.
      </div>
    ","null","10","2.1.0","109237","na64l7rp37","block2_then_block1","","","practice_character_naming","","","","","","","","","木","mu4","practice_character_木","null","true","true","80474","na64l7rp37_practice_character_木.webm","true","{""message"":""Success""}","","","","","","","","","","","","","",""
"html-keyboard-response","null","","null","11","2.1.0","109355","na64l7rp37","block2_then_block1","","","inter_trial_interval","","","","","","","","","","","","","","","","","","","","","","","","","","","","","","","",""
"html-keyboard-response","null","<div class=""fixation"">+</div>","null","12","2.1.0","109860","na64l7rp37","block2_then_block1","","","fixation","","","","","","","","","","","","","","","","","","","","","","","","","","","","","","","",""
"html-keyboard-response","null","
      <div class=""chinese-character"" style=""color:#000000;"">人</div>
      <div style=""margin-top:32px; font-size:16px; color:#555; font-family:Arial,sans-serif;"">
        Say the character aloud, then press <strong>Space</strong>.
      </div>
    ","null","13","2.1.0","114877","na64l7rp37","block2_then_block1","","","practice_character_naming","","","","","","","","","人","ren2","practice_character_人","null","true","true","80474","na64l7rp37_practice_character_人.webm","true","{""message"":""Success""}","","","","","","","","","","","","","",""
"html-keyboard-response","null","","null","14","2.1.0","114982","na64l7rp37","block2_then_block1","","","inter_trial_interval","","","","","","","","","","","","","","","","","","","","","","","","","","","","","","","",""
"html-keyboard-response","null","<div class=""fixation"">+</div>","null","15","2.1.0","115493","na64l7rp37","block2_then_block1","","","fixation","","","","","","","","","","","","","","","","","","","","","","","","","","","","","","","",""
"html-keyboard-response","4113","
      <div class=""chinese-character"" style=""color:#000000;"">火</div>
      <div style=""margin-top:32px; font-size:16px; color:#555; font-family:Arial,sans-serif;"">
        Say the character aloud, then press <strong>Space</strong>.
      </div>
    "," ","16","2.1.0","119607","na64l7rp37","block2_then_block1","","","practice_character_naming","","","","","","","","","火","huo3","practice_character_火","4113","true","true","65984","na64l7rp37_practice_character_火.webm","true","{""message"":""Success""}","","","","","","","","","","","","","",""
"html-keyboard-response","null","","null","17","2.1.0","119718","na64l7rp37","block2_then_block1","","","inter_trial_interval","","","","","","","","","","","","","","","","","","","","","","","","","","","","","","","",""
"html-keyboard-response","6048","
      <div class=""instructions"">
        <h2>Practice — Color Naming</h2>
        <p>Now practice naming the ink color in English using the keyboard.</p>
        <p><strong>R</strong> = red, <strong>Y</strong> = yellow, <strong>B</strong> = blue, <strong>G</strong> = green.</p>
        <p>Press <strong>Space</strong> to start.</p>
      </div>
    "," ","18","2.1.0","125768","na64l7rp37","block2_then_block1","","","","","","","","","","","","","","","","","","","","","","","","","","","","","","","","","","",""
"html-keyboard-response","9101","
      <div class=""instructions"">
        <h2>Keyboard Check</h2>
        <p>Before we continue, please press the <strong>B</strong> key
        (for <strong>blue</strong>) on your keyboard.</p>
        <p style=""color:#888;font-size:0.9em;"">
          If your keyboard is set to a Chinese input method (IME),
          please switch to English / Roman input now, otherwise the experiment cannot record your responses.
        </p>
      </div>
    ","b","19","2.1.0","134870","na64l7rp37","block2_then_block1","","","keyboard_check","","","","","","","","","","","","","","","","","","","practice","b","","","","","","","","","","","",""
"html-keyboard-response","null","<div class=""fixation"">+</div>","null","20","2.1.0","135375","na64l7rp37","block2_then_block1","","","fixation","","","","","","","","","","","","","","","","","","","","","","","","","","","","","","","",""
"html-keyboard-response","null","<div class=""chinese-character"" style=""color:#d62728;"">日</div>","null","21","2.1.0","138392","na64l7rp37","block2_then_block1","","","practice_color_naming","","","","","","","","","日","","","","","","","","","","","","red","r","null","false","","","","","","","",""
"html-keyboard-response","null","","null","22","2.1.0","139399","na64l7rp37","block2_then_block1","","","inter_trial_interval","","","","","","","","","","","","","","","","","","","","","","","","","","","","","","","",""
"html-keyboard-response","null","<div class=""fixation"">+</div>","null","23","2.1.0","139915","na64l7rp37","block2_then_block1","","","fixation","","","","","","","","","","","","","","","","","","","","","","","","","","","","","","","",""
"html-keyboard-response","null","<div class=""chinese-character"" style=""color:#2ca02c;"">木</div>","null","24","2.1.0","142931","na64l7rp37","block2_then_block1","","","practice_color_naming","","","","","","","","","木","","","","","","","","","","","","green","g","null","false","","","","","","","",""
"html-keyboard-response","null","","null","25","2.1.0","143937","na64l7rp37","block2_then_block1","","","inter_trial_interval","","","","","","","","","","","","","","","","","","","","","","","","","","","","","","","",""
"html-keyboard-response","null","<div class=""fixation"">+</div>","null","26","2.1.0","144452","na64l7rp37","block2_then_block1","","","fixation","","","","","","","","","","","","","","","","","","","","","","","","","","","","","","","",""
"html-keyboard-response","null","<div class=""chinese-character"" style=""color:#d6b300;"">人</div>","null","27","2.1.0","147466","na64l7rp37","block2_then_block1","","","practice_color_naming","","","","","","","","","人","","","","","","","","","","","","yellow","y","null","false","","","","","","","",""
"html-keyboard-response","null","","null","28","2.1.0","148476","na64l7rp37","block2_then_block1","","","inter_trial_interval","","","","","","","","","","","","","","","","","","","","","","","","","","","","","","","",""
"html-keyboard-response","null","<div class=""fixation"">+</div>","null","29","2.1.0","148986","na64l7rp37","block2_then_block1","","","fixation","","","","","","","","","","","","","","","","","","","","","","","","","","","","","","","",""
"html-keyboard-response","null","<div class=""chinese-character"" style=""color:#1f77b4;"">火</div>","null","30","2.1.0","151996","na64l7rp37","block2_then_block1","","","practice_color_naming","","","","","","","","","火","","","","","","","","","","","","blue","b","null","false","","","","","","","",""
"html-keyboard-response","null","","null","31","2.1.0","153008","na64l7rp37","block2_then_block1","","","inter_trial_interval","","","","","","","","","","","","","","","","","","","","","","","","","","","","","","","",""
"html-keyboard-response","1219","
      <div class=""instructions"">
        <h2>End of Practice</h2>
        <p>The practice is over. The experiment will now begin.</p>
        <p>Press <strong>Space</strong> to continue.</p>
      </div>
    "," ","32","2.1.0","154228","na64l7rp37","block2_then_block1","","","","","","","","","","","","","","","","","","","","","","","","","","","","","","","","","","",""
"html-keyboard-response","6648","
      <div class=""instructions"">
        <h2>Chinese Character Naming — Block 2</h2>
        <p>You will see Chinese characters printed in black.</p>
        <p>Please <strong>say the character aloud in Mandarin</strong> as quickly and accurately as possible.</p>
        <p>After speaking, press <strong>Space</strong> to move to the next character immediately.</p>
        <p>Your voice will be recorded so we can verify your responses.</p>
        <p>Press <strong>Space</strong> to begin.</p>
      </div>
    "," ","33","2.1.0","160877","na64l7rp37","block2_then_block1","","","","","","","","","","","","","","","","","","","","","","","","","","","","","","","","","","",""
"html-keyboard-response","null","<div class=""fixation"">+</div>","null","34","2.1.0","161391","na64l7rp37","block2_then_block1","","","fixation","","","","","","","","","","","","","","","","","","","","","","","","","","","","","","","",""
"html-keyboard-response","3188","
      <div class=""chinese-character"" style=""color:#000000;"">钟</div>
      <div style=""margin-top:32px; font-size:16px; color:#555; font-family:Arial,sans-serif;"">
        Say the character aloud, then press <strong>Space</strong>.
      </div>
    "," ","35","2.1.0","164580","na64l7rp37","block2_then_block1","","","character_naming","","","","","","","","","钟","zhong1","character_naming_f2_10_block2_norep","3188","true","true","51494","na64l7rp37_character_naming_f2_10_block2_norep.webm","true","{""message"":""Success""}","2","","","","","","f2_10","clock","filler","yellow","true","","",""
"html-keyboard-response","null","","null","36","2.1.0","164689","na64l7rp37","block2_then_block1","","","inter_trial_interval","","","","","","","","","","","","","","","","","","","","","","","","","","","","","","","",""
"html-keyboard-response","null","<div class=""fixation"">+</div>","null","37","2.1.0","165200","na64l7rp37","block2_then_block1","","","fixation","","","","","","","","","","","","","","","","","","","","","","","","","","","","","","","",""
"html-keyboard-response","3467","
      <div class=""chinese-character"" style=""color:#000000;"">绿</div>
      <div style=""margin-top:32px; font-size:16px; color:#555; font-family:Arial,sans-serif;"">
        Say the character aloud, then press <strong>Space</strong>.
      </div>
    "," ","38","2.1.0","168668","na64l7rp37","block2_then_block1","","","character_naming","","","","","","","","","绿","lv4","character_naming_green_block2_rep2","3467","true","true","55358","na64l7rp37_character_naming_green_block2_rep2.webm","true","{""message"":""Success""}","2","","","","","","green","green","congruent_color_character","green","false","","",""
"html-keyboard-response","null","","null","39","2.1.0","168772","na64l7rp37","block2_then_block1","","","inter_trial_interval","","","","","","","","","","","","","","","","","","","","","","","","","","","","","","","",""
"html-keyboard-response","null","<div class=""fixation"">+</div>","null","40","2.1.0","169276","na64l7rp37","block2_then_block1","","","fixation","","","","","","","","","","","","","","","","","","","","","","","","","","","","","","","",""
"html-keyboard-response","2242","
      <div class=""chinese-character"" style=""color:#000000;"">皇</div>
      <div style=""margin-top:32px; font-size:16px; color:#555; font-family:Arial,sans-serif;"">
        Say the character aloud, then press <strong>Space</strong>.
      </div>
    "," ","41","2.1.0","171520","na64l7rp37","block2_then_block1","","","character_naming","","","","","","","","","皇","huang2","character_naming_yellow_block2_rep2","2242","true","true","36038","na64l7rp37_character_naming_yellow_block2_rep2.webm","true","{""message"":""Success""}","2","","","","","","yellow","emperor","congruent_S_T_plus","yellow","false","","",""
"html-keyboard-response","null","","null","42","2.1.0","171623","na64l7rp37","block2_then_block1","","","inter_trial_interval","","","","","","","","","","","","","","","","","","","","","","","","","","","","","","","",""
"html-keyboard-response","null","<div class=""fixation"">+</div>","null","43","2.1.0","172129","na64l7rp37","block2_then_block1","","","fixation","","","","","","","","","","","","","","","","","","","","","","","","","","","","","","","",""
"html-keyboard-response","2012","
      <div class=""chinese-character"" style=""color:#000000;"">星</div>
      <div style=""margin-top:32px; font-size:16px; color:#555; font-family:Arial,sans-serif;"">
        Say the character aloud, then press <strong>Space</strong>.
      </div>
    "," ","44","2.1.0","174143","na64l7rp37","block2_then_block1","","","character_naming","","","","","","","","","星","xing1","character_naming_f2_18_block2_norep","2012","true","true","32174","na64l7rp37_character_naming_f2_18_block2_norep.webm","true","{""message"":""Success""}","2","","","","","","f2_18","star","filler","yellow","true","","",""
"html-keyboard-response","null","","null","45","2.1.0","174247","na64l7rp37","block2_then_block1","","","inter_trial_interval","","","","","","","","","","","","","","","","","","","","","","","","","","","","","","","",""
"html-keyboard-response","null","<div class=""fixation"">+</div>","null","46","2.1.0","174758","na64l7rp37","block2_then_block1","","","fixation","","","","","","","","","","","","","","","","","","","","","","","","","","","","","","","",""
"html-keyboard-response","1818","
      <div class=""chinese-character"" style=""color:#000000;"">宫</div>
      <div style=""margin-top:32px; font-size:16px; color:#555; font-family:Arial,sans-serif;"">
        Say the character aloud, then press <strong>Space</strong>.
      </div>
    "," ","47","2.1.0","176578","na64l7rp37","block2_then_block1","","","character_naming","","","","","","","","","宫","gong1","character_naming_blue_block2_rep2","1818","true","true","29276","na64l7rp37_character_naming_blue_block2_rep2.webm","true","{""message"":""Success""}","2","","","","","","blue","palace","neutral","blue","false","","",""
"html-keyboard-response","null","","null","48","2.1.0","176689","na64l7rp37","block2_then_block1","","","inter_trial_interval","","","","","","","","","","","","","","","","","","","","","","","","","","","","","","","",""
"html-keyboard-response","null","<div class=""fixation"">+</div>","null","49","2.1.0","177204","na64l7rp37","block2_then_block1","","","fixation","","","","","","","","","","","","","","","","","","","","","","","","","","","","","","","",""
"html-keyboard-response","1853","
      <div class=""chinese-character"" style=""color:#000000;"">洪</div>
      <div style=""margin-top:32px; font-size:16px; color:#555; font-family:Arial,sans-serif;"">
        Say the character aloud, then press <strong>Space</strong>.
      </div>
    "," ","50","2.1.0","179058","na64l7rp37","block2_then_block1","","","character_naming","","","","","","","","","洪","hong2","character_naming_red_block2_rep2","1853","true","true","29276","na64l7rp37_character_naming_red_block2_rep2.webm","true","{""message"":""Success""}","2","","","","","","red","flood","congruent_S_T_plus","red","false","","",""
"html-keyboard-response","null","","null","51","2.1.0","179171","na64l7rp37","block2_then_block1","","","inter_trial_interval","","","","","","","","","","","","","","","","","","","","","","","","","","","","","","","",""
"html-keyboard-response","null","<div class=""fixation"">+</div>","null","52","2.1.0","179684","na64l7rp37","block2_then_block1","","","fixation","","","","","","","","","","","","","","","","","","","","","","","","","","","","","","","",""
"html-keyboard-response","2698","
      <div class=""chinese-character"" style=""color:#000000;"">狗</div>
      <div style=""margin-top:32px; font-size:16px; color:#555; font-family:Arial,sans-serif;"">
        Say the character aloud, then press <strong>Space</strong>.
      </div>
    "," ","53","2.1.0","182383","na64l7rp37","block2_then_block1","","","character_naming","","","","","","","","","狗","gou3","character_naming_f2_2_block2_norep","2698","true","true","43766","na64l7rp37_character_naming_f2_2_block2_norep.webm","true","{""message"":""Success""}","2","","","","","","f2_2","dog","filler","yellow","true","","",""
"html-keyboard-response","null","","null","54","2.1.0","182485","na64l7rp37","block2_then_block1","","","inter_trial_interval","","","","","","","","","","","","","","","","","","","","","","","","","","","","","","","",""
"html-keyboard-response","null","<div class=""fixation"">+</div>","null","55","2.1.0","182997","na64l7rp37","block2_then_block1","","","fixation","","","","","","","","","","","","","","","","","","","","","","","","","","","","","","","",""
"html-keyboard-response","2312","
      <div class=""chinese-character"" style=""color:#000000;"">田</div>
      <div style=""margin-top:32px; font-size:16px; color:#555; font-family:Arial,sans-serif;"">
        Say the character aloud, then press <strong>Space</strong>.
      </div>
    "," ","56","2.1.0","185310","na64l7rp37","block2_then_block1","","","character_naming","","","","","","","","","田","tian2","character_naming_f2_24_block2_norep","2312","true","true","37004","na64l7rp37_character_naming_f2_24_block2_norep.webm","true","{""message"":""Success""}","2","","","","","","f2_24","field","filler","green","true","","",""
"html-keyboard-response","null","","null","57","2.1.0","185421","na64l7rp37","block2_then_block1","","","inter_trial_interval","","","","","","","","","","","","","","","","","","","","","","","","","","","","","","","",""
"html-keyboard-response","null","<div class=""fixation"">+</div>","null","58","2.1.0","185924","na64l7rp37","block2_then_block1","","","fixation","","","","","","","","","","","","","","","","","","","","","","","","","","","","","","","",""
"html-keyboard-response","1521","
      <div class=""chinese-character"" style=""color:#000000;"">蓝</div>
      <div style=""margin-top:32px; font-size:16px; color:#555; font-family:Arial,sans-serif;"">
        Say the character aloud, then press <strong>Space</strong>.
      </div>
    "," ","59","2.1.0","187446","na64l7rp37","block2_then_block1","","","character_naming","","","","","","","","","蓝","lan2","character_naming_blue_block2_rep2","1521","true","true","24446","na64l7rp37_character_naming_blue_block2_rep2.webm","true","{""error"":""OSF_FILE_EXISTS"",""message"":""The OSF file already exists. File names must be unique.""}","2","","","","","","blue","blue","incongruent_color_character","red","false","","",""
"html-keyboard-response","null","","null","60","2.1.0","187554","na64l7rp37","block2_then_block1","","","inter_trial_interval","","","","","","","","","","","","","","","","","","","","","","","","","","","","","","","",""
"html-keyboard-response","null","<div class=""fixation"">+</div>","null","61","2.1.0","188060","na64l7rp37","block2_then_block1","","","fixation","","","","","","","","","","","","","","","","","","","","","","","","","","","","","","","",""
"html-keyboard-response","2297","
      <div class=""chinese-character"" style=""color:#000000;"">婪</div>
      <div style=""margin-top:32px; font-size:16px; color:#555; font-family:Arial,sans-serif;"">
        Say the character aloud, then press <strong>Space</strong>.
      </div>
    "," ","62","2.1.0","190358","na64l7rp37","block2_then_block1","","","character_naming","","","","","","","","","婪","lan2","character_naming_blue_block2_rep2","2297","true","true","37004","na64l7rp37_character_naming_blue_block2_rep2.webm","true","{""error"":""OSF_FILE_EXISTS"",""message"":""The OSF file already exists. File names must be unique.""}","2","","","","","","blue","greedy","congruent_S_T_plus","blue","false","","",""
"html-keyboard-response","null","","null","63","2.1.0","190472","na64l7rp37","block2_then_block1","","","inter_trial_interval","","","","","","","","","","","","","","","","","","","","","","","","","","","","","","","",""
"html-keyboard-response","null","<div class=""fixation"">+</div>","null","64","2.1.0","190979","na64l7rp37","block2_then_block1","","","fixation","","","","","","","","","","","","","","","","","","","","","","","","","","","","","","","",""
"html-keyboard-response","1435","
      <div class=""chinese-character"" style=""color:#000000;"">尝</div>
      <div style=""margin-top:32px; font-size:16px; color:#555; font-family:Arial,sans-serif;"">
        Say the character aloud, then press <strong>Space</strong>.
      </div>
    "," ","65","2.1.0","192416","na64l7rp37","block2_then_block1","","","character_naming","","","","","","","","","尝","chang2","character_naming_blue_block2_rep2","1435","true","true","22514","na64l7rp37_character_naming_blue_block2_rep2.webm","true","{""error"":""OSF_FILE_EXISTS"",""message"":""The OSF file already exists. File names must be unique.""}","2","","","","","","blue","taste","congruent_S_minus_T_plus","blue","false","","",""
"html-keyboard-response","null","","null","66","2.1.0","192533","na64l7rp37","block2_then_block1","","","inter_trial_interval","","","","","","","","","","","","","","","","","","","","","","","","","","","","","","","",""
"html-keyboard-response","null","<div class=""fixation"">+</div>","null","67","2.1.0","193037","na64l7rp37","block2_then_block1","","","fixation","","","","","","","","","","","","","","","","","","","","","","","","","","","","","","","",""
"html-keyboard-response","1694","
      <div class=""chinese-character"" style=""color:#000000;"">旅</div>
      <div style=""margin-top:32px; font-size:16px; color:#555; font-family:Arial,sans-serif;"">
        Say the character aloud, then press <strong>Space</strong>.
      </div>
    "," ","68","2.1.0","194733","na64l7rp37","block2_then_block1","","","character_naming","","","","","","","","","旅","lv3","character_naming_green_block2_rep2","1694","true","true","27344","na64l7rp37_character_naming_green_block2_rep2.webm","true","{""error"":""OSF_FILE_EXISTS"",""message"":""The OSF file already exists. File names must be unique.""}","2","","","","","","green","travel","congruent_S_plus_T_minus","green","false","","",""
"html-keyboard-response","null","","null","69","2.1.0","194839","na64l7rp37","block2_then_block1","","","inter_trial_interval","","","","","","","","","","","","","","","","","","","","","","","","","","","","","","","",""
"html-keyboard-response","null","<div class=""fixation"">+</div>","null","70","2.1.0","195350","na64l7rp37","block2_then_block1","","","fixation","","","","","","","","","","","","","","","","","","","","","","","","","","","","","","","",""
"html-keyboard-response","1493","
      <div class=""chinese-character"" style=""color:#000000;"">桌</div>
      <div style=""margin-top:32px; font-size:16px; color:#555; font-family:Arial,sans-serif;"">
        Say the character aloud, then press <strong>Space</strong>.
      </div>
    "," ","71","2.1.0","196845","na64l7rp37","block2_then_block1","","","character_naming","","","","","","","","","桌","zhuo1","character_naming_f2_6_block2_norep","1493","true","true","23480","na64l7rp37_character_naming_f2_6_block2_norep.webm","true","{""message"":""Success""}","2","","","","","","f2_6","table","filler","yellow","true","","",""
"html-keyboard-response","null","","null","72","2.1.0","196947","na64l7rp37","block2_then_block1","","","inter_trial_interval","","","","","","","","","","","","","","","","","","","","","","","","","","","","","","","",""
"html-keyboard-response","null","<div class=""fixation"">+</div>","null","73","2.1.0","197457","na64l7rp37","block2_then_block1","","","fixation","","","","","","","","","","","","","","","","","","","","","","","","","","","","","","","",""
"html-keyboard-response","1393","
      <div class=""chinese-character"" style=""color:#000000;"">影</div>
      <div style=""margin-top:32px; font-size:16px; color:#555; font-family:Arial,sans-serif;"">
        Say the character aloud, then press <strong>Space</strong>.
      </div>
    "," ","74","2.1.0","198851","na64l7rp37","block2_then_block1","","","character_naming","","","","","","","","","影","ying3","character_naming_f2_16_block2_norep","1393","true","true","22514","na64l7rp37_character_naming_f2_16_block2_norep.webm","true","{""message"":""Success""}","2","","","","","","f2_16","shadow/movie","filler","green","true","","",""
"html-keyboard-response","null","","null","75","2.1.0","198955","na64l7rp37","block2_then_block1","","","inter_trial_interval","","","","","","","","","","","","","","","","","","","","","","","","","","","","","","","",""
"html-keyboard-response","null","<div class=""fixation"">+</div>","null","76","2.1.0","199468","na64l7rp37","block2_then_block1","","","fixation","","","","","","","","","","","","","","","","","","","","","","","","","","","","","","","",""
"html-keyboard-response","1357","
      <div class=""chinese-character"" style=""color:#000000;"">笔</div>
      <div style=""margin-top:32px; font-size:16px; color:#555; font-family:Arial,sans-serif;"">
        Say the character aloud, then press <strong>Space</strong>.
      </div>
    "," ","77","2.1.0","200826","na64l7rp37","block2_then_block1","","","character_naming","","","","","","","","","笔","bi3","character_naming_f2_5_block2_norep","1357","true","true","21548","na64l7rp37_character_naming_f2_5_block2_norep.webm","true","{""message"":""Success""}","2","","","","","","f2_5","pen","filler","red","true","","",""
"html-keyboard-response","null","","null","78","2.1.0","200940","na64l7rp37","block2_then_block1","","","inter_trial_interval","","","","","","","","","","","","","","","","","","","","","","","","","","","","","","","",""
"html-keyboard-response","null","<div class=""fixation"">+</div>","null","79","2.1.0","201446","na64l7rp37","block2_then_block1","","","fixation","","","","","","","","","","","","","","","","","","","","","","","","","","","","","","","",""
"html-keyboard-response","1582","
      <div class=""chinese-character"" style=""color:#000000;"">米</div>
      <div style=""margin-top:32px; font-size:16px; color:#555; font-family:Arial,sans-serif;"">
        Say the character aloud, then press <strong>Space</strong>.
      </div>
    "," ","80","2.1.0","203030","na64l7rp37","block2_then_block1","","","character_naming","","","","","","","","","米","mi3","character_naming_f2_4_block2_norep","1582","true","true","25412","na64l7rp37_character_naming_f2_4_block2_norep.webm","true","{""message"":""Success""}","2","","","","","","f2_4","rice","filler","green","true","","",""
"html-keyboard-response","null","","null","81","2.1.0","203134","na64l7rp37","block2_then_block1","","","inter_trial_interval","","","","","","","","","","","","","","","","","","","","","","","","","","","","","","","",""
"html-keyboard-response","null","<div class=""fixation"">+</div>","null","82","2.1.0","203645","na64l7rp37","block2_then_block1","","","fixation","","","","","","","","","","","","","","","","","","","","","","","","","","","","","","","",""
"html-keyboard-response","1275","
      <div class=""chinese-character"" style=""color:#000000;"">绿</div>
      <div style=""margin-top:32px; font-size:16px; color:#555; font-family:Arial,sans-serif;"">
        Say the character aloud, then press <strong>Space</strong>.
      </div>
    "," ","83","2.1.0","204922","na64l7rp37","block2_then_block1","","","character_naming","","","","","","","","","绿","lv4","character_naming_green_block2_rep2","1275","true","true","20582","na64l7rp37_character_naming_green_block2_rep2.webm","true","{""error"":""OSF_FILE_EXISTS"",""message"":""The OSF file already exists. File names must be unique.""}","2","","","","","","green","green","incongruent_color_character","yellow","false","","",""
"html-keyboard-response","null","","null","84","2.1.0","205035","na64l7rp37","block2_then_block1","","","inter_trial_interval","","","","","","","","","","","","","","","","","","","","","","","","","","","","","","","",""
"html-keyboard-response","null","<div class=""fixation"">+</div>","null","85","2.1.0","205537","na64l7rp37","block2_then_block1","","","fixation","","","","","","","","","","","","","","","","","","","","","","","","","","","","","","","",""
"html-keyboard-response","1312","
      <div class=""chinese-character"" style=""color:#000000;"">缠</div>
      <div style=""margin-top:32px; font-size:16px; color:#555; font-family:Arial,sans-serif;"">
        Say the character aloud, then press <strong>Space</strong>.
      </div>
    "," ","86","2.1.0","206852","na64l7rp37","block2_then_block1","","","character_naming","","","","","","","","","缠","chan2","character_naming_yellow_block2_rep2","1312","true","true","20582","na64l7rp37_character_naming_yellow_block2_rep2.webm","true","{""error"":""OSF_FILE_EXISTS"",""message"":""The OSF file already exists. File names must be unique.""}","2","","","","","","yellow","wrap around","congruent_S_minus_T_plus","yellow","false","","",""
"html-keyboard-response","null","","null","87","2.1.0","206954","na64l7rp37","block2_then_block1","","","inter_trial_interval","","","","","","","","","","","","","","","","","","","","","","","","","","","","","","","",""
"html-keyboard-response","null","<div class=""fixation"">+</div>","null","88","2.1.0","207457","na64l7rp37","block2_then_block1","","","fixation","","","","","","","","","","","","","","","","","","","","","","","","","","","","","","","",""
"html-keyboard-response","1287","
      <div class=""chinese-character"" style=""color:#000000;"">口</div>
      <div style=""margin-top:32px; font-size:16px; color:#555; font-family:Arial,sans-serif;"">
        Say the character aloud, then press <strong>Space</strong>.
      </div>
    "," ","89","2.1.0","208745","na64l7rp37","block2_then_block1","","","character_naming","","","","","","","","","口","kou3","character_naming_f2_22_block2_norep","1287","true","true","20582","na64l7rp37_character_naming_f2_22_block2_norep.webm","true","{""message"":""Success""}","2","","","","","","f2_22","mouth","filler","yellow","true","","",""
"html-keyboard-response","null","","null","90","2.1.0","208853","na64l7rp37","block2_then_block1","","","inter_trial_interval","","","","","","","","","","","","","","","","","","","","","","","","","","","","","","","",""
"html-keyboard-response","null","<div class=""fixation"">+</div>","null","91","2.1.0","209355","na64l7rp37","block2_then_block1","","","fixation","","","","","","","","","","","","","","","","","","","","","","","","","","","","","","","",""
"html-keyboard-response","1475","
      <div class=""chinese-character"" style=""color:#000000;"">耳</div>
      <div style=""margin-top:32px; font-size:16px; color:#555; font-family:Arial,sans-serif;"">
        Say the character aloud, then press <strong>Space</strong>.
      </div>
    "," ","92","2.1.0","210832","na64l7rp37","block2_then_block1","","","character_naming","","","","","","","","","耳","er3","character_naming_f2_21_block2_norep","1475","true","true","23480","na64l7rp37_character_naming_f2_21_block2_norep.webm","true","{""message"":""Success""}","2","","","","","","f2_21","ear","filler","red","true","","",""
"html-keyboard-response","null","","null","93","2.1.0","210948","na64l7rp37","block2_then_block1","","","inter_trial_interval","","","","","","","","","","","","","","","","","","","","","","","","","","","","","","","",""
"html-keyboard-response","null","<div class=""fixation"">+</div>","null","94","2.1.0","211450","na64l7rp37","block2_then_block1","","","fixation","","","","","","","","","","","","","","","","","","","","","","","","","","","","","","","",""
"html-keyboard-response","1185","
      <div class=""chinese-character"" style=""color:#000000;"">衣</div>
      <div style=""margin-top:32px; font-size:16px; color:#555; font-family:Arial,sans-serif;"">
        Say the character aloud, then press <strong>Space</strong>.
      </div>
    "," ","95","2.1.0","212636","na64l7rp37","block2_then_block1","","","character_naming","","","","","","","","","衣","yi1","character_naming_f2_17_block2_norep","1185","true","true","18650","na64l7rp37_character_naming_f2_17_block2_norep.webm","true","{""message"":""Success""}","2","","","","","","f2_17","clothing","filler","red","true","","",""
"html-keyboard-response","null","","null","96","2.1.0","212739","na64l7rp37","block2_then_block1","","","inter_trial_interval","","","","","","","","","","","","","","","","","","","","","","","","","","","","","","","",""
"html-keyboard-response","null","<div class=""fixation"">+</div>","null","97","2.1.0","213244","na64l7rp37","block2_then_block1","","","fixation","","","","","","","","","","","","","","","","","","","","","","","","","","","","","","","",""
"html-keyboard-response","1067","
      <div class=""chinese-character"" style=""color:#000000;"">红</div>
      <div style=""margin-top:32px; font-size:16px; color:#555; font-family:Arial,sans-serif;"">
        Say the character aloud, then press <strong>Space</strong>.
      </div>
    "," ","98","2.1.0","214313","na64l7rp37","block2_then_block1","","","character_naming","","","","","","","","","红","hong2","character_naming_red_block2_rep2","1067","true","true","16718","na64l7rp37_character_naming_red_block2_rep2.webm","true","{""error"":""OSF_FILE_EXISTS"",""message"":""The OSF file already exists. File names must be unique.""}","2","","","","","","red","red","incongruent_color_character","blue","false","","",""
"html-keyboard-response","null","","null","99","2.1.0","214420","na64l7rp37","block2_then_block1","","","inter_trial_interval","","","","","","","","","","","","","","","","","","","","","","","","","","","","","","","",""
"html-keyboard-response","null","<div class=""fixation"">+</div>","null","100","2.1.0","214934","na64l7rp37","block2_then_block1","","","fixation","","","","","","","","","","","","","","","","","","","","","","","","","","","","","","","",""
"html-keyboard-response","1148","
      <div class=""chinese-character"" style=""color:#000000;"">河</div>
      <div style=""margin-top:32px; font-size:16px; color:#555; font-family:Arial,sans-serif;"">
        Say the character aloud, then press <strong>Space</strong>.
      </div>
    "," ","101","2.1.0","216084","na64l7rp37","block2_then_block1","","","character_naming","","","","","","","","","河","he2","character_naming_f2_11_block2_norep","1148","true","true","18650","na64l7rp37_character_naming_f2_11_block2_norep.webm","true","{""message"":""Success""}","2","","","","","","f2_11","river","filler","blue","true","","",""
"html-keyboard-response","null","","null","102","2.1.0","216199","na64l7rp37","block2_then_block1","","","inter_trial_interval","","","","","","","","","","","","","","","","","","","","","","","","","","","","","","","",""
"html-keyboard-response","null","<div class=""fixation"">+</div>","null","103","2.1.0","216706","na64l7rp37","block2_then_block1","","","fixation","","","","","","","","","","","","","","","","","","","","","","","","","","","","","","","",""
"html-keyboard-response","1357","
      <div class=""chinese-character"" style=""color:#000000;"">洞</div>
      <div style=""margin-top:32px; font-size:16px; color:#555; font-family:Arial,sans-serif;"">
        Say the character aloud, then press <strong>Space</strong>.
      </div>
    "," ","104","2.1.0","218065","na64l7rp37","block2_then_block1","","","character_naming","","","","","","","","","洞","dong4","character_naming_green_block2_rep2","1357","true","true","21548","na64l7rp37_character_naming_green_block2_rep2.webm","true","{""error"":""OSF_FILE_EXISTS"",""message"":""The OSF file already exists. File names must be unique.""}","2","","","","","","green","hole","congruent_S_minus_T_plus","green","false","","",""
"html-keyboard-response","null","","null","105","2.1.0","218171","na64l7rp37","block2_then_block1","","","inter_trial_interval","","","","","","","","","","","","","","","","","","","","","","","","","","","","","","","",""
"html-keyboard-response","null","<div class=""fixation"">+</div>","null","106","2.1.0","218685","na64l7rp37","block2_then_block1","","","fixation","","","","","","","","","","","","","","","","","","","","","","","","","","","","","","","",""
"html-keyboard-response","1232","
      <div class=""chinese-character"" style=""color:#000000;"">涂</div>
      <div style=""margin-top:32px; font-size:16px; color:#555; font-family:Arial,sans-serif;"">
        Say the character aloud, then press <strong>Space</strong>.
      </div>
    "," ","107","2.1.0","219918","na64l7rp37","block2_then_block1","","","character_naming","","","","","","","","","涂","tu2","character_naming_green_block2_rep2","1232","true","true","19616","na64l7rp37_character_naming_green_block2_rep2.webm","true","{""error"":""OSF_FILE_EXISTS"",""message"":""The OSF file already exists. File names must be unique.""}","2","","","","","","green","paint","neutral","green","false","","",""
"html-keyboard-response","null","","null","108","2.1.0","220023","na64l7rp37","block2_then_block1","","","inter_trial_interval","","","","","","","","","","","","","","","","","","","","","","","","","","","","","","","",""
"html-keyboard-response","null","<div class=""fixation"">+</div>","null","109","2.1.0","220537","na64l7rp37","block2_then_block1","","","fixation","","","","","","","","","","","","","","","","","","","","","","","","","","","","","","","",""
"html-keyboard-response","1421","
      <div class=""chinese-character"" style=""color:#000000;"">牵</div>
      <div style=""margin-top:32px; font-size:16px; color:#555; font-family:Arial,sans-serif;"">
        Say the character aloud, then press <strong>Space</strong>.
      </div>
    "," ","110","2.1.0","221959","na64l7rp37","block2_then_block1","","","character_naming","","","","","","","","","牵","qian1","character_naming_red_block2_rep2","1421","true","true","22514","na64l7rp37_character_naming_red_block2_rep2.webm","true","{""error"":""OSF_FILE_EXISTS"",""message"":""The OSF file already exists. File names must be unique.""}","2","","","","","","red","lead along","neutral","red","false","","",""
"html-keyboard-response","null","","null","111","2.1.0","222074","na64l7rp37","block2_then_block1","","","inter_trial_interval","","","","","","","","","","","","","","","","","","","","","","","","","","","","","","","",""
"html-keyboard-response","null","<div class=""fixation"">+</div>","null","112","2.1.0","222590","na64l7rp37","block2_then_block1","","","fixation","","","","","","","","","","","","","","","","","","","","","","","","","","","","","","","",""
"html-keyboard-response","1354","
      <div class=""chinese-character"" style=""color:#000000;"">虑</div>
      <div style=""margin-top:32px; font-size:16px; color:#555; font-family:Arial,sans-serif;"">
        Say the character aloud, then press <strong>Space</strong>.
      </div>
    "," ","113","2.1.0","223947","na64l7rp37","block2_then_block1","","","character_naming","","","","","","","","","虑","lv4","character_naming_green_block2_rep2","1354","true","true","21547","na64l7rp37_character_naming_green_block2_rep2.webm","true","{""error"":""OSF_FILE_EXISTS"",""message"":""The OSF file already exists. File names must be unique.""}","2","","","","","","green","ponder","congruent_S_T_plus","green","false","","",""
"html-keyboard-response","null","","null","114","2.1.0","224049","na64l7rp37","block2_then_block1","","","inter_trial_interval","","","","","","","","","","","","","","","","","","","","","","","","","","","","","","","",""
"html-keyboard-response","null","<div class=""fixation"">+</div>","null","115","2.1.0","224560","na64l7rp37","block2_then_block1","","","fixation","","","","","","","","","","","","","","","","","","","","","","","","","","","","","","","",""
"html-keyboard-response","1242","
      <div class=""chinese-character"" style=""color:#000000;"">马</div>
      <div style=""margin-top:32px; font-size:16px; color:#555; font-family:Arial,sans-serif;"">
        Say the character aloud, then press <strong>Space</strong>.
      </div>
    "," ","116","2.1.0","225802","na64l7rp37","block2_then_block1","","","character_naming","","","","","","","","","马","ma3","character_naming_f2_3_block2_norep","1242","true","true","19615","na64l7rp37_character_naming_f2_3_block2_norep.webm","true","{""message"":""Success""}","2","","","","","","f2_3","horse","filler","blue","true","","",""
"html-keyboard-response","null","","null","117","2.1.0","225905","na64l7rp37","block2_then_block1","","","inter_trial_interval","","","","","","","","","","","","","","","","","","","","","","","","","","","","","","","",""
"html-keyboard-response","null","<div class=""fixation"">+</div>","null","118","2.1.0","226417","na64l7rp37","block2_then_block1","","","fixation","","","","","","","","","","","","","","","","","","","","","","","","","","","","","","","",""
"html-keyboard-response","1560","
      <div class=""chinese-character"" style=""color:#000000;"">心</div>
      <div style=""margin-top:32px; font-size:16px; color:#555; font-family:Arial,sans-serif;"">
        Say the character aloud, then press <strong>Space</strong>.
      </div>
    "," ","119","2.1.0","227979","na64l7rp37","block2_then_block1","","","character_naming","","","","","","","","","心","xin1","character_naming_f2_23_block2_norep","1560","true","true","24446","na64l7rp37_character_naming_f2_23_block2_norep.webm","true","{""message"":""Success""}","2","","","","","","f2_23","heart","filler","blue","true","","",""
"html-keyboard-response","null","","null","120","2.1.0","228080","na64l7rp37","block2_then_block1","","","inter_trial_interval","","","","","","","","","","","","","","","","","","","","","","","","","","","","","","","",""
"html-keyboard-response","null","<div class=""fixation"">+</div>","null","121","2.1.0","228595","na64l7rp37","block2_then_block1","","","fixation","","","","","","","","","","","","","","","","","","","","","","","","","","","","","","","",""
"html-keyboard-response","1835","
      <div class=""chinese-character"" style=""color:#000000;"">红</div>
      <div style=""margin-top:32px; font-size:16px; color:#555; font-family:Arial,sans-serif;"">
        Say the character aloud, then press <strong>Space</strong>.
      </div>
    "," ","122","2.1.0","230431","na64l7rp37","block2_then_block1","","","character_naming","","","","","","","","","红","hong2","character_naming_red_block2_rep2","1835","true","true","29276","na64l7rp37_character_naming_red_block2_rep2.webm","true","{""error"":""OSF_FILE_EXISTS"",""message"":""The OSF file already exists. File names must be unique.""}","2","","","","","","red","red","congruent_color_character","red","false","","",""
"html-keyboard-response","null","","null","123","2.1.0","230547","na64l7rp37","block2_then_block1","","","inter_trial_interval","","","","","","","","","","","","","","","","","","","","","","","","","","","","","","","",""
"html-keyboard-response","null","<div class=""fixation"">+</div>","null","124","2.1.0","231064","na64l7rp37","block2_then_block1","","","fixation","","","","","","","","","","","","","","","","","","","","","","","","","","","","","","","",""
"html-keyboard-response","1498","
      <div class=""chinese-character"" style=""color:#000000;"">房</div>
      <div style=""margin-top:32px; font-size:16px; color:#555; font-family:Arial,sans-serif;"">
        Say the character aloud, then press <strong>Space</strong>.
      </div>
    "," ","125","2.1.0","232562","na64l7rp37","block2_then_block1","","","character_naming","","","","","","","","","房","fang2","character_naming_f2_8_block2_norep","1498","true","true","24446","na64l7rp37_character_naming_f2_8_block2_norep.webm","true","{""message"":""Success""}","2","","","","","","f2_8","room","filler","green","true","","",""
"html-keyboard-response","null","","null","126","2.1.0","232672","na64l7rp37","block2_then_block1","","","inter_trial_interval","","","","","","","","","","","","","","","","","","","","","","","","","","","","","","","",""
"html-keyboard-response","null","<div class=""fixation"">+</div>","null","127","2.1.0","233181","na64l7rp37","block2_then_block1","","","fixation","","","","","","","","","","","","","","","","","","","","","","","","","","","","","","","",""
"html-keyboard-response","1261","
      <div class=""chinese-character"" style=""color:#000000;"">电</div>
      <div style=""margin-top:32px; font-size:16px; color:#555; font-family:Arial,sans-serif;"">
        Say the character aloud, then press <strong>Space</strong>.
      </div>
    "," ","128","2.1.0","234443","na64l7rp37","block2_then_block1","","","character_naming","","","","","","","","","电","dian4","character_naming_f2_15_block2_norep","1261","true","true","19616","na64l7rp37_character_naming_f2_15_block2_norep.webm","true","{""message"":""Success""}","2","","","","","","f2_15","electricity","filler","blue","true","","",""
"html-keyboard-response","null","","null","129","2.1.0","234555","na64l7rp37","block2_then_block1","","","inter_trial_interval","","","","","","","","","","","","","","","","","","","","","","","","","","","","","","","",""
"html-keyboard-response","null","<div class=""fixation"">+</div>","null","130","2.1.0","235057","na64l7rp37","block2_then_block1","","","fixation","","","","","","","","","","","","","","","","","","","","","","","","","","","","","","","",""
"html-keyboard-response","1319","
      <div class=""chinese-character"" style=""color:#000000;"">球</div>
      <div style=""margin-top:32px; font-size:16px; color:#555; font-family:Arial,sans-serif;"">
        Say the character aloud, then press <strong>Space</strong>.
      </div>
    "," ","131","2.1.0","236378","na64l7rp37","block2_then_block1","","","character_naming","","","","","","","","","球","qiu2","character_naming_f2_9_block2_norep","1319","true","true","20582","na64l7rp37_character_naming_f2_9_block2_norep.webm","true","{""message"":""Success""}","2","","","","","","f2_9","ball","filler","red","true","","",""
"html-keyboard-response","null","","null","132","2.1.0","236489","na64l7rp37","block2_then_block1","","","inter_trial_interval","","","","","","","","","","","","","","","","","","","","","","","","","","","","","","","",""
"html-keyboard-response","null","<div class=""fixation"">+</div>","null","133","2.1.0","237003","na64l7rp37","block2_then_block1","","","fixation","","","","","","","","","","","","","","","","","","","","","","","","","","","","","","","",""
"html-keyboard-response","1246","
      <div class=""chinese-character"" style=""color:#000000;"">黄</div>
      <div style=""margin-top:32px; font-size:16px; color:#555; font-family:Arial,sans-serif;"">
        Say the character aloud, then press <strong>Space</strong>.
      </div>
    "," ","134","2.1.0","238250","na64l7rp37","block2_then_block1","","","character_naming","","","","","","","","","黄","huang2","character_naming_yellow_block2_rep2","1246","true","true","19616","na64l7rp37_character_naming_yellow_block2_rep2.webm","true","{""error"":""OSF_FILE_EXISTS"",""message"":""The OSF file already exists. File names must be unique.""}","2","","","","","","yellow","yellow","incongruent_color_character","green","false","","",""
"html-keyboard-response","null","","null","135","2.1.0","238368","na64l7rp37","block2_then_block1","","","inter_trial_interval","","","","","","","","","","","","","","","","","","","","","","","","","","","","","","","",""
"html-keyboard-response","null","<div class=""fixation"">+</div>","null","136","2.1.0","238878","na64l7rp37","block2_then_block1","","","fixation","","","","","","","","","","","","","","","","","","","","","","","","","","","","","","","",""
"html-keyboard-response","1268","
      <div class=""chinese-character"" style=""color:#000000;"">椅</div>
      <div style=""margin-top:32px; font-size:16px; color:#555; font-family:Arial,sans-serif;"">
        Say the character aloud, then press <strong>Space</strong>.
      </div>
    "," ","137","2.1.0","240148","na64l7rp37","block2_then_block1","","","character_naming","","","","","","","","","椅","yi3","character_naming_f2_7_block2_norep","1268","true","true","20582","na64l7rp37_character_naming_f2_7_block2_norep.webm","true","{""message"":""Success""}","2","","","","","","f2_7","chair","filler","blue","true","","",""
"html-keyboard-response","null","","null","138","2.1.0","240251","na64l7rp37","block2_then_block1","","","inter_trial_interval","","","","","","","","","","","","","","","","","","","","","","","","","","","","","","","",""
"html-keyboard-response","null","<div class=""fixation"">+</div>","null","139","2.1.0","240754","na64l7rp37","block2_then_block1","","","fixation","","","","","","","","","","","","","","","","","","","","","","","","","","","","","","","",""
"html-keyboard-response","1184","
      <div class=""chinese-character"" style=""color:#000000;"">草</div>
      <div style=""margin-top:32px; font-size:16px; color:#555; font-family:Arial,sans-serif;"">
        Say the character aloud, then press <strong>Space</strong>.
      </div>
    "," ","140","2.1.0","241940","na64l7rp37","block2_then_block1","","","character_naming","","","","","","","","","草","cao3","character_naming_f2_19_block2_norep","1184","true","true","18650","na64l7rp37_character_naming_f2_19_block2_norep.webm","true","{""message"":""Success""}","2","","","","","","f2_19","grass","filler","blue","true","","",""
"html-keyboard-response","null","","null","141","2.1.0","242052","na64l7rp37","block2_then_block1","","","inter_trial_interval","","","","","","","","","","","","","","","","","","","","","","","","","","","","","","","",""
"html-keyboard-response","null","<div class=""fixation"">+</div>","null","142","2.1.0","242572","na64l7rp37","block2_then_block1","","","fixation","","","","","","","","","","","","","","","","","","","","","","","","","","","","","","","",""
"html-keyboard-response","1038","
      <div class=""chinese-character"" style=""color:#000000;"">蓝</div>
      <div style=""margin-top:32px; font-size:16px; color:#555; font-family:Arial,sans-serif;"">
        Say the character aloud, then press <strong>Space</strong>.
      </div>
    "," ","143","2.1.0","243611","na64l7rp37","block2_then_block1","","","character_naming","","","","","","","","","蓝","lan2","character_naming_blue_block2_rep2","1038","true","true","16718","na64l7rp37_character_naming_blue_block2_rep2.webm","true","{""error"":""OSF_FILE_EXISTS"",""message"":""The OSF file already exists. File names must be unique.""}","2","","","","","","blue","blue","congruent_color_character","blue","false","","",""
"html-keyboard-response","null","","null","144","2.1.0","243719","na64l7rp37","block2_then_block1","","","inter_trial_interval","","","","","","","","","","","","","","","","","","","","","","","","","","","","","","","",""
"html-keyboard-response","null","<div class=""fixation"">+</div>","null","145","2.1.0","244228","na64l7rp37","block2_then_block1","","","fixation","","","","","","","","","","","","","","","","","","","","","","","","","","","","","","","",""
"html-keyboard-response","1141","
      <div class=""chinese-character"" style=""color:#000000;"">黄</div>
      <div style=""margin-top:32px; font-size:16px; color:#555; font-family:Arial,sans-serif;"">
        Say the character aloud, then press <strong>Space</strong>.
      </div>
    "," ","146","2.1.0","245372","na64l7rp37","block2_then_block1","","","character_naming","","","","","","","","","黄","huang2","character_naming_yellow_block2_rep2","1141","true","true","17684","na64l7rp37_character_naming_yellow_block2_rep2.webm","true","{""error"":""OSF_FILE_EXISTS"",""message"":""The OSF file already exists. File names must be unique.""}","2","","","","","","yellow","yellow","congruent_color_character","yellow","false","","",""
"html-keyboard-response","null","","null","147","2.1.0","245486","na64l7rp37","block2_then_block1","","","inter_trial_interval","","","","","","","","","","","","","","","","","","","","","","","","","","","","","","","",""
"html-keyboard-response","null","<div class=""fixation"">+</div>","null","148","2.1.0","245999","na64l7rp37","block2_then_block1","","","fixation","","","","","","","","","","","","","","","","","","","","","","","","","","","","","","","",""
"html-keyboard-response","1497","
      <div class=""chinese-character"" style=""color:#000000;"">雪</div>
      <div style=""margin-top:32px; font-size:16px; color:#555; font-family:Arial,sans-serif;"">
        Say the character aloud, then press <strong>Space</strong>.
      </div>
    "," ","149","2.1.0","247497","na64l7rp37","block2_then_block1","","","character_naming","","","","","","","","","雪","xue3","character_naming_f2_20_block2_norep","1497","true","true","23480","na64l7rp37_character_naming_f2_20_block2_norep.webm","true","{""message"":""Success""}","2","","","","","","f2_20","snow","filler","green","true","","",""
"html-keyboard-response","null","","null","150","2.1.0","247607","na64l7rp37","block2_then_block1","","","inter_trial_interval","","","","","","","","","","","","","","","","","","","","","","","","","","","","","","","",""
"html-keyboard-response","null","<div class=""fixation"">+</div>","null","151","2.1.0","248119","na64l7rp37","block2_then_block1","","","fixation","","","","","","","","","","","","","","","","","","","","","","","","","","","","","","","",""
"html-keyboard-response","1581","
      <div class=""chinese-character"" style=""color:#000000;"">晃</div>
      <div style=""margin-top:32px; font-size:16px; color:#555; font-family:Arial,sans-serif;"">
        Say the character aloud, then press <strong>Space</strong>.
      </div>
    "," ","152","2.1.0","249703","na64l7rp37","block2_then_block1","","","character_naming","","","","","","","","","晃","huang4","character_naming_yellow_block2_rep2","1581","true","true","25412","na64l7rp37_character_naming_yellow_block2_rep2.webm","true","{""error"":""OSF_FILE_EXISTS"",""message"":""The OSF file already exists. File names must be unique.""}","2","","","","","","yellow","sway","congruent_S_plus_T_minus","yellow","false","","",""
"html-keyboard-response","null","","null","153","2.1.0","249808","na64l7rp37","block2_then_block1","","","inter_trial_interval","","","","","","","","","","","","","","","","","","","","","","","","","","","","","","","",""
"html-keyboard-response","null","<div class=""fixation"">+</div>","null","154","2.1.0","250322","na64l7rp37","block2_then_block1","","","fixation","","","","","","","","","","","","","","","","","","","","","","","","","","","","","","","",""
"html-keyboard-response","1098","
      <div class=""chinese-character"" style=""color:#000000;"">海</div>
      <div style=""margin-top:32px; font-size:16px; color:#555; font-family:Arial,sans-serif;"">
        Say the character aloud, then press <strong>Space</strong>.
      </div>
    "," ","155","2.1.0","251421","na64l7rp37","block2_then_block1","","","character_naming","","","","","","","","","海","hai3","character_naming_f2_12_block2_norep","1098","true","true","17684","na64l7rp37_character_naming_f2_12_block2_norep.webm","true","{""message"":""Success""}","2","","","","","","f2_12","sea","filler","green","true","","",""
"html-keyboard-response","null","","null","156","2.1.0","251524","na64l7rp37","block2_then_block1","","","inter_trial_interval","","","","","","","","","","","","","","","","","","","","","","","","","","","","","","","",""
"html-keyboard-response","null","<div class=""fixation"">+</div>","null","157","2.1.0","252029","na64l7rp37","block2_then_block1","","","fixation","","","","","","","","","","","","","","","","","","","","","","","","","","","","","","","",""
"html-keyboard-response","1229","
      <div class=""chinese-character"" style=""color:#000000;"">脸</div>
      <div style=""margin-top:32px; font-size:16px; color:#555; font-family:Arial,sans-serif;"">
        Say the character aloud, then press <strong>Space</strong>.
      </div>
    "," ","158","2.1.0","253260","na64l7rp37","block2_then_block1","","","character_naming","","","","","","","","","脸","lian3","character_naming_f2_13_block2_norep","1229","true","true","19616","na64l7rp37_character_naming_f2_13_block2_norep.webm","true","{""message"":""Success""}","2","","","","","","f2_13","face","filler","red","true","","",""
"html-keyboard-response","null","","null","159","2.1.0","253370","na64l7rp37","block2_then_block1","","","inter_trial_interval","","","","","","","","","","","","","","","","","","","","","","","","","","","","","","","",""
"html-keyboard-response","null","<div class=""fixation"">+</div>","null","160","2.1.0","253887","na64l7rp37","block2_then_block1","","","fixation","","","","","","","","","","","","","","","","","","","","","","","","","","","","","","","",""
"html-keyboard-response","1177","
      <div class=""chinese-character"" style=""color:#000000;"">趁</div>
      <div style=""margin-top:32px; font-size:16px; color:#555; font-family:Arial,sans-serif;"">
        Say the character aloud, then press <strong>Space</strong>.
      </div>
    "," ","161","2.1.0","255066","na64l7rp37","block2_then_block1","","","character_naming","","","","","","","","","趁","chen4","character_naming_yellow_block2_rep2","1177","true","true","18650","na64l7rp37_character_naming_yellow_block2_rep2.webm","true","{""error"":""OSF_FILE_EXISTS"",""message"":""The OSF file already exists. File names must be unique.""}","2","","","","","","yellow","take advantage of","neutral","yellow","false","","",""
"html-keyboard-response","null","","null","162","2.1.0","255175","na64l7rp37","block2_then_block1","","","inter_trial_interval","","","","","","","","","","","","","","","","","","","","","","","","","","","","","","","",""
"html-keyboard-response","null","<div class=""fixation"">+</div>","null","163","2.1.0","255690","na64l7rp37","block2_then_block1","","","fixation","","","","","","","","","","","","","","","","","","","","","","","","","","","","","","","",""
"html-keyboard-response","1145","
      <div class=""chinese-character"" style=""color:#000000;"">猫</div>
      <div style=""margin-top:32px; font-size:16px; color:#555; font-family:Arial,sans-serif;"">
        Say the character aloud, then press <strong>Space</strong>.
      </div>
    "," ","164","2.1.0","256835","na64l7rp37","block2_then_block1","","","character_naming","","","","","","","","","猫","mao1","character_naming_f2_1_block2_norep","1145","true","true","18650","na64l7rp37_character_naming_f2_1_block2_norep.webm","true","{""message"":""Success""}","2","","","","","","f2_1","cat","filler","red","true","","",""
"html-keyboard-response","null","","null","165","2.1.0","256949","na64l7rp37","block2_then_block1","","","inter_trial_interval","","","","","","","","","","","","","","","","","","","","","","","","","","","","","","","",""
"html-keyboard-response","null","<div class=""fixation"">+</div>","null","166","2.1.0","257464","na64l7rp37","block2_then_block1","","","fixation","","","","","","","","","","","","","","","","","","","","","","","","","","","","","","","",""
"html-keyboard-response","1137","
      <div class=""chinese-character"" style=""color:#000000;"">瓶</div>
      <div style=""margin-top:32px; font-size:16px; color:#555; font-family:Arial,sans-serif;"">
        Say the character aloud, then press <strong>Space</strong>.
      </div>
    "," ","167","2.1.0","258602","na64l7rp37","block2_then_block1","","","character_naming","","","","","","","","","瓶","ping2","character_naming_red_block2_rep2","1137","true","true","18650","na64l7rp37_character_naming_red_block2_rep2.webm","true","{""error"":""OSF_FILE_EXISTS"",""message"":""The OSF file already exists. File names must be unique.""}","2","","","","","","red","bottle","congruent_S_minus_T_plus","red","false","","",""
"html-keyboard-response","null","","null","168","2.1.0","258719","na64l7rp37","block2_then_block1","","","inter_trial_interval","","","","","","","","","","","","","","","","","","","","","","","","","","","","","","","",""
"html-keyboard-response","null","<div class=""fixation"">+</div>","null","169","2.1.0","259228","na64l7rp37","block2_then_block1","","","fixation","","","","","","","","","","","","","","","","","","","","","","","","","","","","","","","",""
"html-keyboard-response","1265","
      <div class=""chinese-character"" style=""color:#000000;"">轰</div>
      <div style=""margin-top:32px; font-size:16px; color:#555; font-family:Arial,sans-serif;"">
        Say the character aloud, then press <strong>Space</strong>.
      </div>
    "," ","170","2.1.0","260494","na64l7rp37","block2_then_block1","","","character_naming","","","","","","","","","轰","hong1","character_naming_red_block2_rep2","1265","true","true","20582","na64l7rp37_character_naming_red_block2_rep2.webm","true","{""error"":""OSF_FILE_EXISTS"",""message"":""The OSF file already exists. File names must be unique.""}","2","","","","","","red","boom","congruent_S_plus_T_minus","red","false","","",""
"html-keyboard-response","null","","null","171","2.1.0","260608","na64l7rp37","block2_then_block1","","","inter_trial_interval","","","","","","","","","","","","","","","","","","","","","","","","","","","","","","","",""
"html-keyboard-response","null","<div class=""fixation"">+</div>","null","172","2.1.0","261125","na64l7rp37","block2_then_block1","","","fixation","","","","","","","","","","","","","","","","","","","","","","","","","","","","","","","",""
"html-keyboard-response","1109","
      <div class=""chinese-character"" style=""color:#000000;"">览</div>
      <div style=""margin-top:32px; font-size:16px; color:#555; font-family:Arial,sans-serif;"">
        Say the character aloud, then press <strong>Space</strong>.
      </div>
    "," ","173","2.1.0","262236","na64l7rp37","block2_then_block1","","","character_naming","","","","","","","","","览","lan3","character_naming_blue_block2_rep2","1109","true","true","17684","na64l7rp37_character_naming_blue_block2_rep2.webm","true","{""error"":""OSF_FILE_EXISTS"",""message"":""The OSF file already exists. File names must be unique.""}","2","","","","","","blue","view","congruent_S_plus_T_minus","blue","false","","",""
"html-keyboard-response","null","","null","174","2.1.0","262350","na64l7rp37","block2_then_block1","","","inter_trial_interval","","","","","","","","","","","","","","","","","","","","","","","","","","","","","","","",""
"html-keyboard-response","null","<div class=""fixation"">+</div>","null","175","2.1.0","262854","na64l7rp37","block2_then_block1","","","fixation","","","","","","","","","","","","","","","","","","","","","","","","","","","","","","","",""
"html-keyboard-response","1299","
      <div class=""chinese-character"" style=""color:#000000;"">饭</div>
      <div style=""margin-top:32px; font-size:16px; color:#555; font-family:Arial,sans-serif;"">
        Say the character aloud, then press <strong>Space</strong>.
      </div>
    "," ","176","2.1.0","264155","na64l7rp37","block2_then_block1","","","character_naming","","","","","","","","","饭","fan4","character_naming_f2_14_block2_norep","1299","true","true","20582","na64l7rp37_character_naming_f2_14_block2_norep.webm","true","{""message"":""Success""}","2","","","","","","f2_14","meal","filler","yellow","true","","",""
"html-keyboard-response","null","","null","177","2.1.0","264267","na64l7rp37","block2_then_block1","","","inter_trial_interval","","","","","","","","","","","","","","","","","","","","","","","","","","","","","","","",""
"html-keyboard-response","10846","
      <div class=""instructions"">
        <h2>English Color-Naming — Block 2</h2>
        <p>You will see Chinese characters printed in color.</p>
        <p>Your task is to identify the <strong>ink color in English</strong>.</p>
        <p>Ignore the character itself.</p>
        <p><strong>R</strong> = red, <strong>Y</strong> = yellow, <strong>B</strong> = blue, <strong>G</strong> = green.</p>
        <p>Press <strong>Space</strong> to begin.</p>
      </div>
    "," ","178","2.1.0","275116","na64l7rp37","block2_then_block1","","","","","","","","","","","","","","","","","","","","","","","","","","","","","","","","","","",""
"html-keyboard-response","3336","
      <div class=""instructions"">
        <h2>Keyboard Check</h2>
        <p>Before we continue, please press the <strong>B</strong> key
        (for <strong>blue</strong>) on your keyboard.</p>
        <p style=""color:#888;font-size:0.9em;"">
          If your keyboard is set to a Chinese input method (IME),
          please switch to English / Roman input now, otherwise the experiment cannot record your responses.
        </p>
      </div>
    ","b","179","2.1.0","278453","na64l7rp37","block2_then_block1","","","keyboard_check","","","","","","","","","","","","","","","","","","","2","b","","","","","","","","","","","",""
"html-keyboard-response","null","<div class=""fixation"">+</div>","null","180","2.1.0","278959","na64l7rp37","block2_then_block1","","","fixation","","","","","","","","","","","","","","","","","","","","","","","","","","","","","","","",""
"html-keyboard-response","null","<div class=""chinese-character"" style=""color:#1f77b4;"">河</div>","null","181","2.1.0","281965","na64l7rp37","block2_then_block1","","","color_naming","","","","","","","","","河","he2","","","","","","","","","2","","blue","b","null","false","f2_11","river","","","true","filler","false","null"
"html-keyboard-response","null","","null","182","2.1.0","282969","na64l7rp37","block2_then_block1","","","inter_trial_interval","","","","","","","","","","","","","","","","","","","","","","","","","","","","","","","",""
"html-keyboard-response","null","<div class=""fixation"">+</div>","null","183","2.1.0","283485","na64l7rp37","block2_then_block1","","","fixation","","","","","","","","","","","","","","","","","","","","","","","","","","","","","","","",""
"html-keyboard-response","null","<div class=""chinese-character"" style=""color:#d6b300;"">口</div>","null","184","2.1.0","286488","na64l7rp37","block2_then_block1","","","color_naming","","","","","","","","","口","kou3","","","","","","","","","2","","yellow","y","null","false","f2_22","mouth","","","true","filler","false","null"
"html-keyboard-response","null","","null","185","2.1.0","287490","na64l7rp37","block2_then_block1","","","inter_trial_interval","","","","","","","","","","","","","","","","","","","","","","","","","","","","","","","",""
"html-keyboard-response","null","<div class=""fixation"">+</div>","null","186","2.1.0","288005","na64l7rp37","block2_then_block1","","","fixation","","","","","","","","","","","","","","","","","","","","","","","","","","","","","","","",""
"html-keyboard-response","null","<div class=""chinese-character"" style=""color:#d6b300;"">狗</div>","null","187","2.1.0","291010","na64l7rp37","block2_then_block1","","","color_naming","","","","","","","","","狗","gou3","","","","","","","","","2","","yellow","y","null","false","f2_2","dog","","","true","filler","false","null"
"html-keyboard-response","null","","null","188","2.1.0","292016","na64l7rp37","block2_then_block1","","","inter_trial_interval","","","","","","","","","","","","","","","","","","","","","","","","","","","","","","","",""
"html-keyboard-response","null","<div class=""fixation"">+</div>","null","189","2.1.0","292527","na64l7rp37","block2_then_block1","","","fixation","","","","","","","","","","","","","","","","","","","","","","","","","","","","","","","",""
"html-keyboard-response","null","<div class=""chinese-character"" style=""color:#2ca02c;"">影</div>","null","190","2.1.0","295544","na64l7rp37","block2_then_block1","","","color_naming","","","","","","","","","影","ying3","","","","","","","","","2","","green","g","null","false","f2_16","shadow/movie","","","true","filler","false","null"
"html-keyboard-response","null","","null","191","2.1.0","296550","na64l7rp37","block2_then_block1","","","inter_trial_interval","","","","","","","","","","","","","","","","","","","","","","","","","","","","","","","",""
"html-keyboard-response","null","<div class=""fixation"">+</div>","null","192","2.1.0","297065","na64l7rp37","block2_then_block1","","","fixation","","","","","","","","","","","","","","","","","","","","","","","","","","","","","","","",""
"html-keyboard-response","null","<div class=""chinese-character"" style=""color:#1f77b4;"">椅</div>","null","193","2.1.0","300074","na64l7rp37","block2_then_block1","","","color_naming","","","","","","","","","椅","yi3","","","","","","","","","2","","blue","b","null","false","f2_7","chair","","","true","filler","false","null"
"html-keyboard-response","null","","null","194","2.1.0","301076","na64l7rp37","block2_then_block1","","","inter_trial_interval","","","","","","","","","","","","","","","","","","","","","","","","","","","","","","","",""
"html-keyboard-response","null","<div class=""fixation"">+</div>","null","195","2.1.0","301584","na64l7rp37","block2_then_block1","","","fixation","","","","","","","","","","","","","","","","","","","","","","","","","","","","","","","",""
"html-keyboard-response","null","<div class=""chinese-character"" style=""color:#1f77b4;"">红</div>","null","196","2.1.0","304590","na64l7rp37","block2_then_block1","","","color_naming","","","","","","","","","红","hong2","","","","","","","","","2","","blue","b","null","false","red","red","","","false","incongruent_color_character","true","2"
"html-keyboard-response","null","","null","197","2.1.0","305607","na64l7rp37","block2_then_block1","","","inter_trial_interval","","","","","","","","","","","","","","","","","","","","","","","","","","","","","","","",""
"html-keyboard-response","null","<div class=""fixation"">+</div>","null","198","2.1.0","306121","na64l7rp37","block2_then_block1","","","fixation","","","","","","","","","","","","","","","","","","","","","","","","","","","","","","","",""
"html-keyboard-response","null","<div class=""chinese-character"" style=""color:#d6b300;"">绿</div>","null","199","2.1.0","309127","na64l7rp37","block2_then_block1","","","color_naming","","","","","","","","","绿","lv4","","","","","","","","","2","","yellow","y","null","false","green","green","","","false","incongruent_color_character","true","2"
"html-keyboard-response","null","","null","200","2.1.0","310140","na64l7rp37","block2_then_block1","","","inter_trial_interval","","","","","","","","","","","","","","","","","","","","","","","","","","","","","","","",""
"html-keyboard-response","null","<div class=""fixation"">+</div>","null","201","2.1.0","310652","na64l7rp37","block2_then_block1","","","fixation","","","","","","","","","","","","","","","","","","","","","","","","","","","","","","","",""
"html-keyboard-response","null","<div class=""chinese-character"" style=""color:#2ca02c;"">绿</div>","null","202","2.1.0","313668","na64l7rp37","block2_then_block1","","","color_naming","","","","","","","","","绿","lv4","","","","","","","","","2","","green","g","null","false","green","green","","","false","congruent_color_character","true","2"
"html-keyboard-response","null","","null","203","2.1.0","314681","na64l7rp37","block2_then_block1","","","inter_trial_interval","","","","","","","","","","","","","","","","","","","","","","","","","","","","","","","",""
"html-keyboard-response","null","<div class=""fixation"">+</div>","null","204","2.1.0","315192","na64l7rp37","block2_then_block1","","","fixation","","","","","","","","","","","","","","","","","","","","","","","","","","","","","","","",""
"html-keyboard-response","null","<div class=""chinese-character"" style=""color:#1f77b4;"">马</div>","null","205","2.1.0","318209","na64l7rp37","block2_then_block1","","","color_naming","","","","","","","","","马","ma3","","","","","","","","","2","","blue","b","null","false","f2_3","horse","","","true","filler","false","null"
"html-keyboard-response","null","","null","206","2.1.0","319221","na64l7rp37","block2_then_block1","","","inter_trial_interval","","","","","","","","","","","","","","","","","","","","","","","","","","","","","","","",""
"html-keyboard-response","null","<div class=""fixation"">+</div>","null","207","2.1.0","319726","na64l7rp37","block2_then_block1","","","fixation","","","","","","","","","","","","","","","","","","","","","","","","","","","","","","","",""
"html-keyboard-response","null","<div class=""chinese-character"" style=""color:#2ca02c;"">旅</div>","null","208","2.1.0","322738","na64l7rp37","block2_then_block1","","","color_naming","","","","","","","","","旅","lv3","","","","","","","","","2","","green","g","null","false","green","travel","","","false","congruent_S_plus_T_minus","true","2"
"html-keyboard-response","null","","null","209","2.1.0","323754","na64l7rp37","block2_then_block1","","","inter_trial_interval","","","","","","","","","","","","","","","","","","","","","","","","","","","","","","","",""
"html-keyboard-response","null","<div class=""fixation"">+</div>","null","210","2.1.0","324257","na64l7rp37","block2_then_block1","","","fixation","","","","","","","","","","","","","","","","","","","","","","","","","","","","","","","",""
"html-keyboard-response","null","<div class=""chinese-character"" style=""color:#d62728;"">蓝</div>","null","211","2.1.0","327275","na64l7rp37","block2_then_block1","","","color_naming","","","","","","","","","蓝","lan2","","","","","","","","","2","","red","r","null","false","blue","blue","","","false","incongruent_color_character","true","2"
"html-keyboard-response","null","","null","212","2.1.0","328296","na64l7rp37","block2_then_block1","","","inter_trial_interval","","","","","","","","","","","","","","","","","","","","","","","","","","","","","","","",""
"html-keyboard-response","null","<div class=""fixation"">+</div>","null","213","2.1.0","328809","na64l7rp37","block2_then_block1","","","fixation","","","","","","","","","","","","","","","","","","","","","","","","","","","","","","","",""
"html-keyboard-response","null","<div class=""chinese-character"" style=""color:#1f77b4;"">蓝</div>","null","214","2.1.0","331816","na64l7rp37","block2_then_block1","","","color_naming","","","","","","","","","蓝","lan2","","","","","","","","","2","","blue","b","null","false","blue","blue","","","false","congruent_color_character","true","2"
"html-keyboard-response","null","","null","215","2.1.0","332827","na64l7rp37","block2_then_block1","","","inter_trial_interval","","","","","","","","","","","","","","","","","","","","","","","","","","","","","","","",""
"html-keyboard-response","null","<div class=""fixation"">+</div>","null","216","2.1.0","333331","na64l7rp37","block2_then_block1","","","fixation","","","","","","","","","","","","","","","","","","","","","","","","","","","","","","","",""
"html-keyboard-response","null","<div class=""chinese-character"" style=""color:#d6b300;"">星</div>","null","217","2.1.0","336336","na64l7rp37","block2_then_block1","","","color_naming","","","","","","","","","星","xing1","","","","","","","","","2","","yellow","y","null","false","f2_18","star","","","true","filler","false","null"
"html-keyboard-response","null","","null","218","2.1.0","337341","na64l7rp37","block2_then_block1","","","inter_trial_interval","","","","","","","","","","","","","","","","","","","","","","","","","","","","","","","",""
"html-keyboard-response","null","<div class=""fixation"">+</div>","null","219","2.1.0","337854","na64l7rp37","block2_then_block1","","","fixation","","","","","","","","","","","","","","","","","","","","","","","","","","","","","","","",""
"html-keyboard-response","null","<div class=""chinese-character"" style=""color:#1f77b4;"">览</div>","null","220","2.1.0","340870","na64l7rp37","block2_then_block1","","","color_naming","","","","","","","","","览","lan3","","","","","","","","","2","","blue","b","null","false","blue","view","","","false","congruent_S_plus_T_minus","true","2"
"html-keyboard-response","null","","null","221","2.1.0","341882","na64l7rp37","block2_then_block1","","","inter_trial_interval","","","","","","","","","","","","","","","","","","","","","","","","","","","","","","","",""
"html-keyboard-response","null","<div class=""fixation"">+</div>","null","222","2.1.0","342398","na64l7rp37","block2_then_block1","","","fixation","","","","","","","","","","","","","","","","","","","","","","","","","","","","","","","",""
"html-keyboard-response","null","<div class=""chinese-character"" style=""color:#d6b300;"">黄</div>","null","223","2.1.0","345412","na64l7rp37","block2_then_block1","","","color_naming","","","","","","","","","黄","huang2","","","","","","","","","2","","yellow","y","null","false","yellow","yellow","","","false","congruent_color_character","true","2"
"html-keyboard-response","null","","null","224","2.1.0","346414","na64l7rp37","block2_then_block1","","","inter_trial_interval","","","","","","","","","","","","","","","","","","","","","","","","","","","","","","","",""
"html-keyboard-response","null","<div class=""fixation"">+</div>","null","225","2.1.0","346922","na64l7rp37","block2_then_block1","","","fixation","","","","","","","","","","","","","","","","","","","","","","","","","","","","","","","",""
"html-keyboard-response","null","<div class=""chinese-character"" style=""color:#1f77b4;"">尝</div>","null","226","2.1.0","349926","na64l7rp37","block2_then_block1","","","color_naming","","","","","","","","","尝","chang2","","","","","","","","","2","","blue","b","null","false","blue","taste","","","false","congruent_S_minus_T_plus","true","2"
"html-keyboard-response","null","","null","227","2.1.0","350928","na64l7rp37","block2_then_block1","","","inter_trial_interval","","","","","","","","","","","","","","","","","","","","","","","","","","","","","","","",""
"html-keyboard-response","null","<div class=""fixation"">+</div>","null","228","2.1.0","351444","na64l7rp37","block2_then_block1","","","fixation","","","","","","","","","","","","","","","","","","","","","","","","","","","","","","","",""
"html-keyboard-response","null","<div class=""chinese-character"" style=""color:#d6b300;"">钟</div>","null","229","2.1.0","354459","na64l7rp37","block2_then_block1","","","color_naming","","","","","","","","","钟","zhong1","","","","","","","","","2","","yellow","y","null","false","f2_10","clock","","","true","filler","false","null"
"html-keyboard-response","null","","null","230","2.1.0","355472","na64l7rp37","block2_then_block1","","","inter_trial_interval","","","","","","","","","","","","","","","","","","","","","","","","","","","","","","","",""
"html-keyboard-response","null","<div class=""fixation"">+</div>","null","231","2.1.0","355987","na64l7rp37","block2_then_block1","","","fixation","","","","","","","","","","","","","","","","","","","","","","","","","","","","","","","",""
"html-keyboard-response","null","<div class=""chinese-character"" style=""color:#d62728;"">牵</div>","null","232","2.1.0","358996","na64l7rp37","block2_then_block1","","","color_naming","","","","","","","","","牵","qian1","","","","","","","","","2","","red","r","null","false","red","lead along","","","false","neutral","true","2"
"html-keyboard-response","null","","null","233","2.1.0","360002","na64l7rp37","block2_then_block1","","","inter_trial_interval","","","","","","","","","","","","","","","","","","","","","","","","","","","","","","","",""
"html-keyboard-response","null","<div class=""fixation"">+</div>","null","234","2.1.0","360515","na64l7rp37","block2_then_block1","","","fixation","","","","","","","","","","","","","","","","","","","","","","","","","","","","","","","",""
"html-keyboard-response","null","<div class=""chinese-character"" style=""color:#2ca02c;"">房</div>","null","235","2.1.0","363526","na64l7rp37","block2_then_block1","","","color_naming","","","","","","","","","房","fang2","","","","","","","","","2","","green","g","null","false","f2_8","room","","","true","filler","false","null"
"html-keyboard-response","null","","null","236","2.1.0","364539","na64l7rp37","block2_then_block1","","","inter_trial_interval","","","","","","","","","","","","","","","","","","","","","","","","","","","","","","","",""
"html-keyboard-response","null","<div class=""fixation"">+</div>","null","237","2.1.0","365046","na64l7rp37","block2_then_block1","","","fixation","","","","","","","","","","","","","","","","","","","","","","","","","","","","","","","",""
"html-keyboard-response","null","<div class=""chinese-character"" style=""color:#1f77b4;"">草</div>","null","238","2.1.0","368060","na64l7rp37","block2_then_block1","","","color_naming","","","","","","","","","草","cao3","","","","","","","","","2","","blue","b","null","false","f2_19","grass","","","true","filler","false","null"
"html-keyboard-response","null","","null","239","2.1.0","369062","na64l7rp37","block2_then_block1","","","inter_trial_interval","","","","","","","","","","","","","","","","","","","","","","","","","","","","","","","",""
"html-keyboard-response","null","<div class=""fixation"">+</div>","null","240","2.1.0","369576","na64l7rp37","block2_then_block1","","","fixation","","","","","","","","","","","","","","","","","","","","","","","","","","","","","","","",""
"html-keyboard-response","null","<div class=""chinese-character"" style=""color:#d6b300;"">桌</div>","null","241","2.1.0","372580","na64l7rp37","block2_then_block1","","","color_naming","","","","","","","","","桌","zhuo1","","","","","","","","","2","","yellow","y","null","false","f2_6","table","","","true","filler","false","null"
"html-keyboard-response","null","","null","242","2.1.0","373581","na64l7rp37","block2_then_block1","","","inter_trial_interval","","","","","","","","","","","","","","","","","","","","","","","","","","","","","","","",""
"html-keyboard-response","null","<div class=""fixation"">+</div>","null","243","2.1.0","374092","na64l7rp37","block2_then_block1","","","fixation","","","","","","","","","","","","","","","","","","","","","","","","","","","","","","","",""
"html-keyboard-response","null","<div class=""chinese-character"" style=""color:#1f77b4;"">婪</div>","null","244","2.1.0","377095","na64l7rp37","block2_then_block1","","","color_naming","","","","","","","","","婪","lan2","","","","","","","","","2","","blue","b","null","false","blue","greedy","","","false","congruent_S_T_plus","true","2"
"html-keyboard-response","null","","null","245","2.1.0","378112","na64l7rp37","block2_then_block1","","","inter_trial_interval","","","","","","","","","","","","","","","","","","","","","","","","","","","","","","","",""
"html-keyboard-response","null","<div class=""fixation"">+</div>","null","246","2.1.0","378623","na64l7rp37","block2_then_block1","","","fixation","","","","","","","","","","","","","","","","","","","","","","","","","","","","","","","",""
"html-keyboard-response","null","<div class=""chinese-character"" style=""color:#d6b300;"">缠</div>","null","247","2.1.0","381626","na64l7rp37","block2_then_block1","","","color_naming","","","","","","","","","缠","chan2","","","","","","","","","2","","yellow","y","null","false","yellow","wrap around","","","false","congruent_S_minus_T_plus","true","2"
"html-keyboard-response","null","","null","248","2.1.0","382635","na64l7rp37","block2_then_block1","","","inter_trial_interval","","","","","","","","","","","","","","","","","","","","","","","","","","","","","","","",""
"html-keyboard-response","null","<div class=""fixation"">+</div>","null","249","2.1.0","383139","na64l7rp37","block2_then_block1","","","fixation","","","","","","","","","","","","","","","","","","","","","","","","","","","","","","","",""
"html-keyboard-response","null","<div class=""chinese-character"" style=""color:#1f77b4;"">电</div>","null","250","2.1.0","386150","na64l7rp37","block2_then_block1","","","color_naming","","","","","","","","","电","dian4","","","","","","","","","2","","blue","b","null","false","f2_15","electricity","","","true","filler","false","null"
"html-keyboard-response","null","","null","251","2.1.0","387158","na64l7rp37","block2_then_block1","","","inter_trial_interval","","","","","","","","","","","","","","","","","","","","","","","","","","","","","","","",""
"html-keyboard-response","null","<div class=""fixation"">+</div>","null","252","2.1.0","387670","na64l7rp37","block2_then_block1","","","fixation","","","","","","","","","","","","","","","","","","","","","","","","","","","","","","","",""
"html-keyboard-response","null","<div class=""chinese-character"" style=""color:#d62728;"">脸</div>","null","253","2.1.0","390680","na64l7rp37","block2_then_block1","","","color_naming","","","","","","","","","脸","lian3","","","","","","","","","2","","red","r","null","false","f2_13","face","","","true","filler","false","null"
"html-keyboard-response","null","","null","254","2.1.0","391690","na64l7rp37","block2_then_block1","","","inter_trial_interval","","","","","","","","","","","","","","","","","","","","","","","","","","","","","","","",""
"html-keyboard-response","null","<div class=""fixation"">+</div>","null","255","2.1.0","392203","na64l7rp37","block2_then_block1","","","fixation","","","","","","","","","","","","","","","","","","","","","","","","","","","","","","","",""
"html-keyboard-response","null","<div class=""chinese-character"" style=""color:#d62728;"">红</div>","null","256","2.1.0","395206","na64l7rp37","block2_then_block1","","","color_naming","","","","","","","","","红","hong2","","","","","","","","","2","","red","r","null","false","red","red","","","false","congruent_color_character","true","2"
"html-keyboard-response","null","","null","257","2.1.0","396221","na64l7rp37","block2_then_block1","","","inter_trial_interval","","","","","","","","","","","","","","","","","","","","","","","","","","","","","","","",""
"html-keyboard-response","null","<div class=""fixation"">+</div>","null","258","2.1.0","396726","na64l7rp37","block2_then_block1","","","fixation","","","","","","","","","","","","","","","","","","","","","","","","","","","","","","","",""
"html-keyboard-response","null","<div class=""chinese-character"" style=""color:#2ca02c;"">洞</div>","null","259","2.1.0","399729","na64l7rp37","block2_then_block1","","","color_naming","","","","","","","","","洞","dong4","","","","","","","","","2","","green","g","null","false","green","hole","","","false","congruent_S_minus_T_plus","true","2"
"html-keyboard-response","null","","null","260","2.1.0","400736","na64l7rp37","block2_then_block1","","","inter_trial_interval","","","","","","","","","","","","","","","","","","","","","","","","","","","","","","","",""
"html-keyboard-response","null","<div class=""fixation"">+</div>","null","261","2.1.0","401242","na64l7rp37","block2_then_block1","","","fixation","","","","","","","","","","","","","","","","","","","","","","","","","","","","","","","",""
"html-keyboard-response","null","<div class=""chinese-character"" style=""color:#2ca02c;"">涂</div>","null","262","2.1.0","404258","na64l7rp37","block2_then_block1","","","color_naming","","","","","","","","","涂","tu2","","","","","","","","","2","","green","g","null","false","green","paint","","","false","neutral","true","2"
"html-keyboard-response","null","","null","263","2.1.0","405271","na64l7rp37","block2_then_block1","","","inter_trial_interval","","","","","","","","","","","","","","","","","","","","","","","","","","","","","","","",""
"html-keyboard-response","null","<div class=""fixation"">+</div>","null","264","2.1.0","405780","na64l7rp37","block2_then_block1","","","fixation","","","","","","","","","","","","","","","","","","","","","","","","","","","","","","","",""
"html-keyboard-response","null","<div class=""chinese-character"" style=""color:#d62728;"">耳</div>","null","265","2.1.0","408797","na64l7rp37","block2_then_block1","","","color_naming","","","","","","","","","耳","er3","","","","","","","","","2","","red","r","null","false","f2_21","ear","","","true","filler","false","null"
"html-keyboard-response","null","","null","266","2.1.0","409811","na64l7rp37","block2_then_block1","","","inter_trial_interval","","","","","","","","","","","","","","","","","","","","","","","","","","","","","","","",""
"html-keyboard-response","null","<div class=""fixation"">+</div>","null","267","2.1.0","410329","na64l7rp37","block2_then_block1","","","fixation","","","","","","","","","","","","","","","","","","","","","","","","","","","","","","","",""
"html-keyboard-response","null","<div class=""chinese-character"" style=""color:#2ca02c;"">雪</div>","null","268","2.1.0","413331","na64l7rp37","block2_then_block1","","","color_naming","","","","","","","","","雪","xue3","","","","","","","","","2","","green","g","null","false","f2_20","snow","","","true","filler","false","null"
"html-keyboard-response","null","","null","269","2.1.0","414342","na64l7rp37","block2_then_block1","","","inter_trial_interval","","","","","","","","","","","","","","","","","","","","","","","","","","","","","","","",""
"html-keyboard-response","null","<div class=""fixation"">+</div>","null","270","2.1.0","414845","na64l7rp37","block2_then_block1","","","fixation","","","","","","","","","","","","","","","","","","","","","","","","","","","","","","","",""
"html-keyboard-response","null","<div class=""chinese-character"" style=""color:#d62728;"">衣</div>","null","271","2.1.0","417858","na64l7rp37","block2_then_block1","","","color_naming","","","","","","","","","衣","yi1","","","","","","","","","2","","red","r","null","false","f2_17","clothing","","","true","filler","false","null"
"html-keyboard-response","null","","null","272","2.1.0","418877","na64l7rp37","block2_then_block1","","","inter_trial_interval","","","","","","","","","","","","","","","","","","","","","","","","","","","","","","","",""
"html-keyboard-response","null","<div class=""fixation"">+</div>","null","273","2.1.0","419386","na64l7rp37","block2_then_block1","","","fixation","","","","","","","","","","","","","","","","","","","","","","","","","","","","","","","",""
"html-keyboard-response","null","<div class=""chinese-character"" style=""color:#2ca02c;"">海</div>","null","274","2.1.0","422399","na64l7rp37","block2_then_block1","","","color_naming","","","","","","","","","海","hai3","","","","","","","","","2","","green","g","null","false","f2_12","sea","","","true","filler","false","null"
"html-keyboard-response","null","","null","275","2.1.0","423407","na64l7rp37","block2_then_block1","","","inter_trial_interval","","","","","","","","","","","","","","","","","","","","","","","","","","","","","","","",""
"html-keyboard-response","null","<div class=""fixation"">+</div>","null","276","2.1.0","423916","na64l7rp37","block2_then_block1","","","fixation","","","","","","","","","","","","","","","","","","","","","","","","","","","","","","","",""
"html-keyboard-response","null","<div class=""chinese-character"" style=""color:#d62728;"">洪</div>","null","277","2.1.0","426925","na64l7rp37","block2_then_block1","","","color_naming","","","","","","","","","洪","hong2","","","","","","","","","2","","red","r","null","false","red","flood","","","false","congruent_S_T_plus","true","2"
"html-keyboard-response","null","","null","278","2.1.0","427940","na64l7rp37","block2_then_block1","","","inter_trial_interval","","","","","","","","","","","","","","","","","","","","","","","","","","","","","","","",""
"html-keyboard-response","null","<div class=""fixation"">+</div>","null","279","2.1.0","428444","na64l7rp37","block2_then_block1","","","fixation","","","","","","","","","","","","","","","","","","","","","","","","","","","","","","","",""
"html-keyboard-response","null","<div class=""chinese-character"" style=""color:#d6b300;"">皇</div>","null","280","2.1.0","431461","na64l7rp37","block2_then_block1","","","color_naming","","","","","","","","","皇","huang2","","","","","","","","","2","","yellow","y","null","false","yellow","emperor","","","false","congruent_S_T_plus","true","2"
"html-keyboard-response","null","","null","281","2.1.0","432472","na64l7rp37","block2_then_block1","","","inter_trial_interval","","","","","","","","","","","","","","","","","","","","","","","","","","","","","","","",""
"html-keyboard-response","null","<div class=""fixation"">+</div>","null","282","2.1.0","432975","na64l7rp37","block2_then_block1","","","fixation","","","","","","","","","","","","","","","","","","","","","","","","","","","","","","","",""
"html-keyboard-response","null","<div class=""chinese-character"" style=""color:#d62728;"">轰</div>","null","283","2.1.0","435986","na64l7rp37","block2_then_block1","","","color_naming","","","","","","","","","轰","hong1","","","","","","","","","2","","red","r","null","false","red","boom","","","false","congruent_S_plus_T_minus","true","2"
"html-keyboard-response","null","","null","284","2.1.0","436995","na64l7rp37","block2_then_block1","","","inter_trial_interval","","","","","","","","","","","","","","","","","","","","","","","","","","","","","","","",""
"html-keyboard-response","null","<div class=""fixation"">+</div>","null","285","2.1.0","437510","na64l7rp37","block2_then_block1","","","fixation","","","","","","","","","","","","","","","","","","","","","","","","","","","","","","","",""
"html-keyboard-response","null","<div class=""chinese-character"" style=""color:#2ca02c;"">黄</div>","null","286","2.1.0","440519","na64l7rp37","block2_then_block1","","","color_naming","","","","","","","","","黄","huang2","","","","","","","","","2","","green","g","null","false","yellow","yellow","","","false","incongruent_color_character","true","2"
"html-keyboard-response","null","","null","287","2.1.0","441528","na64l7rp37","block2_then_block1","","","inter_trial_interval","","","","","","","","","","","","","","","","","","","","","","","","","","","","","","","",""
"html-keyboard-response","null","<div class=""fixation"">+</div>","null","288","2.1.0","442044","na64l7rp37","block2_then_block1","","","fixation","","","","","","","","","","","","","","","","","","","","","","","","","","","","","","","",""
"html-keyboard-response","null","<div class=""chinese-character"" style=""color:#d62728;"">瓶</div>","null","289","2.1.0","445046","na64l7rp37","block2_then_block1","","","color_naming","","","","","","","","","瓶","ping2","","","","","","","","","2","","red","r","null","false","red","bottle","","","false","congruent_S_minus_T_plus","true","2"
"html-keyboard-response","null","","null","290","2.1.0","446062","na64l7rp37","block2_then_block1","","","inter_trial_interval","","","","","","","","","","","","","","","","","","","","","","","","","","","","","","","",""
"html-keyboard-response","null","<div class=""fixation"">+</div>","null","291","2.1.0","446564","na64l7rp37","block2_then_block1","","","fixation","","","","","","","","","","","","","","","","","","","","","","","","","","","","","","","",""
"html-keyboard-response","null","<div class=""chinese-character"" style=""color:#2ca02c;"">田</div>","null","292","2.1.0","449566","na64l7rp37","block2_then_block1","","","color_naming","","","","","","","","","田","tian2","","","","","","","","","2","","green","g","null","false","f2_24","field","","","true","filler","false","null"
"html-keyboard-response","null","","null","293","2.1.0","450580","na64l7rp37","block2_then_block1","","","inter_trial_interval","","","","","","","","","","","","","","","","","","","","","","","","","","","","","","","",""
"html-keyboard-response","null","<div class=""fixation"">+</div>","null","294","2.1.0","451082","na64l7rp37","block2_then_block1","","","fixation","","","","","","","","","","","","","","","","","","","","","","","","","","","","","","","",""
"html-keyboard-response","null","<div class=""chinese-character"" style=""color:#d6b300;"">晃</div>","null","295","2.1.0","454098","na64l7rp37","block2_then_block1","","","color_naming","","","","","","","","","晃","huang4","","","","","","","","","2","","yellow","y","null","false","yellow","sway","","","false","congruent_S_plus_T_minus","true","2"
"html-keyboard-response","null","","null","296","2.1.0","455111","na64l7rp37","block2_then_block1","","","inter_trial_interval","","","","","","","","","","","","","","","","","","","","","","","","","","","","","","","",""
"html-keyboard-response","null","<div class=""fixation"">+</div>","null","297","2.1.0","455626","na64l7rp37","block2_then_block1","","","fixation","","","","","","","","","","","","","","","","","","","","","","","","","","","","","","","",""
"html-keyboard-response","null","<div class=""chinese-character"" style=""color:#2ca02c;"">米</div>","null","298","2.1.0","458643","na64l7rp37","block2_then_block1","","","color_naming","","","","","","","","","米","mi3","","","","","","","","","2","","green","g","null","false","f2_4","rice","","","true","filler","false","null"
"html-keyboard-response","null","","null","299","2.1.0","459646","na64l7rp37","block2_then_block1","","","inter_trial_interval","","","","","","","","","","","","","","","","","","","","","","","","","","","","","","","",""
"html-keyboard-response","null","<div class=""fixation"">+</div>","null","300","2.1.0","460153","na64l7rp37","block2_then_block1","","","fixation","","","","","","","","","","","","","","","","","","","","","","","","","","","","","","","",""
"html-keyboard-response","null","<div class=""chinese-character"" style=""color:#d6b300;"">趁</div>","null","301","2.1.0","463167","na64l7rp37","block2_then_block1","","","color_naming","","","","","","","","","趁","chen4","","","","","","","","","2","","yellow","y","null","false","yellow","take advantage of","","","false","neutral","true","2"
"html-keyboard-response","null","","null","302","2.1.0","464169","na64l7rp37","block2_then_block1","","","inter_trial_interval","","","","","","","","","","","","","","","","","","","","","","","","","","","","","","","",""
"html-keyboard-response","null","<div class=""fixation"">+</div>","null","303","2.1.0","464680","na64l7rp37","block2_then_block1","","","fixation","","","","","","","","","","","","","","","","","","","","","","","","","","","","","","","",""
"html-keyboard-response","null","<div class=""chinese-character"" style=""color:#1f77b4;"">心</div>","null","304","2.1.0","467693","na64l7rp37","block2_then_block1","","","color_naming","","","","","","","","","心","xin1","","","","","","","","","2","","blue","b","null","false","f2_23","heart","","","true","filler","false","null"
"html-keyboard-response","null","","null","305","2.1.0","468700","na64l7rp37","block2_then_block1","","","inter_trial_interval","","","","","","","","","","","","","","","","","","","","","","","","","","","","","","","",""
"html-keyboard-response","null","<div class=""fixation"">+</div>","null","306","2.1.0","469202","na64l7rp37","block2_then_block1","","","fixation","","","","","","","","","","","","","","","","","","","","","","","","","","","","","","","",""
"html-keyboard-response","null","<div class=""chinese-character"" style=""color:#d6b300;"">饭</div>","null","307","2.1.0","472219","na64l7rp37","block2_then_block1","","","color_naming","","","","","","","","","饭","fan4","","","","","","","","","2","","yellow","y","null","false","f2_14","meal","","","true","filler","false","null"
"html-keyboard-response","null","","null","308","2.1.0","473229","na64l7rp37","block2_then_block1","","","inter_trial_interval","","","","","","","","","","","","","","","","","","","","","","","","","","","","","","","",""
"html-keyboard-response","null","<div class=""fixation"">+</div>","null","309","2.1.0","473736","na64l7rp37","block2_then_block1","","","fixation","","","","","","","","","","","","","","","","","","","","","","","","","","","","","","","",""
"html-keyboard-response","null","<div class=""chinese-character"" style=""color:#1f77b4;"">宫</div>","null","310","2.1.0","476742","na64l7rp37","block2_then_block1","","","color_naming","","","","","","","","","宫","gong1","","","","","","","","","2","","blue","b","null","false","blue","palace","","","false","neutral","true","2"
"html-keyboard-response","null","","null","311","2.1.0","477761","na64l7rp37","block2_then_block1","","","inter_trial_interval","","","","","","","","","","","","","","","","","","","","","","","","","","","","","","","",""
"html-keyboard-response","null","<div class=""fixation"">+</div>","null","312","2.1.0","478280","na64l7rp37","block2_then_block1","","","fixation","","","","","","","","","","","","","","","","","","","","","","","","","","","","","","","",""
"html-keyboard-response","null","<div class=""chinese-character"" style=""color:#d62728;"">球</div>","null","313","2.1.0","481294","na64l7rp37","block2_then_block1","","","color_naming","","","","","","","","","球","qiu2","","","","","","","","","2","","red","r","null","false","f2_9","ball","","","true","filler","false","null"
"html-keyboard-response","null","","null","314","2.1.0","482299","na64l7rp37","block2_then_block1","","","inter_trial_interval","","","","","","","","","","","","","","","","","","","","","","","","","","","","","","","",""
"html-keyboard-response","null","<div class=""fixation"">+</div>","null","315","2.1.0","482807","na64l7rp37","block2_then_block1","","","fixation","","","","","","","","","","","","","","","","","","","","","","","","","","","","","","","",""
"html-keyboard-response","null","<div class=""chinese-character"" style=""color:#d62728;"">笔</div>","null","316","2.1.0","485824","na64l7rp37","block2_then_block1","","","color_naming","","","","","","","","","笔","bi3","","","","","","","","","2","","red","r","null","false","f2_5","pen","","","true","filler","false","null"
"html-keyboard-response","null","","null","317","2.1.0","486843","na64l7rp37","block2_then_block1","","","inter_trial_interval","","","","","","","","","","","","","","","","","","","","","","","","","","","","","","","",""
"html-keyboard-response","null","<div class=""fixation"">+</div>","null","318","2.1.0","487358","na64l7rp37","block2_then_block1","","","fixation","","","","","","","","","","","","","","","","","","","","","","","","","","","","","","","",""
"html-keyboard-response","null","<div class=""chinese-character"" style=""color:#d62728;"">猫</div>","null","319","2.1.0","490484","na64l7rp37","block2_then_block1","","","color_naming","","","","","","","","","猫","mao1","","","","","","","","","2","","red","r","null","false","f2_1","cat","","","true","filler","false","null"
"html-keyboard-response","null","","null","320","2.1.0","491985","na64l7rp37","block2_then_block1","","","inter_trial_interval","","","","","","","","","","","","","","","","","","","","","","","","","","","","","","","",""
"html-keyboard-response","null","<div class=""fixation"">+</div>","null","321","2.1.0","492492","na64l7rp37","block2_then_block1","","","fixation","","","","","","","","","","","","","","","","","","","","","","","","","","","","","","","",""
"html-keyboard-response","null","<div class=""chinese-character"" style=""color:#2ca02c;"">虑</div>","null","322","2.1.0","496386","na64l7rp37","block2_then_block1","","","color_naming","","","","","","","","","虑","lv4","","","","","","","","","2","","green","g","null","false","green","ponder","","","false","congruent_S_T_plus","true","2"
"html-keyboard-response","null","","null","323","2.1.0","497394","na64l7rp37","block2_then_block1","","","inter_trial_interval","","","","","","","","","","","","","","","","","","","","","","","","","","","","","","","",""
"html-keyboard-response","1234242","
    <div class=""instructions"">
      <h2>Short Break</h2>
      <p>You have completed the first half of the experiment.</p>
      <p>Press <strong>Space</strong> when you are ready to continue.</p>
    </div>
  "," ","324","2.1.0","1731638","na64l7rp37","block2_then_block1","","","","","","","","","","","","","","","","","","","","","","","","","","","","","","","","","","",""
"html-keyboard-response","7408","
      <div class=""instructions"">
        <h2>Chinese Character Naming — Block 1</h2>
        <p>You will see Chinese characters printed in black.</p>
        <p>Please <strong>say the character aloud in Mandarin</strong> as quickly and accurately as possible.</p>
        <p>After speaking, press <strong>Space</strong> to move to the next character immediately.</p>
        <p>Your voice will be recorded so we can verify your responses.</p>
        <p>Press <strong>Space</strong> to begin.</p>
      </div>
    "," ","325","2.1.0","1739048","na64l7rp37","block2_then_block1","","","","","","","","","","","","","","","","","","","","","","","","","","","","","","","","","","",""
"html-keyboard-response","null","<div class=""fixation"">+</div>","null","326","2.1.0","1739551","na64l7rp37","block2_then_block1","","","fixation","","","","","","","","","","","","","","","","","","","","","","","","","","","","","","","",""
"html-keyboard-response","1190","
      <div class=""chinese-character"" style=""color:#000000;"">涂</div>
      <div style=""margin-top:32px; font-size:16px; color:#555; font-family:Arial,sans-serif;"">
        Say the character aloud, then press <strong>Space</strong>.
      </div>
    "," ","327","2.1.0","1740743","na64l7rp37","block2_then_block1","","","character_naming","","","","","","","","","涂","tu2","character_naming_green_block1_rep1","1190","true","true","18650","na64l7rp37_character_naming_green_block1_rep1.webm","true","{""error"":null,""message"":""Data received. OSF upload will be retried automatically.""}","1","","","","","","green","paint","neutral","green","false","","",""
"html-keyboard-response","null","","null","328","2.1.0","1740848","na64l7rp37","block2_then_block1","","","inter_trial_interval","","","","","","","","","","","","","","","","","","","","","","","","","","","","","","","",""
"html-keyboard-response","null","<div class=""fixation"">+</div>","null","329","2.1.0","1741354","na64l7rp37","block2_then_block1","","","fixation","","","","","","","","","","","","","","","","","","","","","","","","","","","","","","","",""
"html-keyboard-response","1491","
      <div class=""chinese-character"" style=""color:#000000;"">风</div>
      <div style=""margin-top:32px; font-size:16px; color:#555; font-family:Arial,sans-serif;"">
        Say the character aloud, then press <strong>Space</strong>.
      </div>
    "," ","330","2.1.0","1742846","na64l7rp37","block2_then_block1","","","character_naming","","","","","","","","","风","feng1","character_naming_f1_10_block1_norep","1491","true","true","23480","na64l7rp37_character_naming_f1_10_block1_norep.webm","true","{""error"":null,""message"":""Data received. OSF upload will be retried automatically.""}","1","","","","","","f1_10","wind","filler","yellow","true","","",""
"html-keyboard-response","null","","null","331","2.1.0","1742947","na64l7rp37","block2_then_block1","","","inter_trial_interval","","","","","","","","","","","","","","","","","","","","","","","","","","","","","","","",""
"html-keyboard-response","null","<div class=""fixation"">+</div>","null","332","2.1.0","1743454","na64l7rp37","block2_then_block1","","","fixation","","","","","","","","","","","","","","","","","","","","","","","","","","","","","","","",""
"html-keyboard-response","977","
      <div class=""chinese-character"" style=""color:#000000;"">纸</div>
      <div style=""margin-top:32px; font-size:16px; color:#555; font-family:Arial,sans-serif;"">
        Say the character aloud, then press <strong>Space</strong>.
      </div>
    "," ","333","2.1.0","1744433","na64l7rp37","block2_then_block1","","","character_naming","","","","","","","","","纸","zhi3","character_naming_f1_19_block1_norep","977","true","true","15752","na64l7rp37_character_naming_f1_19_block1_norep.webm","true","{""error"":null,""message"":""Data received. OSF upload will be retried automatically.""}","1","","","","","","f1_19","paper","filler","blue","true","","",""
"html-keyboard-response","null","","null","334","2.1.0","1744539","na64l7rp37","block2_then_block1","","","inter_trial_interval","","","","","","","","","","","","","","","","","","","","","","","","","","","","","","","",""
"html-keyboard-response","null","<div class=""fixation"">+</div>","null","335","2.1.0","1745041","na64l7rp37","block2_then_block1","","","fixation","","","","","","","","","","","","","","","","","","","","","","","","","","","","","","","",""
"html-keyboard-response","891","
      <div class=""chinese-character"" style=""color:#000000;"">雨</div>
      <div style=""margin-top:32px; font-size:16px; color:#555; font-family:Arial,sans-serif;"">
        Say the character aloud, then press <strong>Space</strong>.
      </div>
    "," ","336","2.1.0","1745933","na64l7rp37","block2_then_block1","","","character_naming","","","","","","","","","雨","yu3","character_naming_f1_17_block1_norep","891","true","true","13820","na64l7rp37_character_naming_f1_17_block1_norep.webm","true","{""error"":null,""message"":""Data received. OSF upload will be retried automatically.""}","1","","","","","","f1_17","rain","filler","red","true","","",""
"html-keyboard-response","null","","null","337","2.1.0","1746038","na64l7rp37","block2_then_block1","","","inter_trial_interval","","","","","","","","","","","","","","","","","","","","","","","","","","","","","","","",""
"html-keyboard-response","null","<div class=""fixation"">+</div>","null","338","2.1.0","1746554","na64l7rp37","block2_then_block1","","","fixation","","","","","","","","","","","","","","","","","","","","","","","","","","","","","","","",""
"html-keyboard-response","1275","
      <div class=""chinese-character"" style=""color:#000000;"">瓶</div>
      <div style=""margin-top:32px; font-size:16px; color:#555; font-family:Arial,sans-serif;"">
        Say the character aloud, then press <strong>Space</strong>.
      </div>
    "," ","339","2.1.0","1747830","na64l7rp37","block2_then_block1","","","character_naming","","","","","","","","","瓶","ping2","character_naming_red_block1_rep1","1275","true","true","20582","na64l7rp37_character_naming_red_block1_rep1.webm","true","{""error"":null,""message"":""Data received. OSF upload will be retried automatically.""}","1","","","","","","red","bottle","congruent_S_minus_T_plus","red","false","","",""
"html-keyboard-response","null","","null","340","2.1.0","1747936","na64l7rp37","block2_then_block1","","","inter_trial_interval","","","","","","","","","","","","","","","","","","","","","","","","","","","","","","","",""
"html-keyboard-response","null","<div class=""fixation"">+</div>","null","341","2.1.0","1748444","na64l7rp37","block2_then_block1","","","fixation","","","","","","","","","","","","","","","","","","","","","","","","","","","","","","","",""
"html-keyboard-response","1013","
      <div class=""chinese-character"" style=""color:#000000;"">水</div>
      <div style=""margin-top:32px; font-size:16px; color:#555; font-family:Arial,sans-serif;"">
        Say the character aloud, then press <strong>Space</strong>.
      </div>
    "," ","342","2.1.0","1749458","na64l7rp37","block2_then_block1","","","character_naming","","","","","","","","","水","shui3","character_naming_f1_3_block1_norep","1013","true","true","15752","na64l7rp37_character_naming_f1_3_block1_norep.webm","true","{""error"":null,""message"":""Data received. OSF upload will be retried automatically.""}","1","","","","","","f1_3","water","filler","blue","true","","",""
"html-keyboard-response","null","","null","343","2.1.0","1749570","na64l7rp37","block2_then_block1","","","inter_trial_interval","","","","","","","","","","","","","","","","","","","","","","","","","","","","","","","",""
"html-keyboard-response","null","<div class=""fixation"">+</div>","null","344","2.1.0","1750087","na64l7rp37","block2_then_block1","","","fixation","","","","","","","","","","","","","","","","","","","","","","","","","","","","","","","",""
"html-keyboard-response","801","
      <div class=""chinese-character"" style=""color:#000000;"">洞</div>
      <div style=""margin-top:32px; font-size:16px; color:#555; font-family:Arial,sans-serif;"">
        Say the character aloud, then press <strong>Space</strong>.
      </div>
    "," ","345","2.1.0","1750889","na64l7rp37","block2_then_block1","","","character_naming","","","","","","","","","洞","dong4","character_naming_green_block1_rep1","801","true","true","12854","na64l7rp37_character_naming_green_block1_rep1.webm","true","{""message"":""Success""}","1","","","","","","green","hole","congruent_S_minus_T_plus","green","false","","",""
"html-keyboard-response","null","","null","346","2.1.0","1751003","na64l7rp37","block2_then_block1","","","inter_trial_interval","","","","","","","","","","","","","","","","","","","","","","","","","","","","","","","",""
"html-keyboard-response","null","<div class=""fixation"">+</div>","null","347","2.1.0","1751508","na64l7rp37","block2_then_block1","","","fixation","","","","","","","","","","","","","","","","","","","","","","","","","","","","","","","",""
"html-keyboard-response","784","
      <div class=""chinese-character"" style=""color:#000000;"">蓝</div>
      <div style=""margin-top:32px; font-size:16px; color:#555; font-family:Arial,sans-serif;"">
        Say the character aloud, then press <strong>Space</strong>.
      </div>
    "," ","348","2.1.0","1752293","na64l7rp37","block2_then_block1","","","character_naming","","","","","","","","","蓝","lan2","character_naming_blue_block1_rep1","784","true","true","12854","na64l7rp37_character_naming_blue_block1_rep1.webm","true","{""message"":""Success""}","1","","","","","","blue","blue","congruent_color_character","blue","false","","",""
"html-keyboard-response","null","","null","349","2.1.0","1752404","na64l7rp37","block2_then_block1","","","inter_trial_interval","","","","","","","","","","","","","","","","","","","","","","","","","","","","","","","",""
"html-keyboard-response","null","<div class=""fixation"">+</div>","null","350","2.1.0","1752907","na64l7rp37","block2_then_block1","","","fixation","","","","","","","","","","","","","","","","","","","","","","","","","","","","","","","",""
"html-keyboard-response","789","
      <div class=""chinese-character"" style=""color:#000000;"">鱼</div>
      <div style=""margin-top:32px; font-size:16px; color:#555; font-family:Arial,sans-serif;"">
        Say the character aloud, then press <strong>Space</strong>.
      </div>
    "," ","351","2.1.0","1753697","na64l7rp37","block2_then_block1","","","character_naming","","","","","","","","","鱼","yu2","character_naming_f1_12_block1_norep","789","true","true","12854","na64l7rp37_character_naming_f1_12_block1_norep.webm","true","{""message"":""Success""}","1","","","","","","f1_12","fish","filler","green","true","","",""
"html-keyboard-response","null","","null","352","2.1.0","1753801","na64l7rp37","block2_then_block1","","","inter_trial_interval","","","","","","","","","","","","","","","","","","","","","","","","","","","","","","","",""
"html-keyboard-response","null","<div class=""fixation"">+</div>","null","353","2.1.0","1754317","na64l7rp37","block2_then_block1","","","fixation","","","","","","","","","","","","","","","","","","","","","","","","","","","","","","","",""
"html-keyboard-response","770","
      <div class=""chinese-character"" style=""color:#000000;"">黄</div>
      <div style=""margin-top:32px; font-size:16px; color:#555; font-family:Arial,sans-serif;"">
        Say the character aloud, then press <strong>Space</strong>.
      </div>
    "," ","354","2.1.0","1755088","na64l7rp37","block2_then_block1","","","character_naming","","","","","","","","","黄","huang2","character_naming_yellow_block1_rep1","770","true","true","11888","na64l7rp37_character_naming_yellow_block1_rep1.webm","true","{""message"":""Success""}","1","","","","","","yellow","yellow","congruent_color_character","yellow","false","","",""
"html-keyboard-response","null","","null","355","2.1.0","1755204","na64l7rp37","block2_then_block1","","","inter_trial_interval","","","","","","","","","","","","","","","","","","","","","","","","","","","","","","","",""
"html-keyboard-response","null","<div class=""fixation"">+</div>","null","356","2.1.0","1755713","na64l7rp37","block2_then_block1","","","fixation","","","","","","","","","","","","","","","","","","","","","","","","","","","","","","","",""
"html-keyboard-response","833","
      <div class=""chinese-character"" style=""color:#000000;"">黄</div>
      <div style=""margin-top:32px; font-size:16px; color:#555; font-family:Arial,sans-serif;"">
        Say the character aloud, then press <strong>Space</strong>.
      </div>
    "," ","357","2.1.0","1756548","na64l7rp37","block2_then_block1","","","character_naming","","","","","","","","","黄","huang2","character_naming_yellow_block1_rep1","833","true","true","12854","na64l7rp37_character_naming_yellow_block1_rep1.webm","true","{""message"":""Success""}","1","","","","","","yellow","yellow","incongruent_color_character","green","false","","",""
"html-keyboard-response","null","","null","358","2.1.0","1756658","na64l7rp37","block2_then_block1","","","inter_trial_interval","","","","","","","","","","","","","","","","","","","","","","","","","","","","","","","",""
"html-keyboard-response","null","<div class=""fixation"">+</div>","null","359","2.1.0","1757163","na64l7rp37","block2_then_block1","","","fixation","","","","","","","","","","","","","","","","","","","","","","","","","","","","","","","",""
"html-keyboard-response","904","
      <div class=""chinese-character"" style=""color:#000000;"">红</div>
      <div style=""margin-top:32px; font-size:16px; color:#555; font-family:Arial,sans-serif;"">
        Say the character aloud, then press <strong>Space</strong>.
      </div>
    "," ","360","2.1.0","1758068","na64l7rp37","block2_then_block1","","","character_naming","","","","","","","","","红","hong2","character_naming_red_block1_rep1","904","true","true","14786","na64l7rp37_character_naming_red_block1_rep1.webm","true","{""message"":""Success""}","1","","","","","","red","red","congruent_color_character","red","false","","",""
"html-keyboard-response","null","","null","361","2.1.0","1758186","na64l7rp37","block2_then_block1","","","inter_trial_interval","","","","","","","","","","","","","","","","","","","","","","","","","","","","","","","",""
"html-keyboard-response","null","<div class=""fixation"">+</div>","null","362","2.1.0","1758691","na64l7rp37","block2_then_block1","","","fixation","","","","","","","","","","","","","","","","","","","","","","","","","","","","","","","",""
"html-keyboard-response","812","
      <div class=""chinese-character"" style=""color:#000000;"">城</div>
      <div style=""margin-top:32px; font-size:16px; color:#555; font-family:Arial,sans-serif;"">
        Say the character aloud, then press <strong>Space</strong>.
      </div>
    "," ","363","2.1.0","1759505","na64l7rp37","block2_then_block1","","","character_naming","","","","","","","","","城","cheng2","character_naming_f1_22_block1_norep","812","true","true","12854","na64l7rp37_character_naming_f1_22_block1_norep.webm","true","{""message"":""Success""}","1","","","","","","f1_22","city","filler","yellow","true","","",""
"html-keyboard-response","null","","null","364","2.1.0","1759610","na64l7rp37","block2_then_block1","","","inter_trial_interval","","","","","","","","","","","","","","","","","","","","","","","","","","","","","","","",""
"html-keyboard-response","null","<div class=""fixation"">+</div>","null","365","2.1.0","1760113","na64l7rp37","block2_then_block1","","","fixation","","","","","","","","","","","","","","","","","","","","","","","","","","","","","","","",""
"html-keyboard-response","820","
      <div class=""chinese-character"" style=""color:#000000;"">山</div>
      <div style=""margin-top:32px; font-size:16px; color:#555; font-family:Arial,sans-serif;"">
        Say the character aloud, then press <strong>Space</strong>.
      </div>
    "," ","366","2.1.0","1760934","na64l7rp37","block2_then_block1","","","character_naming","","","","","","","","","山","shan1","character_naming_f1_2_block1_norep","820","true","true","12854","na64l7rp37_character_naming_f1_2_block1_norep.webm","true","{""message"":""Success""}","1","","","","","","f1_2","mountain","filler","yellow","true","","",""
"html-keyboard-response","null","","null","367","2.1.0","1761037","na64l7rp37","block2_then_block1","","","inter_trial_interval","","","","","","","","","","","","","","","","","","","","","","","","","","","","","","","",""
"html-keyboard-response","null","<div class=""fixation"">+</div>","null","368","2.1.0","1761554","na64l7rp37","block2_then_block1","","","fixation","","","","","","","","","","","","","","","","","","","","","","","","","","","","","","","",""
"html-keyboard-response","891","
      <div class=""chinese-character"" style=""color:#000000;"">鸟</div>
      <div style=""margin-top:32px; font-size:16px; color:#555; font-family:Arial,sans-serif;"">
        Say the character aloud, then press <strong>Space</strong>.
      </div>
    "," ","369","2.1.0","1762446","na64l7rp37","block2_then_block1","","","character_naming","","","","","","","","","鸟","niao3","character_naming_f1_11_block1_norep","891","true","true","13820","na64l7rp37_character_naming_f1_11_block1_norep.webm","true","{""message"":""Success""}","1","","","","","","f1_11","bird","filler","blue","true","","",""
"html-keyboard-response","null","","null","370","2.1.0","1762554","na64l7rp37","block2_then_block1","","","inter_trial_interval","","","","","","","","","","","","","","","","","","","","","","","","","","","","","","","",""
"html-keyboard-response","null","<div class=""fixation"">+</div>","null","371","2.1.0","1763059","na64l7rp37","block2_then_block1","","","fixation","","","","","","","","","","","","","","","","","","","","","","","","","","","","","","","",""
"html-keyboard-response","737","
      <div class=""chinese-character"" style=""color:#000000;"">洪</div>
      <div style=""margin-top:32px; font-size:16px; color:#555; font-family:Arial,sans-serif;"">
        Say the character aloud, then press <strong>Space</strong>.
      </div>
    "," ","372","2.1.0","1763797","na64l7rp37","block2_then_block1","","","character_naming","","","","","","","","","洪","hong2","character_naming_red_block1_rep1","737","true","true","11888","na64l7rp37_character_naming_red_block1_rep1.webm","true","{""error"":""OSF_FILE_EXISTS"",""message"":""The OSF file already exists. File names must be unique.""}","1","","","","","","red","flood","congruent_S_T_plus","red","false","","",""
"html-keyboard-response","null","","null","373","2.1.0","1763902","na64l7rp37","block2_then_block1","","","inter_trial_interval","","","","","","","","","","","","","","","","","","","","","","","","","","","","","","","",""
"html-keyboard-response","null","<div class=""fixation"">+</div>","null","374","2.1.0","1764421","na64l7rp37","block2_then_block1","","","fixation","","","","","","","","","","","","","","","","","","","","","","","","","","","","","","","",""
"html-keyboard-response","838","
      <div class=""chinese-character"" style=""color:#000000;"">旅</div>
      <div style=""margin-top:32px; font-size:16px; color:#555; font-family:Arial,sans-serif;"">
        Say the character aloud, then press <strong>Space</strong>.
      </div>
    "," ","375","2.1.0","1765261","na64l7rp37","block2_then_block1","","","character_naming","","","","","","","","","旅","lv3","character_naming_green_block1_rep1","838","true","true","12854","na64l7rp37_character_naming_green_block1_rep1.webm","true","{""error"":""OSF_FILE_EXISTS"",""message"":""The OSF file already exists. File names must be unique.""}","1","","","","","","green","travel","congruent_S_plus_T_minus","green","false","","",""
"html-keyboard-response","null","","null","376","2.1.0","1765367","na64l7rp37","block2_then_block1","","","inter_trial_interval","","","","","","","","","","","","","","","","","","","","","","","","","","","","","","","",""
"html-keyboard-response","null","<div class=""fixation"">+</div>","null","377","2.1.0","1765875","na64l7rp37","block2_then_block1","","","fixation","","","","","","","","","","","","","","","","","","","","","","","","","","","","","","","",""
"html-keyboard-response","857","
      <div class=""chinese-character"" style=""color:#000000;"">船</div>
      <div style=""margin-top:32px; font-size:16px; color:#555; font-family:Arial,sans-serif;"">
        Say the character aloud, then press <strong>Space</strong>.
      </div>
    "," ","378","2.1.0","1766733","na64l7rp37","block2_then_block1","","","character_naming","","","","","","","","","船","chuan2","character_naming_f1_23_block1_norep","857","true","true","13820","na64l7rp37_character_naming_f1_23_block1_norep.webm","true","{""message"":""Success""}","1","","","","","","f1_23","boat","filler","blue","true","","",""
"html-keyboard-response","null","","null","379","2.1.0","1766837","na64l7rp37","block2_then_block1","","","inter_trial_interval","","","","","","","","","","","","","","","","","","","","","","","","","","","","","","","",""
"html-keyboard-response","null","<div class=""fixation"">+</div>","null","380","2.1.0","1767351","na64l7rp37","block2_then_block1","","","fixation","","","","","","","","","","","","","","","","","","","","","","","","","","","","","","","",""
"html-keyboard-response","576","
      <div class=""chinese-character"" style=""color:#000000;"">宫</div>
      <div style=""margin-top:32px; font-size:16px; color:#555; font-family:Arial,sans-serif;"">
        Say the character aloud, then press <strong>Space</strong>.
      </div>
    "," ","381","2.1.0","1767930","na64l7rp37","block2_then_block1","","","character_naming","","","","","","","","","宫","gong1","character_naming_blue_block1_rep1","576","true","true","8990","na64l7rp37_character_naming_blue_block1_rep1.webm","true","{""error"":""OSF_FILE_EXISTS"",""message"":""The OSF file already exists. File names must be unique.""}","1","","","","","","blue","palace","neutral","blue","false","","",""
"html-keyboard-response","null","","null","382","2.1.0","1768033","na64l7rp37","block2_then_block1","","","inter_trial_interval","","","","","","","","","","","","","","","","","","","","","","","","","","","","","","","",""
"html-keyboard-response","null","<div class=""fixation"">+</div>","null","383","2.1.0","1768546","na64l7rp37","block2_then_block1","","","fixation","","","","","","","","","","","","","","","","","","","","","","","","","","","","","","","",""
"html-keyboard-response","709","
      <div class=""chinese-character"" style=""color:#000000;"">茶</div>
      <div style=""margin-top:32px; font-size:16px; color:#555; font-family:Arial,sans-serif;"">
        Say the character aloud, then press <strong>Space</strong>.
      </div>
    "," ","384","2.1.0","1769256","na64l7rp37","block2_then_block1","","","character_naming","","","","","","","","","茶","cha2","character_naming_f1_20_block1_norep","709","true","true","10922","na64l7rp37_character_naming_f1_20_block1_norep.webm","true","{""message"":""Success""}","1","","","","","","f1_20","tea","filler","green","true","","",""
"html-keyboard-response","null","","null","385","2.1.0","1769357","na64l7rp37","block2_then_block1","","","inter_trial_interval","","","","","","","","","","","","","","","","","","","","","","","","","","","","","","","",""
"html-keyboard-response","null","<div class=""fixation"">+</div>","null","386","2.1.0","1769863","na64l7rp37","block2_then_block1","","","fixation","","","","","","","","","","","","","","","","","","","","","","","","","","","","","","","",""
"html-keyboard-response","831","
      <div class=""chinese-character"" style=""color:#000000;"">云</div>
      <div style=""margin-top:32px; font-size:16px; color:#555; font-family:Arial,sans-serif;"">
        Say the character aloud, then press <strong>Space</strong>.
      </div>
    "," ","387","2.1.0","1770695","na64l7rp37","block2_then_block1","","","character_naming","","","","","","","","","云","yun2","character_naming_f1_9_block1_norep","831","true","true","12854","na64l7rp37_character_naming_f1_9_block1_norep.webm","true","{""message"":""Success""}","1","","","","","","f1_9","cloud","filler","red","true","","",""
"html-keyboard-response","null","","null","388","2.1.0","1770797","na64l7rp37","block2_then_block1","","","inter_trial_interval","","","","","","","","","","","","","","","","","","","","","","","","","","","","","","","",""
"html-keyboard-response","null","<div class=""fixation"">+</div>","null","389","2.1.0","1771304","na64l7rp37","block2_then_block1","","","fixation","","","","","","","","","","","","","","","","","","","","","","","","","","","","","","","",""
"html-keyboard-response","871","
      <div class=""chinese-character"" style=""color:#000000;"">路</div>
      <div style=""margin-top:32px; font-size:16px; color:#555; font-family:Arial,sans-serif;"">
        Say the character aloud, then press <strong>Space</strong>.
      </div>
    "," ","390","2.1.0","1772176","na64l7rp37","block2_then_block1","","","character_naming","","","","","","","","","路","lu4","character_naming_f1_14_block1_norep","871","true","true","13820","na64l7rp37_character_naming_f1_14_block1_norep.webm","true","{""message"":""Success""}","1","","","","","","f1_14","road","filler","yellow","true","","",""
"html-keyboard-response","null","","null","391","2.1.0","1772287","na64l7rp37","block2_then_block1","","","inter_trial_interval","","","","","","","","","","","","","","","","","","","","","","","","","","","","","","","",""
"html-keyboard-response","null","<div class=""fixation"">+</div>","null","392","2.1.0","1772789","na64l7rp37","block2_then_block1","","","fixation","","","","","","","","","","","","","","","","","","","","","","","","","","","","","","","",""
"html-keyboard-response","963","
      <div class=""chinese-character"" style=""color:#000000;"">轰</div>
      <div style=""margin-top:32px; font-size:16px; color:#555; font-family:Arial,sans-serif;"">
        Say the character aloud, then press <strong>Space</strong>.
      </div>
    "," ","393","2.1.0","1773753","na64l7rp37","block2_then_block1","","","character_naming","","","","","","","","","轰","hong1","character_naming_red_block1_rep1","963","true","true","15752","na64l7rp37_character_naming_red_block1_rep1.webm","true","{""error"":""OSF_FILE_EXISTS"",""message"":""The OSF file already exists. File names must be unique.""}","1","","","","","","red","boom","congruent_S_plus_T_minus","red","false","","",""
"html-keyboard-response","null","","null","394","2.1.0","1773857","na64l7rp37","block2_then_block1","","","inter_trial_interval","","","","","","","","","","","","","","","","","","","","","","","","","","","","","","","",""
"html-keyboard-response","null","<div class=""fixation"">+</div>","null","395","2.1.0","1774365","na64l7rp37","block2_then_block1","","","fixation","","","","","","","","","","","","","","","","","","","","","","","","","","","","","","","",""
"html-keyboard-response","778","
      <div class=""chinese-character"" style=""color:#000000;"">窗</div>
      <div style=""margin-top:32px; font-size:16px; color:#555; font-family:Arial,sans-serif;"">
        Say the character aloud, then press <strong>Space</strong>.
      </div>
    "," ","396","2.1.0","1775143","na64l7rp37","block2_then_block1","","","character_naming","","","","","","","","","窗","chuang1","character_naming_f1_15_block1_norep","778","true","true","11888","na64l7rp37_character_naming_f1_15_block1_norep.webm","true","{""message"":""Success""}","1","","","","","","f1_15","window","filler","blue","true","","",""
"html-keyboard-response","null","","null","397","2.1.0","1775260","na64l7rp37","block2_then_block1","","","inter_trial_interval","","","","","","","","","","","","","","","","","","","","","","","","","","","","","","","",""
"html-keyboard-response","null","<div class=""fixation"">+</div>","null","398","2.1.0","1775777","na64l7rp37","block2_then_block1","","","fixation","","","","","","","","","","","","","","","","","","","","","","","","","","","","","","","",""
"html-keyboard-response","726","
      <div class=""chinese-character"" style=""color:#000000;"">灯</div>
      <div style=""margin-top:32px; font-size:16px; color:#555; font-family:Arial,sans-serif;"">
        Say the character aloud, then press <strong>Space</strong>.
      </div>
    "," ","399","2.1.0","1776505","na64l7rp37","block2_then_block1","","","character_naming","","","","","","","","","灯","deng1","character_naming_f1_21_block1_norep","726","true","true","11888","na64l7rp37_character_naming_f1_21_block1_norep.webm","true","{""message"":""Success""}","1","","","","","","f1_21","lamp","filler","red","true","","",""
"html-keyboard-response","null","","null","400","2.1.0","1776609","na64l7rp37","block2_then_block1","","","inter_trial_interval","","","","","","","","","","","","","","","","","","","","","","","","","","","","","","","",""
"html-keyboard-response","null","<div class=""fixation"">+</div>","null","401","2.1.0","1777123","na64l7rp37","block2_then_block1","","","fixation","","","","","","","","","","","","","","","","","","","","","","","","","","","","","","","",""
"html-keyboard-response","836","
      <div class=""chinese-character"" style=""color:#000000;"">手</div>
      <div style=""margin-top:32px; font-size:16px; color:#555; font-family:Arial,sans-serif;"">
        Say the character aloud, then press <strong>Space</strong>.
      </div>
    "," ","402","2.1.0","1777961","na64l7rp37","block2_then_block1","","","character_naming","","","","","","","","","手","shou3","character_naming_f1_8_block1_norep","836","true","true","12854","na64l7rp37_character_naming_f1_8_block1_norep.webm","true","{""message"":""Success""}","1","","","","","","f1_8","hand","filler","green","true","","",""
"html-keyboard-response","null","","null","403","2.1.0","1778078","na64l7rp37","block2_then_block1","","","inter_trial_interval","","","","","","","","","","","","","","","","","","","","","","","","","","","","","","","",""
"html-keyboard-response","null","<div class=""fixation"">+</div>","null","404","2.1.0","1778596","na64l7rp37","block2_then_block1","","","fixation","","","","","","","","","","","","","","","","","","","","","","","","","","","","","","","",""
"html-keyboard-response","781","
      <div class=""chinese-character"" style=""color:#000000;"">婪</div>
      <div style=""margin-top:32px; font-size:16px; color:#555; font-family:Arial,sans-serif;"">
        Say the character aloud, then press <strong>Space</strong>.
      </div>
    "," ","405","2.1.0","1779378","na64l7rp37","block2_then_block1","","","character_naming","","","","","","","","","婪","lan2","character_naming_blue_block1_rep1","781","true","true","12854","na64l7rp37_character_naming_blue_block1_rep1.webm","true","{""error"":""OSF_FILE_EXISTS"",""message"":""The OSF file already exists. File names must be unique.""}","1","","","","","","blue","greedy","congruent_S_T_plus","blue","false","","",""
"html-keyboard-response","null","","null","406","2.1.0","1779494","na64l7rp37","block2_then_block1","","","inter_trial_interval","","","","","","","","","","","","","","","","","","","","","","","","","","","","","","","",""
"html-keyboard-response","null","<div class=""fixation"">+</div>","null","407","2.1.0","1780009","na64l7rp37","block2_then_block1","","","fixation","","","","","","","","","","","","","","","","","","","","","","","","","","","","","","","",""
"html-keyboard-response","661","
      <div class=""chinese-character"" style=""color:#000000;"">车</div>
      <div style=""margin-top:32px; font-size:16px; color:#555; font-family:Arial,sans-serif;"">
        Say the character aloud, then press <strong>Space</strong>.
      </div>
    "," ","408","2.1.0","1780673","na64l7rp37","block2_then_block1","","","character_naming","","","","","","","","","车","che1","character_naming_f1_5_block1_norep","661","true","true","10922","na64l7rp37_character_naming_f1_5_block1_norep.webm","true","{""message"":""Success""}","1","","","","","","f1_5","car","filler","red","true","","",""
"html-keyboard-response","null","","null","409","2.1.0","1780784","na64l7rp37","block2_then_block1","","","inter_trial_interval","","","","","","","","","","","","","","","","","","","","","","","","","","","","","","","",""
"html-keyboard-response","null","<div class=""fixation"">+</div>","null","410","2.1.0","1781297","na64l7rp37","block2_then_block1","","","fixation","","","","","","","","","","","","","","","","","","","","","","","","","","","","","","","",""
"html-keyboard-response","837","
      <div class=""chinese-character"" style=""color:#000000;"">晃</div>
      <div style=""margin-top:32px; font-size:16px; color:#555; font-family:Arial,sans-serif;"">
        Say the character aloud, then press <strong>Space</strong>.
      </div>
    "," ","411","2.1.0","1782137","na64l7rp37","block2_then_block1","","","character_naming","","","","","","","","","晃","huang4","character_naming_yellow_block1_rep1","837","true","true","12854","na64l7rp37_character_naming_yellow_block1_rep1.webm","true","{""error"":""OSF_FILE_EXISTS"",""message"":""The OSF file already exists. File names must be unique.""}","1","","","","","","yellow","sway","congruent_S_plus_T_minus","yellow","false","","",""
"html-keyboard-response","null","","null","412","2.1.0","1782250","na64l7rp37","block2_then_block1","","","inter_trial_interval","","","","","","","","","","","","","","","","","","","","","","","","","","","","","","","",""
"html-keyboard-response","null","<div class=""fixation"">+</div>","null","413","2.1.0","1782764","na64l7rp37","block2_then_block1","","","fixation","","","","","","","","","","","","","","","","","","","","","","","","","","","","","","","",""
"html-keyboard-response","805","
      <div class=""chinese-character"" style=""color:#000000;"">花</div>
      <div style=""margin-top:32px; font-size:16px; color:#555; font-family:Arial,sans-serif;"">
        Say the character aloud, then press <strong>Space</strong>.
      </div>
    "," ","414","2.1.0","1783570","na64l7rp37","block2_then_block1","","","character_naming","","","","","","","","","花","hua1","character_naming_f1_6_block1_norep","805","true","true","12854","na64l7rp37_character_naming_f1_6_block1_norep.webm","true","{""message"":""Success""}","1","","","","","","f1_6","flower","filler","yellow","true","","",""
"html-keyboard-response","null","","null","415","2.1.0","1783676","na64l7rp37","block2_then_block1","","","inter_trial_interval","","","","","","","","","","","","","","","","","","","","","","","","","","","","","","","",""
"html-keyboard-response","null","<div class=""fixation"">+</div>","null","416","2.1.0","1784189","na64l7rp37","block2_then_block1","","","fixation","","","","","","","","","","","","","","","","","","","","","","","","","","","","","","","",""
"html-keyboard-response","748","
      <div class=""chinese-character"" style=""color:#000000;"">书</div>
      <div style=""margin-top:32px; font-size:16px; color:#555; font-family:Arial,sans-serif;"">
        Say the character aloud, then press <strong>Space</strong>.
      </div>
    "," ","417","2.1.0","1784938","na64l7rp37","block2_then_block1","","","character_naming","","","","","","","","","书","shu1","character_naming_f1_1_block1_norep","748","true","true","11888","na64l7rp37_character_naming_f1_1_block1_norep.webm","true","{""message"":""Success""}","1","","","","","","f1_1","book","filler","red","true","","",""
"html-keyboard-response","null","","null","418","2.1.0","1785043","na64l7rp37","block2_then_block1","","","inter_trial_interval","","","","","","","","","","","","","","","","","","","","","","","","","","","","","","","",""
"html-keyboard-response","null","<div class=""fixation"">+</div>","null","419","2.1.0","1785549","na64l7rp37","block2_then_block1","","","fixation","","","","","","","","","","","","","","","","","","","","","","","","","","","","","","","",""
"html-keyboard-response","765","
      <div class=""chinese-character"" style=""color:#000000;"">门</div>
      <div style=""margin-top:32px; font-size:16px; color:#555; font-family:Arial,sans-serif;"">
        Say the character aloud, then press <strong>Space</strong>.
      </div>
    "," ","420","2.1.0","1786316","na64l7rp37","block2_then_block1","","","character_naming","","","","","","","","","门","men2","character_naming_f1_4_block1_norep","765","true","true","11888","na64l7rp37_character_naming_f1_4_block1_norep.webm","true","{""message"":""Success""}","1","","","","","","f1_4","door","filler","green","true","","",""
"html-keyboard-response","null","","null","421","2.1.0","1786426","na64l7rp37","block2_then_block1","","","inter_trial_interval","","","","","","","","","","","","","","","","","","","","","","","","","","","","","","","",""
"html-keyboard-response","null","<div class=""fixation"">+</div>","null","422","2.1.0","1786928","na64l7rp37","block2_then_block1","","","fixation","","","","","","","","","","","","","","","","","","","","","","","","","","","","","","","",""
"html-keyboard-response","938","
      <div class=""chinese-character"" style=""color:#000000;"">牵</div>
      <div style=""margin-top:32px; font-size:16px; color:#555; font-family:Arial,sans-serif;"">
        Say the character aloud, then press <strong>Space</strong>.
      </div>
    "," ","423","2.1.0","1787867","na64l7rp37","block2_then_block1","","","character_naming","","","","","","","","","牵","qian1","character_naming_red_block1_rep1","938","true","true","14786","na64l7rp37_character_naming_red_block1_rep1.webm","true","{""error"":""OSF_FILE_EXISTS"",""message"":""The OSF file already exists. File names must be unique.""}","1","","","","","","red","lead along","neutral","red","false","","",""
"html-keyboard-response","null","","null","424","2.1.0","1787974","na64l7rp37","block2_then_block1","","","inter_trial_interval","","","","","","","","","","","","","","","","","","","","","","","","","","","","","","","",""
"html-keyboard-response","null","<div class=""fixation"">+</div>","null","425","2.1.0","1788477","na64l7rp37","block2_then_block1","","","fixation","","","","","","","","","","","","","","","","","","","","","","","","","","","","","","","",""
"html-keyboard-response","825","
      <div class=""chinese-character"" style=""color:#000000;"">览</div>
      <div style=""margin-top:32px; font-size:16px; color:#555; font-family:Arial,sans-serif;"">
        Say the character aloud, then press <strong>Space</strong>.
      </div>
    "," ","426","2.1.0","1789304","na64l7rp37","block2_then_block1","","","character_naming","","","","","","","","","览","lan3","character_naming_blue_block1_rep1","825","true","true","12854","na64l7rp37_character_naming_blue_block1_rep1.webm","true","{""error"":""OSF_FILE_EXISTS"",""message"":""The OSF file already exists. File names must be unique.""}","1","","","","","","blue","view","congruent_S_plus_T_minus","blue","false","","",""
"html-keyboard-response","null","","null","427","2.1.0","1789409","na64l7rp37","block2_then_block1","","","inter_trial_interval","","","","","","","","","","","","","","","","","","","","","","","","","","","","","","","",""
"html-keyboard-response","null","<div class=""fixation"">+</div>","null","428","2.1.0","1789924","na64l7rp37","block2_then_block1","","","fixation","","","","","","","","","","","","","","","","","","","","","","","","","","","","","","","",""
"html-keyboard-response","704","
      <div class=""chinese-character"" style=""color:#000000;"">红</div>
      <div style=""margin-top:32px; font-size:16px; color:#555; font-family:Arial,sans-serif;"">
        Say the character aloud, then press <strong>Space</strong>.
      </div>
    "," ","429","2.1.0","1790630","na64l7rp37","block2_then_block1","","","character_naming","","","","","","","","","红","hong2","character_naming_red_block1_rep1","704","true","true","10922","na64l7rp37_character_naming_red_block1_rep1.webm","true","{""error"":""OSF_FILE_EXISTS"",""message"":""The OSF file already exists. File names must be unique.""}","1","","","","","","red","red","incongruent_color_character","blue","false","","",""
"html-keyboard-response","null","","null","430","2.1.0","1790743","na64l7rp37","block2_then_block1","","","inter_trial_interval","","","","","","","","","","","","","","","","","","","","","","","","","","","","","","","",""
"html-keyboard-response","null","<div class=""fixation"">+</div>","null","431","2.1.0","1791252","na64l7rp37","block2_then_block1","","","fixation","","","","","","","","","","","","","","","","","","","","","","","","","","","","","","","",""
"html-keyboard-response","759","
      <div class=""chinese-character"" style=""color:#000000;"">蓝</div>
      <div style=""margin-top:32px; font-size:16px; color:#555; font-family:Arial,sans-serif;"">
        Say the character aloud, then press <strong>Space</strong>.
      </div>
    "," ","432","2.1.0","1792013","na64l7rp37","block2_then_block1","","","character_naming","","","","","","","","","蓝","lan2","character_naming_blue_block1_rep1","759","true","true","11888","na64l7rp37_character_naming_blue_block1_rep1.webm","true","{""error"":""OSF_FILE_EXISTS"",""message"":""The OSF file already exists. File names must be unique.""}","1","","","","","","blue","blue","incongruent_color_character","red","false","","",""
"html-keyboard-response","null","","null","433","2.1.0","1792120","na64l7rp37","block2_then_block1","","","inter_trial_interval","","","","","","","","","","","","","","","","","","","","","","","","","","","","","","","",""
"html-keyboard-response","null","<div class=""fixation"">+</div>","null","434","2.1.0","1792636","na64l7rp37","block2_then_block1","","","fixation","","","","","","","","","","","","","","","","","","","","","","","","","","","","","","","",""
"html-keyboard-response","758","
      <div class=""chinese-character"" style=""color:#000000;"">树</div>
      <div style=""margin-top:32px; font-size:16px; color:#555; font-family:Arial,sans-serif;"">
        Say the character aloud, then press <strong>Space</strong>.
      </div>
    "," ","435","2.1.0","1793395","na64l7rp37","block2_then_block1","","","character_naming","","","","","","","","","树","shu4","character_naming_f1_16_block1_norep","758","true","true","11888","na64l7rp37_character_naming_f1_16_block1_norep.webm","true","{""message"":""Success""}","1","","","","","","f1_16","tree","filler","green","true","","",""
"html-keyboard-response","null","","null","436","2.1.0","1793504","na64l7rp37","block2_then_block1","","","inter_trial_interval","","","","","","","","","","","","","","","","","","","","","","","","","","","","","","","",""
"html-keyboard-response","null","<div class=""fixation"">+</div>","null","437","2.1.0","1794021","na64l7rp37","block2_then_block1","","","fixation","","","","","","","","","","","","","","","","","","","","","","","","","","","","","","","",""
"html-keyboard-response","801","
      <div class=""chinese-character"" style=""color:#000000;"">绿</div>
      <div style=""margin-top:32px; font-size:16px; color:#555; font-family:Arial,sans-serif;"">
        Say the character aloud, then press <strong>Space</strong>.
      </div>
    "," ","438","2.1.0","1794823","na64l7rp37","block2_then_block1","","","character_naming","","","","","","","","","绿","lv4","character_naming_green_block1_rep1","801","true","true","12854","na64l7rp37_character_naming_green_block1_rep1.webm","true","{""error"":""OSF_FILE_EXISTS"",""message"":""The OSF file already exists. File names must be unique.""}","1","","","","","","green","green","incongruent_color_character","yellow","false","","",""
"html-keyboard-response","null","","null","439","2.1.0","1794926","na64l7rp37","block2_then_block1","","","inter_trial_interval","","","","","","","","","","","","","","","","","","","","","","","","","","","","","","","",""
"html-keyboard-response","null","<div class=""fixation"">+</div>","null","440","2.1.0","1795442","na64l7rp37","block2_then_block1","","","fixation","","","","","","","","","","","","","","","","","","","","","","","","","","","","","","","",""
"html-keyboard-response","635","
      <div class=""chinese-character"" style=""color:#000000;"">绿</div>
      <div style=""margin-top:32px; font-size:16px; color:#555; font-family:Arial,sans-serif;"">
        Say the character aloud, then press <strong>Space</strong>.
      </div>
    "," ","441","2.1.0","1796079","na64l7rp37","block2_then_block1","","","character_naming","","","","","","","","","绿","lv4","character_naming_green_block1_rep1","635","true","true","9956","na64l7rp37_character_naming_green_block1_rep1.webm","true","{""error"":""OSF_FILE_EXISTS"",""message"":""The OSF file already exists. File names must be unique.""}","1","","","","","","green","green","congruent_color_character","green","false","","",""
"html-keyboard-response","null","","null","442","2.1.0","1796193","na64l7rp37","block2_then_block1","","","inter_trial_interval","","","","","","","","","","","","","","","","","","","","","","","","","","","","","","","",""
"html-keyboard-response","null","<div class=""fixation"">+</div>","null","443","2.1.0","1796711","na64l7rp37","block2_then_block1","","","fixation","","","","","","","","","","","","","","","","","","","","","","","","","","","","","","","",""
"html-keyboard-response","929","
      <div class=""chinese-character"" style=""color:#000000;"">桥</div>
      <div style=""margin-top:32px; font-size:16px; color:#555; font-family:Arial,sans-serif;"">
        Say the character aloud, then press <strong>Space</strong>.
      </div>
    "," ","444","2.1.0","1797641","na64l7rp37","block2_then_block1","","","character_naming","","","","","","","","","桥","qiao2","character_naming_f1_18_block1_norep","929","true","true","14786","na64l7rp37_character_naming_f1_18_block1_norep.webm","true","{""message"":""Success""}","1","","","","","","f1_18","bridge","filler","yellow","true","","",""
"html-keyboard-response","null","","null","445","2.1.0","1797752","na64l7rp37","block2_then_block1","","","inter_trial_interval","","","","","","","","","","","","","","","","","","","","","","","","","","","","","","","",""
"html-keyboard-response","null","<div class=""fixation"">+</div>","null","446","2.1.0","1798271","na64l7rp37","block2_then_block1","","","fixation","","","","","","","","","","","","","","","","","","","","","","","","","","","","","","","",""
"html-keyboard-response","828","
      <div class=""chinese-character"" style=""color:#000000;"">家</div>
      <div style=""margin-top:32px; font-size:16px; color:#555; font-family:Arial,sans-serif;"">
        Say the character aloud, then press <strong>Space</strong>.
      </div>
    "," ","447","2.1.0","1799100","na64l7rp37","block2_then_block1","","","character_naming","","","","","","","","","家","jia1","character_naming_f1_13_block1_norep","828","true","true","12854","na64l7rp37_character_naming_f1_13_block1_norep.webm","true","{""message"":""Success""}","1","","","","","","f1_13","home","filler","red","true","","",""
"html-keyboard-response","null","","null","448","2.1.0","1799211","na64l7rp37","block2_then_block1","","","inter_trial_interval","","","","","","","","","","","","","","","","","","","","","","","","","","","","","","","",""
"html-keyboard-response","null","<div class=""fixation"">+</div>","null","449","2.1.0","1799719","na64l7rp37","block2_then_block1","","","fixation","","","","","","","","","","","","","","","","","","","","","","","","","","","","","","","",""
"html-keyboard-response","762","
      <div class=""chinese-character"" style=""color:#000000;"">石</div>
      <div style=""margin-top:32px; font-size:16px; color:#555; font-family:Arial,sans-serif;"">
        Say the character aloud, then press <strong>Space</strong>.
      </div>
    "," ","450","2.1.0","1800483","na64l7rp37","block2_then_block1","","","character_naming","","","","","","","","","石","shi2","character_naming_f1_24_block1_norep","762","true","true","11888","na64l7rp37_character_naming_f1_24_block1_norep.webm","true","{""message"":""Success""}","1","","","","","","f1_24","stone","filler","green","true","","",""
"html-keyboard-response","null","","null","451","2.1.0","1800584","na64l7rp37","block2_then_block1","","","inter_trial_interval","","","","","","","","","","","","","","","","","","","","","","","","","","","","","","","",""
"html-keyboard-response","null","<div class=""fixation"">+</div>","null","452","2.1.0","1801091","na64l7rp37","block2_then_block1","","","fixation","","","","","","","","","","","","","","","","","","","","","","","","","","","","","","","",""
"html-keyboard-response","844","
      <div class=""chinese-character"" style=""color:#000000;"">尝</div>
      <div style=""margin-top:32px; font-size:16px; color:#555; font-family:Arial,sans-serif;"">
        Say the character aloud, then press <strong>Space</strong>.
      </div>
    "," ","453","2.1.0","1801936","na64l7rp37","block2_then_block1","","","character_naming","","","","","","","","","尝","chang2","character_naming_blue_block1_rep1","844","true","true","13820","na64l7rp37_character_naming_blue_block1_rep1.webm","true","{""error"":""OSF_FILE_EXISTS"",""message"":""The OSF file already exists. File names must be unique.""}","1","","","","","","blue","taste","congruent_S_minus_T_plus","blue","false","","",""
"html-keyboard-response","null","","null","454","2.1.0","1802051","na64l7rp37","block2_then_block1","","","inter_trial_interval","","","","","","","","","","","","","","","","","","","","","","","","","","","","","","","",""
"html-keyboard-response","null","<div class=""fixation"">+</div>","null","455","2.1.0","1802558","na64l7rp37","block2_then_block1","","","fixation","","","","","","","","","","","","","","","","","","","","","","","","","","","","","","","",""
"html-keyboard-response","857","
      <div class=""chinese-character"" style=""color:#000000;"">虑</div>
      <div style=""margin-top:32px; font-size:16px; color:#555; font-family:Arial,sans-serif;"">
        Say the character aloud, then press <strong>Space</strong>.
      </div>
    "," ","456","2.1.0","1803416","na64l7rp37","block2_then_block1","","","character_naming","","","","","","","","","虑","lv4","character_naming_green_block1_rep1","857","true","true","13820","na64l7rp37_character_naming_green_block1_rep1.webm","true","{""error"":""OSF_FILE_EXISTS"",""message"":""The OSF file already exists. File names must be unique.""}","1","","","","","","green","ponder","congruent_S_T_plus","green","false","","",""
"html-keyboard-response","null","","null","457","2.1.0","1803527","na64l7rp37","block2_then_block1","","","inter_trial_interval","","","","","","","","","","","","","","","","","","","","","","","","","","","","","","","",""
"html-keyboard-response","null","<div class=""fixation"">+</div>","null","458","2.1.0","1804035","na64l7rp37","block2_then_block1","","","fixation","","","","","","","","","","","","","","","","","","","","","","","","","","","","","","","",""
"html-keyboard-response","760","
      <div class=""chinese-character"" style=""color:#000000;"">月</div>
      <div style=""margin-top:32px; font-size:16px; color:#555; font-family:Arial,sans-serif;"">
        Say the character aloud, then press <strong>Space</strong>.
      </div>
    "," ","459","2.1.0","1804797","na64l7rp37","block2_then_block1","","","character_naming","","","","","","","","","月","yue4","character_naming_f1_7_block1_norep","760","true","true","11888","na64l7rp37_character_naming_f1_7_block1_norep.webm","true","{""message"":""Success""}","1","","","","","","f1_7","moon","filler","blue","true","","",""
"html-keyboard-response","null","","null","460","2.1.0","1804904","na64l7rp37","block2_then_block1","","","inter_trial_interval","","","","","","","","","","","","","","","","","","","","","","","","","","","","","","","",""
"html-keyboard-response","null","<div class=""fixation"">+</div>","null","461","2.1.0","1805411","na64l7rp37","block2_then_block1","","","fixation","","","","","","","","","","","","","","","","","","","","","","","","","","","","","","","",""
"html-keyboard-response","815","
      <div class=""chinese-character"" style=""color:#000000;"">趁</div>
      <div style=""margin-top:32px; font-size:16px; color:#555; font-family:Arial,sans-serif;"">
        Say the character aloud, then press <strong>Space</strong>.
      </div>
    "," ","462","2.1.0","1806227","na64l7rp37","block2_then_block1","","","character_naming","","","","","","","","","趁","chen4","character_naming_yellow_block1_rep1","815","true","true","12854","na64l7rp37_character_naming_yellow_block1_rep1.webm","true","{""error"":""OSF_FILE_EXISTS"",""message"":""The OSF file already exists. File names must be unique.""}","1","","","","","","yellow","take advantage of","neutral","yellow","false","","",""
"html-keyboard-response","null","","null","463","2.1.0","1806344","na64l7rp37","block2_then_block1","","","inter_trial_interval","","","","","","","","","","","","","","","","","","","","","","","","","","","","","","","",""
"html-keyboard-response","null","<div class=""fixation"">+</div>","null","464","2.1.0","1806855","na64l7rp37","block2_then_block1","","","fixation","","","","","","","","","","","","","","","","","","","","","","","","","","","","","","","",""
"html-keyboard-response","924","
      <div class=""chinese-character"" style=""color:#000000;"">缠</div>
      <div style=""margin-top:32px; font-size:16px; color:#555; font-family:Arial,sans-serif;"">
        Say the character aloud, then press <strong>Space</strong>.
      </div>
    "," ","465","2.1.0","1807780","na64l7rp37","block2_then_block1","","","character_naming","","","","","","","","","缠","chan2","character_naming_yellow_block1_rep1","924","true","true","14786","na64l7rp37_character_naming_yellow_block1_rep1.webm","true","{""error"":""OSF_FILE_EXISTS"",""message"":""The OSF file already exists. File names must be unique.""}","1","","","","","","yellow","wrap around","congruent_S_minus_T_plus","yellow","false","","",""
"html-keyboard-response","null","","null","466","2.1.0","1807885","na64l7rp37","block2_then_block1","","","inter_trial_interval","","","","","","","","","","","","","","","","","","","","","","","","","","","","","","","",""
"html-keyboard-response","null","<div class=""fixation"">+</div>","null","467","2.1.0","1808391","na64l7rp37","block2_then_block1","","","fixation","","","","","","","","","","","","","","","","","","","","","","","","","","","","","","","",""
"html-keyboard-response","782","
      <div class=""chinese-character"" style=""color:#000000;"">皇</div>
      <div style=""margin-top:32px; font-size:16px; color:#555; font-family:Arial,sans-serif;"">
        Say the character aloud, then press <strong>Space</strong>.
      </div>
    "," ","468","2.1.0","1809175","na64l7rp37","block2_then_block1","","","character_naming","","","","","","","","","皇","huang2","character_naming_yellow_block1_rep1","782","true","true","11888","na64l7rp37_character_naming_yellow_block1_rep1.webm","true","{""error"":""OSF_FILE_EXISTS"",""message"":""The OSF file already exists. File names must be unique.""}","1","","","","","","yellow","emperor","congruent_S_T_plus","yellow","false","","",""
"html-keyboard-response","null","","null","469","2.1.0","1809285","na64l7rp37","block2_then_block1","","","inter_trial_interval","","","","","","","","","","","","","","","","","","","","","","","","","","","","","","","",""
"html-keyboard-response","3268","
      <div class=""instructions"">
        <h2>English Color-Naming — Block 1</h2>
        <p>You will see Chinese characters printed in color.</p>
        <p>Your task is to identify the <strong>ink color in English</strong>.</p>
        <p>Ignore the character itself.</p>
        <p><strong>R</strong> = red, <strong>Y</strong> = yellow, <strong>B</strong> = blue, <strong>G</strong> = green.</p>
        <p>Press <strong>Space</strong> to begin.</p>
      </div>
    "," ","470","2.1.0","1812554","na64l7rp37","block2_then_block1","","","","","","","","","","","","","","","","","","","","","","","","","","","","","","","","","","",""
"html-keyboard-response","3624","
      <div class=""instructions"">
        <h2>Keyboard Check</h2>
        <p>Before we continue, please press the <strong>G</strong> key
        (for <strong>green</strong>) on your keyboard.</p>
        <p style=""color:#888;font-size:0.9em;"">
          If your keyboard is set to a Chinese input method (IME),
          please switch to English / Roman input now, otherwise the experiment cannot record your responses.
        </p>
      </div>
    ","g","471","2.1.0","1816180","na64l7rp37","block2_then_block1","","","keyboard_check","","","","","","","","","","","","","","","","","","","1","g","","","","","","","","","","","",""
"html-keyboard-response","null","<div class=""fixation"">+</div>","null","472","2.1.0","1816682","na64l7rp37","block2_then_block1","","","fixation","","","","","","","","","","","","","","","","","","","","","","","","","","","","","","","",""
"html-keyboard-response","null","<div class=""chinese-character"" style=""color:#d6b300;"">山</div>","null","473","2.1.0","1819697","na64l7rp37","block2_then_block1","","","color_naming","","","","","","","","","山","shan1","","","","","","","","","1","","yellow","y","null","false","f1_2","mountain","","","true","filler","false","null"
"html-keyboard-response","null","","null","474","2.1.0","1820712","na64l7rp37","block2_then_block1","","","inter_trial_interval","","","","","","","","","","","","","","","","","","","","","","","","","","","","","","","",""
"html-keyboard-response","null","<div class=""fixation"">+</div>","null","475","2.1.0","1821229","na64l7rp37","block2_then_block1","","","fixation","","","","","","","","","","","","","","","","","","","","","","","","","","","","","","","",""
"html-keyboard-response","null","<div class=""chinese-character"" style=""color:#d62728;"">雨</div>","null","476","2.1.0","1824233","na64l7rp37","block2_then_block1","","","color_naming","","","","","","","","","雨","yu3","","","","","","","","","1","","red","r","null","false","f1_17","rain","","","true","filler","false","null"
"html-keyboard-response","null","","null","477","2.1.0","1825253","na64l7rp37","block2_then_block1","","","inter_trial_interval","","","","","","","","","","","","","","","","","","","","","","","","","","","","","","","",""
"html-keyboard-response","null","<div class=""fixation"">+</div>","null","478","2.1.0","1825761","na64l7rp37","block2_then_block1","","","fixation","","","","","","","","","","","","","","","","","","","","","","","","","","","","","","","",""
"html-keyboard-response","null","<div class=""chinese-character"" style=""color:#2ca02c;"">门</div>","null","479","2.1.0","1828773","na64l7rp37","block2_then_block1","","","color_naming","","","","","","","","","门","men2","","","","","","","","","1","","green","g","null","false","f1_4","door","","","true","filler","false","null"
"html-keyboard-response","null","","null","480","2.1.0","1829780","na64l7rp37","block2_then_block1","","","inter_trial_interval","","","","","","","","","","","","","","","","","","","","","","","","","","","","","","","",""
"html-keyboard-response","null","<div class=""fixation"">+</div>","null","481","2.1.0","1830298","na64l7rp37","block2_then_block1","","","fixation","","","","","","","","","","","","","","","","","","","","","","","","","","","","","","","",""
"html-keyboard-response","null","<div class=""chinese-character"" style=""color:#d62728;"">云</div>","null","482","2.1.0","1833315","na64l7rp37","block2_then_block1","","","color_naming","","","","","","","","","云","yun2","","","","","","","","","1","","red","r","null","false","f1_9","cloud","","","true","filler","false","null"
"html-keyboard-response","null","","null","483","2.1.0","1834330","na64l7rp37","block2_then_block1","","","inter_trial_interval","","","","","","","","","","","","","","","","","","","","","","","","","","","","","","","",""
"html-keyboard-response","null","<div class=""fixation"">+</div>","null","484","2.1.0","1834843","na64l7rp37","block2_then_block1","","","fixation","","","","","","","","","","","","","","","","","","","","","","","","","","","","","","","",""
"html-keyboard-response","null","<div class=""chinese-character"" style=""color:#d62728;"">洪</div>","null","485","2.1.0","1837855","na64l7rp37","block2_then_block1","","","color_naming","","","","","","","","","洪","hong2","","","","","","","","","1","","red","r","null","false","red","flood","","","false","congruent_S_T_plus","true","1"
"html-keyboard-response","null","","null","486","2.1.0","1838863","na64l7rp37","block2_then_block1","","","inter_trial_interval","","","","","","","","","","","","","","","","","","","","","","","","","","","","","","","",""
"html-keyboard-response","null","<div class=""fixation"">+</div>","null","487","2.1.0","1839370","na64l7rp37","block2_then_block1","","","fixation","","","","","","","","","","","","","","","","","","","","","","","","","","","","","","","",""
"html-keyboard-response","null","<div class=""chinese-character"" style=""color:#2ca02c;"">虑</div>","null","488","2.1.0","1842375","na64l7rp37","block2_then_block1","","","color_naming","","","","","","","","","虑","lv4","","","","","","","","","1","","green","g","null","false","green","ponder","","","false","congruent_S_T_plus","true","1"
"html-keyboard-response","null","","null","489","2.1.0","1843389","na64l7rp37","block2_then_block1","","","inter_trial_interval","","","","","","","","","","","","","","","","","","","","","","","","","","","","","","","",""
"html-keyboard-response","null","<div class=""fixation"">+</div>","null","490","2.1.0","1843894","na64l7rp37","block2_then_block1","","","fixation","","","","","","","","","","","","","","","","","","","","","","","","","","","","","","","",""
"html-keyboard-response","null","<div class=""chinese-character"" style=""color:#2ca02c;"">树</div>","null","491","2.1.0","1846904","na64l7rp37","block2_then_block1","","","color_naming","","","","","","","","","树","shu4","","","","","","","","","1","","green","g","null","false","f1_16","tree","","","true","filler","false","null"
"html-keyboard-response","null","","null","492","2.1.0","1847924","na64l7rp37","block2_then_block1","","","inter_trial_interval","","","","","","","","","","","","","","","","","","","","","","","","","","","","","","","",""
"html-keyboard-response","null","<div class=""fixation"">+</div>","null","493","2.1.0","1848435","na64l7rp37","block2_then_block1","","","fixation","","","","","","","","","","","","","","","","","","","","","","","","","","","","","","","",""
"html-keyboard-response","null","<div class=""chinese-character"" style=""color:#1f77b4;"">纸</div>","null","494","2.1.0","1851446","na64l7rp37","block2_then_block1","","","color_naming","","","","","","","","","纸","zhi3","","","","","","","","","1","","blue","b","null","false","f1_19","paper","","","true","filler","false","null"
"html-keyboard-response","null","","null","495","2.1.0","1852454","na64l7rp37","block2_then_block1","","","inter_trial_interval","","","","","","","","","","","","","","","","","","","","","","","","","","","","","","","",""
"html-keyboard-response","null","<div class=""fixation"">+</div>","null","496","2.1.0","1852956","na64l7rp37","block2_then_block1","","","fixation","","","","","","","","","","","","","","","","","","","","","","","","","","","","","","","",""
"html-keyboard-response","null","<div class=""chinese-character"" style=""color:#1f77b4;"">月</div>","null","497","2.1.0","1855958","na64l7rp37","block2_then_block1","","","color_naming","","","","","","","","","月","yue4","","","","","","","","","1","","blue","b","null","false","f1_7","moon","","","true","filler","false","null"
"html-keyboard-response","null","","null","498","2.1.0","1856960","na64l7rp37","block2_then_block1","","","inter_trial_interval","","","","","","","","","","","","","","","","","","","","","","","","","","","","","","","",""
"html-keyboard-response","null","<div class=""fixation"">+</div>","null","499","2.1.0","1857463","na64l7rp37","block2_then_block1","","","fixation","","","","","","","","","","","","","","","","","","","","","","","","","","","","","","","",""
"html-keyboard-response","null","<div class=""chinese-character"" style=""color:#1f77b4;"">船</div>","null","500","2.1.0","1860475","na64l7rp37","block2_then_block1","","","color_naming","","","","","","","","","船","chuan2","","","","","","","","","1","","blue","b","null","false","f1_23","boat","","","true","filler","false","null"
"html-keyboard-response","null","","null","501","2.1.0","1861480","na64l7rp37","block2_then_block1","","","inter_trial_interval","","","","","","","","","","","","","","","","","","","","","","","","","","","","","","","",""
"html-keyboard-response","null","<div class=""fixation"">+</div>","null","502","2.1.0","1861987","na64l7rp37","block2_then_block1","","","fixation","","","","","","","","","","","","","","","","","","","","","","","","","","","","","","","",""
"html-keyboard-response","null","<div class=""chinese-character"" style=""color:#d62728;"">红</div>","null","503","2.1.0","1865004","na64l7rp37","block2_then_block1","","","color_naming","","","","","","","","","红","hong2","","","","","","","","","1","","red","r","null","false","red","red","","","false","congruent_color_character","true","1"
"html-keyboard-response","null","","null","504","2.1.0","1866020","na64l7rp37","block2_then_block1","","","inter_trial_interval","","","","","","","","","","","","","","","","","","","","","","","","","","","","","","","",""
"html-keyboard-response","null","<div class=""fixation"">+</div>","null","505","2.1.0","1866528","na64l7rp37","block2_then_block1","","","fixation","","","","","","","","","","","","","","","","","","","","","","","","","","","","","","","",""
"html-keyboard-response","null","<div class=""chinese-character"" style=""color:#d6b300;"">城</div>","null","506","2.1.0","1869539","na64l7rp37","block2_then_block1","","","color_naming","","","","","","","","","城","cheng2","","","","","","","","","1","","yellow","y","null","false","f1_22","city","","","true","filler","false","null"
"html-keyboard-response","null","","null","507","2.1.0","1870557","na64l7rp37","block2_then_block1","","","inter_trial_interval","","","","","","","","","","","","","","","","","","","","","","","","","","","","","","","",""
"html-keyboard-response","null","<div class=""fixation"">+</div>","null","508","2.1.0","1871073","na64l7rp37","block2_then_block1","","","fixation","","","","","","","","","","","","","","","","","","","","","","","","","","","","","","","",""
"html-keyboard-response","null","<div class=""chinese-character"" style=""color:#1f77b4;"">婪</div>","null","509","2.1.0","1874075","na64l7rp37","block2_then_block1","","","color_naming","","","","","","","","","婪","lan2","","","","","","","","","1","","blue","b","null","false","blue","greedy","","","false","congruent_S_T_plus","true","1"
"html-keyboard-response","null","","null","510","2.1.0","1875084","na64l7rp37","block2_then_block1","","","inter_trial_interval","","","","","","","","","","","","","","","","","","","","","","","","","","","","","","","",""
"html-keyboard-response","null","<div class=""fixation"">+</div>","null","511","2.1.0","1875590","na64l7rp37","block2_then_block1","","","fixation","","","","","","","","","","","","","","","","","","","","","","","","","","","","","","","",""
"html-keyboard-response","null","<div class=""chinese-character"" style=""color:#2ca02c;"">洞</div>","null","512","2.1.0","1878606","na64l7rp37","block2_then_block1","","","color_naming","","","","","","","","","洞","dong4","","","","","","","","","1","","green","g","null","false","green","hole","","","false","congruent_S_minus_T_plus","true","1"
"html-keyboard-response","null","","null","513","2.1.0","1879609","na64l7rp37","block2_then_block1","","","inter_trial_interval","","","","","","","","","","","","","","","","","","","","","","","","","","","","","","","",""
"html-keyboard-response","null","<div class=""fixation"">+</div>","null","514","2.1.0","1880114","na64l7rp37","block2_then_block1","","","fixation","","","","","","","","","","","","","","","","","","","","","","","","","","","","","","","",""
"html-keyboard-response","null","<div class=""chinese-character"" style=""color:#1f77b4;"">览</div>","null","515","2.1.0","1883128","na64l7rp37","block2_then_block1","","","color_naming","","","","","","","","","览","lan3","","","","","","","","","1","","blue","b","null","false","blue","view","","","false","congruent_S_plus_T_minus","true","1"
"html-keyboard-response","null","","null","516","2.1.0","1884142","na64l7rp37","block2_then_block1","","","inter_trial_interval","","","","","","","","","","","","","","","","","","","","","","","","","","","","","","","",""
"html-keyboard-response","null","<div class=""fixation"">+</div>","null","517","2.1.0","1884656","na64l7rp37","block2_then_block1","","","fixation","","","","","","","","","","","","","","","","","","","","","","","","","","","","","","","",""
"html-keyboard-response","null","<div class=""chinese-character"" style=""color:#1f77b4;"">鸟</div>","null","518","2.1.0","1887664","na64l7rp37","block2_then_block1","","","color_naming","","","","","","","","","鸟","niao3","","","","","","","","","1","","blue","b","null","false","f1_11","bird","","","true","filler","false","null"
"html-keyboard-response","null","","null","519","2.1.0","1888675","na64l7rp37","block2_then_block1","","","inter_trial_interval","","","","","","","","","","","","","","","","","","","","","","","","","","","","","","","",""
"html-keyboard-response","null","<div class=""fixation"">+</div>","null","520","2.1.0","1889184","na64l7rp37","block2_then_block1","","","fixation","","","","","","","","","","","","","","","","","","","","","","","","","","","","","","","",""
"html-keyboard-response","null","<div class=""chinese-character"" style=""color:#d62728;"">瓶</div>","null","521","2.1.0","1892190","na64l7rp37","block2_then_block1","","","color_naming","","","","","","","","","瓶","ping2","","","","","","","","","1","","red","r","null","false","red","bottle","","","false","congruent_S_minus_T_plus","true","1"
"html-keyboard-response","null","","null","522","2.1.0","1893203","na64l7rp37","block2_then_block1","","","inter_trial_interval","","","","","","","","","","","","","","","","","","","","","","","","","","","","","","","",""
"html-keyboard-response","null","<div class=""fixation"">+</div>","null","523","2.1.0","1893707","na64l7rp37","block2_then_block1","","","fixation","","","","","","","","","","","","","","","","","","","","","","","","","","","","","","","",""
"html-keyboard-response","null","<div class=""chinese-character"" style=""color:#2ca02c;"">绿</div>","null","524","2.1.0","1896715","na64l7rp37","block2_then_block1","","","color_naming","","","","","","","","","绿","lv4","","","","","","","","","1","","green","g","null","false","green","green","","","false","congruent_color_character","true","1"
"html-keyboard-response","null","","null","525","2.1.0","1897717","na64l7rp37","block2_then_block1","","","inter_trial_interval","","","","","","","","","","","","","","","","","","","","","","","","","","","","","","","",""
"html-keyboard-response","null","<div class=""fixation"">+</div>","null","526","2.1.0","1898228","na64l7rp37","block2_then_block1","","","fixation","","","","","","","","","","","","","","","","","","","","","","","","","","","","","","","",""
"html-keyboard-response","null","<div class=""chinese-character"" style=""color:#d6b300;"">路</div>","null","527","2.1.0","1901246","na64l7rp37","block2_then_block1","","","color_naming","","","","","","","","","路","lu4","","","","","","","","","1","","yellow","y","null","false","f1_14","road","","","true","filler","false","null"
"html-keyboard-response","null","","null","528","2.1.0","1902263","na64l7rp37","block2_then_block1","","","inter_trial_interval","","","","","","","","","","","","","","","","","","","","","","","","","","","","","","","",""
"html-keyboard-response","null","<div class=""fixation"">+</div>","null","529","2.1.0","1902766","na64l7rp37","block2_then_block1","","","fixation","","","","","","","","","","","","","","","","","","","","","","","","","","","","","","","",""
"html-keyboard-response","null","<div class=""chinese-character"" style=""color:#d62728;"">家</div>","null","530","2.1.0","1905772","na64l7rp37","block2_then_block1","","","color_naming","","","","","","","","","家","jia1","","","","","","","","","1","","red","r","null","false","f1_13","home","","","true","filler","false","null"
"html-keyboard-response","null","","null","531","2.1.0","1906781","na64l7rp37","block2_then_block1","","","inter_trial_interval","","","","","","","","","","","","","","","","","","","","","","","","","","","","","","","",""
"html-keyboard-response","null","<div class=""fixation"">+</div>","null","532","2.1.0","1907283","na64l7rp37","block2_then_block1","","","fixation","","","","","","","","","","","","","","","","","","","","","","","","","","","","","","","",""
"html-keyboard-response","null","<div class=""chinese-character"" style=""color:#d6b300;"">黄</div>","null","533","2.1.0","1910295","na64l7rp37","block2_then_block1","","","color_naming","","","","","","","","","黄","huang2","","","","","","","","","1","","yellow","y","null","false","yellow","yellow","","","false","congruent_color_character","true","1"
"html-keyboard-response","null","","null","534","2.1.0","1911303","na64l7rp37","block2_then_block1","","","inter_trial_interval","","","","","","","","","","","","","","","","","","","","","","","","","","","","","","","",""
"html-keyboard-response","null","<div class=""fixation"">+</div>","null","535","2.1.0","1911812","na64l7rp37","block2_then_block1","","","fixation","","","","","","","","","","","","","","","","","","","","","","","","","","","","","","","",""
"html-keyboard-response","null","<div class=""chinese-character"" style=""color:#d6b300;"">花</div>","null","536","2.1.0","1914829","na64l7rp37","block2_then_block1","","","color_naming","","","","","","","","","花","hua1","","","","","","","","","1","","yellow","y","null","false","f1_6","flower","","","true","filler","false","null"
"html-keyboard-response","null","","null","537","2.1.0","1915845","na64l7rp37","block2_then_block1","","","inter_trial_interval","","","","","","","","","","","","","","","","","","","","","","","","","","","","","","","",""
"html-keyboard-response","null","<div class=""fixation"">+</div>","null","538","2.1.0","1916355","na64l7rp37","block2_then_block1","","","fixation","","","","","","","","","","","","","","","","","","","","","","","","","","","","","","","",""
"html-keyboard-response","null","<div class=""chinese-character"" style=""color:#d62728;"">灯</div>","null","539","2.1.0","1919370","na64l7rp37","block2_then_block1","","","color_naming","","","","","","","","","灯","deng1","","","","","","","","","1","","red","r","null","false","f1_21","lamp","","","true","filler","false","null"
"html-keyboard-response","null","","null","540","2.1.0","1920384","na64l7rp37","block2_then_block1","","","inter_trial_interval","","","","","","","","","","","","","","","","","","","","","","","","","","","","","","","",""
"html-keyboard-response","null","<div class=""fixation"">+</div>","null","541","2.1.0","1920888","na64l7rp37","block2_then_block1","","","fixation","","","","","","","","","","","","","","","","","","","","","","","","","","","","","","","",""
"html-keyboard-response","null","<div class=""chinese-character"" style=""color:#d62728;"">车</div>","null","542","2.1.0","1923895","na64l7rp37","block2_then_block1","","","color_naming","","","","","","","","","车","che1","","","","","","","","","1","","red","r","null","false","f1_5","car","","","true","filler","false","null"
"html-keyboard-response","null","","null","543","2.1.0","1924904","na64l7rp37","block2_then_block1","","","inter_trial_interval","","","","","","","","","","","","","","","","","","","","","","","","","","","","","","","",""
"html-keyboard-response","null","<div class=""fixation"">+</div>","null","544","2.1.0","1925408","na64l7rp37","block2_then_block1","","","fixation","","","","","","","","","","","","","","","","","","","","","","","","","","","","","","","",""
"html-keyboard-response","null","<div class=""chinese-character"" style=""color:#d62728;"">牵</div>","null","545","2.1.0","1928420","na64l7rp37","block2_then_block1","","","color_naming","","","","","","","","","牵","qian1","","","","","","","","","1","","red","r","null","false","red","lead along","","","false","neutral","true","1"
"html-keyboard-response","null","","null","546","2.1.0","1929429","na64l7rp37","block2_then_block1","","","inter_trial_interval","","","","","","","","","","","","","","","","","","","","","","","","","","","","","","","",""
"html-keyboard-response","null","<div class=""fixation"">+</div>","null","547","2.1.0","1929935","na64l7rp37","block2_then_block1","","","fixation","","","","","","","","","","","","","","","","","","","","","","","","","","","","","","","",""
"html-keyboard-response","null","<div class=""chinese-character"" style=""color:#1f77b4;"">窗</div>","null","548","2.1.0","1932941","na64l7rp37","block2_then_block1","","","color_naming","","","","","","","","","窗","chuang1","","","","","","","","","1","","blue","b","null","false","f1_15","window","","","true","filler","false","null"
"html-keyboard-response","null","","null","549","2.1.0","1933949","na64l7rp37","block2_then_block1","","","inter_trial_interval","","","","","","","","","","","","","","","","","","","","","","","","","","","","","","","",""
"html-keyboard-response","null","<div class=""fixation"">+</div>","null","550","2.1.0","1934458","na64l7rp37","block2_then_block1","","","fixation","","","","","","","","","","","","","","","","","","","","","","","","","","","","","","","",""
"html-keyboard-response","null","<div class=""chinese-character"" style=""color:#1f77b4;"">水</div>","null","551","2.1.0","1937471","na64l7rp37","block2_then_block1","","","color_naming","","","","","","","","","水","shui3","","","","","","","","","1","","blue","b","null","false","f1_3","water","","","true","filler","false","null"
"html-keyboard-response","null","","null","552","2.1.0","1938484","na64l7rp37","block2_then_block1","","","inter_trial_interval","","","","","","","","","","","","","","","","","","","","","","","","","","","","","","","",""
"html-keyboard-response","null","<div class=""fixation"">+</div>","null","553","2.1.0","1938996","na64l7rp37","block2_then_block1","","","fixation","","","","","","","","","","","","","","","","","","","","","","","","","","","","","","","",""
"html-keyboard-response","null","<div class=""chinese-character"" style=""color:#d6b300;"">绿</div>","null","554","2.1.0","1942009","na64l7rp37","block2_then_block1","","","color_naming","","","","","","","","","绿","lv4","","","","","","","","","1","","yellow","y","null","false","green","green","","","false","incongruent_color_character","true","1"
"html-keyboard-response","null","","null","555","2.1.0","1943017","na64l7rp37","block2_then_block1","","","inter_trial_interval","","","","","","","","","","","","","","","","","","","","","","","","","","","","","","","",""
"html-keyboard-response","null","<div class=""fixation"">+</div>","null","556","2.1.0","1943533","na64l7rp37","block2_then_block1","","","fixation","","","","","","","","","","","","","","","","","","","","","","","","","","","","","","","",""
"html-keyboard-response","null","<div class=""chinese-character"" style=""color:#2ca02c;"">石</div>","null","557","2.1.0","1946541","na64l7rp37","block2_then_block1","","","color_naming","","","","","","","","","石","shi2","","","","","","","","","1","","green","g","null","false","f1_24","stone","","","true","filler","false","null"
"html-keyboard-response","null","","null","558","2.1.0","1947554","na64l7rp37","block2_then_block1","","","inter_trial_interval","","","","","","","","","","","","","","","","","","","","","","","","","","","","","","","",""
"html-keyboard-response","null","<div class=""fixation"">+</div>","null","559","2.1.0","1948064","na64l7rp37","block2_then_block1","","","fixation","","","","","","","","","","","","","","","","","","","","","","","","","","","","","","","",""
"html-keyboard-response","null","<div class=""chinese-character"" style=""color:#d6b300;"">风</div>","null","560","2.1.0","1951073","na64l7rp37","block2_then_block1","","","color_naming","","","","","","","","","风","feng1","","","","","","","","","1","","yellow","y","null","false","f1_10","wind","","","true","filler","false","null"
"html-keyboard-response","null","","null","561","2.1.0","1952076","na64l7rp37","block2_then_block1","","","inter_trial_interval","","","","","","","","","","","","","","","","","","","","","","","","","","","","","","","",""
"html-keyboard-response","null","<div class=""fixation"">+</div>","null","562","2.1.0","1952583","na64l7rp37","block2_then_block1","","","fixation","","","","","","","","","","","","","","","","","","","","","","","","","","","","","","","",""
"html-keyboard-response","null","<div class=""chinese-character"" style=""color:#2ca02c;"">鱼</div>","null","563","2.1.0","1955594","na64l7rp37","block2_then_block1","","","color_naming","","","","","","","","","鱼","yu2","","","","","","","","","1","","green","g","null","false","f1_12","fish","","","true","filler","false","null"
"html-keyboard-response","null","","null","564","2.1.0","1956596","na64l7rp37","block2_then_block1","","","inter_trial_interval","","","","","","","","","","","","","","","","","","","","","","","","","","","","","","","",""
"html-keyboard-response","null","<div class=""fixation"">+</div>","null","565","2.1.0","1957108","na64l7rp37","block2_then_block1","","","fixation","","","","","","","","","","","","","","","","","","","","","","","","","","","","","","","",""
"html-keyboard-response","null","<div class=""chinese-character"" style=""color:#2ca02c;"">黄</div>","null","566","2.1.0","1960113","na64l7rp37","block2_then_block1","","","color_naming","","","","","","","","","黄","huang2","","","","","","","","","1","","green","g","null","false","yellow","yellow","","","false","incongruent_color_character","true","1"
"html-keyboard-response","null","","null","567","2.1.0","1961126","na64l7rp37","block2_then_block1","","","inter_trial_interval","","","","","","","","","","","","","","","","","","","","","","","","","","","","","","","",""
"html-keyboard-response","null","<div class=""fixation"">+</div>","null","568","2.1.0","1961632","na64l7rp37","block2_then_block1","","","fixation","","","","","","","","","","","","","","","","","","","","","","","","","","","","","","","",""
"html-keyboard-response","null","<div class=""chinese-character"" style=""color:#2ca02c;"">旅</div>","null","569","2.1.0","1964636","na64l7rp37","block2_then_block1","","","color_naming","","","","","","","","","旅","lv3","","","","","","","","","1","","green","g","null","false","green","travel","","","false","congruent_S_plus_T_minus","true","1"
"html-keyboard-response","null","","null","570","2.1.0","1965645","na64l7rp37","block2_then_block1","","","inter_trial_interval","","","","","","","","","","","","","","","","","","","","","","","","","","","","","","","",""
"html-keyboard-response","null","<div class=""fixation"">+</div>","null","571","2.1.0","1966161","na64l7rp37","block2_then_block1","","","fixation","","","","","","","","","","","","","","","","","","","","","","","","","","","","","","","",""
"html-keyboard-response","null","<div class=""chinese-character"" style=""color:#d62728;"">书</div>","null","572","2.1.0","1969170","na64l7rp37","block2_then_block1","","","color_naming","","","","","","","","","书","shu1","","","","","","","","","1","","red","r","null","false","f1_1","book","","","true","filler","false","null"
"html-keyboard-response","null","","null","573","2.1.0","1970185","na64l7rp37","block2_then_block1","","","inter_trial_interval","","","","","","","","","","","","","","","","","","","","","","","","","","","","","","","",""
"html-keyboard-response","null","<div class=""fixation"">+</div>","null","574","2.1.0","1970695","na64l7rp37","block2_then_block1","","","fixation","","","","","","","","","","","","","","","","","","","","","","","","","","","","","","","",""
"html-keyboard-response","null","<div class=""chinese-character"" style=""color:#2ca02c;"">手</div>","null","575","2.1.0","1973709","na64l7rp37","block2_then_block1","","","color_naming","","","","","","","","","手","shou3","","","","","","","","","1","","green","g","null","false","f1_8","hand","","","true","filler","false","null"
"html-keyboard-response","null","","null","576","2.1.0","1974725","na64l7rp37","block2_then_block1","","","inter_trial_interval","","","","","","","","","","","","","","","","","","","","","","","","","","","","","","","",""
"html-keyboard-response","null","<div class=""fixation"">+</div>","null","577","2.1.0","1975236","na64l7rp37","block2_then_block1","","","fixation","","","","","","","","","","","","","","","","","","","","","","","","","","","","","","","",""
"html-keyboard-response","null","<div class=""chinese-character"" style=""color:#d6b300;"">缠</div>","null","578","2.1.0","1978238","na64l7rp37","block2_then_block1","","","color_naming","","","","","","","","","缠","chan2","","","","","","","","","1","","yellow","y","null","false","yellow","wrap around","","","false","congruent_S_minus_T_plus","true","1"
"html-keyboard-response","null","","null","579","2.1.0","1979253","na64l7rp37","block2_then_block1","","","inter_trial_interval","","","","","","","","","","","","","","","","","","","","","","","","","","","","","","","",""
"html-keyboard-response","null","<div class=""fixation"">+</div>","null","580","2.1.0","1979767","na64l7rp37","block2_then_block1","","","fixation","","","","","","","","","","","","","","","","","","","","","","","","","","","","","","","",""
"html-keyboard-response","null","<div class=""chinese-character"" style=""color:#2ca02c;"">涂</div>","null","581","2.1.0","1982778","na64l7rp37","block2_then_block1","","","color_naming","","","","","","","","","涂","tu2","","","","","","","","","1","","green","g","null","false","green","paint","","","false","neutral","true","1"
"html-keyboard-response","null","","null","582","2.1.0","1983794","na64l7rp37","block2_then_block1","","","inter_trial_interval","","","","","","","","","","","","","","","","","","","","","","","","","","","","","","","",""
"html-keyboard-response","null","<div class=""fixation"">+</div>","null","583","2.1.0","1984306","na64l7rp37","block2_then_block1","","","fixation","","","","","","","","","","","","","","","","","","","","","","","","","","","","","","","",""
"html-keyboard-response","null","<div class=""chinese-character"" style=""color:#d6b300;"">皇</div>","null","584","2.1.0","1987319","na64l7rp37","block2_then_block1","","","color_naming","","","","","","","","","皇","huang2","","","","","","","","","1","","yellow","y","null","false","yellow","emperor","","","false","congruent_S_T_plus","true","1"
"html-keyboard-response","null","","null","585","2.1.0","1988328","na64l7rp37","block2_then_block1","","","inter_trial_interval","","","","","","","","","","","","","","","","","","","","","","","","","","","","","","","",""
"html-keyboard-response","null","<div class=""fixation"">+</div>","null","586","2.1.0","1988843","na64l7rp37","block2_then_block1","","","fixation","","","","","","","","","","","","","","","","","","","","","","","","","","","","","","","",""
"html-keyboard-response","null","<div class=""chinese-character"" style=""color:#d62728;"">蓝</div>","null","587","2.1.0","1991847","na64l7rp37","block2_then_block1","","","color_naming","","","","","","","","","蓝","lan2","","","","","","","","","1","","red","r","null","false","blue","blue","","","false","incongruent_color_character","true","1"
"html-keyboard-response","null","","null","588","2.1.0","1992865","na64l7rp37","block2_then_block1","","","inter_trial_interval","","","","","","","","","","","","","","","","","","","","","","","","","","","","","","","",""
"html-keyboard-response","null","<div class=""fixation"">+</div>","null","589","2.1.0","1993382","na64l7rp37","block2_then_block1","","","fixation","","","","","","","","","","","","","","","","","","","","","","","","","","","","","","","",""
"html-keyboard-response","null","<div class=""chinese-character"" style=""color:#1f77b4;"">蓝</div>","null","590","2.1.0","1996398","na64l7rp37","block2_then_block1","","","color_naming","","","","","","","","","蓝","lan2","","","","","","","","","1","","blue","b","null","false","blue","blue","","","false","congruent_color_character","true","1"
"html-keyboard-response","null","","null","591","2.1.0","1997410","na64l7rp37","block2_then_block1","","","inter_trial_interval","","","","","","","","","","","","","","","","","","","","","","","","","","","","","","","",""
"html-keyboard-response","null","<div class=""fixation"">+</div>","null","592","2.1.0","1997921","na64l7rp37","block2_then_block1","","","fixation","","","","","","","","","","","","","","","","","","","","","","","","","","","","","","","",""
"html-keyboard-response","null","<div class=""chinese-character"" style=""color:#1f77b4;"">宫</div>","null","593","2.1.0","2000934","na64l7rp37","block2_then_block1","","","color_naming","","","","","","","","","宫","gong1","","","","","","","","","1","","blue","b","null","false","blue","palace","","","false","neutral","true","1"
"html-keyboard-response","null","","null","594","2.1.0","2001940","na64l7rp37","block2_then_block1","","","inter_trial_interval","","","","","","","","","","","","","","","","","","","","","","","","","","","","","","","",""
"html-keyboard-response","null","<div class=""fixation"">+</div>","null","595","2.1.0","2002448","na64l7rp37","block2_then_block1","","","fixation","","","","","","","","","","","","","","","","","","","","","","","","","","","","","","","",""
"html-keyboard-response","null","<div class=""chinese-character"" style=""color:#d6b300;"">趁</div>","null","596","2.1.0","2005462","na64l7rp37","block2_then_block1","","","color_naming","","","","","","","","","趁","chen4","","","","","","","","","1","","yellow","y","null","false","yellow","take advantage of","","","false","neutral","true","1"
"html-keyboard-response","null","","null","597","2.1.0","2006464","na64l7rp37","block2_then_block1","","","inter_trial_interval","","","","","","","","","","","","","","","","","","","","","","","","","","","","","","","",""
"html-keyboard-response","null","<div class=""fixation"">+</div>","null","598","2.1.0","2006975","na64l7rp37","block2_then_block1","","","fixation","","","","","","","","","","","","","","","","","","","","","","","","","","","","","","","",""
"html-keyboard-response","null","<div class=""chinese-character"" style=""color:#d6b300;"">桥</div>","null","599","2.1.0","2009991","na64l7rp37","block2_then_block1","","","color_naming","","","","","","","","","桥","qiao2","","","","","","","","","1","","yellow","y","null","false","f1_18","bridge","","","true","filler","false","null"
"html-keyboard-response","null","","null","600","2.1.0","2010996","na64l7rp37","block2_then_block1","","","inter_trial_interval","","","","","","","","","","","","","","","","","","","","","","","","","","","","","","","",""
"html-keyboard-response","null","<div class=""fixation"">+</div>","null","601","2.1.0","2011512","na64l7rp37","block2_then_block1","","","fixation","","","","","","","","","","","","","","","","","","","","","","","","","","","","","","","",""
"html-keyboard-response","null","<div class=""chinese-character"" style=""color:#2ca02c;"">茶</div>","null","602","2.1.0","2014515","na64l7rp37","block2_then_block1","","","color_naming","","","","","","","","","茶","cha2","","","","","","","","","1","","green","g","null","false","f1_20","tea","","","true","filler","false","null"
"html-keyboard-response","null","","null","603","2.1.0","2015520","na64l7rp37","block2_then_block1","","","inter_trial_interval","","","","","","","","","","","","","","","","","","","","","","","","","","","","","","","",""
"html-keyboard-response","null","<div class=""fixation"">+</div>","null","604","2.1.0","2016034","na64l7rp37","block2_then_block1","","","fixation","","","","","","","","","","","","","","","","","","","","","","","","","","","","","","","",""
"html-keyboard-response","null","<div class=""chinese-character"" style=""color:#1f77b4;"">红</div>","null","605","2.1.0","2019048","na64l7rp37","block2_then_block1","","","color_naming","","","","","","","","","红","hong2","","","","","","","","","1","","blue","b","null","false","red","red","","","false","incongruent_color_character","true","1"
"html-keyboard-response","null","","null","606","2.1.0","2020064","na64l7rp37","block2_then_block1","","","inter_trial_interval","","","","","","","","","","","","","","","","","","","","","","","","","","","","","","","",""
"html-keyboard-response","null","<div class=""fixation"">+</div>","null","607","2.1.0","2020566","na64l7rp37","block2_then_block1","","","fixation","","","","","","","","","","","","","","","","","","","","","","","","","","","","","","","",""
"html-keyboard-response","null","<div class=""chinese-character"" style=""color:#1f77b4;"">尝</div>","null","608","2.1.0","2023569","na64l7rp37","block2_then_block1","","","color_naming","","","","","","","","","尝","chang2","","","","","","","","","1","","blue","b","null","false","blue","taste","","","false","congruent_S_minus_T_plus","true","1"
"html-keyboard-response","null","","null","609","2.1.0","2024580","na64l7rp37","block2_then_block1","","","inter_trial_interval","","","","","","","","","","","","","","","","","","","","","","","","","","","","","","","",""
"html-keyboard-response","null","<div class=""fixation"">+</div>","null","610","2.1.0","2025089","na64l7rp37","block2_then_block1","","","fixation","","","","","","","","","","","","","","","","","","","","","","","","","","","","","","","",""
"html-keyboard-response","null","<div class=""chinese-character"" style=""color:#d6b300;"">晃</div>","null","611","2.1.0","2028091","na64l7rp37","block2_then_block1","","","color_naming","","","","","","","","","晃","huang4","","","","","","","","","1","","yellow","y","null","false","yellow","sway","","","false","congruent_S_plus_T_minus","true","1"
"html-keyboard-response","null","","null","612","2.1.0","2029095","na64l7rp37","block2_then_block1","","","inter_trial_interval","","","","","","","","","","","","","","","","","","","","","","","","","","","","","","","",""
"html-keyboard-response","null","<div class=""fixation"">+</div>","null","613","2.1.0","2029600","na64l7rp37","block2_then_block1","","","fixation","","","","","","","","","","","","","","","","","","","","","","","","","","","","","","","",""
"html-keyboard-response","null","<div class=""chinese-character"" style=""color:#d62728;"">轰</div>","null","614","2.1.0","2032618","na64l7rp37","block2_then_block1","","","color_naming","","","","","","","","","轰","hong1","","","","","","","","","1","","red","r","null","false","red","boom","","","false","congruent_S_plus_T_minus","true","1"
"html-keyboard-response","null","","null","615","2.1.0","2033626","na64l7rp37","block2_then_block1","","","inter_trial_interval","","","","","","","","","","","","","","","","","","","","","","","","","","","","","","","",""
"html-keyboard-response","10667","
      <div class=""instructions"">
        <h2>Experiment Complete</h2>
        <p>Thank you for participating!</p>
        <p>Your keyboard color-naming accuracy was <strong>0</strong> out of <strong>96</strong> trials (0%).</p>
        <p>Press <strong>Space</strong> to view the data.</p>
      </div>
    "," ","616","2.1.0","2044296","na64l7rp37","block2_then_block1","","","","","","","","","","","","","","","","","","","","","","","","","","","","","","","","","","",""
