"trial_type","rt","stimulus","response","trial_index","plugin_version","time_elapsed","subject_id","experimental_order","consent_response","consent_timestamp","task","mandarin_english_bilingual","native_language","english_age_of_acquisition","years_in_us","english_proficiency_score","mandarin_proficiency","english_proficiency","normal_or_corrected_vision","character","pinyin","recording_key","space_rt_ms","mic_available","audio_recorded","audio_size_bytes","audio_filename","audio_upload_ok","audio_upload_status","block","expected_key","ink_color","correct_key","response_color","correct","item_id","translation","source_condition","source_ink_color","is_filler","condition","is_critical","repetition"
"html-button-response","54725","<div class=""consent-text""> <h2>Consent Agreement</h2> <p> Please read this consent agreement carefully before deciding whether to participate in this experiment. </p> <p> <strong>Description:</strong> You are invited to participate in a research study about language and language learning. The purpose of the research is to understand how people learn new words. This research will be conducted through the Prolific platform, including participants from the US, UK, and Canada. If you decide to participate in this research, you will learn and use new words. </p> <p> <strong>Time Involvement:</strong> The task will last the amount of time advertised on Prolific. You are free to withdraw from the study at any time. </p> <p> <strong>Risks and Benefits:</strong> Study data will be stored securely, in compliance with Stanford University standards, minimizing the risk of confiden-tiality breach. This study advances our scientific understanding of how people learn new languages. We cannot and do not guarantee or promise that you will receive any benefits from this study. </p> <p> <strong>Compensation:</strong> You will receive payment in the amount advertised on Prolific. If you do not complete this study, you will receive prorated payment based on the time that you have spent. Additionally, you may be eligible for bonus payments as described in the instructions. </p> <p> <strong>Participant's Rights:</strong> If you have read this form and have decided to participate in this project, please understand your participation is voluntary and you have the right to withdraw your consent or discontinue participation at any time without penalty or loss of benefits to which you are otherwise entitled. The alternative is not to participate. You have the right to refuse to answer particular questions. The results of this research study may be presented at scientific or professional meetings or published in scientific journals. Your individual privacy will be maintained in all published and writ-ten data resulting from the study. In accordance with scientific norms, the data from this study may be used or shared with other researchers for future research (after removing personally identifying information) without additional consent from you. </p> <p> <strong>Contact Information:</strong> If you have any questions, concerns or complaints about this research, its procedures, risks and benefits, contact the Protocol Director, Robert Hawkins (<a href=""mailto:rdhawkins@stanford.edu"">rdhawkins@stanford.edu</a>, 217-549-6923). </p> <p> <strong>Independent Contact:</strong> If you are not satisfied with how this study is being conducted, or if you have any concerns, com-plaints, or general questions about the research or your rights as a participant, please contact the Stanford Institutional Review Board (IRB) to speak to someone independent of the research team at 650-723-2480 or toll free at 1-866-680-2906, or email at irbnonmed@stanford.edu. You can also write to the Stanford IRB, Stanford University, 1705 El Camino Real, Palo Alto, CA 94306. Please save or print a copy of this page for your records. </p> <p> <strong>If you agree to participate in this research, please click ""I agree""</strong> </p></br> </div>","0","0","2.1.0","54749","pf8w7d4z6j","block1_then_block2","agree","2026-05-26T20:55:25.470Z","","","","","","","","","","","","","","","","","","","","","","","","","","","","","","","","",""
"html-keyboard-response","11672","
    <div class=""instructions"">
      <h2>Welcome</h2>
      <p>Thank you for participating in this experiment.</p>
      <p>This study has two kinds of tasks:</p>
      <ol>
        <li>Read Chinese characters aloud in Mandarin.</li>
        <li>Name the ink color of Chinese characters in English.</li>
      </ol>
      <p>Press <strong>Space</strong> to continue.</p>
    </div>
  "," ","1","2.1.0","66424","pf8w7d4z6j","block1_then_block2","","","","","","","","","","","","","","","","","","","","","","","","","","","","","","","","","","",""
"survey-html-form","68946","","{""mandarin_english_bilingual"":""yes"",""native_language"":""Mandarin"",""english_age_of_acquisition"":""5"",""years_in_us"":""0"",""english_proficiency_score"":""Never taken proficiency test, been in English speaking schools since young"",""mandarin_proficiency"":""native"",""english_proficiency"":""advanced"",""normal_or_corrected_vision"":""yes""}","2","2.1.0","135374","pf8w7d4z6j","block1_then_block2","","","participant_information","yes","Mandarin","5","0","Never taken proficiency test, been in English speaking schools since young","native","advanced","yes","","","","","","","","","","","","","","","","","","","","","","","",""
"html-keyboard-response","17944","
    <div class=""instructions"">
      <h2>Color Response Keys</h2>
      <p>In the color-naming task, respond to the <strong>ink color</strong>, not the meaning of the character.</p>
      <ul>
        <li><strong>R</strong> = red</li>
        <li><strong>Y</strong> = yellow</li>
        <li><strong>B</strong> = blue</li>
        <li><strong>G</strong> = green</li>
      </ul>
      <p>Respond as quickly and accurately as possible.</p>
      <p>Press <strong>Space</strong> to continue.</p>
    </div>
  "," ","3","2.1.0","153320","pf8w7d4z6j","block1_then_block2","","","","","","","","","","","","","","","","","","","","","","","","","","","","","","","","","","",""
"html-keyboard-response","12878","
    <div class=""instructions"">
      <h2>Microphone Access</h2>
      <p>This experiment records your voice responses during the Chinese character-naming task.</p>
      <p>Your browser may ask for microphone permission — please click <strong>Allow</strong>.</p>
      <p>Your voice recordings will be securely uploaded to our research server (DataPipe) for analysis.</p>
      <p>Press <strong>Space</strong> once you have granted permission (or if no prompt appeared).</p>
    </div>
  "," ","4","2.1.0","166200","pf8w7d4z6j","block1_then_block2","","","mic_permission","","","","","","","","","","","","","","","","","","","","","","","","","","","","","","","",""
"html-keyboard-response","9958","
      <div class=""instructions"">
        <h2>Practice — Character Reading</h2>
        <p>First, you will practice reading Chinese characters aloud.</p>
        <p>Each character will appear on screen. Say it aloud in Mandarin, then press <strong>Space</strong> to move immediately to the next character.</p>
        <p>Your voice will be recorded during the real experiment.</p>
        <p>Press <strong>Space</strong> to start.</p>
      </div>
    "," ","5","2.1.0","176160","pf8w7d4z6j","block1_then_block2","","","","","","","","","","","","","","","","","","","","","","","","","","","","","","","","","","",""
"html-keyboard-response","null","<div class=""fixation"">+</div>","null","6","2.1.0","176670","pf8w7d4z6j","block1_then_block2","","","fixation","","","","","","","","","","","","","","","","","","","","","","","","","","","","","","","",""
"html-keyboard-response","2530","
      <div class=""chinese-character"" style=""color:#000000;"">日</div>
      <div style=""margin-top:32px; font-size:16px; color:#555; font-family:Arial,sans-serif;"">
        Say the character aloud, then press <strong>Space</strong>.
      </div>
    "," ","7","2.1.0","179202","pf8w7d4z6j","block1_then_block2","","","practice_character_naming","","","","","","","","","日","ri4","practice_character_日","2530","true","true","40868","pf8w7d4z6j_practice_character_日.webm","true","{""message"":""Success""}","","","","","","","","","","","","","",""
"html-keyboard-response","null","","null","8","2.1.0","179318","pf8w7d4z6j","block1_then_block2","","","inter_trial_interval","","","","","","","","","","","","","","","","","","","","","","","","","","","","","","","",""
"html-keyboard-response","null","<div class=""fixation"">+</div>","null","9","2.1.0","179829","pf8w7d4z6j","block1_then_block2","","","fixation","","","","","","","","","","","","","","","","","","","","","","","","","","","","","","","",""
"html-keyboard-response","1218","
      <div class=""chinese-character"" style=""color:#000000;"">木</div>
      <div style=""margin-top:32px; font-size:16px; color:#555; font-family:Arial,sans-serif;"">
        Say the character aloud, then press <strong>Space</strong>.
      </div>
    "," ","10","2.1.0","181049","pf8w7d4z6j","block1_then_block2","","","practice_character_naming","","","","","","","","","木","mu4","practice_character_木","1218","true","true","19616","pf8w7d4z6j_practice_character_木.webm","true","{""message"":""Success""}","","","","","","","","","","","","","",""
"html-keyboard-response","null","","null","11","2.1.0","181163","pf8w7d4z6j","block1_then_block2","","","inter_trial_interval","","","","","","","","","","","","","","","","","","","","","","","","","","","","","","","",""
"html-keyboard-response","null","<div class=""fixation"">+</div>","null","12","2.1.0","181680","pf8w7d4z6j","block1_then_block2","","","fixation","","","","","","","","","","","","","","","","","","","","","","","","","","","","","","","",""
"html-keyboard-response","1176","
      <div class=""chinese-character"" style=""color:#000000;"">人</div>
      <div style=""margin-top:32px; font-size:16px; color:#555; font-family:Arial,sans-serif;"">
        Say the character aloud, then press <strong>Space</strong>.
      </div>
    "," ","13","2.1.0","182857","pf8w7d4z6j","block1_then_block2","","","practice_character_naming","","","","","","","","","人","ren2","practice_character_人","1176","true","true","18650","pf8w7d4z6j_practice_character_人.webm","true","{""message"":""Success""}","","","","","","","","","","","","","",""
"html-keyboard-response","null","","null","14","2.1.0","182961","pf8w7d4z6j","block1_then_block2","","","inter_trial_interval","","","","","","","","","","","","","","","","","","","","","","","","","","","","","","","",""
"html-keyboard-response","null","<div class=""fixation"">+</div>","null","15","2.1.0","183475","pf8w7d4z6j","block1_then_block2","","","fixation","","","","","","","","","","","","","","","","","","","","","","","","","","","","","","","",""
"html-keyboard-response","1261","
      <div class=""chinese-character"" style=""color:#000000;"">火</div>
      <div style=""margin-top:32px; font-size:16px; color:#555; font-family:Arial,sans-serif;"">
        Say the character aloud, then press <strong>Space</strong>.
      </div>
    "," ","16","2.1.0","184736","pf8w7d4z6j","block1_then_block2","","","practice_character_naming","","","","","","","","","火","huo3","practice_character_火","1261","true","true","20582","pf8w7d4z6j_practice_character_火.webm","true","{""message"":""Success""}","","","","","","","","","","","","","",""
"html-keyboard-response","null","","null","17","2.1.0","184849","pf8w7d4z6j","block1_then_block2","","","inter_trial_interval","","","","","","","","","","","","","","","","","","","","","","","","","","","","","","","",""
"html-keyboard-response","6062","
      <div class=""instructions"">
        <h2>Practice — Color Naming</h2>
        <p>Now practice naming the ink color in English using the keyboard.</p>
        <p><strong>R</strong> = red, <strong>Y</strong> = yellow, <strong>B</strong> = blue, <strong>G</strong> = green.</p>
        <p>Press <strong>Space</strong> to start.</p>
      </div>
    "," ","18","2.1.0","190913","pf8w7d4z6j","block1_then_block2","","","","","","","","","","","","","","","","","","","","","","","","","","","","","","","","","","",""
"html-keyboard-response","6287","
      <div class=""instructions"">
        <h2>Keyboard Check</h2>
        <p>Before we continue, please press the <strong>G</strong> key
        (for <strong>green</strong>) on your keyboard.</p>
        <p style=""color:#888;font-size:0.9em;"">
          If your keyboard is set to a Chinese input method (IME),
          please switch to English / Roman input now, otherwise the experiment cannot record your responses.
        </p>
      </div>
    ","g","19","2.1.0","197202","pf8w7d4z6j","block1_then_block2","","","keyboard_check","","","","","","","","","","","","","","","","","","","practice","g","","","","","","","","","","","",""
"html-keyboard-response","null","<div class=""fixation"">+</div>","null","20","2.1.0","197704","pf8w7d4z6j","block1_then_block2","","","fixation","","","","","","","","","","","","","","","","","","","","","","","","","","","","","","","",""
"html-keyboard-response","null","<div class=""chinese-character"" style=""color:#d62728;"">日</div>","null","21","2.1.0","200717","pf8w7d4z6j","block1_then_block2","","","practice_color_naming","","","","","","","","","日","","","","","","","","","","","","red","r","null","false","","","","","","","",""
"html-keyboard-response","null","","null","22","2.1.0","201719","pf8w7d4z6j","block1_then_block2","","","inter_trial_interval","","","","","","","","","","","","","","","","","","","","","","","","","","","","","","","",""
"html-keyboard-response","null","<div class=""fixation"">+</div>","null","23","2.1.0","202235","pf8w7d4z6j","block1_then_block2","","","fixation","","","","","","","","","","","","","","","","","","","","","","","","","","","","","","","",""
"html-keyboard-response","null","<div class=""chinese-character"" style=""color:#2ca02c;"">木</div>","null","24","2.1.0","205252","pf8w7d4z6j","block1_then_block2","","","practice_color_naming","","","","","","","","","木","","","","","","","","","","","","green","g","null","false","","","","","","","",""
"html-keyboard-response","null","","null","25","2.1.0","206266","pf8w7d4z6j","block1_then_block2","","","inter_trial_interval","","","","","","","","","","","","","","","","","","","","","","","","","","","","","","","",""
"html-keyboard-response","null","<div class=""fixation"">+</div>","null","26","2.1.0","206781","pf8w7d4z6j","block1_then_block2","","","fixation","","","","","","","","","","","","","","","","","","","","","","","","","","","","","","","",""
"html-keyboard-response","null","<div class=""chinese-character"" style=""color:#d6b300;"">人</div>","null","27","2.1.0","209785","pf8w7d4z6j","block1_then_block2","","","practice_color_naming","","","","","","","","","人","","","","","","","","","","","","yellow","y","null","false","","","","","","","",""
"html-keyboard-response","null","","null","28","2.1.0","210802","pf8w7d4z6j","block1_then_block2","","","inter_trial_interval","","","","","","","","","","","","","","","","","","","","","","","","","","","","","","","",""
"html-keyboard-response","null","<div class=""fixation"">+</div>","null","29","2.1.0","211316","pf8w7d4z6j","block1_then_block2","","","fixation","","","","","","","","","","","","","","","","","","","","","","","","","","","","","","","",""
"html-keyboard-response","null","<div class=""chinese-character"" style=""color:#1f77b4;"">火</div>","null","30","2.1.0","214333","pf8w7d4z6j","block1_then_block2","","","practice_color_naming","","","","","","","","","火","","","","","","","","","","","","blue","b","null","false","","","","","","","",""
"html-keyboard-response","null","","null","31","2.1.0","215341","pf8w7d4z6j","block1_then_block2","","","inter_trial_interval","","","","","","","","","","","","","","","","","","","","","","","","","","","","","","","",""
"html-keyboard-response","11811","
      <div class=""instructions"">
        <h2>End of Practice</h2>
        <p>The practice is over. The experiment will now begin.</p>
        <p>Press <strong>Space</strong> to continue.</p>
      </div>
    "," ","32","2.1.0","227153","pf8w7d4z6j","block1_then_block2","","","","","","","","","","","","","","","","","","","","","","","","","","","","","","","","","","",""
"html-keyboard-response","11382","
      <div class=""instructions"">
        <h2>Chinese Character Naming — Block 1</h2>
        <p>You will see Chinese characters printed in black.</p>
        <p>Please <strong>say the character aloud in Mandarin</strong> as quickly and accurately as possible.</p>
        <p>After speaking, press <strong>Space</strong> to move to the next character immediately.</p>
        <p>Your voice will be recorded so we can verify your responses.</p>
        <p>Press <strong>Space</strong> to begin.</p>
      </div>
    "," ","33","2.1.0","238537","pf8w7d4z6j","block1_then_block2","","","","","","","","","","","","","","","","","","","","","","","","","","","","","","","","","","",""
"html-keyboard-response","null","<div class=""fixation"">+</div>","null","34","2.1.0","239050","pf8w7d4z6j","block1_then_block2","","","fixation","","","","","","","","","","","","","","","","","","","","","","","","","","","","","","","",""
"html-keyboard-response","1933","
      <div class=""chinese-character"" style=""color:#000000;"">览</div>
      <div style=""margin-top:32px; font-size:16px; color:#555; font-family:Arial,sans-serif;"">
        Say the character aloud, then press <strong>Space</strong>.
      </div>
    "," ","35","2.1.0","240984","pf8w7d4z6j","block1_then_block2","","","character_naming","","","","","","","","","览","lan3","character_naming_blue_block1_rep1","1933","true","true","31208","pf8w7d4z6j_character_naming_blue_block1_rep1.webm","true","{""message"":""Success""}","1","","","","","","blue","view","congruent_S_plus_T_minus","blue","false","","",""
"html-keyboard-response","null","","null","36","2.1.0","241089","pf8w7d4z6j","block1_then_block2","","","inter_trial_interval","","","","","","","","","","","","","","","","","","","","","","","","","","","","","","","",""
"html-keyboard-response","null","<div class=""fixation"">+</div>","null","37","2.1.0","241594","pf8w7d4z6j","block1_then_block2","","","fixation","","","","","","","","","","","","","","","","","","","","","","","","","","","","","","","",""
"html-keyboard-response","989","
      <div class=""chinese-character"" style=""color:#000000;"">水</div>
      <div style=""margin-top:32px; font-size:16px; color:#555; font-family:Arial,sans-serif;"">
        Say the character aloud, then press <strong>Space</strong>.
      </div>
    "," ","38","2.1.0","242584","pf8w7d4z6j","block1_then_block2","","","character_naming","","","","","","","","","水","shui3","character_naming_f1_3_block1_norep","989","true","true","15752","pf8w7d4z6j_character_naming_f1_3_block1_norep.webm","true","{""message"":""Success""}","1","","","","","","f1_3","water","filler","blue","true","","",""
"html-keyboard-response","null","","null","39","2.1.0","242689","pf8w7d4z6j","block1_then_block2","","","inter_trial_interval","","","","","","","","","","","","","","","","","","","","","","","","","","","","","","","",""
"html-keyboard-response","null","<div class=""fixation"">+</div>","null","40","2.1.0","243202","pf8w7d4z6j","block1_then_block2","","","fixation","","","","","","","","","","","","","","","","","","","","","","","","","","","","","","","",""
"html-keyboard-response","740","
      <div class=""chinese-character"" style=""color:#000000;"">船</div>
      <div style=""margin-top:32px; font-size:16px; color:#555; font-family:Arial,sans-serif;"">
        Say the character aloud, then press <strong>Space</strong>.
      </div>
    "," ","41","2.1.0","243944","pf8w7d4z6j","block1_then_block2","","","character_naming","","","","","","","","","船","chuan2","character_naming_f1_23_block1_norep","740","true","true","11888","pf8w7d4z6j_character_naming_f1_23_block1_norep.webm","true","{""message"":""Success""}","1","","","","","","f1_23","boat","filler","blue","true","","",""
"html-keyboard-response","null","","null","42","2.1.0","244061","pf8w7d4z6j","block1_then_block2","","","inter_trial_interval","","","","","","","","","","","","","","","","","","","","","","","","","","","","","","","",""
"html-keyboard-response","null","<div class=""fixation"">+</div>","null","43","2.1.0","244577","pf8w7d4z6j","block1_then_block2","","","fixation","","","","","","","","","","","","","","","","","","","","","","","","","","","","","","","",""
"html-keyboard-response","1542","
      <div class=""chinese-character"" style=""color:#000000;"">缠</div>
      <div style=""margin-top:32px; font-size:16px; color:#555; font-family:Arial,sans-serif;"">
        Say the character aloud, then press <strong>Space</strong>.
      </div>
    "," ","44","2.1.0","246121","pf8w7d4z6j","block1_then_block2","","","character_naming","","","","","","","","","缠","chan2","character_naming_yellow_block1_rep1","1542","true","true","24446","pf8w7d4z6j_character_naming_yellow_block1_rep1.webm","true","{""message"":""Success""}","1","","","","","","yellow","wrap around","congruent_S_minus_T_plus","yellow","false","","",""
"html-keyboard-response","null","","null","45","2.1.0","246230","pf8w7d4z6j","block1_then_block2","","","inter_trial_interval","","","","","","","","","","","","","","","","","","","","","","","","","","","","","","","",""
"html-keyboard-response","null","<div class=""fixation"">+</div>","null","46","2.1.0","246744","pf8w7d4z6j","block1_then_block2","","","fixation","","","","","","","","","","","","","","","","","","","","","","","","","","","","","","","",""
"html-keyboard-response","1031","
      <div class=""chinese-character"" style=""color:#000000;"">窗</div>
      <div style=""margin-top:32px; font-size:16px; color:#555; font-family:Arial,sans-serif;"">
        Say the character aloud, then press <strong>Space</strong>.
      </div>
    "," ","47","2.1.0","247777","pf8w7d4z6j","block1_then_block2","","","character_naming","","","","","","","","","窗","chuang1","character_naming_f1_15_block1_norep","1031","true","true","16718","pf8w7d4z6j_character_naming_f1_15_block1_norep.webm","true","{""message"":""Success""}","1","","","","","","f1_15","window","filler","blue","true","","",""
"html-keyboard-response","null","","null","48","2.1.0","247891","pf8w7d4z6j","block1_then_block2","","","inter_trial_interval","","","","","","","","","","","","","","","","","","","","","","","","","","","","","","","",""
"html-keyboard-response","null","<div class=""fixation"">+</div>","null","49","2.1.0","248404","pf8w7d4z6j","block1_then_block2","","","fixation","","","","","","","","","","","","","","","","","","","","","","","","","","","","","","","",""
"html-keyboard-response","1164","
      <div class=""chinese-character"" style=""color:#000000;"">尝</div>
      <div style=""margin-top:32px; font-size:16px; color:#555; font-family:Arial,sans-serif;"">
        Say the character aloud, then press <strong>Space</strong>.
      </div>
    "," ","50","2.1.0","249569","pf8w7d4z6j","block1_then_block2","","","character_naming","","","","","","","","","尝","chang2","character_naming_blue_block1_rep1","1164","true","true","18650","pf8w7d4z6j_character_naming_blue_block1_rep1.webm","true","{""error"":""OSF_FILE_EXISTS"",""message"":""The OSF file already exists. File names must be unique.""}","1","","","","","","blue","taste","congruent_S_minus_T_plus","blue","false","","",""
"html-keyboard-response","null","","null","51","2.1.0","249681","pf8w7d4z6j","block1_then_block2","","","inter_trial_interval","","","","","","","","","","","","","","","","","","","","","","","","","","","","","","","",""
"html-keyboard-response","null","<div class=""fixation"">+</div>","null","52","2.1.0","250195","pf8w7d4z6j","block1_then_block2","","","fixation","","","","","","","","","","","","","","","","","","","","","","","","","","","","","","","",""
"html-keyboard-response","931","
      <div class=""chinese-character"" style=""color:#000000;"">家</div>
      <div style=""margin-top:32px; font-size:16px; color:#555; font-family:Arial,sans-serif;"">
        Say the character aloud, then press <strong>Space</strong>.
      </div>
    "," ","53","2.1.0","251130","pf8w7d4z6j","block1_then_block2","","","character_naming","","","","","","","","","家","jia1","character_naming_f1_13_block1_norep","931","true","true","14786","pf8w7d4z6j_character_naming_f1_13_block1_norep.webm","true","{""message"":""Success""}","1","","","","","","f1_13","home","filler","red","true","","",""
"html-keyboard-response","null","","null","54","2.1.0","251244","pf8w7d4z6j","block1_then_block2","","","inter_trial_interval","","","","","","","","","","","","","","","","","","","","","","","","","","","","","","","",""
"html-keyboard-response","null","<div class=""fixation"">+</div>","null","55","2.1.0","251757","pf8w7d4z6j","block1_then_block2","","","fixation","","","","","","","","","","","","","","","","","","","","","","","","","","","","","","","",""
"html-keyboard-response","801","
      <div class=""chinese-character"" style=""color:#000000;"">瓶</div>
      <div style=""margin-top:32px; font-size:16px; color:#555; font-family:Arial,sans-serif;"">
        Say the character aloud, then press <strong>Space</strong>.
      </div>
    "," ","56","2.1.0","252559","pf8w7d4z6j","block1_then_block2","","","character_naming","","","","","","","","","瓶","ping2","character_naming_red_block1_rep1","801","true","true","12854","pf8w7d4z6j_character_naming_red_block1_rep1.webm","true","{""message"":""Success""}","1","","","","","","red","bottle","congruent_S_minus_T_plus","red","false","","",""
"html-keyboard-response","null","","null","57","2.1.0","252664","pf8w7d4z6j","block1_then_block2","","","inter_trial_interval","","","","","","","","","","","","","","","","","","","","","","","","","","","","","","","",""
"html-keyboard-response","null","<div class=""fixation"">+</div>","null","58","2.1.0","253173","pf8w7d4z6j","block1_then_block2","","","fixation","","","","","","","","","","","","","","","","","","","","","","","","","","","","","","","",""
"html-keyboard-response","907","
      <div class=""chinese-character"" style=""color:#000000;"">书</div>
      <div style=""margin-top:32px; font-size:16px; color:#555; font-family:Arial,sans-serif;"">
        Say the character aloud, then press <strong>Space</strong>.
      </div>
    "," ","59","2.1.0","254081","pf8w7d4z6j","block1_then_block2","","","character_naming","","","","","","","","","书","shu1","character_naming_f1_1_block1_norep","907","true","true","14786","pf8w7d4z6j_character_naming_f1_1_block1_norep.webm","true","{""message"":""Success""}","1","","","","","","f1_1","book","filler","red","true","","",""
"html-keyboard-response","null","","null","60","2.1.0","254184","pf8w7d4z6j","block1_then_block2","","","inter_trial_interval","","","","","","","","","","","","","","","","","","","","","","","","","","","","","","","",""
"html-keyboard-response","null","<div class=""fixation"">+</div>","null","61","2.1.0","254688","pf8w7d4z6j","block1_then_block2","","","fixation","","","","","","","","","","","","","","","","","","","","","","","","","","","","","","","",""
"html-keyboard-response","1006","
      <div class=""chinese-character"" style=""color:#000000;"">黄</div>
      <div style=""margin-top:32px; font-size:16px; color:#555; font-family:Arial,sans-serif;"">
        Say the character aloud, then press <strong>Space</strong>.
      </div>
    "," ","62","2.1.0","255695","pf8w7d4z6j","block1_then_block2","","","character_naming","","","","","","","","","黄","huang2","character_naming_yellow_block1_rep1","1006","true","true","15752","pf8w7d4z6j_character_naming_yellow_block1_rep1.webm","true","{""error"":""OSF_FILE_EXISTS"",""message"":""The OSF file already exists. File names must be unique.""}","1","","","","","","yellow","yellow","incongruent_color_character","green","false","","",""
"html-keyboard-response","null","","null","63","2.1.0","255800","pf8w7d4z6j","block1_then_block2","","","inter_trial_interval","","","","","","","","","","","","","","","","","","","","","","","","","","","","","","","",""
"html-keyboard-response","null","<div class=""fixation"">+</div>","null","64","2.1.0","256303","pf8w7d4z6j","block1_then_block2","","","fixation","","","","","","","","","","","","","","","","","","","","","","","","","","","","","","","",""
"html-keyboard-response","880","
      <div class=""chinese-character"" style=""color:#000000;"">花</div>
      <div style=""margin-top:32px; font-size:16px; color:#555; font-family:Arial,sans-serif;"">
        Say the character aloud, then press <strong>Space</strong>.
      </div>
    "," ","65","2.1.0","257184","pf8w7d4z6j","block1_then_block2","","","character_naming","","","","","","","","","花","hua1","character_naming_f1_6_block1_norep","880","true","true","13820","pf8w7d4z6j_character_naming_f1_6_block1_norep.webm","true","{""message"":""Success""}","1","","","","","","f1_6","flower","filler","yellow","true","","",""
"html-keyboard-response","null","","null","66","2.1.0","257293","pf8w7d4z6j","block1_then_block2","","","inter_trial_interval","","","","","","","","","","","","","","","","","","","","","","","","","","","","","","","",""
"html-keyboard-response","null","<div class=""fixation"">+</div>","null","67","2.1.0","257799","pf8w7d4z6j","block1_then_block2","","","fixation","","","","","","","","","","","","","","","","","","","","","","","","","","","","","","","",""
"html-keyboard-response","1111","
      <div class=""chinese-character"" style=""color:#000000;"">鸟</div>
      <div style=""margin-top:32px; font-size:16px; color:#555; font-family:Arial,sans-serif;"">
        Say the character aloud, then press <strong>Space</strong>.
      </div>
    "," ","68","2.1.0","258912","pf8w7d4z6j","block1_then_block2","","","character_naming","","","","","","","","","鸟","niao3","character_naming_f1_11_block1_norep","1111","true","true","17684","pf8w7d4z6j_character_naming_f1_11_block1_norep.webm","true","{""message"":""Success""}","1","","","","","","f1_11","bird","filler","blue","true","","",""
"html-keyboard-response","null","","null","69","2.1.0","259014","pf8w7d4z6j","block1_then_block2","","","inter_trial_interval","","","","","","","","","","","","","","","","","","","","","","","","","","","","","","","",""
"html-keyboard-response","null","<div class=""fixation"">+</div>","null","70","2.1.0","259530","pf8w7d4z6j","block1_then_block2","","","fixation","","","","","","","","","","","","","","","","","","","","","","","","","","","","","","","",""
"html-keyboard-response","1085","
      <div class=""chinese-character"" style=""color:#000000;"">趁</div>
      <div style=""margin-top:32px; font-size:16px; color:#555; font-family:Arial,sans-serif;"">
        Say the character aloud, then press <strong>Space</strong>.
      </div>
    "," ","71","2.1.0","260617","pf8w7d4z6j","block1_then_block2","","","character_naming","","","","","","","","","趁","chen4","character_naming_yellow_block1_rep1","1085","true","true","17684","pf8w7d4z6j_character_naming_yellow_block1_rep1.webm","true","{""error"":""OSF_FILE_EXISTS"",""message"":""The OSF file already exists. File names must be unique.""}","1","","","","","","yellow","take advantage of","neutral","yellow","false","","",""
"html-keyboard-response","null","","null","72","2.1.0","260723","pf8w7d4z6j","block1_then_block2","","","inter_trial_interval","","","","","","","","","","","","","","","","","","","","","","","","","","","","","","","",""
"html-keyboard-response","null","<div class=""fixation"">+</div>","null","73","2.1.0","261239","pf8w7d4z6j","block1_then_block2","","","fixation","","","","","","","","","","","","","","","","","","","","","","","","","","","","","","","",""
"html-keyboard-response","960","
      <div class=""chinese-character"" style=""color:#000000;"">绿</div>
      <div style=""margin-top:32px; font-size:16px; color:#555; font-family:Arial,sans-serif;"">
        Say the character aloud, then press <strong>Space</strong>.
      </div>
    "," ","74","2.1.0","262200","pf8w7d4z6j","block1_then_block2","","","character_naming","","","","","","","","","绿","lv4","character_naming_green_block1_rep1","960","true","true","15752","pf8w7d4z6j_character_naming_green_block1_rep1.webm","true","{""message"":""Success""}","1","","","","","","green","green","congruent_color_character","green","false","","",""
"html-keyboard-response","null","","null","75","2.1.0","262312","pf8w7d4z6j","block1_then_block2","","","inter_trial_interval","","","","","","","","","","","","","","","","","","","","","","","","","","","","","","","",""
"html-keyboard-response","null","<div class=""fixation"">+</div>","null","76","2.1.0","262827","pf8w7d4z6j","block1_then_block2","","","fixation","","","","","","","","","","","","","","","","","","","","","","","","","","","","","","","",""
"html-keyboard-response","901","
      <div class=""chinese-character"" style=""color:#000000;"">桥</div>
      <div style=""margin-top:32px; font-size:16px; color:#555; font-family:Arial,sans-serif;"">
        Say the character aloud, then press <strong>Space</strong>.
      </div>
    "," ","77","2.1.0","263730","pf8w7d4z6j","block1_then_block2","","","character_naming","","","","","","","","","桥","qiao2","character_naming_f1_18_block1_norep","901","true","true","14786","pf8w7d4z6j_character_naming_f1_18_block1_norep.webm","true","{""message"":""Success""}","1","","","","","","f1_18","bridge","filler","yellow","true","","",""
"html-keyboard-response","null","","null","78","2.1.0","263838","pf8w7d4z6j","block1_then_block2","","","inter_trial_interval","","","","","","","","","","","","","","","","","","","","","","","","","","","","","","","",""
"html-keyboard-response","null","<div class=""fixation"">+</div>","null","79","2.1.0","264351","pf8w7d4z6j","block1_then_block2","","","fixation","","","","","","","","","","","","","","","","","","","","","","","","","","","","","","","",""
"html-keyboard-response","960","
      <div class=""chinese-character"" style=""color:#000000;"">洪</div>
      <div style=""margin-top:32px; font-size:16px; color:#555; font-family:Arial,sans-serif;"">
        Say the character aloud, then press <strong>Space</strong>.
      </div>
    "," ","80","2.1.0","265312","pf8w7d4z6j","block1_then_block2","","","character_naming","","","","","","","","","洪","hong2","character_naming_red_block1_rep1","960","true","true","15752","pf8w7d4z6j_character_naming_red_block1_rep1.webm","true","{""error"":""OSF_FILE_EXISTS"",""message"":""The OSF file already exists. File names must be unique.""}","1","","","","","","red","flood","congruent_S_T_plus","red","false","","",""
"html-keyboard-response","null","","null","81","2.1.0","265424","pf8w7d4z6j","block1_then_block2","","","inter_trial_interval","","","","","","","","","","","","","","","","","","","","","","","","","","","","","","","",""
"html-keyboard-response","null","<div class=""fixation"">+</div>","null","82","2.1.0","265927","pf8w7d4z6j","block1_then_block2","","","fixation","","","","","","","","","","","","","","","","","","","","","","","","","","","","","","","",""
"html-keyboard-response","1031","
      <div class=""chinese-character"" style=""color:#000000;"">涂</div>
      <div style=""margin-top:32px; font-size:16px; color:#555; font-family:Arial,sans-serif;"">
        Say the character aloud, then press <strong>Space</strong>.
      </div>
    "," ","83","2.1.0","266960","pf8w7d4z6j","block1_then_block2","","","character_naming","","","","","","","","","涂","tu2","character_naming_green_block1_rep1","1031","true","true","16718","pf8w7d4z6j_character_naming_green_block1_rep1.webm","true","{""error"":""OSF_FILE_EXISTS"",""message"":""The OSF file already exists. File names must be unique.""}","1","","","","","","green","paint","neutral","green","false","","",""
"html-keyboard-response","null","","null","84","2.1.0","267071","pf8w7d4z6j","block1_then_block2","","","inter_trial_interval","","","","","","","","","","","","","","","","","","","","","","","","","","","","","","","",""
"html-keyboard-response","null","<div class=""fixation"">+</div>","null","85","2.1.0","267573","pf8w7d4z6j","block1_then_block2","","","fixation","","","","","","","","","","","","","","","","","","","","","","","","","","","","","","","",""
"html-keyboard-response","978","
      <div class=""chinese-character"" style=""color:#000000;"">宫</div>
      <div style=""margin-top:32px; font-size:16px; color:#555; font-family:Arial,sans-serif;"">
        Say the character aloud, then press <strong>Space</strong>.
      </div>
    "," ","86","2.1.0","268552","pf8w7d4z6j","block1_then_block2","","","character_naming","","","","","","","","","宫","gong1","character_naming_blue_block1_rep1","978","true","true","15752","pf8w7d4z6j_character_naming_blue_block1_rep1.webm","true","{""error"":""OSF_FILE_EXISTS"",""message"":""The OSF file already exists. File names must be unique.""}","1","","","","","","blue","palace","neutral","blue","false","","",""
"html-keyboard-response","null","","null","87","2.1.0","268664","pf8w7d4z6j","block1_then_block2","","","inter_trial_interval","","","","","","","","","","","","","","","","","","","","","","","","","","","","","","","",""
"html-keyboard-response","null","<div class=""fixation"">+</div>","null","88","2.1.0","269181","pf8w7d4z6j","block1_then_block2","","","fixation","","","","","","","","","","","","","","","","","","","","","","","","","","","","","","","",""
"html-keyboard-response","954","
      <div class=""chinese-character"" style=""color:#000000;"">蓝</div>
      <div style=""margin-top:32px; font-size:16px; color:#555; font-family:Arial,sans-serif;"">
        Say the character aloud, then press <strong>Space</strong>.
      </div>
    "," ","89","2.1.0","270136","pf8w7d4z6j","block1_then_block2","","","character_naming","","","","","","","","","蓝","lan2","character_naming_blue_block1_rep1","954","true","true","14786","pf8w7d4z6j_character_naming_blue_block1_rep1.webm","true","{""error"":""OSF_FILE_EXISTS"",""message"":""The OSF file already exists. File names must be unique.""}","1","","","","","","blue","blue","incongruent_color_character","red","false","","",""
"html-keyboard-response","null","","null","90","2.1.0","270250","pf8w7d4z6j","block1_then_block2","","","inter_trial_interval","","","","","","","","","","","","","","","","","","","","","","","","","","","","","","","",""
"html-keyboard-response","null","<div class=""fixation"">+</div>","null","91","2.1.0","270766","pf8w7d4z6j","block1_then_block2","","","fixation","","","","","","","","","","","","","","","","","","","","","","","","","","","","","","","",""
"html-keyboard-response","905","
      <div class=""chinese-character"" style=""color:#000000;"">绿</div>
      <div style=""margin-top:32px; font-size:16px; color:#555; font-family:Arial,sans-serif;"">
        Say the character aloud, then press <strong>Space</strong>.
      </div>
    "," ","92","2.1.0","271672","pf8w7d4z6j","block1_then_block2","","","character_naming","","","","","","","","","绿","lv4","character_naming_green_block1_rep1","905","true","true","14786","pf8w7d4z6j_character_naming_green_block1_rep1.webm","true","{""error"":""OSF_FILE_EXISTS"",""message"":""The OSF file already exists. File names must be unique.""}","1","","","","","","green","green","incongruent_color_character","yellow","false","","",""
"html-keyboard-response","null","","null","93","2.1.0","271780","pf8w7d4z6j","block1_then_block2","","","inter_trial_interval","","","","","","","","","","","","","","","","","","","","","","","","","","","","","","","",""
"html-keyboard-response","null","<div class=""fixation"">+</div>","null","94","2.1.0","272297","pf8w7d4z6j","block1_then_block2","","","fixation","","","","","","","","","","","","","","","","","","","","","","","","","","","","","","","",""
"html-keyboard-response","1198","
      <div class=""chinese-character"" style=""color:#000000;"">树</div>
      <div style=""margin-top:32px; font-size:16px; color:#555; font-family:Arial,sans-serif;"">
        Say the character aloud, then press <strong>Space</strong>.
      </div>
    "," ","95","2.1.0","273496","pf8w7d4z6j","block1_then_block2","","","character_naming","","","","","","","","","树","shu4","character_naming_f1_16_block1_norep","1198","true","true","19616","pf8w7d4z6j_character_naming_f1_16_block1_norep.webm","true","{""message"":""Success""}","1","","","","","","f1_16","tree","filler","green","true","","",""
"html-keyboard-response","null","","null","96","2.1.0","273614","pf8w7d4z6j","block1_then_block2","","","inter_trial_interval","","","","","","","","","","","","","","","","","","","","","","","","","","","","","","","",""
"html-keyboard-response","null","<div class=""fixation"">+</div>","null","97","2.1.0","274129","pf8w7d4z6j","block1_then_block2","","","fixation","","","","","","","","","","","","","","","","","","","","","","","","","","","","","","","",""
"html-keyboard-response","1141","
      <div class=""chinese-character"" style=""color:#000000;"">红</div>
      <div style=""margin-top:32px; font-size:16px; color:#555; font-family:Arial,sans-serif;"">
        Say the character aloud, then press <strong>Space</strong>.
      </div>
    "," ","98","2.1.0","275272","pf8w7d4z6j","block1_then_block2","","","character_naming","","","","","","","","","红","hong2","character_naming_red_block1_rep1","1141","true","true","18650","pf8w7d4z6j_character_naming_red_block1_rep1.webm","true","{""error"":""OSF_FILE_EXISTS"",""message"":""The OSF file already exists. File names must be unique.""}","1","","","","","","red","red","congruent_color_character","red","false","","",""
"html-keyboard-response","null","","null","99","2.1.0","275373","pf8w7d4z6j","block1_then_block2","","","inter_trial_interval","","","","","","","","","","","","","","","","","","","","","","","","","","","","","","","",""
"html-keyboard-response","null","<div class=""fixation"">+</div>","null","100","2.1.0","275889","pf8w7d4z6j","block1_then_block2","","","fixation","","","","","","","","","","","","","","","","","","","","","","","","","","","","","","","",""
"html-keyboard-response","919","
      <div class=""chinese-character"" style=""color:#000000;"">蓝</div>
      <div style=""margin-top:32px; font-size:16px; color:#555; font-family:Arial,sans-serif;"">
        Say the character aloud, then press <strong>Space</strong>.
      </div>
    "," ","101","2.1.0","276809","pf8w7d4z6j","block1_then_block2","","","character_naming","","","","","","","","","蓝","lan2","character_naming_blue_block1_rep1","919","true","true","14786","pf8w7d4z6j_character_naming_blue_block1_rep1.webm","true","{""error"":""OSF_FILE_EXISTS"",""message"":""The OSF file already exists. File names must be unique.""}","1","","","","","","blue","blue","congruent_color_character","blue","false","","",""
"html-keyboard-response","null","","null","102","2.1.0","276916","pf8w7d4z6j","block1_then_block2","","","inter_trial_interval","","","","","","","","","","","","","","","","","","","","","","","","","","","","","","","",""
"html-keyboard-response","null","<div class=""fixation"">+</div>","null","103","2.1.0","277419","pf8w7d4z6j","block1_then_block2","","","fixation","","","","","","","","","","","","","","","","","","","","","","","","","","","","","","","",""
"html-keyboard-response","932","
      <div class=""chinese-character"" style=""color:#000000;"">山</div>
      <div style=""margin-top:32px; font-size:16px; color:#555; font-family:Arial,sans-serif;"">
        Say the character aloud, then press <strong>Space</strong>.
      </div>
    "," ","104","2.1.0","278352","pf8w7d4z6j","block1_then_block2","","","character_naming","","","","","","","","","山","shan1","character_naming_f1_2_block1_norep","932","true","true","14786","pf8w7d4z6j_character_naming_f1_2_block1_norep.webm","true","{""message"":""Success""}","1","","","","","","f1_2","mountain","filler","yellow","true","","",""
"html-keyboard-response","null","","null","105","2.1.0","278463","pf8w7d4z6j","block1_then_block2","","","inter_trial_interval","","","","","","","","","","","","","","","","","","","","","","","","","","","","","","","",""
"html-keyboard-response","null","<div class=""fixation"">+</div>","null","106","2.1.0","278981","pf8w7d4z6j","block1_then_block2","","","fixation","","","","","","","","","","","","","","","","","","","","","","","","","","","","","","","",""
"html-keyboard-response","914","
      <div class=""chinese-character"" style=""color:#000000;"">皇</div>
      <div style=""margin-top:32px; font-size:16px; color:#555; font-family:Arial,sans-serif;"">
        Say the character aloud, then press <strong>Space</strong>.
      </div>
    "," ","107","2.1.0","279898","pf8w7d4z6j","block1_then_block2","","","character_naming","","","","","","","","","皇","huang2","character_naming_yellow_block1_rep1","914","true","true","14786","pf8w7d4z6j_character_naming_yellow_block1_rep1.webm","true","{""error"":""OSF_FILE_EXISTS"",""message"":""The OSF file already exists. File names must be unique.""}","1","","","","","","yellow","emperor","congruent_S_T_plus","yellow","false","","",""
"html-keyboard-response","null","","null","108","2.1.0","280000","pf8w7d4z6j","block1_then_block2","","","inter_trial_interval","","","","","","","","","","","","","","","","","","","","","","","","","","","","","","","",""
"html-keyboard-response","null","<div class=""fixation"">+</div>","null","109","2.1.0","280504","pf8w7d4z6j","block1_then_block2","","","fixation","","","","","","","","","","","","","","","","","","","","","","","","","","","","","","","",""
"html-keyboard-response","686","
      <div class=""chinese-character"" style=""color:#000000;"">月</div>
      <div style=""margin-top:32px; font-size:16px; color:#555; font-family:Arial,sans-serif;"">
        Say the character aloud, then press <strong>Space</strong>.
      </div>
    "," ","110","2.1.0","281191","pf8w7d4z6j","block1_then_block2","","","character_naming","","","","","","","","","月","yue4","character_naming_f1_7_block1_norep","686","true","true","10922","pf8w7d4z6j_character_naming_f1_7_block1_norep.webm","true","{""message"":""Success""}","1","","","","","","f1_7","moon","filler","blue","true","","",""
"html-keyboard-response","null","","null","111","2.1.0","281303","pf8w7d4z6j","block1_then_block2","","","inter_trial_interval","","","","","","","","","","","","","","","","","","","","","","","","","","","","","","","",""
"html-keyboard-response","null","<div class=""fixation"">+</div>","null","112","2.1.0","281814","pf8w7d4z6j","block1_then_block2","","","fixation","","","","","","","","","","","","","","","","","","","","","","","","","","","","","","","",""
"html-keyboard-response","1041","
      <div class=""chinese-character"" style=""color:#000000;"">纸</div>
      <div style=""margin-top:32px; font-size:16px; color:#555; font-family:Arial,sans-serif;"">
        Say the character aloud, then press <strong>Space</strong>.
      </div>
    "," ","113","2.1.0","282856","pf8w7d4z6j","block1_then_block2","","","character_naming","","","","","","","","","纸","zhi3","character_naming_f1_19_block1_norep","1041","true","true","16718","pf8w7d4z6j_character_naming_f1_19_block1_norep.webm","true","{""message"":""Success""}","1","","","","","","f1_19","paper","filler","blue","true","","",""
"html-keyboard-response","null","","null","114","2.1.0","282964","pf8w7d4z6j","block1_then_block2","","","inter_trial_interval","","","","","","","","","","","","","","","","","","","","","","","","","","","","","","","",""
"html-keyboard-response","null","<div class=""fixation"">+</div>","null","115","2.1.0","283480","pf8w7d4z6j","block1_then_block2","","","fixation","","","","","","","","","","","","","","","","","","","","","","","","","","","","","","","",""
"html-keyboard-response","1055","
      <div class=""chinese-character"" style=""color:#000000;"">牵</div>
      <div style=""margin-top:32px; font-size:16px; color:#555; font-family:Arial,sans-serif;"">
        Say the character aloud, then press <strong>Space</strong>.
      </div>
    "," ","116","2.1.0","284536","pf8w7d4z6j","block1_then_block2","","","character_naming","","","","","","","","","牵","qian1","character_naming_red_block1_rep1","1055","true","true","16718","pf8w7d4z6j_character_naming_red_block1_rep1.webm","true","{""error"":""OSF_FILE_EXISTS"",""message"":""The OSF file already exists. File names must be unique.""}","1","","","","","","red","lead along","neutral","red","false","","",""
"html-keyboard-response","null","","null","117","2.1.0","284651","pf8w7d4z6j","block1_then_block2","","","inter_trial_interval","","","","","","","","","","","","","","","","","","","","","","","","","","","","","","","",""
"html-keyboard-response","null","<div class=""fixation"">+</div>","null","118","2.1.0","285167","pf8w7d4z6j","block1_then_block2","","","fixation","","","","","","","","","","","","","","","","","","","","","","","","","","","","","","","",""
"html-keyboard-response","1120","
      <div class=""chinese-character"" style=""color:#000000;"">晃</div>
      <div style=""margin-top:32px; font-size:16px; color:#555; font-family:Arial,sans-serif;"">
        Say the character aloud, then press <strong>Space</strong>.
      </div>
    "," ","119","2.1.0","286288","pf8w7d4z6j","block1_then_block2","","","character_naming","","","","","","","","","晃","huang4","character_naming_yellow_block1_rep1","1120","true","true","17684","pf8w7d4z6j_character_naming_yellow_block1_rep1.webm","true","{""error"":""OSF_FILE_EXISTS"",""message"":""The OSF file already exists. File names must be unique.""}","1","","","","","","yellow","sway","congruent_S_plus_T_minus","yellow","false","","",""
"html-keyboard-response","null","","null","120","2.1.0","286394","pf8w7d4z6j","block1_then_block2","","","inter_trial_interval","","","","","","","","","","","","","","","","","","","","","","","","","","","","","","","",""
"html-keyboard-response","null","<div class=""fixation"">+</div>","null","121","2.1.0","286910","pf8w7d4z6j","block1_then_block2","","","fixation","","","","","","","","","","","","","","","","","","","","","","","","","","","","","","","",""
"html-keyboard-response","818","
      <div class=""chinese-character"" style=""color:#000000;"">车</div>
      <div style=""margin-top:32px; font-size:16px; color:#555; font-family:Arial,sans-serif;"">
        Say the character aloud, then press <strong>Space</strong>.
      </div>
    "," ","122","2.1.0","287730","pf8w7d4z6j","block1_then_block2","","","character_naming","","","","","","","","","车","che1","character_naming_f1_5_block1_norep","818","true","true","12854","pf8w7d4z6j_character_naming_f1_5_block1_norep.webm","true","{""message"":""Success""}","1","","","","","","f1_5","car","filler","red","true","","",""
"html-keyboard-response","null","","null","123","2.1.0","287845","pf8w7d4z6j","block1_then_block2","","","inter_trial_interval","","","","","","","","","","","","","","","","","","","","","","","","","","","","","","","",""
"html-keyboard-response","null","<div class=""fixation"">+</div>","null","124","2.1.0","288360","pf8w7d4z6j","block1_then_block2","","","fixation","","","","","","","","","","","","","","","","","","","","","","","","","","","","","","","",""
"html-keyboard-response","934","
      <div class=""chinese-character"" style=""color:#000000;"">黄</div>
      <div style=""margin-top:32px; font-size:16px; color:#555; font-family:Arial,sans-serif;"">
        Say the character aloud, then press <strong>Space</strong>.
      </div>
    "," ","125","2.1.0","289296","pf8w7d4z6j","block1_then_block2","","","character_naming","","","","","","","","","黄","huang2","character_naming_yellow_block1_rep1","934","true","true","14786","pf8w7d4z6j_character_naming_yellow_block1_rep1.webm","true","{""error"":""OSF_FILE_EXISTS"",""message"":""The OSF file already exists. File names must be unique.""}","1","","","","","","yellow","yellow","congruent_color_character","yellow","false","","",""
"html-keyboard-response","null","","null","126","2.1.0","289409","pf8w7d4z6j","block1_then_block2","","","inter_trial_interval","","","","","","","","","","","","","","","","","","","","","","","","","","","","","","","",""
"html-keyboard-response","null","<div class=""fixation"">+</div>","null","127","2.1.0","289923","pf8w7d4z6j","block1_then_block2","","","fixation","","","","","","","","","","","","","","","","","","","","","","","","","","","","","","","",""
"html-keyboard-response","884","
      <div class=""chinese-character"" style=""color:#000000;"">门</div>
      <div style=""margin-top:32px; font-size:16px; color:#555; font-family:Arial,sans-serif;"">
        Say the character aloud, then press <strong>Space</strong>.
      </div>
    "," ","128","2.1.0","290809","pf8w7d4z6j","block1_then_block2","","","character_naming","","","","","","","","","门","men2","character_naming_f1_4_block1_norep","884","true","true","13820","pf8w7d4z6j_character_naming_f1_4_block1_norep.webm","true","{""message"":""Success""}","1","","","","","","f1_4","door","filler","green","true","","",""
"html-keyboard-response","null","","null","129","2.1.0","290920","pf8w7d4z6j","block1_then_block2","","","inter_trial_interval","","","","","","","","","","","","","","","","","","","","","","","","","","","","","","","",""
"html-keyboard-response","null","<div class=""fixation"">+</div>","null","130","2.1.0","291423","pf8w7d4z6j","block1_then_block2","","","fixation","","","","","","","","","","","","","","","","","","","","","","","","","","","","","","","",""
"html-keyboard-response","872","
      <div class=""chinese-character"" style=""color:#000000;"">云</div>
      <div style=""margin-top:32px; font-size:16px; color:#555; font-family:Arial,sans-serif;"">
        Say the character aloud, then press <strong>Space</strong>.
      </div>
    "," ","131","2.1.0","292297","pf8w7d4z6j","block1_then_block2","","","character_naming","","","","","","","","","云","yun2","character_naming_f1_9_block1_norep","872","true","true","13820","pf8w7d4z6j_character_naming_f1_9_block1_norep.webm","true","{""message"":""Success""}","1","","","","","","f1_9","cloud","filler","red","true","","",""
"html-keyboard-response","null","","null","132","2.1.0","292402","pf8w7d4z6j","block1_then_block2","","","inter_trial_interval","","","","","","","","","","","","","","","","","","","","","","","","","","","","","","","",""
"html-keyboard-response","null","<div class=""fixation"">+</div>","null","133","2.1.0","292907","pf8w7d4z6j","block1_then_block2","","","fixation","","","","","","","","","","","","","","","","","","","","","","","","","","","","","","","",""
"html-keyboard-response","828","
      <div class=""chinese-character"" style=""color:#000000;"">路</div>
      <div style=""margin-top:32px; font-size:16px; color:#555; font-family:Arial,sans-serif;"">
        Say the character aloud, then press <strong>Space</strong>.
      </div>
    "," ","134","2.1.0","293736","pf8w7d4z6j","block1_then_block2","","","character_naming","","","","","","","","","路","lu4","character_naming_f1_14_block1_norep","828","true","true","12854","pf8w7d4z6j_character_naming_f1_14_block1_norep.webm","true","{""message"":""Success""}","1","","","","","","f1_14","road","filler","yellow","true","","",""
"html-keyboard-response","null","","null","135","2.1.0","293845","pf8w7d4z6j","block1_then_block2","","","inter_trial_interval","","","","","","","","","","","","","","","","","","","","","","","","","","","","","","","",""
"html-keyboard-response","null","<div class=""fixation"">+</div>","null","136","2.1.0","294361","pf8w7d4z6j","block1_then_block2","","","fixation","","","","","","","","","","","","","","","","","","","","","","","","","","","","","","","",""
"html-keyboard-response","1030","
      <div class=""chinese-character"" style=""color:#000000;"">旅</div>
      <div style=""margin-top:32px; font-size:16px; color:#555; font-family:Arial,sans-serif;"">
        Say the character aloud, then press <strong>Space</strong>.
      </div>
    "," ","137","2.1.0","295393","pf8w7d4z6j","block1_then_block2","","","character_naming","","","","","","","","","旅","lv3","character_naming_green_block1_rep1","1030","true","true","16718","pf8w7d4z6j_character_naming_green_block1_rep1.webm","true","{""error"":""OSF_FILE_EXISTS"",""message"":""The OSF file already exists. File names must be unique.""}","1","","","","","","green","travel","congruent_S_plus_T_minus","green","false","","",""
"html-keyboard-response","null","","null","138","2.1.0","295503","pf8w7d4z6j","block1_then_block2","","","inter_trial_interval","","","","","","","","","","","","","","","","","","","","","","","","","","","","","","","",""
"html-keyboard-response","null","<div class=""fixation"">+</div>","null","139","2.1.0","296005","pf8w7d4z6j","block1_then_block2","","","fixation","","","","","","","","","","","","","","","","","","","","","","","","","","","","","","","",""
"html-keyboard-response","986","
      <div class=""chinese-character"" style=""color:#000000;"">茶</div>
      <div style=""margin-top:32px; font-size:16px; color:#555; font-family:Arial,sans-serif;"">
        Say the character aloud, then press <strong>Space</strong>.
      </div>
    "," ","140","2.1.0","296993","pf8w7d4z6j","block1_then_block2","","","character_naming","","","","","","","","","茶","cha2","character_naming_f1_20_block1_norep","986","true","true","15752","pf8w7d4z6j_character_naming_f1_20_block1_norep.webm","true","{""message"":""Success""}","1","","","","","","f1_20","tea","filler","green","true","","",""
"html-keyboard-response","null","","null","141","2.1.0","297096","pf8w7d4z6j","block1_then_block2","","","inter_trial_interval","","","","","","","","","","","","","","","","","","","","","","","","","","","","","","","",""
"html-keyboard-response","null","<div class=""fixation"">+</div>","null","142","2.1.0","297599","pf8w7d4z6j","block1_then_block2","","","fixation","","","","","","","","","","","","","","","","","","","","","","","","","","","","","","","",""
"html-keyboard-response","1129","
      <div class=""chinese-character"" style=""color:#000000;"">洞</div>
      <div style=""margin-top:32px; font-size:16px; color:#555; font-family:Arial,sans-serif;"">
        Say the character aloud, then press <strong>Space</strong>.
      </div>
    "," ","143","2.1.0","298729","pf8w7d4z6j","block1_then_block2","","","character_naming","","","","","","","","","洞","dong4","character_naming_green_block1_rep1","1129","true","true","17684","pf8w7d4z6j_character_naming_green_block1_rep1.webm","true","{""error"":""OSF_FILE_EXISTS"",""message"":""The OSF file already exists. File names must be unique.""}","1","","","","","","green","hole","congruent_S_minus_T_plus","green","false","","",""
"html-keyboard-response","null","","null","144","2.1.0","298835","pf8w7d4z6j","block1_then_block2","","","inter_trial_interval","","","","","","","","","","","","","","","","","","","","","","","","","","","","","","","",""
"html-keyboard-response","null","<div class=""fixation"">+</div>","null","145","2.1.0","299352","pf8w7d4z6j","block1_then_block2","","","fixation","","","","","","","","","","","","","","","","","","","","","","","","","","","","","","","",""
"html-keyboard-response","911","
      <div class=""chinese-character"" style=""color:#000000;"">城</div>
      <div style=""margin-top:32px; font-size:16px; color:#555; font-family:Arial,sans-serif;"">
        Say the character aloud, then press <strong>Space</strong>.
      </div>
    "," ","146","2.1.0","300264","pf8w7d4z6j","block1_then_block2","","","character_naming","","","","","","","","","城","cheng2","character_naming_f1_22_block1_norep","911","true","true","14786","pf8w7d4z6j_character_naming_f1_22_block1_norep.webm","true","{""message"":""Success""}","1","","","","","","f1_22","city","filler","yellow","true","","",""
"html-keyboard-response","null","","null","147","2.1.0","300369","pf8w7d4z6j","block1_then_block2","","","inter_trial_interval","","","","","","","","","","","","","","","","","","","","","","","","","","","","","","","",""
"html-keyboard-response","null","<div class=""fixation"">+</div>","null","148","2.1.0","300879","pf8w7d4z6j","block1_then_block2","","","fixation","","","","","","","","","","","","","","","","","","","","","","","","","","","","","","","",""
"html-keyboard-response","720","
      <div class=""chinese-character"" style=""color:#000000;"">手</div>
      <div style=""margin-top:32px; font-size:16px; color:#555; font-family:Arial,sans-serif;"">
        Say the character aloud, then press <strong>Space</strong>.
      </div>
    "," ","149","2.1.0","301601","pf8w7d4z6j","block1_then_block2","","","character_naming","","","","","","","","","手","shou3","character_naming_f1_8_block1_norep","720","true","true","11888","pf8w7d4z6j_character_naming_f1_8_block1_norep.webm","true","{""message"":""Success""}","1","","","","","","f1_8","hand","filler","green","true","","",""
"html-keyboard-response","null","","null","150","2.1.0","301706","pf8w7d4z6j","block1_then_block2","","","inter_trial_interval","","","","","","","","","","","","","","","","","","","","","","","","","","","","","","","",""
"html-keyboard-response","null","<div class=""fixation"">+</div>","null","151","2.1.0","302222","pf8w7d4z6j","block1_then_block2","","","fixation","","","","","","","","","","","","","","","","","","","","","","","","","","","","","","","",""
"html-keyboard-response","953","
      <div class=""chinese-character"" style=""color:#000000;"">虑</div>
      <div style=""margin-top:32px; font-size:16px; color:#555; font-family:Arial,sans-serif;"">
        Say the character aloud, then press <strong>Space</strong>.
      </div>
    "," ","152","2.1.0","303177","pf8w7d4z6j","block1_then_block2","","","character_naming","","","","","","","","","虑","lv4","character_naming_green_block1_rep1","953","true","true","14786","pf8w7d4z6j_character_naming_green_block1_rep1.webm","true","{""error"":""OSF_FILE_EXISTS"",""message"":""The OSF file already exists. File names must be unique.""}","1","","","","","","green","ponder","congruent_S_T_plus","green","false","","",""
"html-keyboard-response","null","","null","153","2.1.0","303281","pf8w7d4z6j","block1_then_block2","","","inter_trial_interval","","","","","","","","","","","","","","","","","","","","","","","","","","","","","","","",""
"html-keyboard-response","null","<div class=""fixation"">+</div>","null","154","2.1.0","303798","pf8w7d4z6j","block1_then_block2","","","fixation","","","","","","","","","","","","","","","","","","","","","","","","","","","","","","","",""
"html-keyboard-response","769","
      <div class=""chinese-character"" style=""color:#000000;"">雨</div>
      <div style=""margin-top:32px; font-size:16px; color:#555; font-family:Arial,sans-serif;"">
        Say the character aloud, then press <strong>Space</strong>.
      </div>
    "," ","155","2.1.0","304569","pf8w7d4z6j","block1_then_block2","","","character_naming","","","","","","","","","雨","yu3","character_naming_f1_17_block1_norep","769","true","true","11888","pf8w7d4z6j_character_naming_f1_17_block1_norep.webm","true","{""message"":""Success""}","1","","","","","","f1_17","rain","filler","red","true","","",""
"html-keyboard-response","null","","null","156","2.1.0","304674","pf8w7d4z6j","block1_then_block2","","","inter_trial_interval","","","","","","","","","","","","","","","","","","","","","","","","","","","","","","","",""
"html-keyboard-response","null","<div class=""fixation"">+</div>","null","157","2.1.0","305190","pf8w7d4z6j","block1_then_block2","","","fixation","","","","","","","","","","","","","","","","","","","","","","","","","","","","","","","",""
"html-keyboard-response","1457","
      <div class=""chinese-character"" style=""color:#000000;"">婪</div>
      <div style=""margin-top:32px; font-size:16px; color:#555; font-family:Arial,sans-serif;"">
        Say the character aloud, then press <strong>Space</strong>.
      </div>
    "," ","158","2.1.0","306648","pf8w7d4z6j","block1_then_block2","","","character_naming","","","","","","","","","婪","lan2","character_naming_blue_block1_rep1","1457","true","true","23480","pf8w7d4z6j_character_naming_blue_block1_rep1.webm","true","{""error"":""OSF_FILE_EXISTS"",""message"":""The OSF file already exists. File names must be unique.""}","1","","","","","","blue","greedy","congruent_S_T_plus","blue","false","","",""
"html-keyboard-response","null","","null","159","2.1.0","306755","pf8w7d4z6j","block1_then_block2","","","inter_trial_interval","","","","","","","","","","","","","","","","","","","","","","","","","","","","","","","",""
"html-keyboard-response","null","<div class=""fixation"">+</div>","null","160","2.1.0","307271","pf8w7d4z6j","block1_then_block2","","","fixation","","","","","","","","","","","","","","","","","","","","","","","","","","","","","","","",""
"html-keyboard-response","816","
      <div class=""chinese-character"" style=""color:#000000;"">红</div>
      <div style=""margin-top:32px; font-size:16px; color:#555; font-family:Arial,sans-serif;"">
        Say the character aloud, then press <strong>Space</strong>.
      </div>
    "," ","161","2.1.0","308089","pf8w7d4z6j","block1_then_block2","","","character_naming","","","","","","","","","红","hong2","character_naming_red_block1_rep1","816","true","true","12854","pf8w7d4z6j_character_naming_red_block1_rep1.webm","true","{""error"":""OSF_FILE_EXISTS"",""message"":""The OSF file already exists. File names must be unique.""}","1","","","","","","red","red","incongruent_color_character","blue","false","","",""
"html-keyboard-response","null","","null","162","2.1.0","308193","pf8w7d4z6j","block1_then_block2","","","inter_trial_interval","","","","","","","","","","","","","","","","","","","","","","","","","","","","","","","",""
"html-keyboard-response","null","<div class=""fixation"">+</div>","null","163","2.1.0","308706","pf8w7d4z6j","block1_then_block2","","","fixation","","","","","","","","","","","","","","","","","","","","","","","","","","","","","","","",""
"html-keyboard-response","3388","
      <div class=""chinese-character"" style=""color:#000000;"">轰</div>
      <div style=""margin-top:32px; font-size:16px; color:#555; font-family:Arial,sans-serif;"">
        Say the character aloud, then press <strong>Space</strong>.
      </div>
    "," ","164","2.1.0","312095","pf8w7d4z6j","block1_then_block2","","","character_naming","","","","","","","","","轰","hong1","character_naming_red_block1_rep1","3388","true","true","54392","pf8w7d4z6j_character_naming_red_block1_rep1.webm","true","{""error"":""OSF_FILE_EXISTS"",""message"":""The OSF file already exists. File names must be unique.""}","1","","","","","","red","boom","congruent_S_plus_T_minus","red","false","","",""
"html-keyboard-response","null","","null","165","2.1.0","312198","pf8w7d4z6j","block1_then_block2","","","inter_trial_interval","","","","","","","","","","","","","","","","","","","","","","","","","","","","","","","",""
"html-keyboard-response","null","<div class=""fixation"">+</div>","null","166","2.1.0","312711","pf8w7d4z6j","block1_then_block2","","","fixation","","","","","","","","","","","","","","","","","","","","","","","","","","","","","","","",""
"html-keyboard-response","1001","
      <div class=""chinese-character"" style=""color:#000000;"">鱼</div>
      <div style=""margin-top:32px; font-size:16px; color:#555; font-family:Arial,sans-serif;"">
        Say the character aloud, then press <strong>Space</strong>.
      </div>
    "," ","167","2.1.0","313713","pf8w7d4z6j","block1_then_block2","","","character_naming","","","","","","","","","鱼","yu2","character_naming_f1_12_block1_norep","1001","true","true","15752","pf8w7d4z6j_character_naming_f1_12_block1_norep.webm","true","{""message"":""Success""}","1","","","","","","f1_12","fish","filler","green","true","","",""
"html-keyboard-response","null","","null","168","2.1.0","313825","pf8w7d4z6j","block1_then_block2","","","inter_trial_interval","","","","","","","","","","","","","","","","","","","","","","","","","","","","","","","",""
"html-keyboard-response","null","<div class=""fixation"">+</div>","null","169","2.1.0","314342","pf8w7d4z6j","block1_then_block2","","","fixation","","","","","","","","","","","","","","","","","","","","","","","","","","","","","","","",""
"html-keyboard-response","714","
      <div class=""chinese-character"" style=""color:#000000;"">石</div>
      <div style=""margin-top:32px; font-size:16px; color:#555; font-family:Arial,sans-serif;"">
        Say the character aloud, then press <strong>Space</strong>.
      </div>
    "," ","170","2.1.0","315057","pf8w7d4z6j","block1_then_block2","","","character_naming","","","","","","","","","石","shi2","character_naming_f1_24_block1_norep","714","true","true","10922","pf8w7d4z6j_character_naming_f1_24_block1_norep.webm","true","{""message"":""Success""}","1","","","","","","f1_24","stone","filler","green","true","","",""
"html-keyboard-response","null","","null","171","2.1.0","315169","pf8w7d4z6j","block1_then_block2","","","inter_trial_interval","","","","","","","","","","","","","","","","","","","","","","","","","","","","","","","",""
"html-keyboard-response","null","<div class=""fixation"">+</div>","null","172","2.1.0","315683","pf8w7d4z6j","block1_then_block2","","","fixation","","","","","","","","","","","","","","","","","","","","","","","","","","","","","","","",""
"html-keyboard-response","797","
      <div class=""chinese-character"" style=""color:#000000;"">灯</div>
      <div style=""margin-top:32px; font-size:16px; color:#555; font-family:Arial,sans-serif;"">
        Say the character aloud, then press <strong>Space</strong>.
      </div>
    "," ","173","2.1.0","316481","pf8w7d4z6j","block1_then_block2","","","character_naming","","","","","","","","","灯","deng1","character_naming_f1_21_block1_norep","797","true","true","12854","pf8w7d4z6j_character_naming_f1_21_block1_norep.webm","true","{""message"":""Success""}","1","","","","","","f1_21","lamp","filler","red","true","","",""
"html-keyboard-response","null","","null","174","2.1.0","316587","pf8w7d4z6j","block1_then_block2","","","inter_trial_interval","","","","","","","","","","","","","","","","","","","","","","","","","","","","","","","",""
"html-keyboard-response","null","<div class=""fixation"">+</div>","null","175","2.1.0","317101","pf8w7d4z6j","block1_then_block2","","","fixation","","","","","","","","","","","","","","","","","","","","","","","","","","","","","","","",""
"html-keyboard-response","827","
      <div class=""chinese-character"" style=""color:#000000;"">风</div>
      <div style=""margin-top:32px; font-size:16px; color:#555; font-family:Arial,sans-serif;"">
        Say the character aloud, then press <strong>Space</strong>.
      </div>
    "," ","176","2.1.0","317929","pf8w7d4z6j","block1_then_block2","","","character_naming","","","","","","","","","风","feng1","character_naming_f1_10_block1_norep","827","true","true","12854","pf8w7d4z6j_character_naming_f1_10_block1_norep.webm","true","{""message"":""Success""}","1","","","","","","f1_10","wind","filler","yellow","true","","",""
"html-keyboard-response","null","","null","177","2.1.0","318037","pf8w7d4z6j","block1_then_block2","","","inter_trial_interval","","","","","","","","","","","","","","","","","","","","","","","","","","","","","","","",""
"html-keyboard-response","7682","
      <div class=""instructions"">
        <h2>English Color-Naming — Block 1</h2>
        <p>You will see Chinese characters printed in color.</p>
        <p>Your task is to identify the <strong>ink color in English</strong>.</p>
        <p>Ignore the character itself.</p>
        <p><strong>R</strong> = red, <strong>Y</strong> = yellow, <strong>B</strong> = blue, <strong>G</strong> = green.</p>
        <p>Press <strong>Space</strong> to begin.</p>
      </div>
    "," ","178","2.1.0","325721","pf8w7d4z6j","block1_then_block2","","","","","","","","","","","","","","","","","","","","","","","","","","","","","","","","","","",""
"html-keyboard-response","2662","
      <div class=""instructions"">
        <h2>Keyboard Check</h2>
        <p>Before we continue, please press the <strong>Y</strong> key
        (for <strong>yellow</strong>) on your keyboard.</p>
        <p style=""color:#888;font-size:0.9em;"">
          If your keyboard is set to a Chinese input method (IME),
          please switch to English / Roman input now, otherwise the experiment cannot record your responses.
        </p>
      </div>
    ","y","179","2.1.0","328384","pf8w7d4z6j","block1_then_block2","","","keyboard_check","","","","","","","","","","","","","","","","","","","1","y","","","","","","","","","","","",""
"html-keyboard-response","null","<div class=""fixation"">+</div>","null","180","2.1.0","328889","pf8w7d4z6j","block1_then_block2","","","fixation","","","","","","","","","","","","","","","","","","","","","","","","","","","","","","","",""
"html-keyboard-response","null","<div class=""chinese-character"" style=""color:#1f77b4;"">宫</div>","null","181","2.1.0","331904","pf8w7d4z6j","block1_then_block2","","","color_naming","","","","","","","","","宫","gong1","","","","","","","","","1","","blue","b","null","false","blue","palace","","","false","neutral","true","1"
"html-keyboard-response","null","","null","182","2.1.0","332918","pf8w7d4z6j","block1_then_block2","","","inter_trial_interval","","","","","","","","","","","","","","","","","","","","","","","","","","","","","","","",""
"html-keyboard-response","null","<div class=""fixation"">+</div>","null","183","2.1.0","333432","pf8w7d4z6j","block1_then_block2","","","fixation","","","","","","","","","","","","","","","","","","","","","","","","","","","","","","","",""
"html-keyboard-response","null","<div class=""chinese-character"" style=""color:#d62728;"">云</div>","null","184","2.1.0","336439","pf8w7d4z6j","block1_then_block2","","","color_naming","","","","","","","","","云","yun2","","","","","","","","","1","","red","r","null","false","f1_9","cloud","","","true","filler","false","null"
"html-keyboard-response","null","","null","185","2.1.0","337454","pf8w7d4z6j","block1_then_block2","","","inter_trial_interval","","","","","","","","","","","","","","","","","","","","","","","","","","","","","","","",""
"html-keyboard-response","null","<div class=""fixation"">+</div>","null","186","2.1.0","337970","pf8w7d4z6j","block1_then_block2","","","fixation","","","","","","","","","","","","","","","","","","","","","","","","","","","","","","","",""
"html-keyboard-response","null","<div class=""chinese-character"" style=""color:#2ca02c;"">鱼</div>","null","187","2.1.0","340974","pf8w7d4z6j","block1_then_block2","","","color_naming","","","","","","","","","鱼","yu2","","","","","","","","","1","","green","g","null","false","f1_12","fish","","","true","filler","false","null"
"html-keyboard-response","null","","null","188","2.1.0","341984","pf8w7d4z6j","block1_then_block2","","","inter_trial_interval","","","","","","","","","","","","","","","","","","","","","","","","","","","","","","","",""
"html-keyboard-response","null","<div class=""fixation"">+</div>","null","189","2.1.0","342491","pf8w7d4z6j","block1_then_block2","","","fixation","","","","","","","","","","","","","","","","","","","","","","","","","","","","","","","",""
"html-keyboard-response","null","<div class=""chinese-character"" style=""color:#1f77b4;"">纸</div>","null","190","2.1.0","345494","pf8w7d4z6j","block1_then_block2","","","color_naming","","","","","","","","","纸","zhi3","","","","","","","","","1","","blue","b","null","false","f1_19","paper","","","true","filler","false","null"
"html-keyboard-response","null","","null","191","2.1.0","346502","pf8w7d4z6j","block1_then_block2","","","inter_trial_interval","","","","","","","","","","","","","","","","","","","","","","","","","","","","","","","",""
"html-keyboard-response","null","<div class=""fixation"">+</div>","null","192","2.1.0","347019","pf8w7d4z6j","block1_then_block2","","","fixation","","","","","","","","","","","","","","","","","","","","","","","","","","","","","","","",""
"html-keyboard-response","null","<div class=""chinese-character"" style=""color:#2ca02c;"">树</div>","null","193","2.1.0","350023","pf8w7d4z6j","block1_then_block2","","","color_naming","","","","","","","","","树","shu4","","","","","","","","","1","","green","g","null","false","f1_16","tree","","","true","filler","false","null"
"html-keyboard-response","null","","null","194","2.1.0","351028","pf8w7d4z6j","block1_then_block2","","","inter_trial_interval","","","","","","","","","","","","","","","","","","","","","","","","","","","","","","","",""
"html-keyboard-response","null","<div class=""fixation"">+</div>","null","195","2.1.0","351544","pf8w7d4z6j","block1_then_block2","","","fixation","","","","","","","","","","","","","","","","","","","","","","","","","","","","","","","",""
"html-keyboard-response","null","<div class=""chinese-character"" style=""color:#d6b300;"">黄</div>","null","196","2.1.0","354548","pf8w7d4z6j","block1_then_block2","","","color_naming","","","","","","","","","黄","huang2","","","","","","","","","1","","yellow","y","null","false","yellow","yellow","","","false","congruent_color_character","true","1"
"html-keyboard-response","null","","null","197","2.1.0","355556","pf8w7d4z6j","block1_then_block2","","","inter_trial_interval","","","","","","","","","","","","","","","","","","","","","","","","","","","","","","","",""
"html-keyboard-response","null","<div class=""fixation"">+</div>","null","198","2.1.0","356072","pf8w7d4z6j","block1_then_block2","","","fixation","","","","","","","","","","","","","","","","","","","","","","","","","","","","","","","",""
"html-keyboard-response","null","<div class=""chinese-character"" style=""color:#d62728;"">车</div>","null","199","2.1.0","359081","pf8w7d4z6j","block1_then_block2","","","color_naming","","","","","","","","","车","che1","","","","","","","","","1","","red","r","null","false","f1_5","car","","","true","filler","false","null"
"html-keyboard-response","null","","null","200","2.1.0","360097","pf8w7d4z6j","block1_then_block2","","","inter_trial_interval","","","","","","","","","","","","","","","","","","","","","","","","","","","","","","","",""
"html-keyboard-response","null","<div class=""fixation"">+</div>","null","201","2.1.0","360612","pf8w7d4z6j","block1_then_block2","","","fixation","","","","","","","","","","","","","","","","","","","","","","","","","","","","","","","",""
"html-keyboard-response","null","<div class=""chinese-character"" style=""color:#2ca02c;"">黄</div>","null","202","2.1.0","363626","pf8w7d4z6j","block1_then_block2","","","color_naming","","","","","","","","","黄","huang2","","","","","","","","","1","","green","g","null","false","yellow","yellow","","","false","incongruent_color_character","true","1"
"html-keyboard-response","null","","null","203","2.1.0","364639","pf8w7d4z6j","block1_then_block2","","","inter_trial_interval","","","","","","","","","","","","","","","","","","","","","","","","","","","","","","","",""
"html-keyboard-response","null","<div class=""fixation"">+</div>","null","204","2.1.0","365153","pf8w7d4z6j","block1_then_block2","","","fixation","","","","","","","","","","","","","","","","","","","","","","","","","","","","","","","",""
"html-keyboard-response","null","<div class=""chinese-character"" style=""color:#d62728;"">灯</div>","null","205","2.1.0","368157","pf8w7d4z6j","block1_then_block2","","","color_naming","","","","","","","","","灯","deng1","","","","","","","","","1","","red","r","null","false","f1_21","lamp","","","true","filler","false","null"
"html-keyboard-response","null","","null","206","2.1.0","369171","pf8w7d4z6j","block1_then_block2","","","inter_trial_interval","","","","","","","","","","","","","","","","","","","","","","","","","","","","","","","",""
"html-keyboard-response","null","<div class=""fixation"">+</div>","null","207","2.1.0","369686","pf8w7d4z6j","block1_then_block2","","","fixation","","","","","","","","","","","","","","","","","","","","","","","","","","","","","","","",""
"html-keyboard-response","null","<div class=""chinese-character"" style=""color:#1f77b4;"">览</div>","null","208","2.1.0","372690","pf8w7d4z6j","block1_then_block2","","","color_naming","","","","","","","","","览","lan3","","","","","","","","","1","","blue","b","null","false","blue","view","","","false","congruent_S_plus_T_minus","true","1"
"html-keyboard-response","null","","null","209","2.1.0","373701","pf8w7d4z6j","block1_then_block2","","","inter_trial_interval","","","","","","","","","","","","","","","","","","","","","","","","","","","","","","","",""
"html-keyboard-response","null","<div class=""fixation"">+</div>","null","210","2.1.0","374203","pf8w7d4z6j","block1_then_block2","","","fixation","","","","","","","","","","","","","","","","","","","","","","","","","","","","","","","",""
"html-keyboard-response","null","<div class=""chinese-character"" style=""color:#d62728;"">书</div>","null","211","2.1.0","377212","pf8w7d4z6j","block1_then_block2","","","color_naming","","","","","","","","","书","shu1","","","","","","","","","1","","red","r","null","false","f1_1","book","","","true","filler","false","null"
"html-keyboard-response","null","","null","212","2.1.0","378215","pf8w7d4z6j","block1_then_block2","","","inter_trial_interval","","","","","","","","","","","","","","","","","","","","","","","","","","","","","","","",""
"html-keyboard-response","null","<div class=""fixation"">+</div>","null","213","2.1.0","378717","pf8w7d4z6j","block1_then_block2","","","fixation","","","","","","","","","","","","","","","","","","","","","","","","","","","","","","","",""
"html-keyboard-response","null","<div class=""chinese-character"" style=""color:#d6b300;"">晃</div>","null","214","2.1.0","381721","pf8w7d4z6j","block1_then_block2","","","color_naming","","","","","","","","","晃","huang4","","","","","","","","","1","","yellow","y","null","false","yellow","sway","","","false","congruent_S_plus_T_minus","true","1"
"html-keyboard-response","null","","null","215","2.1.0","382735","pf8w7d4z6j","block1_then_block2","","","inter_trial_interval","","","","","","","","","","","","","","","","","","","","","","","","","","","","","","","",""
"html-keyboard-response","null","<div class=""fixation"">+</div>","null","216","2.1.0","383249","pf8w7d4z6j","block1_then_block2","","","fixation","","","","","","","","","","","","","","","","","","","","","","","","","","","","","","","",""
"html-keyboard-response","null","<div class=""chinese-character"" style=""color:#d6b300;"">路</div>","null","217","2.1.0","386262","pf8w7d4z6j","block1_then_block2","","","color_naming","","","","","","","","","路","lu4","","","","","","","","","1","","yellow","y","null","false","f1_14","road","","","true","filler","false","null"
"html-keyboard-response","null","","null","218","2.1.0","387276","pf8w7d4z6j","block1_then_block2","","","inter_trial_interval","","","","","","","","","","","","","","","","","","","","","","","","","","","","","","","",""
"html-keyboard-response","null","<div class=""fixation"">+</div>","null","219","2.1.0","387791","pf8w7d4z6j","block1_then_block2","","","fixation","","","","","","","","","","","","","","","","","","","","","","","","","","","","","","","",""
"html-keyboard-response","null","<div class=""chinese-character"" style=""color:#d62728;"">洪</div>","null","220","2.1.0","390801","pf8w7d4z6j","block1_then_block2","","","color_naming","","","","","","","","","洪","hong2","","","","","","","","","1","","red","r","null","false","red","flood","","","false","congruent_S_T_plus","true","1"
"html-keyboard-response","null","","null","221","2.1.0","391810","pf8w7d4z6j","block1_then_block2","","","inter_trial_interval","","","","","","","","","","","","","","","","","","","","","","","","","","","","","","","",""
"html-keyboard-response","null","<div class=""fixation"">+</div>","null","222","2.1.0","392327","pf8w7d4z6j","block1_then_block2","","","fixation","","","","","","","","","","","","","","","","","","","","","","","","","","","","","","","",""
"html-keyboard-response","null","<div class=""chinese-character"" style=""color:#d6b300;"">山</div>","null","223","2.1.0","395340","pf8w7d4z6j","block1_then_block2","","","color_naming","","","","","","","","","山","shan1","","","","","","","","","1","","yellow","y","null","false","f1_2","mountain","","","true","filler","false","null"
"html-keyboard-response","null","","null","224","2.1.0","396350","pf8w7d4z6j","block1_then_block2","","","inter_trial_interval","","","","","","","","","","","","","","","","","","","","","","","","","","","","","","","",""
"html-keyboard-response","null","<div class=""fixation"">+</div>","null","225","2.1.0","396864","pf8w7d4z6j","block1_then_block2","","","fixation","","","","","","","","","","","","","","","","","","","","","","","","","","","","","","","",""
"html-keyboard-response","null","<div class=""chinese-character"" style=""color:#d6b300;"">趁</div>","null","226","2.1.0","399870","pf8w7d4z6j","block1_then_block2","","","color_naming","","","","","","","","","趁","chen4","","","","","","","","","1","","yellow","y","null","false","yellow","take advantage of","","","false","neutral","true","1"
"html-keyboard-response","null","","null","227","2.1.0","400883","pf8w7d4z6j","block1_then_block2","","","inter_trial_interval","","","","","","","","","","","","","","","","","","","","","","","","","","","","","","","",""
"html-keyboard-response","null","<div class=""fixation"">+</div>","null","228","2.1.0","401385","pf8w7d4z6j","block1_then_block2","","","fixation","","","","","","","","","","","","","","","","","","","","","","","","","","","","","","","",""
"html-keyboard-response","null","<div class=""chinese-character"" style=""color:#d62728;"">红</div>","null","229","2.1.0","404399","pf8w7d4z6j","block1_then_block2","","","color_naming","","","","","","","","","红","hong2","","","","","","","","","1","","red","r","null","false","red","red","","","false","congruent_color_character","true","1"
"html-keyboard-response","null","","null","230","2.1.0","405416","pf8w7d4z6j","block1_then_block2","","","inter_trial_interval","","","","","","","","","","","","","","","","","","","","","","","","","","","","","","","",""
"html-keyboard-response","null","<div class=""fixation"">+</div>","null","231","2.1.0","405933","pf8w7d4z6j","block1_then_block2","","","fixation","","","","","","","","","","","","","","","","","","","","","","","","","","","","","","","",""
"html-keyboard-response","null","<div class=""chinese-character"" style=""color:#d6b300;"">风</div>","null","232","2.1.0","408945","pf8w7d4z6j","block1_then_block2","","","color_naming","","","","","","","","","风","feng1","","","","","","","","","1","","yellow","y","null","false","f1_10","wind","","","true","filler","false","null"
"html-keyboard-response","null","","null","233","2.1.0","409952","pf8w7d4z6j","block1_then_block2","","","inter_trial_interval","","","","","","","","","","","","","","","","","","","","","","","","","","","","","","","",""
"html-keyboard-response","null","<div class=""fixation"">+</div>","null","234","2.1.0","410457","pf8w7d4z6j","block1_then_block2","","","fixation","","","","","","","","","","","","","","","","","","","","","","","","","","","","","","","",""
"html-keyboard-response","null","<div class=""chinese-character"" style=""color:#d62728;"">家</div>","null","235","2.1.0","413464","pf8w7d4z6j","block1_then_block2","","","color_naming","","","","","","","","","家","jia1","","","","","","","","","1","","red","r","null","false","f1_13","home","","","true","filler","false","null"
"html-keyboard-response","null","","null","236","2.1.0","414478","pf8w7d4z6j","block1_then_block2","","","inter_trial_interval","","","","","","","","","","","","","","","","","","","","","","","","","","","","","","","",""
"html-keyboard-response","null","<div class=""fixation"">+</div>","null","237","2.1.0","414994","pf8w7d4z6j","block1_then_block2","","","fixation","","","","","","","","","","","","","","","","","","","","","","","","","","","","","","","",""
"html-keyboard-response","null","<div class=""chinese-character"" style=""color:#2ca02c;"">洞</div>","null","238","2.1.0","418009","pf8w7d4z6j","block1_then_block2","","","color_naming","","","","","","","","","洞","dong4","","","","","","","","","1","","green","g","null","false","green","hole","","","false","congruent_S_minus_T_plus","true","1"
"html-keyboard-response","null","","null","239","2.1.0","419026","pf8w7d4z6j","block1_then_block2","","","inter_trial_interval","","","","","","","","","","","","","","","","","","","","","","","","","","","","","","","",""
"html-keyboard-response","null","<div class=""fixation"">+</div>","null","240","2.1.0","419529","pf8w7d4z6j","block1_then_block2","","","fixation","","","","","","","","","","","","","","","","","","","","","","","","","","","","","","","",""
"html-keyboard-response","null","<div class=""chinese-character"" style=""color:#d6b300;"">绿</div>","null","241","2.1.0","422546","pf8w7d4z6j","block1_then_block2","","","color_naming","","","","","","","","","绿","lv4","","","","","","","","","1","","yellow","y","null","false","green","green","","","false","incongruent_color_character","true","1"
"html-keyboard-response","null","","null","242","2.1.0","423561","pf8w7d4z6j","block1_then_block2","","","inter_trial_interval","","","","","","","","","","","","","","","","","","","","","","","","","","","","","","","",""
"html-keyboard-response","null","<div class=""fixation"">+</div>","null","243","2.1.0","424076","pf8w7d4z6j","block1_then_block2","","","fixation","","","","","","","","","","","","","","","","","","","","","","","","","","","","","","","",""
"html-keyboard-response","null","<div class=""chinese-character"" style=""color:#2ca02c;"">手</div>","null","244","2.1.0","427094","pf8w7d4z6j","block1_then_block2","","","color_naming","","","","","","","","","手","shou3","","","","","","","","","1","","green","g","null","false","f1_8","hand","","","true","filler","false","null"
"html-keyboard-response","null","","null","245","2.1.0","428108","pf8w7d4z6j","block1_then_block2","","","inter_trial_interval","","","","","","","","","","","","","","","","","","","","","","","","","","","","","","","",""
"html-keyboard-response","null","<div class=""fixation"">+</div>","null","246","2.1.0","428611","pf8w7d4z6j","block1_then_block2","","","fixation","","","","","","","","","","","","","","","","","","","","","","","","","","","","","","","",""
"html-keyboard-response","null","<div class=""chinese-character"" style=""color:#d6b300;"">皇</div>","null","247","2.1.0","431625","pf8w7d4z6j","block1_then_block2","","","color_naming","","","","","","","","","皇","huang2","","","","","","","","","1","","yellow","y","null","false","yellow","emperor","","","false","congruent_S_T_plus","true","1"
"html-keyboard-response","null","","null","248","2.1.0","432635","pf8w7d4z6j","block1_then_block2","","","inter_trial_interval","","","","","","","","","","","","","","","","","","","","","","","","","","","","","","","",""
"html-keyboard-response","null","<div class=""fixation"">+</div>","null","249","2.1.0","433138","pf8w7d4z6j","block1_then_block2","","","fixation","","","","","","","","","","","","","","","","","","","","","","","","","","","","","","","",""
"html-keyboard-response","null","<div class=""chinese-character"" style=""color:#2ca02c;"">茶</div>","null","250","2.1.0","436146","pf8w7d4z6j","block1_then_block2","","","color_naming","","","","","","","","","茶","cha2","","","","","","","","","1","","green","g","null","false","f1_20","tea","","","true","filler","false","null"
"html-keyboard-response","null","","null","251","2.1.0","437151","pf8w7d4z6j","block1_then_block2","","","inter_trial_interval","","","","","","","","","","","","","","","","","","","","","","","","","","","","","","","",""
"html-keyboard-response","null","<div class=""fixation"">+</div>","null","252","2.1.0","437653","pf8w7d4z6j","block1_then_block2","","","fixation","","","","","","","","","","","","","","","","","","","","","","","","","","","","","","","",""
"html-keyboard-response","null","<div class=""chinese-character"" style=""color:#2ca02c;"">门</div>","null","253","2.1.0","440669","pf8w7d4z6j","block1_then_block2","","","color_naming","","","","","","","","","门","men2","","","","","","","","","1","","green","g","null","false","f1_4","door","","","true","filler","false","null"
"html-keyboard-response","null","","null","254","2.1.0","441681","pf8w7d4z6j","block1_then_block2","","","inter_trial_interval","","","","","","","","","","","","","","","","","","","","","","","","","","","","","","","",""
"html-keyboard-response","null","<div class=""fixation"">+</div>","null","255","2.1.0","442197","pf8w7d4z6j","block1_then_block2","","","fixation","","","","","","","","","","","","","","","","","","","","","","","","","","","","","","","",""
"html-keyboard-response","null","<div class=""chinese-character"" style=""color:#1f77b4;"">鸟</div>","null","256","2.1.0","445204","pf8w7d4z6j","block1_then_block2","","","color_naming","","","","","","","","","鸟","niao3","","","","","","","","","1","","blue","b","null","false","f1_11","bird","","","true","filler","false","null"
"html-keyboard-response","null","","null","257","2.1.0","446210","pf8w7d4z6j","block1_then_block2","","","inter_trial_interval","","","","","","","","","","","","","","","","","","","","","","","","","","","","","","","",""
"html-keyboard-response","null","<div class=""fixation"">+</div>","null","258","2.1.0","446718","pf8w7d4z6j","block1_then_block2","","","fixation","","","","","","","","","","","","","","","","","","","","","","","","","","","","","","","",""
"html-keyboard-response","null","<div class=""chinese-character"" style=""color:#1f77b4;"">船</div>","null","259","2.1.0","449733","pf8w7d4z6j","block1_then_block2","","","color_naming","","","","","","","","","船","chuan2","","","","","","","","","1","","blue","b","null","false","f1_23","boat","","","true","filler","false","null"
"html-keyboard-response","null","","null","260","2.1.0","450745","pf8w7d4z6j","block1_then_block2","","","inter_trial_interval","","","","","","","","","","","","","","","","","","","","","","","","","","","","","","","",""
"html-keyboard-response","null","<div class=""fixation"">+</div>","null","261","2.1.0","451257","pf8w7d4z6j","block1_then_block2","","","fixation","","","","","","","","","","","","","","","","","","","","","","","","","","","","","","","",""
"html-keyboard-response","null","<div class=""chinese-character"" style=""color:#d6b300;"">城</div>","null","262","2.1.0","454273","pf8w7d4z6j","block1_then_block2","","","color_naming","","","","","","","","","城","cheng2","","","","","","","","","1","","yellow","y","null","false","f1_22","city","","","true","filler","false","null"
"html-keyboard-response","null","","null","263","2.1.0","455288","pf8w7d4z6j","block1_then_block2","","","inter_trial_interval","","","","","","","","","","","","","","","","","","","","","","","","","","","","","","","",""
"html-keyboard-response","null","<div class=""fixation"">+</div>","null","264","2.1.0","455803","pf8w7d4z6j","block1_then_block2","","","fixation","","","","","","","","","","","","","","","","","","","","","","","","","","","","","","","",""
"html-keyboard-response","null","<div class=""chinese-character"" style=""color:#2ca02c;"">绿</div>","null","265","2.1.0","458810","pf8w7d4z6j","block1_then_block2","","","color_naming","","","","","","","","","绿","lv4","","","","","","","","","1","","green","g","null","false","green","green","","","false","congruent_color_character","true","1"
"html-keyboard-response","null","","null","266","2.1.0","459826","pf8w7d4z6j","block1_then_block2","","","inter_trial_interval","","","","","","","","","","","","","","","","","","","","","","","","","","","","","","","",""
"html-keyboard-response","null","<div class=""fixation"">+</div>","null","267","2.1.0","460343","pf8w7d4z6j","block1_then_block2","","","fixation","","","","","","","","","","","","","","","","","","","","","","","","","","","","","","","",""
"html-keyboard-response","null","<div class=""chinese-character"" style=""color:#1f77b4;"">窗</div>","null","268","2.1.0","463354","pf8w7d4z6j","block1_then_block2","","","color_naming","","","","","","","","","窗","chuang1","","","","","","","","","1","","blue","b","null","false","f1_15","window","","","true","filler","false","null"
"html-keyboard-response","null","","null","269","2.1.0","464357","pf8w7d4z6j","block1_then_block2","","","inter_trial_interval","","","","","","","","","","","","","","","","","","","","","","","","","","","","","","","",""
"html-keyboard-response","null","<div class=""fixation"">+</div>","null","270","2.1.0","464874","pf8w7d4z6j","block1_then_block2","","","fixation","","","","","","","","","","","","","","","","","","","","","","","","","","","","","","","",""
"html-keyboard-response","null","<div class=""chinese-character"" style=""color:#1f77b4;"">蓝</div>","null","271","2.1.0","467883","pf8w7d4z6j","block1_then_block2","","","color_naming","","","","","","","","","蓝","lan2","","","","","","","","","1","","blue","b","null","false","blue","blue","","","false","congruent_color_character","true","1"
"html-keyboard-response","null","","null","272","2.1.0","468896","pf8w7d4z6j","block1_then_block2","","","inter_trial_interval","","","","","","","","","","","","","","","","","","","","","","","","","","","","","","","",""
"html-keyboard-response","null","<div class=""fixation"">+</div>","null","273","2.1.0","469412","pf8w7d4z6j","block1_then_block2","","","fixation","","","","","","","","","","","","","","","","","","","","","","","","","","","","","","","",""
"html-keyboard-response","null","<div class=""chinese-character"" style=""color:#1f77b4;"">尝</div>","null","274","2.1.0","472425","pf8w7d4z6j","block1_then_block2","","","color_naming","","","","","","","","","尝","chang2","","","","","","","","","1","","blue","b","null","false","blue","taste","","","false","congruent_S_minus_T_plus","true","1"
"html-keyboard-response","null","","null","275","2.1.0","473441","pf8w7d4z6j","block1_then_block2","","","inter_trial_interval","","","","","","","","","","","","","","","","","","","","","","","","","","","","","","","",""
"html-keyboard-response","null","<div class=""fixation"">+</div>","null","276","2.1.0","473942","pf8w7d4z6j","block1_then_block2","","","fixation","","","","","","","","","","","","","","","","","","","","","","","","","","","","","","","",""
"html-keyboard-response","null","<div class=""chinese-character"" style=""color:#d62728;"">瓶</div>","null","277","2.1.0","476950","pf8w7d4z6j","block1_then_block2","","","color_naming","","","","","","","","","瓶","ping2","","","","","","","","","1","","red","r","null","false","red","bottle","","","false","congruent_S_minus_T_plus","true","1"
"html-keyboard-response","null","","null","278","2.1.0","477967","pf8w7d4z6j","block1_then_block2","","","inter_trial_interval","","","","","","","","","","","","","","","","","","","","","","","","","","","","","","","",""
"html-keyboard-response","null","<div class=""fixation"">+</div>","null","279","2.1.0","478484","pf8w7d4z6j","block1_then_block2","","","fixation","","","","","","","","","","","","","","","","","","","","","","","","","","","","","","","",""
"html-keyboard-response","null","<div class=""chinese-character"" style=""color:#1f77b4;"">红</div>","null","280","2.1.0","481487","pf8w7d4z6j","block1_then_block2","","","color_naming","","","","","","","","","红","hong2","","","","","","","","","1","","blue","b","null","false","red","red","","","false","incongruent_color_character","true","1"
"html-keyboard-response","null","","null","281","2.1.0","482503","pf8w7d4z6j","block1_then_block2","","","inter_trial_interval","","","","","","","","","","","","","","","","","","","","","","","","","","","","","","","",""
"html-keyboard-response","null","<div class=""fixation"">+</div>","null","282","2.1.0","483018","pf8w7d4z6j","block1_then_block2","","","fixation","","","","","","","","","","","","","","","","","","","","","","","","","","","","","","","",""
"html-keyboard-response","null","<div class=""chinese-character"" style=""color:#1f77b4;"">月</div>","null","283","2.1.0","486025","pf8w7d4z6j","block1_then_block2","","","color_naming","","","","","","","","","月","yue4","","","","","","","","","1","","blue","b","null","false","f1_7","moon","","","true","filler","false","null"
"html-keyboard-response","null","","null","284","2.1.0","487039","pf8w7d4z6j","block1_then_block2","","","inter_trial_interval","","","","","","","","","","","","","","","","","","","","","","","","","","","","","","","",""
"html-keyboard-response","null","<div class=""fixation"">+</div>","null","285","2.1.0","487551","pf8w7d4z6j","block1_then_block2","","","fixation","","","","","","","","","","","","","","","","","","","","","","","","","","","","","","","",""
"html-keyboard-response","null","<div class=""chinese-character"" style=""color:#d62728;"">牵</div>","null","286","2.1.0","490564","pf8w7d4z6j","block1_then_block2","","","color_naming","","","","","","","","","牵","qian1","","","","","","","","","1","","red","r","null","false","red","lead along","","","false","neutral","true","1"
"html-keyboard-response","null","","null","287","2.1.0","491567","pf8w7d4z6j","block1_then_block2","","","inter_trial_interval","","","","","","","","","","","","","","","","","","","","","","","","","","","","","","","",""
"html-keyboard-response","null","<div class=""fixation"">+</div>","null","288","2.1.0","492069","pf8w7d4z6j","block1_then_block2","","","fixation","","","","","","","","","","","","","","","","","","","","","","","","","","","","","","","",""
"html-keyboard-response","null","<div class=""chinese-character"" style=""color:#d6b300;"">花</div>","null","289","2.1.0","495079","pf8w7d4z6j","block1_then_block2","","","color_naming","","","","","","","","","花","hua1","","","","","","","","","1","","yellow","y","null","false","f1_6","flower","","","true","filler","false","null"
"html-keyboard-response","null","","null","290","2.1.0","496089","pf8w7d4z6j","block1_then_block2","","","inter_trial_interval","","","","","","","","","","","","","","","","","","","","","","","","","","","","","","","",""
"html-keyboard-response","null","<div class=""fixation"">+</div>","null","291","2.1.0","496605","pf8w7d4z6j","block1_then_block2","","","fixation","","","","","","","","","","","","","","","","","","","","","","","","","","","","","","","",""
"html-keyboard-response","null","<div class=""chinese-character"" style=""color:#2ca02c;"">虑</div>","null","292","2.1.0","499622","pf8w7d4z6j","block1_then_block2","","","color_naming","","","","","","","","","虑","lv4","","","","","","","","","1","","green","g","null","false","green","ponder","","","false","congruent_S_T_plus","true","1"
"html-keyboard-response","null","","null","293","2.1.0","500633","pf8w7d4z6j","block1_then_block2","","","inter_trial_interval","","","","","","","","","","","","","","","","","","","","","","","","","","","","","","","",""
"html-keyboard-response","null","<div class=""fixation"">+</div>","null","294","2.1.0","501138","pf8w7d4z6j","block1_then_block2","","","fixation","","","","","","","","","","","","","","","","","","","","","","","","","","","","","","","",""
"html-keyboard-response","null","<div class=""chinese-character"" style=""color:#d62728;"">雨</div>","null","295","2.1.0","504156","pf8w7d4z6j","block1_then_block2","","","color_naming","","","","","","","","","雨","yu3","","","","","","","","","1","","red","r","null","false","f1_17","rain","","","true","filler","false","null"
"html-keyboard-response","null","","null","296","2.1.0","505161","pf8w7d4z6j","block1_then_block2","","","inter_trial_interval","","","","","","","","","","","","","","","","","","","","","","","","","","","","","","","",""
"html-keyboard-response","null","<div class=""fixation"">+</div>","null","297","2.1.0","505675","pf8w7d4z6j","block1_then_block2","","","fixation","","","","","","","","","","","","","","","","","","","","","","","","","","","","","","","",""
"html-keyboard-response","null","<div class=""chinese-character"" style=""color:#d6b300;"">缠</div>","null","298","2.1.0","508689","pf8w7d4z6j","block1_then_block2","","","color_naming","","","","","","","","","缠","chan2","","","","","","","","","1","","yellow","y","null","false","yellow","wrap around","","","false","congruent_S_minus_T_plus","true","1"
"html-keyboard-response","null","","null","299","2.1.0","509702","pf8w7d4z6j","block1_then_block2","","","inter_trial_interval","","","","","","","","","","","","","","","","","","","","","","","","","","","","","","","",""
"html-keyboard-response","null","<div class=""fixation"">+</div>","null","300","2.1.0","510210","pf8w7d4z6j","block1_then_block2","","","fixation","","","","","","","","","","","","","","","","","","","","","","","","","","","","","","","",""
"html-keyboard-response","null","<div class=""chinese-character"" style=""color:#d62728;"">蓝</div>","null","301","2.1.0","513211","pf8w7d4z6j","block1_then_block2","","","color_naming","","","","","","","","","蓝","lan2","","","","","","","","","1","","red","r","null","false","blue","blue","","","false","incongruent_color_character","true","1"
"html-keyboard-response","null","","null","302","2.1.0","514212","pf8w7d4z6j","block1_then_block2","","","inter_trial_interval","","","","","","","","","","","","","","","","","","","","","","","","","","","","","","","",""
"html-keyboard-response","null","<div class=""fixation"">+</div>","null","303","2.1.0","514714","pf8w7d4z6j","block1_then_block2","","","fixation","","","","","","","","","","","","","","","","","","","","","","","","","","","","","","","",""
"html-keyboard-response","null","<div class=""chinese-character"" style=""color:#2ca02c;"">石</div>","null","304","2.1.0","517716","pf8w7d4z6j","block1_then_block2","","","color_naming","","","","","","","","","石","shi2","","","","","","","","","1","","green","g","null","false","f1_24","stone","","","true","filler","false","null"
"html-keyboard-response","null","","null","305","2.1.0","518729","pf8w7d4z6j","block1_then_block2","","","inter_trial_interval","","","","","","","","","","","","","","","","","","","","","","","","","","","","","","","",""
"html-keyboard-response","null","<div class=""fixation"">+</div>","null","306","2.1.0","519245","pf8w7d4z6j","block1_then_block2","","","fixation","","","","","","","","","","","","","","","","","","","","","","","","","","","","","","","",""
"html-keyboard-response","null","<div class=""chinese-character"" style=""color:#d6b300;"">桥</div>","null","307","2.1.0","522249","pf8w7d4z6j","block1_then_block2","","","color_naming","","","","","","","","","桥","qiao2","","","","","","","","","1","","yellow","y","null","false","f1_18","bridge","","","true","filler","false","null"
"html-keyboard-response","null","","null","308","2.1.0","523259","pf8w7d4z6j","block1_then_block2","","","inter_trial_interval","","","","","","","","","","","","","","","","","","","","","","","","","","","","","","","",""
"html-keyboard-response","null","<div class=""fixation"">+</div>","null","309","2.1.0","523762","pf8w7d4z6j","block1_then_block2","","","fixation","","","","","","","","","","","","","","","","","","","","","","","","","","","","","","","",""
"html-keyboard-response","null","<div class=""chinese-character"" style=""color:#1f77b4;"">婪</div>","null","310","2.1.0","526769","pf8w7d4z6j","block1_then_block2","","","color_naming","","","","","","","","","婪","lan2","","","","","","","","","1","","blue","b","null","false","blue","greedy","","","false","congruent_S_T_plus","true","1"
"html-keyboard-response","null","","null","311","2.1.0","527781","pf8w7d4z6j","block1_then_block2","","","inter_trial_interval","","","","","","","","","","","","","","","","","","","","","","","","","","","","","","","",""
"html-keyboard-response","null","<div class=""fixation"">+</div>","null","312","2.1.0","528296","pf8w7d4z6j","block1_then_block2","","","fixation","","","","","","","","","","","","","","","","","","","","","","","","","","","","","","","",""
"html-keyboard-response","null","<div class=""chinese-character"" style=""color:#2ca02c;"">旅</div>","null","313","2.1.0","531312","pf8w7d4z6j","block1_then_block2","","","color_naming","","","","","","","","","旅","lv3","","","","","","","","","1","","green","g","null","false","green","travel","","","false","congruent_S_plus_T_minus","true","1"
"html-keyboard-response","null","","null","314","2.1.0","532314","pf8w7d4z6j","block1_then_block2","","","inter_trial_interval","","","","","","","","","","","","","","","","","","","","","","","","","","","","","","","",""
"html-keyboard-response","null","<div class=""fixation"">+</div>","null","315","2.1.0","532829","pf8w7d4z6j","block1_then_block2","","","fixation","","","","","","","","","","","","","","","","","","","","","","","","","","","","","","","",""
"html-keyboard-response","null","<div class=""chinese-character"" style=""color:#2ca02c;"">涂</div>","null","316","2.1.0","535841","pf8w7d4z6j","block1_then_block2","","","color_naming","","","","","","","","","涂","tu2","","","","","","","","","1","","green","g","null","false","green","paint","","","false","neutral","true","1"
"html-keyboard-response","null","","null","317","2.1.0","536854","pf8w7d4z6j","block1_then_block2","","","inter_trial_interval","","","","","","","","","","","","","","","","","","","","","","","","","","","","","","","",""
"html-keyboard-response","null","<div class=""fixation"">+</div>","null","318","2.1.0","537370","pf8w7d4z6j","block1_then_block2","","","fixation","","","","","","","","","","","","","","","","","","","","","","","","","","","","","","","",""
"html-keyboard-response","null","<div class=""chinese-character"" style=""color:#d62728;"">轰</div>","null","319","2.1.0","540373","pf8w7d4z6j","block1_then_block2","","","color_naming","","","","","","","","","轰","hong1","","","","","","","","","1","","red","r","null","false","red","boom","","","false","congruent_S_plus_T_minus","true","1"
"html-keyboard-response","null","","null","320","2.1.0","541384","pf8w7d4z6j","block1_then_block2","","","inter_trial_interval","","","","","","","","","","","","","","","","","","","","","","","","","","","","","","","",""
"html-keyboard-response","null","<div class=""fixation"">+</div>","null","321","2.1.0","541901","pf8w7d4z6j","block1_then_block2","","","fixation","","","","","","","","","","","","","","","","","","","","","","","","","","","","","","","",""
"html-keyboard-response","null","<div class=""chinese-character"" style=""color:#1f77b4;"">水</div>","null","322","2.1.0","544912","pf8w7d4z6j","block1_then_block2","","","color_naming","","","","","","","","","水","shui3","","","","","","","","","1","","blue","b","null","false","f1_3","water","","","true","filler","false","null"
"html-keyboard-response","null","","null","323","2.1.0","545925","pf8w7d4z6j","block1_then_block2","","","inter_trial_interval","","","","","","","","","","","","","","","","","","","","","","","","","","","","","","","",""
"html-keyboard-response","4203","
    <div class=""instructions"">
      <h2>Short Break</h2>
      <p>You have completed the first half of the experiment.</p>
      <p>Press <strong>Space</strong> when you are ready to continue.</p>
    </div>
  "," ","324","2.1.0","550130","pf8w7d4z6j","block1_then_block2","","","","","","","","","","","","","","","","","","","","","","","","","","","","","","","","","","",""
"html-keyboard-response","6453","
      <div class=""instructions"">
        <h2>Chinese Character Naming — Block 2</h2>
        <p>You will see Chinese characters printed in black.</p>
        <p>Please <strong>say the character aloud in Mandarin</strong> as quickly and accurately as possible.</p>
        <p>After speaking, press <strong>Space</strong> to move to the next character immediately.</p>
        <p>Your voice will be recorded so we can verify your responses.</p>
        <p>Press <strong>Space</strong> to begin.</p>
      </div>
    "," ","325","2.1.0","556585","pf8w7d4z6j","block1_then_block2","","","","","","","","","","","","","","","","","","","","","","","","","","","","","","","","","","",""
"html-keyboard-response","null","<div class=""fixation"">+</div>","null","326","2.1.0","557089","pf8w7d4z6j","block1_then_block2","","","fixation","","","","","","","","","","","","","","","","","","","","","","","","","","","","","","","",""
"html-keyboard-response","1109","
      <div class=""chinese-character"" style=""color:#000000;"">心</div>
      <div style=""margin-top:32px; font-size:16px; color:#555; font-family:Arial,sans-serif;"">
        Say the character aloud, then press <strong>Space</strong>.
      </div>
    "," ","327","2.1.0","558200","pf8w7d4z6j","block1_then_block2","","","character_naming","","","","","","","","","心","xin1","character_naming_f2_23_block2_norep","1109","true","true","17684","pf8w7d4z6j_character_naming_f2_23_block2_norep.webm","true","{""message"":""Success""}","2","","","","","","f2_23","heart","filler","blue","true","","",""
"html-keyboard-response","null","","null","328","2.1.0","558313","pf8w7d4z6j","block1_then_block2","","","inter_trial_interval","","","","","","","","","","","","","","","","","","","","","","","","","","","","","","","",""
"html-keyboard-response","null","<div class=""fixation"">+</div>","null","329","2.1.0","558818","pf8w7d4z6j","block1_then_block2","","","fixation","","","","","","","","","","","","","","","","","","","","","","","","","","","","","","","",""
"html-keyboard-response","777","
      <div class=""chinese-character"" style=""color:#000000;"">笔</div>
      <div style=""margin-top:32px; font-size:16px; color:#555; font-family:Arial,sans-serif;"">
        Say the character aloud, then press <strong>Space</strong>.
      </div>
    "," ","330","2.1.0","559596","pf8w7d4z6j","block1_then_block2","","","character_naming","","","","","","","","","笔","bi3","character_naming_f2_5_block2_norep","777","true","true","11888","pf8w7d4z6j_character_naming_f2_5_block2_norep.webm","true","{""error"":null,""message"":""Data received. OSF upload will be retried automatically.""}","2","","","","","","f2_5","pen","filler","red","true","","",""
"html-keyboard-response","null","","null","331","2.1.0","559712","pf8w7d4z6j","block1_then_block2","","","inter_trial_interval","","","","","","","","","","","","","","","","","","","","","","","","","","","","","","","",""
"html-keyboard-response","null","<div class=""fixation"">+</div>","null","332","2.1.0","560228","pf8w7d4z6j","block1_then_block2","","","fixation","","","","","","","","","","","","","","","","","","","","","","","","","","","","","","","",""
"html-keyboard-response","716","
      <div class=""chinese-character"" style=""color:#000000;"">红</div>
      <div style=""margin-top:32px; font-size:16px; color:#555; font-family:Arial,sans-serif;"">
        Say the character aloud, then press <strong>Space</strong>.
      </div>
    "," ","333","2.1.0","560946","pf8w7d4z6j","block1_then_block2","","","character_naming","","","","","","","","","红","hong2","character_naming_red_block2_rep2","716","true","true","10922","pf8w7d4z6j_character_naming_red_block2_rep2.webm","true","{""message"":""Success""}","2","","","","","","red","red","congruent_color_character","red","false","","",""
"html-keyboard-response","null","","null","334","2.1.0","561055","pf8w7d4z6j","block1_then_block2","","","inter_trial_interval","","","","","","","","","","","","","","","","","","","","","","","","","","","","","","","",""
"html-keyboard-response","null","<div class=""fixation"">+</div>","null","335","2.1.0","561570","pf8w7d4z6j","block1_then_block2","","","fixation","","","","","","","","","","","","","","","","","","","","","","","","","","","","","","","",""
"html-keyboard-response","797","
      <div class=""chinese-character"" style=""color:#000000;"">影</div>
      <div style=""margin-top:32px; font-size:16px; color:#555; font-family:Arial,sans-serif;"">
        Say the character aloud, then press <strong>Space</strong>.
      </div>
    "," ","336","2.1.0","562369","pf8w7d4z6j","block1_then_block2","","","character_naming","","","","","","","","","影","ying3","character_naming_f2_16_block2_norep","797","true","true","12854","pf8w7d4z6j_character_naming_f2_16_block2_norep.webm","true","{""message"":""Success""}","2","","","","","","f2_16","shadow/movie","filler","green","true","","",""
"html-keyboard-response","null","","null","337","2.1.0","562481","pf8w7d4z6j","block1_then_block2","","","inter_trial_interval","","","","","","","","","","","","","","","","","","","","","","","","","","","","","","","",""
"html-keyboard-response","null","<div class=""fixation"">+</div>","null","338","2.1.0","562987","pf8w7d4z6j","block1_then_block2","","","fixation","","","","","","","","","","","","","","","","","","","","","","","","","","","","","","","",""
"html-keyboard-response","764","
      <div class=""chinese-character"" style=""color:#000000;"">口</div>
      <div style=""margin-top:32px; font-size:16px; color:#555; font-family:Arial,sans-serif;"">
        Say the character aloud, then press <strong>Space</strong>.
      </div>
    "," ","339","2.1.0","563752","pf8w7d4z6j","block1_then_block2","","","character_naming","","","","","","","","","口","kou3","character_naming_f2_22_block2_norep","764","true","true","11888","pf8w7d4z6j_character_naming_f2_22_block2_norep.webm","true","{""message"":""Success""}","2","","","","","","f2_22","mouth","filler","yellow","true","","",""
"html-keyboard-response","null","","null","340","2.1.0","563866","pf8w7d4z6j","block1_then_block2","","","inter_trial_interval","","","","","","","","","","","","","","","","","","","","","","","","","","","","","","","",""
"html-keyboard-response","null","<div class=""fixation"">+</div>","null","341","2.1.0","564372","pf8w7d4z6j","block1_then_block2","","","fixation","","","","","","","","","","","","","","","","","","","","","","","","","","","","","","","",""
"html-keyboard-response","636","
      <div class=""chinese-character"" style=""color:#000000;"">饭</div>
      <div style=""margin-top:32px; font-size:16px; color:#555; font-family:Arial,sans-serif;"">
        Say the character aloud, then press <strong>Space</strong>.
      </div>
    "," ","342","2.1.0","565009","pf8w7d4z6j","block1_then_block2","","","character_naming","","","","","","","","","饭","fan4","character_naming_f2_14_block2_norep","636","true","true","9956","pf8w7d4z6j_character_naming_f2_14_block2_norep.webm","true","{""message"":""Success""}","2","","","","","","f2_14","meal","filler","yellow","true","","",""
"html-keyboard-response","null","","null","343","2.1.0","565122","pf8w7d4z6j","block1_then_block2","","","inter_trial_interval","","","","","","","","","","","","","","","","","","","","","","","","","","","","","","","",""
"html-keyboard-response","null","<div class=""fixation"">+</div>","null","344","2.1.0","565633","pf8w7d4z6j","block1_then_block2","","","fixation","","","","","","","","","","","","","","","","","","","","","","","","","","","","","","","",""
"html-keyboard-response","789","
      <div class=""chinese-character"" style=""color:#000000;"">电</div>
      <div style=""margin-top:32px; font-size:16px; color:#555; font-family:Arial,sans-serif;"">
        Say the character aloud, then press <strong>Space</strong>.
      </div>
    "," ","345","2.1.0","566425","pf8w7d4z6j","block1_then_block2","","","character_naming","","","","","","","","","电","dian4","character_naming_f2_15_block2_norep","789","true","true","12854","pf8w7d4z6j_character_naming_f2_15_block2_norep.webm","true","{""message"":""Success""}","2","","","","","","f2_15","electricity","filler","blue","true","","",""
"html-keyboard-response","null","","null","346","2.1.0","566538","pf8w7d4z6j","block1_then_block2","","","inter_trial_interval","","","","","","","","","","","","","","","","","","","","","","","","","","","","","","","",""
"html-keyboard-response","null","<div class=""fixation"">+</div>","null","347","2.1.0","567054","pf8w7d4z6j","block1_then_block2","","","fixation","","","","","","","","","","","","","","","","","","","","","","","","","","","","","","","",""
"html-keyboard-response","785","
      <div class=""chinese-character"" style=""color:#000000;"">涂</div>
      <div style=""margin-top:32px; font-size:16px; color:#555; font-family:Arial,sans-serif;"">
        Say the character aloud, then press <strong>Space</strong>.
      </div>
    "," ","348","2.1.0","567841","pf8w7d4z6j","block1_then_block2","","","character_naming","","","","","","","","","涂","tu2","character_naming_green_block2_rep2","785","true","true","12854","pf8w7d4z6j_character_naming_green_block2_rep2.webm","true","{""message"":""Success""}","2","","","","","","green","paint","neutral","green","false","","",""
"html-keyboard-response","null","","null","349","2.1.0","567946","pf8w7d4z6j","block1_then_block2","","","inter_trial_interval","","","","","","","","","","","","","","","","","","","","","","","","","","","","","","","",""
"html-keyboard-response","null","<div class=""fixation"">+</div>","null","350","2.1.0","568457","pf8w7d4z6j","block1_then_block2","","","fixation","","","","","","","","","","","","","","","","","","","","","","","","","","","","","","","",""
"html-keyboard-response","686","
      <div class=""chinese-character"" style=""color:#000000;"">晃</div>
      <div style=""margin-top:32px; font-size:16px; color:#555; font-family:Arial,sans-serif;"">
        Say the character aloud, then press <strong>Space</strong>.
      </div>
    "," ","351","2.1.0","569145","pf8w7d4z6j","block1_then_block2","","","character_naming","","","","","","","","","晃","huang4","character_naming_yellow_block2_rep2","686","true","true","10922","pf8w7d4z6j_character_naming_yellow_block2_rep2.webm","true","{""error"":""OSF_FILE_EXISTS"",""message"":""The OSF file already exists. File names must be unique.""}","2","","","","","","yellow","sway","congruent_S_plus_T_minus","yellow","false","","",""
"html-keyboard-response","null","","null","352","2.1.0","569254","pf8w7d4z6j","block1_then_block2","","","inter_trial_interval","","","","","","","","","","","","","","","","","","","","","","","","","","","","","","","",""
"html-keyboard-response","null","<div class=""fixation"">+</div>","null","353","2.1.0","569769","pf8w7d4z6j","block1_then_block2","","","fixation","","","","","","","","","","","","","","","","","","","","","","","","","","","","","","","",""
"html-keyboard-response","1021","
      <div class=""chinese-character"" style=""color:#000000;"">牵</div>
      <div style=""margin-top:32px; font-size:16px; color:#555; font-family:Arial,sans-serif;"">
        Say the character aloud, then press <strong>Space</strong>.
      </div>
    "," ","354","2.1.0","570792","pf8w7d4z6j","block1_then_block2","","","character_naming","","","","","","","","","牵","qian1","character_naming_red_block2_rep2","1021","true","true","16718","pf8w7d4z6j_character_naming_red_block2_rep2.webm","true","{""error"":""OSF_FILE_EXISTS"",""message"":""The OSF file already exists. File names must be unique.""}","2","","","","","","red","lead along","neutral","red","false","","",""
"html-keyboard-response","null","","null","355","2.1.0","570909","pf8w7d4z6j","block1_then_block2","","","inter_trial_interval","","","","","","","","","","","","","","","","","","","","","","","","","","","","","","","",""
"html-keyboard-response","null","<div class=""fixation"">+</div>","null","356","2.1.0","571423","pf8w7d4z6j","block1_then_block2","","","fixation","","","","","","","","","","","","","","","","","","","","","","","","","","","","","","","",""
"html-keyboard-response","785","
      <div class=""chinese-character"" style=""color:#000000;"">洞</div>
      <div style=""margin-top:32px; font-size:16px; color:#555; font-family:Arial,sans-serif;"">
        Say the character aloud, then press <strong>Space</strong>.
      </div>
    "," ","357","2.1.0","572210","pf8w7d4z6j","block1_then_block2","","","character_naming","","","","","","","","","洞","dong4","character_naming_green_block2_rep2","785","true","true","12854","pf8w7d4z6j_character_naming_green_block2_rep2.webm","true","{""error"":null,""message"":""Data received. OSF upload will be retried automatically.""}","2","","","","","","green","hole","congruent_S_minus_T_plus","green","false","","",""
"html-keyboard-response","null","","null","358","2.1.0","572313","pf8w7d4z6j","block1_then_block2","","","inter_trial_interval","","","","","","","","","","","","","","","","","","","","","","","","","","","","","","","",""
"html-keyboard-response","null","<div class=""fixation"">+</div>","null","359","2.1.0","572815","pf8w7d4z6j","block1_then_block2","","","fixation","","","","","","","","","","","","","","","","","","","","","","","","","","","","","","","",""
"html-keyboard-response","1040","
      <div class=""chinese-character"" style=""color:#000000;"">览</div>
      <div style=""margin-top:32px; font-size:16px; color:#555; font-family:Arial,sans-serif;"">
        Say the character aloud, then press <strong>Space</strong>.
      </div>
    "," ","360","2.1.0","573857","pf8w7d4z6j","block1_then_block2","","","character_naming","","","","","","","","","览","lan3","character_naming_blue_block2_rep2","1040","true","true","16718","pf8w7d4z6j_character_naming_blue_block2_rep2.webm","true","{""message"":""Success""}","2","","","","","","blue","view","congruent_S_plus_T_minus","blue","false","","",""
"html-keyboard-response","null","","null","361","2.1.0","573967","pf8w7d4z6j","block1_then_block2","","","inter_trial_interval","","","","","","","","","","","","","","","","","","","","","","","","","","","","","","","",""
"html-keyboard-response","null","<div class=""fixation"">+</div>","null","362","2.1.0","574475","pf8w7d4z6j","block1_then_block2","","","fixation","","","","","","","","","","","","","","","","","","","","","","","","","","","","","","","",""
"html-keyboard-response","964","
      <div class=""chinese-character"" style=""color:#000000;"">马</div>
      <div style=""margin-top:32px; font-size:16px; color:#555; font-family:Arial,sans-serif;"">
        Say the character aloud, then press <strong>Space</strong>.
      </div>
    "," ","363","2.1.0","575440","pf8w7d4z6j","block1_then_block2","","","character_naming","","","","","","","","","马","ma3","character_naming_f2_3_block2_norep","964","true","true","15752","pf8w7d4z6j_character_naming_f2_3_block2_norep.webm","true","{""message"":""Success""}","2","","","","","","f2_3","horse","filler","blue","true","","",""
"html-keyboard-response","null","","null","364","2.1.0","575551","pf8w7d4z6j","block1_then_block2","","","inter_trial_interval","","","","","","","","","","","","","","","","","","","","","","","","","","","","","","","",""
"html-keyboard-response","null","<div class=""fixation"">+</div>","null","365","2.1.0","576064","pf8w7d4z6j","block1_then_block2","","","fixation","","","","","","","","","","","","","","","","","","","","","","","","","","","","","","","",""
"html-keyboard-response","768","
      <div class=""chinese-character"" style=""color:#000000;"">趁</div>
      <div style=""margin-top:32px; font-size:16px; color:#555; font-family:Arial,sans-serif;"">
        Say the character aloud, then press <strong>Space</strong>.
      </div>
    "," ","366","2.1.0","576833","pf8w7d4z6j","block1_then_block2","","","character_naming","","","","","","","","","趁","chen4","character_naming_yellow_block2_rep2","768","true","true","11888","pf8w7d4z6j_character_naming_yellow_block2_rep2.webm","true","{""message"":""Success""}","2","","","","","","yellow","take advantage of","neutral","yellow","false","","",""
"html-keyboard-response","null","","null","367","2.1.0","576939","pf8w7d4z6j","block1_then_block2","","","inter_trial_interval","","","","","","","","","","","","","","","","","","","","","","","","","","","","","","","",""
"html-keyboard-response","null","<div class=""fixation"">+</div>","null","368","2.1.0","577453","pf8w7d4z6j","block1_then_block2","","","fixation","","","","","","","","","","","","","","","","","","","","","","","","","","","","","","","",""
"html-keyboard-response","707","
      <div class=""chinese-character"" style=""color:#000000;"">米</div>
      <div style=""margin-top:32px; font-size:16px; color:#555; font-family:Arial,sans-serif;"">
        Say the character aloud, then press <strong>Space</strong>.
      </div>
    "," ","369","2.1.0","578162","pf8w7d4z6j","block1_then_block2","","","character_naming","","","","","","","","","米","mi3","character_naming_f2_4_block2_norep","707","true","true","10922","pf8w7d4z6j_character_naming_f2_4_block2_norep.webm","true","{""message"":""Success""}","2","","","","","","f2_4","rice","filler","green","true","","",""
"html-keyboard-response","null","","null","370","2.1.0","578268","pf8w7d4z6j","block1_then_block2","","","inter_trial_interval","","","","","","","","","","","","","","","","","","","","","","","","","","","","","","","",""
"html-keyboard-response","null","<div class=""fixation"">+</div>","null","371","2.1.0","578770","pf8w7d4z6j","block1_then_block2","","","fixation","","","","","","","","","","","","","","","","","","","","","","","","","","","","","","","",""
"html-keyboard-response","804","
      <div class=""chinese-character"" style=""color:#000000;"">星</div>
      <div style=""margin-top:32px; font-size:16px; color:#555; font-family:Arial,sans-serif;"">
        Say the character aloud, then press <strong>Space</strong>.
      </div>
    "," ","372","2.1.0","579576","pf8w7d4z6j","block1_then_block2","","","character_naming","","","","","","","","","星","xing1","character_naming_f2_18_block2_norep","804","true","true","12854","pf8w7d4z6j_character_naming_f2_18_block2_norep.webm","true","{""message"":""Success""}","2","","","","","","f2_18","star","filler","yellow","true","","",""
"html-keyboard-response","null","","null","373","2.1.0","579693","pf8w7d4z6j","block1_then_block2","","","inter_trial_interval","","","","","","","","","","","","","","","","","","","","","","","","","","","","","","","",""
"html-keyboard-response","null","<div class=""fixation"">+</div>","null","374","2.1.0","580205","pf8w7d4z6j","block1_then_block2","","","fixation","","","","","","","","","","","","","","","","","","","","","","","","","","","","","","","",""
"html-keyboard-response","865","
      <div class=""chinese-character"" style=""color:#000000;"">草</div>
      <div style=""margin-top:32px; font-size:16px; color:#555; font-family:Arial,sans-serif;"">
        Say the character aloud, then press <strong>Space</strong>.
      </div>
    "," ","375","2.1.0","581072","pf8w7d4z6j","block1_then_block2","","","character_naming","","","","","","","","","草","cao3","character_naming_f2_19_block2_norep","865","true","true","13820","pf8w7d4z6j_character_naming_f2_19_block2_norep.webm","true","{""message"":""Success""}","2","","","","","","f2_19","grass","filler","blue","true","","",""
"html-keyboard-response","null","","null","376","2.1.0","581183","pf8w7d4z6j","block1_then_block2","","","inter_trial_interval","","","","","","","","","","","","","","","","","","","","","","","","","","","","","","","",""
"html-keyboard-response","null","<div class=""fixation"">+</div>","null","377","2.1.0","581687","pf8w7d4z6j","block1_then_block2","","","fixation","","","","","","","","","","","","","","","","","","","","","","","","","","","","","","","",""
"html-keyboard-response","880","
      <div class=""chinese-character"" style=""color:#000000;"">旅</div>
      <div style=""margin-top:32px; font-size:16px; color:#555; font-family:Arial,sans-serif;"">
        Say the character aloud, then press <strong>Space</strong>.
      </div>
    "," ","378","2.1.0","582568","pf8w7d4z6j","block1_then_block2","","","character_naming","","","","","","","","","旅","lv3","character_naming_green_block2_rep2","880","true","true","13820","pf8w7d4z6j_character_naming_green_block2_rep2.webm","true","{""error"":""OSF_FILE_EXISTS"",""message"":""The OSF file already exists. File names must be unique.""}","2","","","","","","green","travel","congruent_S_plus_T_minus","green","false","","",""
"html-keyboard-response","null","","null","379","2.1.0","582678","pf8w7d4z6j","block1_then_block2","","","inter_trial_interval","","","","","","","","","","","","","","","","","","","","","","","","","","","","","","","",""
"html-keyboard-response","null","<div class=""fixation"">+</div>","null","380","2.1.0","583183","pf8w7d4z6j","block1_then_block2","","","fixation","","","","","","","","","","","","","","","","","","","","","","","","","","","","","","","",""
"html-keyboard-response","903","
      <div class=""chinese-character"" style=""color:#000000;"">洪</div>
      <div style=""margin-top:32px; font-size:16px; color:#555; font-family:Arial,sans-serif;"">
        Say the character aloud, then press <strong>Space</strong>.
      </div>
    "," ","381","2.1.0","584088","pf8w7d4z6j","block1_then_block2","","","character_naming","","","","","","","","","洪","hong2","character_naming_red_block2_rep2","903","true","true","14786","pf8w7d4z6j_character_naming_red_block2_rep2.webm","true","{""error"":""OSF_FILE_EXISTS"",""message"":""The OSF file already exists. File names must be unique.""}","2","","","","","","red","flood","congruent_S_T_plus","red","false","","",""
"html-keyboard-response","null","","null","382","2.1.0","584199","pf8w7d4z6j","block1_then_block2","","","inter_trial_interval","","","","","","","","","","","","","","","","","","","","","","","","","","","","","","","",""
"html-keyboard-response","null","<div class=""fixation"">+</div>","null","383","2.1.0","584712","pf8w7d4z6j","block1_then_block2","","","fixation","","","","","","","","","","","","","","","","","","","","","","","","","","","","","","","",""
"html-keyboard-response","968","
      <div class=""chinese-character"" style=""color:#000000;"">宫</div>
      <div style=""margin-top:32px; font-size:16px; color:#555; font-family:Arial,sans-serif;"">
        Say the character aloud, then press <strong>Space</strong>.
      </div>
    "," ","384","2.1.0","585682","pf8w7d4z6j","block1_then_block2","","","character_naming","","","","","","","","","宫","gong1","character_naming_blue_block2_rep2","968","true","true","15752","pf8w7d4z6j_character_naming_blue_block2_rep2.webm","true","{""error"":""OSF_FILE_EXISTS"",""message"":""The OSF file already exists. File names must be unique.""}","2","","","","","","blue","palace","neutral","blue","false","","",""
"html-keyboard-response","null","","null","385","2.1.0","585789","pf8w7d4z6j","block1_then_block2","","","inter_trial_interval","","","","","","","","","","","","","","","","","","","","","","","","","","","","","","","",""
"html-keyboard-response","null","<div class=""fixation"">+</div>","null","386","2.1.0","586303","pf8w7d4z6j","block1_then_block2","","","fixation","","","","","","","","","","","","","","","","","","","","","","","","","","","","","","","",""
"html-keyboard-response","959","
      <div class=""chinese-character"" style=""color:#000000;"">尝</div>
      <div style=""margin-top:32px; font-size:16px; color:#555; font-family:Arial,sans-serif;"">
        Say the character aloud, then press <strong>Space</strong>.
      </div>
    "," ","387","2.1.0","587263","pf8w7d4z6j","block1_then_block2","","","character_naming","","","","","","","","","尝","chang2","character_naming_blue_block2_rep2","959","true","true","15752","pf8w7d4z6j_character_naming_blue_block2_rep2.webm","true","{""error"":""OSF_FILE_EXISTS"",""message"":""The OSF file already exists. File names must be unique.""}","2","","","","","","blue","taste","congruent_S_minus_T_plus","blue","false","","",""
"html-keyboard-response","null","","null","388","2.1.0","587365","pf8w7d4z6j","block1_then_block2","","","inter_trial_interval","","","","","","","","","","","","","","","","","","","","","","","","","","","","","","","",""
"html-keyboard-response","null","<div class=""fixation"">+</div>","null","389","2.1.0","587878","pf8w7d4z6j","block1_then_block2","","","fixation","","","","","","","","","","","","","","","","","","","","","","","","","","","","","","","",""
"html-keyboard-response","864","
      <div class=""chinese-character"" style=""color:#000000;"">蓝</div>
      <div style=""margin-top:32px; font-size:16px; color:#555; font-family:Arial,sans-serif;"">
        Say the character aloud, then press <strong>Space</strong>.
      </div>
    "," ","390","2.1.0","588744","pf8w7d4z6j","block1_then_block2","","","character_naming","","","","","","","","","蓝","lan2","character_naming_blue_block2_rep2","864","true","true","13820","pf8w7d4z6j_character_naming_blue_block2_rep2.webm","true","{""error"":""OSF_FILE_EXISTS"",""message"":""The OSF file already exists. File names must be unique.""}","2","","","","","","blue","blue","incongruent_color_character","red","false","","",""
"html-keyboard-response","null","","null","391","2.1.0","588847","pf8w7d4z6j","block1_then_block2","","","inter_trial_interval","","","","","","","","","","","","","","","","","","","","","","","","","","","","","","","",""
"html-keyboard-response","null","<div class=""fixation"">+</div>","null","392","2.1.0","589361","pf8w7d4z6j","block1_then_block2","","","fixation","","","","","","","","","","","","","","","","","","","","","","","","","","","","","","","",""
"html-keyboard-response","950","
      <div class=""chinese-character"" style=""color:#000000;"">脸</div>
      <div style=""margin-top:32px; font-size:16px; color:#555; font-family:Arial,sans-serif;"">
        Say the character aloud, then press <strong>Space</strong>.
      </div>
    "," ","393","2.1.0","590313","pf8w7d4z6j","block1_then_block2","","","character_naming","","","","","","","","","脸","lian3","character_naming_f2_13_block2_norep","950","true","true","14786","pf8w7d4z6j_character_naming_f2_13_block2_norep.webm","true","{""message"":""Success""}","2","","","","","","f2_13","face","filler","red","true","","",""
"html-keyboard-response","null","","null","394","2.1.0","590422","pf8w7d4z6j","block1_then_block2","","","inter_trial_interval","","","","","","","","","","","","","","","","","","","","","","","","","","","","","","","",""
"html-keyboard-response","null","<div class=""fixation"">+</div>","null","395","2.1.0","590937","pf8w7d4z6j","block1_then_block2","","","fixation","","","","","","","","","","","","","","","","","","","","","","","","","","","","","","","",""
"html-keyboard-response","1101","
      <div class=""chinese-character"" style=""color:#000000;"">雪</div>
      <div style=""margin-top:32px; font-size:16px; color:#555; font-family:Arial,sans-serif;"">
        Say the character aloud, then press <strong>Space</strong>.
      </div>
    "," ","396","2.1.0","592040","pf8w7d4z6j","block1_then_block2","","","character_naming","","","","","","","","","雪","xue3","character_naming_f2_20_block2_norep","1101","true","true","17684","pf8w7d4z6j_character_naming_f2_20_block2_norep.webm","true","{""message"":""Success""}","2","","","","","","f2_20","snow","filler","green","true","","",""
"html-keyboard-response","null","","null","397","2.1.0","592145","pf8w7d4z6j","block1_then_block2","","","inter_trial_interval","","","","","","","","","","","","","","","","","","","","","","","","","","","","","","","",""
"html-keyboard-response","null","<div class=""fixation"">+</div>","null","398","2.1.0","592649","pf8w7d4z6j","block1_then_block2","","","fixation","","","","","","","","","","","","","","","","","","","","","","","","","","","","","","","",""
"html-keyboard-response","990","
      <div class=""chinese-character"" style=""color:#000000;"">缠</div>
      <div style=""margin-top:32px; font-size:16px; color:#555; font-family:Arial,sans-serif;"">
        Say the character aloud, then press <strong>Space</strong>.
      </div>
    "," ","399","2.1.0","593640","pf8w7d4z6j","block1_then_block2","","","character_naming","","","","","","","","","缠","chan2","character_naming_yellow_block2_rep2","990","true","true","15752","pf8w7d4z6j_character_naming_yellow_block2_rep2.webm","true","{""error"":""OSF_FILE_EXISTS"",""message"":""The OSF file already exists. File names must be unique.""}","2","","","","","","yellow","wrap around","congruent_S_minus_T_plus","yellow","false","","",""
"html-keyboard-response","null","","null","400","2.1.0","593755","pf8w7d4z6j","block1_then_block2","","","inter_trial_interval","","","","","","","","","","","","","","","","","","","","","","","","","","","","","","","",""
"html-keyboard-response","null","<div class=""fixation"">+</div>","null","401","2.1.0","594271","pf8w7d4z6j","block1_then_block2","","","fixation","","","","","","","","","","","","","","","","","","","","","","","","","","","","","","","",""
"html-keyboard-response","881","
      <div class=""chinese-character"" style=""color:#000000;"">耳</div>
      <div style=""margin-top:32px; font-size:16px; color:#555; font-family:Arial,sans-serif;"">
        Say the character aloud, then press <strong>Space</strong>.
      </div>
    "," ","402","2.1.0","595153","pf8w7d4z6j","block1_then_block2","","","character_naming","","","","","","","","","耳","er3","character_naming_f2_21_block2_norep","881","true","true","13820","pf8w7d4z6j_character_naming_f2_21_block2_norep.webm","true","{""message"":""Success""}","2","","","","","","f2_21","ear","filler","red","true","","",""
"html-keyboard-response","null","","null","403","2.1.0","595255","pf8w7d4z6j","block1_then_block2","","","inter_trial_interval","","","","","","","","","","","","","","","","","","","","","","","","","","","","","","","",""
"html-keyboard-response","null","<div class=""fixation"">+</div>","null","404","2.1.0","595761","pf8w7d4z6j","block1_then_block2","","","fixation","","","","","","","","","","","","","","","","","","","","","","","","","","","","","","","",""
"html-keyboard-response","757","
      <div class=""chinese-character"" style=""color:#000000;"">田</div>
      <div style=""margin-top:32px; font-size:16px; color:#555; font-family:Arial,sans-serif;"">
        Say the character aloud, then press <strong>Space</strong>.
      </div>
    "," ","405","2.1.0","596519","pf8w7d4z6j","block1_then_block2","","","character_naming","","","","","","","","","田","tian2","character_naming_f2_24_block2_norep","757","true","true","11888","pf8w7d4z6j_character_naming_f2_24_block2_norep.webm","true","{""message"":""Success""}","2","","","","","","f2_24","field","filler","green","true","","",""
"html-keyboard-response","null","","null","406","2.1.0","596626","pf8w7d4z6j","block1_then_block2","","","inter_trial_interval","","","","","","","","","","","","","","","","","","","","","","","","","","","","","","","",""
"html-keyboard-response","null","<div class=""fixation"">+</div>","null","407","2.1.0","597138","pf8w7d4z6j","block1_then_block2","","","fixation","","","","","","","","","","","","","","","","","","","","","","","","","","","","","","","",""
"html-keyboard-response","846","
      <div class=""chinese-character"" style=""color:#000000;"">钟</div>
      <div style=""margin-top:32px; font-size:16px; color:#555; font-family:Arial,sans-serif;"">
        Say the character aloud, then press <strong>Space</strong>.
      </div>
    "," ","408","2.1.0","597985","pf8w7d4z6j","block1_then_block2","","","character_naming","","","","","","","","","钟","zhong1","character_naming_f2_10_block2_norep","846","true","true","13820","pf8w7d4z6j_character_naming_f2_10_block2_norep.webm","true","{""message"":""Success""}","2","","","","","","f2_10","clock","filler","yellow","true","","",""
"html-keyboard-response","null","","null","409","2.1.0","598092","pf8w7d4z6j","block1_then_block2","","","inter_trial_interval","","","","","","","","","","","","","","","","","","","","","","","","","","","","","","","",""
"html-keyboard-response","null","<div class=""fixation"">+</div>","null","410","2.1.0","598593","pf8w7d4z6j","block1_then_block2","","","fixation","","","","","","","","","","","","","","","","","","","","","","","","","","","","","","","",""
"html-keyboard-response","958","
      <div class=""chinese-character"" style=""color:#000000;"">房</div>
      <div style=""margin-top:32px; font-size:16px; color:#555; font-family:Arial,sans-serif;"">
        Say the character aloud, then press <strong>Space</strong>.
      </div>
    "," ","411","2.1.0","599552","pf8w7d4z6j","block1_then_block2","","","character_naming","","","","","","","","","房","fang2","character_naming_f2_8_block2_norep","958","true","true","15752","pf8w7d4z6j_character_naming_f2_8_block2_norep.webm","true","{""message"":""Success""}","2","","","","","","f2_8","room","filler","green","true","","",""
"html-keyboard-response","null","","null","412","2.1.0","599666","pf8w7d4z6j","block1_then_block2","","","inter_trial_interval","","","","","","","","","","","","","","","","","","","","","","","","","","","","","","","",""
"html-keyboard-response","null","<div class=""fixation"">+</div>","null","413","2.1.0","600181","pf8w7d4z6j","block1_then_block2","","","fixation","","","","","","","","","","","","","","","","","","","","","","","","","","","","","","","",""
"html-keyboard-response","834","
      <div class=""chinese-character"" style=""color:#000000;"">海</div>
      <div style=""margin-top:32px; font-size:16px; color:#555; font-family:Arial,sans-serif;"">
        Say the character aloud, then press <strong>Space</strong>.
      </div>
    "," ","414","2.1.0","601017","pf8w7d4z6j","block1_then_block2","","","character_naming","","","","","","","","","海","hai3","character_naming_f2_12_block2_norep","834","true","true","12854","pf8w7d4z6j_character_naming_f2_12_block2_norep.webm","true","{""message"":""Success""}","2","","","","","","f2_12","sea","filler","green","true","","",""
"html-keyboard-response","null","","null","415","2.1.0","601129","pf8w7d4z6j","block1_then_block2","","","inter_trial_interval","","","","","","","","","","","","","","","","","","","","","","","","","","","","","","","",""
"html-keyboard-response","null","<div class=""fixation"">+</div>","null","416","2.1.0","601636","pf8w7d4z6j","block1_then_block2","","","fixation","","","","","","","","","","","","","","","","","","","","","","","","","","","","","","","",""
"html-keyboard-response","1188","
      <div class=""chinese-character"" style=""color:#000000;"">狗</div>
      <div style=""margin-top:32px; font-size:16px; color:#555; font-family:Arial,sans-serif;"">
        Say the character aloud, then press <strong>Space</strong>.
      </div>
    "," ","417","2.1.0","602826","pf8w7d4z6j","block1_then_block2","","","character_naming","","","","","","","","","狗","gou3","character_naming_f2_2_block2_norep","1188","true","true","18650","pf8w7d4z6j_character_naming_f2_2_block2_norep.webm","true","{""message"":""Success""}","2","","","","","","f2_2","dog","filler","yellow","true","","",""
"html-keyboard-response","null","","null","418","2.1.0","602929","pf8w7d4z6j","block1_then_block2","","","inter_trial_interval","","","","","","","","","","","","","","","","","","","","","","","","","","","","","","","",""
"html-keyboard-response","null","<div class=""fixation"">+</div>","null","419","2.1.0","603445","pf8w7d4z6j","block1_then_block2","","","fixation","","","","","","","","","","","","","","","","","","","","","","","","","","","","","","","",""
"html-keyboard-response","714","
      <div class=""chinese-character"" style=""color:#000000;"">瓶</div>
      <div style=""margin-top:32px; font-size:16px; color:#555; font-family:Arial,sans-serif;"">
        Say the character aloud, then press <strong>Space</strong>.
      </div>
    "," ","420","2.1.0","604160","pf8w7d4z6j","block1_then_block2","","","character_naming","","","","","","","","","瓶","ping2","character_naming_red_block2_rep2","714","true","true","11888","pf8w7d4z6j_character_naming_red_block2_rep2.webm","true","{""error"":""OSF_FILE_EXISTS"",""message"":""The OSF file already exists. File names must be unique.""}","2","","","","","","red","bottle","congruent_S_minus_T_plus","red","false","","",""
"html-keyboard-response","null","","null","421","2.1.0","604274","pf8w7d4z6j","block1_then_block2","","","inter_trial_interval","","","","","","","","","","","","","","","","","","","","","","","","","","","","","","","",""
"html-keyboard-response","null","<div class=""fixation"">+</div>","null","422","2.1.0","604788","pf8w7d4z6j","block1_then_block2","","","fixation","","","","","","","","","","","","","","","","","","","","","","","","","","","","","","","",""
"html-keyboard-response","708","
      <div class=""chinese-character"" style=""color:#000000;"">黄</div>
      <div style=""margin-top:32px; font-size:16px; color:#555; font-family:Arial,sans-serif;"">
        Say the character aloud, then press <strong>Space</strong>.
      </div>
    "," ","423","2.1.0","605497","pf8w7d4z6j","block1_then_block2","","","character_naming","","","","","","","","","黄","huang2","character_naming_yellow_block2_rep2","708","true","true","10922","pf8w7d4z6j_character_naming_yellow_block2_rep2.webm","true","{""error"":""OSF_FILE_EXISTS"",""message"":""The OSF file already exists. File names must be unique.""}","2","","","","","","yellow","yellow","incongruent_color_character","green","false","","",""
"html-keyboard-response","null","","null","424","2.1.0","605613","pf8w7d4z6j","block1_then_block2","","","inter_trial_interval","","","","","","","","","","","","","","","","","","","","","","","","","","","","","","","",""
"html-keyboard-response","null","<div class=""fixation"">+</div>","null","425","2.1.0","606124","pf8w7d4z6j","block1_then_block2","","","fixation","","","","","","","","","","","","","","","","","","","","","","","","","","","","","","","",""
"html-keyboard-response","651","
      <div class=""chinese-character"" style=""color:#000000;"">衣</div>
      <div style=""margin-top:32px; font-size:16px; color:#555; font-family:Arial,sans-serif;"">
        Say the character aloud, then press <strong>Space</strong>.
      </div>
    "," ","426","2.1.0","606777","pf8w7d4z6j","block1_then_block2","","","character_naming","","","","","","","","","衣","yi1","character_naming_f2_17_block2_norep","651","true","true","9956","pf8w7d4z6j_character_naming_f2_17_block2_norep.webm","true","{""message"":""Success""}","2","","","","","","f2_17","clothing","filler","red","true","","",""
"html-keyboard-response","null","","null","427","2.1.0","606881","pf8w7d4z6j","block1_then_block2","","","inter_trial_interval","","","","","","","","","","","","","","","","","","","","","","","","","","","","","","","",""
"html-keyboard-response","null","<div class=""fixation"">+</div>","null","428","2.1.0","607389","pf8w7d4z6j","block1_then_block2","","","fixation","","","","","","","","","","","","","","","","","","","","","","","","","","","","","","","",""
"html-keyboard-response","626","
      <div class=""chinese-character"" style=""color:#000000;"">球</div>
      <div style=""margin-top:32px; font-size:16px; color:#555; font-family:Arial,sans-serif;"">
        Say the character aloud, then press <strong>Space</strong>.
      </div>
    "," ","429","2.1.0","608017","pf8w7d4z6j","block1_then_block2","","","character_naming","","","","","","","","","球","qiu2","character_naming_f2_9_block2_norep","626","true","true","9956","pf8w7d4z6j_character_naming_f2_9_block2_norep.webm","true","{""message"":""Success""}","2","","","","","","f2_9","ball","filler","red","true","","",""
"html-keyboard-response","null","","null","430","2.1.0","608122","pf8w7d4z6j","block1_then_block2","","","inter_trial_interval","","","","","","","","","","","","","","","","","","","","","","","","","","","","","","","",""
"html-keyboard-response","null","<div class=""fixation"">+</div>","null","431","2.1.0","608636","pf8w7d4z6j","block1_then_block2","","","fixation","","","","","","","","","","","","","","","","","","","","","","","","","","","","","","","",""
"html-keyboard-response","691","
      <div class=""chinese-character"" style=""color:#000000;"">椅</div>
      <div style=""margin-top:32px; font-size:16px; color:#555; font-family:Arial,sans-serif;"">
        Say the character aloud, then press <strong>Space</strong>.
      </div>
    "," ","432","2.1.0","609328","pf8w7d4z6j","block1_then_block2","","","character_naming","","","","","","","","","椅","yi3","character_naming_f2_7_block2_norep","691","true","true","10922","pf8w7d4z6j_character_naming_f2_7_block2_norep.webm","true","{""message"":""Success""}","2","","","","","","f2_7","chair","filler","blue","true","","",""
"html-keyboard-response","null","","null","433","2.1.0","609434","pf8w7d4z6j","block1_then_block2","","","inter_trial_interval","","","","","","","","","","","","","","","","","","","","","","","","","","","","","","","",""
"html-keyboard-response","null","<div class=""fixation"">+</div>","null","434","2.1.0","609939","pf8w7d4z6j","block1_then_block2","","","fixation","","","","","","","","","","","","","","","","","","","","","","","","","","","","","","","",""
"html-keyboard-response","740","
      <div class=""chinese-character"" style=""color:#000000;"">猫</div>
      <div style=""margin-top:32px; font-size:16px; color:#555; font-family:Arial,sans-serif;"">
        Say the character aloud, then press <strong>Space</strong>.
      </div>
    "," ","435","2.1.0","610681","pf8w7d4z6j","block1_then_block2","","","character_naming","","","","","","","","","猫","mao1","character_naming_f2_1_block2_norep","740","true","true","11888","pf8w7d4z6j_character_naming_f2_1_block2_norep.webm","true","{""message"":""Success""}","2","","","","","","f2_1","cat","filler","red","true","","",""
"html-keyboard-response","null","","null","436","2.1.0","610785","pf8w7d4z6j","block1_then_block2","","","inter_trial_interval","","","","","","","","","","","","","","","","","","","","","","","","","","","","","","","",""
"html-keyboard-response","null","<div class=""fixation"">+</div>","null","437","2.1.0","611295","pf8w7d4z6j","block1_then_block2","","","fixation","","","","","","","","","","","","","","","","","","","","","","","","","","","","","","","",""
"html-keyboard-response","824","
      <div class=""chinese-character"" style=""color:#000000;"">皇</div>
      <div style=""margin-top:32px; font-size:16px; color:#555; font-family:Arial,sans-serif;"">
        Say the character aloud, then press <strong>Space</strong>.
      </div>
    "," ","438","2.1.0","612119","pf8w7d4z6j","block1_then_block2","","","character_naming","","","","","","","","","皇","huang2","character_naming_yellow_block2_rep2","824","true","true","12854","pf8w7d4z6j_character_naming_yellow_block2_rep2.webm","true","{""error"":""OSF_FILE_EXISTS"",""message"":""The OSF file already exists. File names must be unique.""}","2","","","","","","yellow","emperor","congruent_S_T_plus","yellow","false","","",""
"html-keyboard-response","null","","null","439","2.1.0","612236","pf8w7d4z6j","block1_then_block2","","","inter_trial_interval","","","","","","","","","","","","","","","","","","","","","","","","","","","","","","","",""
"html-keyboard-response","null","<div class=""fixation"">+</div>","null","440","2.1.0","612743","pf8w7d4z6j","block1_then_block2","","","fixation","","","","","","","","","","","","","","","","","","","","","","","","","","","","","","","",""
"html-keyboard-response","817","
      <div class=""chinese-character"" style=""color:#000000;"">绿</div>
      <div style=""margin-top:32px; font-size:16px; color:#555; font-family:Arial,sans-serif;"">
        Say the character aloud, then press <strong>Space</strong>.
      </div>
    "," ","441","2.1.0","613561","pf8w7d4z6j","block1_then_block2","","","character_naming","","","","","","","","","绿","lv4","character_naming_green_block2_rep2","817","true","true","12854","pf8w7d4z6j_character_naming_green_block2_rep2.webm","true","{""error"":""OSF_FILE_EXISTS"",""message"":""The OSF file already exists. File names must be unique.""}","2","","","","","","green","green","incongruent_color_character","yellow","false","","",""
"html-keyboard-response","null","","null","442","2.1.0","613674","pf8w7d4z6j","block1_then_block2","","","inter_trial_interval","","","","","","","","","","","","","","","","","","","","","","","","","","","","","","","",""
"html-keyboard-response","null","<div class=""fixation"">+</div>","null","443","2.1.0","614187","pf8w7d4z6j","block1_then_block2","","","fixation","","","","","","","","","","","","","","","","","","","","","","","","","","","","","","","",""
"html-keyboard-response","941","
      <div class=""chinese-character"" style=""color:#000000;"">婪</div>
      <div style=""margin-top:32px; font-size:16px; color:#555; font-family:Arial,sans-serif;"">
        Say the character aloud, then press <strong>Space</strong>.
      </div>
    "," ","444","2.1.0","615131","pf8w7d4z6j","block1_then_block2","","","character_naming","","","","","","","","","婪","lan2","character_naming_blue_block2_rep2","941","true","true","14786","pf8w7d4z6j_character_naming_blue_block2_rep2.webm","true","{}","2","","","","","","blue","greedy","congruent_S_T_plus","blue","false","","",""
"html-keyboard-response","null","","null","445","2.1.0","615247","pf8w7d4z6j","block1_then_block2","","","inter_trial_interval","","","","","","","","","","","","","","","","","","","","","","","","","","","","","","","",""
"html-keyboard-response","null","<div class=""fixation"">+</div>","null","446","2.1.0","615749","pf8w7d4z6j","block1_then_block2","","","fixation","","","","","","","","","","","","","","","","","","","","","","","","","","","","","","","",""
"html-keyboard-response","857","
      <div class=""chinese-character"" style=""color:#000000;"">河</div>
      <div style=""margin-top:32px; font-size:16px; color:#555; font-family:Arial,sans-serif;"">
        Say the character aloud, then press <strong>Space</strong>.
      </div>
    "," ","447","2.1.0","616609","pf8w7d4z6j","block1_then_block2","","","character_naming","","","","","","","","","河","he2","character_naming_f2_11_block2_norep","857","true","true","13820","pf8w7d4z6j_character_naming_f2_11_block2_norep.webm","true","{""message"":""Success""}","2","","","","","","f2_11","river","filler","blue","true","","",""
"html-keyboard-response","null","","null","448","2.1.0","616715","pf8w7d4z6j","block1_then_block2","","","inter_trial_interval","","","","","","","","","","","","","","","","","","","","","","","","","","","","","","","",""
"html-keyboard-response","null","<div class=""fixation"">+</div>","null","449","2.1.0","617227","pf8w7d4z6j","block1_then_block2","","","fixation","","","","","","","","","","","","","","","","","","","","","","","","","","","","","","","",""
"html-keyboard-response","1004","
      <div class=""chinese-character"" style=""color:#000000;"">轰</div>
      <div style=""margin-top:32px; font-size:16px; color:#555; font-family:Arial,sans-serif;"">
        Say the character aloud, then press <strong>Space</strong>.
      </div>
    "," ","450","2.1.0","618232","pf8w7d4z6j","block1_then_block2","","","character_naming","","","","","","","","","轰","hong1","character_naming_red_block2_rep2","1004","true","true","15752","pf8w7d4z6j_character_naming_red_block2_rep2.webm","true","{""error"":""OSF_FILE_EXISTS"",""message"":""The OSF file already exists. File names must be unique.""}","2","","","","","","red","boom","congruent_S_plus_T_minus","red","false","","",""
"html-keyboard-response","null","","null","451","2.1.0","618337","pf8w7d4z6j","block1_then_block2","","","inter_trial_interval","","","","","","","","","","","","","","","","","","","","","","","","","","","","","","","",""
"html-keyboard-response","null","<div class=""fixation"">+</div>","null","452","2.1.0","618853","pf8w7d4z6j","block1_then_block2","","","fixation","","","","","","","","","","","","","","","","","","","","","","","","","","","","","","","",""
"html-keyboard-response","936","
      <div class=""chinese-character"" style=""color:#000000;"">虑</div>
      <div style=""margin-top:32px; font-size:16px; color:#555; font-family:Arial,sans-serif;"">
        Say the character aloud, then press <strong>Space</strong>.
      </div>
    "," ","453","2.1.0","619791","pf8w7d4z6j","block1_then_block2","","","character_naming","","","","","","","","","虑","lv4","character_naming_green_block2_rep2","936","true","true","14786","pf8w7d4z6j_character_naming_green_block2_rep2.webm","true","{""error"":""OSF_FILE_EXISTS"",""message"":""The OSF file already exists. File names must be unique.""}","2","","","","","","green","ponder","congruent_S_T_plus","green","false","","",""
"html-keyboard-response","null","","null","454","2.1.0","619897","pf8w7d4z6j","block1_then_block2","","","inter_trial_interval","","","","","","","","","","","","","","","","","","","","","","","","","","","","","","","",""
"html-keyboard-response","null","<div class=""fixation"">+</div>","null","455","2.1.0","620412","pf8w7d4z6j","block1_then_block2","","","fixation","","","","","","","","","","","","","","","","","","","","","","","","","","","","","","","",""
"html-keyboard-response","875","
      <div class=""chinese-character"" style=""color:#000000;"">红</div>
      <div style=""margin-top:32px; font-size:16px; color:#555; font-family:Arial,sans-serif;"">
        Say the character aloud, then press <strong>Space</strong>.
      </div>
    "," ","456","2.1.0","621288","pf8w7d4z6j","block1_then_block2","","","character_naming","","","","","","","","","红","hong2","character_naming_red_block2_rep2","875","true","true","13820","pf8w7d4z6j_character_naming_red_block2_rep2.webm","true","{""error"":""OSF_FILE_EXISTS"",""message"":""The OSF file already exists. File names must be unique.""}","2","","","","","","red","red","incongruent_color_character","blue","false","","",""
"html-keyboard-response","null","","null","457","2.1.0","621392","pf8w7d4z6j","block1_then_block2","","","inter_trial_interval","","","","","","","","","","","","","","","","","","","","","","","","","","","","","","","",""
"html-keyboard-response","null","<div class=""fixation"">+</div>","null","458","2.1.0","621895","pf8w7d4z6j","block1_then_block2","","","fixation","","","","","","","","","","","","","","","","","","","","","","","","","","","","","","","",""
"html-keyboard-response","856","
      <div class=""chinese-character"" style=""color:#000000;"">绿</div>
      <div style=""margin-top:32px; font-size:16px; color:#555; font-family:Arial,sans-serif;"">
        Say the character aloud, then press <strong>Space</strong>.
      </div>
    "," ","459","2.1.0","622753","pf8w7d4z6j","block1_then_block2","","","character_naming","","","","","","","","","绿","lv4","character_naming_green_block2_rep2","856","true","true","13820","pf8w7d4z6j_character_naming_green_block2_rep2.webm","true","{""error"":""OSF_FILE_EXISTS"",""message"":""The OSF file already exists. File names must be unique.""}","2","","","","","","green","green","congruent_color_character","green","false","","",""
"html-keyboard-response","null","","null","460","2.1.0","622863","pf8w7d4z6j","block1_then_block2","","","inter_trial_interval","","","","","","","","","","","","","","","","","","","","","","","","","","","","","","","",""
"html-keyboard-response","null","<div class=""fixation"">+</div>","null","461","2.1.0","623380","pf8w7d4z6j","block1_then_block2","","","fixation","","","","","","","","","","","","","","","","","","","","","","","","","","","","","","","",""
"html-keyboard-response","908","
      <div class=""chinese-character"" style=""color:#000000;"">黄</div>
      <div style=""margin-top:32px; font-size:16px; color:#555; font-family:Arial,sans-serif;"">
        Say the character aloud, then press <strong>Space</strong>.
      </div>
    "," ","462","2.1.0","624289","pf8w7d4z6j","block1_then_block2","","","character_naming","","","","","","","","","黄","huang2","character_naming_yellow_block2_rep2","908","true","true","14786","pf8w7d4z6j_character_naming_yellow_block2_rep2.webm","true","{""error"":""OSF_FILE_EXISTS"",""message"":""The OSF file already exists. File names must be unique.""}","2","","","","","","yellow","yellow","congruent_color_character","yellow","false","","",""
"html-keyboard-response","null","","null","463","2.1.0","624395","pf8w7d4z6j","block1_then_block2","","","inter_trial_interval","","","","","","","","","","","","","","","","","","","","","","","","","","","","","","","",""
"html-keyboard-response","null","<div class=""fixation"">+</div>","null","464","2.1.0","624910","pf8w7d4z6j","block1_then_block2","","","fixation","","","","","","","","","","","","","","","","","","","","","","","","","","","","","","","",""
"html-keyboard-response","929","
      <div class=""chinese-character"" style=""color:#000000;"">桌</div>
      <div style=""margin-top:32px; font-size:16px; color:#555; font-family:Arial,sans-serif;"">
        Say the character aloud, then press <strong>Space</strong>.
      </div>
    "," ","465","2.1.0","625840","pf8w7d4z6j","block1_then_block2","","","character_naming","","","","","","","","","桌","zhuo1","character_naming_f2_6_block2_norep","929","true","true","14786","pf8w7d4z6j_character_naming_f2_6_block2_norep.webm","true","{""message"":""Success""}","2","","","","","","f2_6","table","filler","yellow","true","","",""
"html-keyboard-response","null","","null","466","2.1.0","625957","pf8w7d4z6j","block1_then_block2","","","inter_trial_interval","","","","","","","","","","","","","","","","","","","","","","","","","","","","","","","",""
"html-keyboard-response","null","<div class=""fixation"">+</div>","null","467","2.1.0","626472","pf8w7d4z6j","block1_then_block2","","","fixation","","","","","","","","","","","","","","","","","","","","","","","","","","","","","","","",""
"html-keyboard-response","959","
      <div class=""chinese-character"" style=""color:#000000;"">蓝</div>
      <div style=""margin-top:32px; font-size:16px; color:#555; font-family:Arial,sans-serif;"">
        Say the character aloud, then press <strong>Space</strong>.
      </div>
    "," ","468","2.1.0","627433","pf8w7d4z6j","block1_then_block2","","","character_naming","","","","","","","","","蓝","lan2","character_naming_blue_block2_rep2","959","true","true","15752","pf8w7d4z6j_character_naming_blue_block2_rep2.webm","true","{""error"":""OSF_FILE_EXISTS"",""message"":""The OSF file already exists. File names must be unique.""}","2","","","","","","blue","blue","congruent_color_character","blue","false","","",""
"html-keyboard-response","null","","null","469","2.1.0","627536","pf8w7d4z6j","block1_then_block2","","","inter_trial_interval","","","","","","","","","","","","","","","","","","","","","","","","","","","","","","","",""
"html-keyboard-response","4727","
      <div class=""instructions"">
        <h2>English Color-Naming — Block 2</h2>
        <p>You will see Chinese characters printed in color.</p>
        <p>Your task is to identify the <strong>ink color in English</strong>.</p>
        <p>Ignore the character itself.</p>
        <p><strong>R</strong> = red, <strong>Y</strong> = yellow, <strong>B</strong> = blue, <strong>G</strong> = green.</p>
        <p>Press <strong>Space</strong> to begin.</p>
      </div>
    "," ","470","2.1.0","632265","pf8w7d4z6j","block1_then_block2","","","","","","","","","","","","","","","","","","","","","","","","","","","","","","","","","","",""
"html-keyboard-response","2335","
      <div class=""instructions"">
        <h2>Keyboard Check</h2>
        <p>Before we continue, please press the <strong>G</strong> key
        (for <strong>green</strong>) on your keyboard.</p>
        <p style=""color:#888;font-size:0.9em;"">
          If your keyboard is set to a Chinese input method (IME),
          please switch to English / Roman input now, otherwise the experiment cannot record your responses.
        </p>
      </div>
    ","g","471","2.1.0","634601","pf8w7d4z6j","block1_then_block2","","","keyboard_check","","","","","","","","","","","","","","","","","","","2","g","","","","","","","","","","","",""
"html-keyboard-response","null","<div class=""fixation"">+</div>","null","472","2.1.0","635113","pf8w7d4z6j","block1_then_block2","","","fixation","","","","","","","","","","","","","","","","","","","","","","","","","","","","","","","",""
"html-keyboard-response","null","<div class=""chinese-character"" style=""color:#d62728;"">球</div>","null","473","2.1.0","638126","pf8w7d4z6j","block1_then_block2","","","color_naming","","","","","","","","","球","qiu2","","","","","","","","","2","","red","r","null","false","f2_9","ball","","","true","filler","false","null"
"html-keyboard-response","null","","null","474","2.1.0","639129","pf8w7d4z6j","block1_then_block2","","","inter_trial_interval","","","","","","","","","","","","","","","","","","","","","","","","","","","","","","","",""
"html-keyboard-response","null","<div class=""fixation"">+</div>","null","475","2.1.0","639644","pf8w7d4z6j","block1_then_block2","","","fixation","","","","","","","","","","","","","","","","","","","","","","","","","","","","","","","",""
"html-keyboard-response","null","<div class=""chinese-character"" style=""color:#1f77b4;"">尝</div>","null","476","2.1.0","642657","pf8w7d4z6j","block1_then_block2","","","color_naming","","","","","","","","","尝","chang2","","","","","","","","","2","","blue","b","null","false","blue","taste","","","false","congruent_S_minus_T_plus","true","2"
"html-keyboard-response","null","","null","477","2.1.0","643668","pf8w7d4z6j","block1_then_block2","","","inter_trial_interval","","","","","","","","","","","","","","","","","","","","","","","","","","","","","","","",""
"html-keyboard-response","null","<div class=""fixation"">+</div>","null","478","2.1.0","644172","pf8w7d4z6j","block1_then_block2","","","fixation","","","","","","","","","","","","","","","","","","","","","","","","","","","","","","","",""
"html-keyboard-response","null","<div class=""chinese-character"" style=""color:#2ca02c;"">涂</div>","null","479","2.1.0","647189","pf8w7d4z6j","block1_then_block2","","","color_naming","","","","","","","","","涂","tu2","","","","","","","","","2","","green","g","null","false","green","paint","","","false","neutral","true","2"
"html-keyboard-response","null","","null","480","2.1.0","648192","pf8w7d4z6j","block1_then_block2","","","inter_trial_interval","","","","","","","","","","","","","","","","","","","","","","","","","","","","","","","",""
"html-keyboard-response","null","<div class=""fixation"">+</div>","null","481","2.1.0","648703","pf8w7d4z6j","block1_then_block2","","","fixation","","","","","","","","","","","","","","","","","","","","","","","","","","","","","","","",""
"html-keyboard-response","null","<div class=""chinese-character"" style=""color:#1f77b4;"">心</div>","null","482","2.1.0","651711","pf8w7d4z6j","block1_then_block2","","","color_naming","","","","","","","","","心","xin1","","","","","","","","","2","","blue","b","null","false","f2_23","heart","","","true","filler","false","null"
"html-keyboard-response","null","","null","483","2.1.0","652727","pf8w7d4z6j","block1_then_block2","","","inter_trial_interval","","","","","","","","","","","","","","","","","","","","","","","","","","","","","","","",""
"html-keyboard-response","null","<div class=""fixation"">+</div>","null","484","2.1.0","653239","pf8w7d4z6j","block1_then_block2","","","fixation","","","","","","","","","","","","","","","","","","","","","","","","","","","","","","","",""
"html-keyboard-response","null","<div class=""chinese-character"" style=""color:#2ca02c;"">田</div>","null","485","2.1.0","656251","pf8w7d4z6j","block1_then_block2","","","color_naming","","","","","","","","","田","tian2","","","","","","","","","2","","green","g","null","false","f2_24","field","","","true","filler","false","null"
"html-keyboard-response","null","","null","486","2.1.0","657259","pf8w7d4z6j","block1_then_block2","","","inter_trial_interval","","","","","","","","","","","","","","","","","","","","","","","","","","","","","","","",""
"html-keyboard-response","null","<div class=""fixation"">+</div>","null","487","2.1.0","657771","pf8w7d4z6j","block1_then_block2","","","fixation","","","","","","","","","","","","","","","","","","","","","","","","","","","","","","","",""
"html-keyboard-response","null","<div class=""chinese-character"" style=""color:#d6b300;"">缠</div>","null","488","2.1.0","660784","pf8w7d4z6j","block1_then_block2","","","color_naming","","","","","","","","","缠","chan2","","","","","","","","","2","","yellow","y","null","false","yellow","wrap around","","","false","congruent_S_minus_T_plus","true","2"
"html-keyboard-response","null","","null","489","2.1.0","661801","pf8w7d4z6j","block1_then_block2","","","inter_trial_interval","","","","","","","","","","","","","","","","","","","","","","","","","","","","","","","",""
"html-keyboard-response","null","<div class=""fixation"">+</div>","null","490","2.1.0","662314","pf8w7d4z6j","block1_then_block2","","","fixation","","","","","","","","","","","","","","","","","","","","","","","","","","","","","","","",""
"html-keyboard-response","null","<div class=""chinese-character"" style=""color:#2ca02c;"">影</div>","null","491","2.1.0","665325","pf8w7d4z6j","block1_then_block2","","","color_naming","","","","","","","","","影","ying3","","","","","","","","","2","","green","g","null","false","f2_16","shadow/movie","","","true","filler","false","null"
"html-keyboard-response","null","","null","492","2.1.0","666338","pf8w7d4z6j","block1_then_block2","","","inter_trial_interval","","","","","","","","","","","","","","","","","","","","","","","","","","","","","","","",""
"html-keyboard-response","null","<div class=""fixation"">+</div>","null","493","2.1.0","666852","pf8w7d4z6j","block1_then_block2","","","fixation","","","","","","","","","","","","","","","","","","","","","","","","","","","","","","","",""
"html-keyboard-response","null","<div class=""chinese-character"" style=""color:#d62728;"">瓶</div>","null","494","2.1.0","669862","pf8w7d4z6j","block1_then_block2","","","color_naming","","","","","","","","","瓶","ping2","","","","","","","","","2","","red","r","null","false","red","bottle","","","false","congruent_S_minus_T_plus","true","2"
"html-keyboard-response","null","","null","495","2.1.0","670877","pf8w7d4z6j","block1_then_block2","","","inter_trial_interval","","","","","","","","","","","","","","","","","","","","","","","","","","","","","","","",""
"html-keyboard-response","null","<div class=""fixation"">+</div>","null","496","2.1.0","671378","pf8w7d4z6j","block1_then_block2","","","fixation","","","","","","","","","","","","","","","","","","","","","","","","","","","","","","","",""
"html-keyboard-response","null","<div class=""chinese-character"" style=""color:#d6b300;"">黄</div>","null","497","2.1.0","674388","pf8w7d4z6j","block1_then_block2","","","color_naming","","","","","","","","","黄","huang2","","","","","","","","","2","","yellow","y","null","false","yellow","yellow","","","false","congruent_color_character","true","2"
"html-keyboard-response","null","","null","498","2.1.0","675391","pf8w7d4z6j","block1_then_block2","","","inter_trial_interval","","","","","","","","","","","","","","","","","","","","","","","","","","","","","","","",""
"html-keyboard-response","null","<div class=""fixation"">+</div>","null","499","2.1.0","675908","pf8w7d4z6j","block1_then_block2","","","fixation","","","","","","","","","","","","","","","","","","","","","","","","","","","","","","","",""
"html-keyboard-response","null","<div class=""chinese-character"" style=""color:#d62728;"">洪</div>","null","500","2.1.0","678912","pf8w7d4z6j","block1_then_block2","","","color_naming","","","","","","","","","洪","hong2","","","","","","","","","2","","red","r","null","false","red","flood","","","false","congruent_S_T_plus","true","2"
"html-keyboard-response","null","","null","501","2.1.0","679918","pf8w7d4z6j","block1_then_block2","","","inter_trial_interval","","","","","","","","","","","","","","","","","","","","","","","","","","","","","","","",""
"html-keyboard-response","null","<div class=""fixation"">+</div>","null","502","2.1.0","680420","pf8w7d4z6j","block1_then_block2","","","fixation","","","","","","","","","","","","","","","","","","","","","","","","","","","","","","","",""
"html-keyboard-response","null","<div class=""chinese-character"" style=""color:#2ca02c;"">房</div>","null","503","2.1.0","683423","pf8w7d4z6j","block1_then_block2","","","color_naming","","","","","","","","","房","fang2","","","","","","","","","2","","green","g","null","false","f2_8","room","","","true","filler","false","null"
"html-keyboard-response","null","","null","504","2.1.0","684425","pf8w7d4z6j","block1_then_block2","","","inter_trial_interval","","","","","","","","","","","","","","","","","","","","","","","","","","","","","","","",""
"html-keyboard-response","null","<div class=""fixation"">+</div>","null","505","2.1.0","684941","pf8w7d4z6j","block1_then_block2","","","fixation","","","","","","","","","","","","","","","","","","","","","","","","","","","","","","","",""
"html-keyboard-response","null","<div class=""chinese-character"" style=""color:#1f77b4;"">椅</div>","null","506","2.1.0","687948","pf8w7d4z6j","block1_then_block2","","","color_naming","","","","","","","","","椅","yi3","","","","","","","","","2","","blue","b","null","false","f2_7","chair","","","true","filler","false","null"
"html-keyboard-response","null","","null","507","2.1.0","688965","pf8w7d4z6j","block1_then_block2","","","inter_trial_interval","","","","","","","","","","","","","","","","","","","","","","","","","","","","","","","",""
"html-keyboard-response","null","<div class=""fixation"">+</div>","null","508","2.1.0","689474","pf8w7d4z6j","block1_then_block2","","","fixation","","","","","","","","","","","","","","","","","","","","","","","","","","","","","","","",""
"html-keyboard-response","null","<div class=""chinese-character"" style=""color:#d62728;"">蓝</div>","null","509","2.1.0","692478","pf8w7d4z6j","block1_then_block2","","","color_naming","","","","","","","","","蓝","lan2","","","","","","","","","2","","red","r","null","false","blue","blue","","","false","incongruent_color_character","true","2"
"html-keyboard-response","null","","null","510","2.1.0","693494","pf8w7d4z6j","block1_then_block2","","","inter_trial_interval","","","","","","","","","","","","","","","","","","","","","","","","","","","","","","","",""
"html-keyboard-response","null","<div class=""fixation"">+</div>","null","511","2.1.0","694007","pf8w7d4z6j","block1_then_block2","","","fixation","","","","","","","","","","","","","","","","","","","","","","","","","","","","","","","",""
"html-keyboard-response","null","<div class=""chinese-character"" style=""color:#d6b300;"">绿</div>","null","512","2.1.0","697019","pf8w7d4z6j","block1_then_block2","","","color_naming","","","","","","","","","绿","lv4","","","","","","","","","2","","yellow","y","null","false","green","green","","","false","incongruent_color_character","true","2"
"html-keyboard-response","null","","null","513","2.1.0","698024","pf8w7d4z6j","block1_then_block2","","","inter_trial_interval","","","","","","","","","","","","","","","","","","","","","","","","","","","","","","","",""
"html-keyboard-response","null","<div class=""fixation"">+</div>","null","514","2.1.0","698537","pf8w7d4z6j","block1_then_block2","","","fixation","","","","","","","","","","","","","","","","","","","","","","","","","","","","","","","",""
"html-keyboard-response","null","<div class=""chinese-character"" style=""color:#d62728;"">笔</div>","null","515","2.1.0","701552","pf8w7d4z6j","block1_then_block2","","","color_naming","","","","","","","","","笔","bi3","","","","","","","","","2","","red","r","null","false","f2_5","pen","","","true","filler","false","null"
"html-keyboard-response","null","","null","516","2.1.0","702557","pf8w7d4z6j","block1_then_block2","","","inter_trial_interval","","","","","","","","","","","","","","","","","","","","","","","","","","","","","","","",""
"html-keyboard-response","null","<div class=""fixation"">+</div>","null","517","2.1.0","703062","pf8w7d4z6j","block1_then_block2","","","fixation","","","","","","","","","","","","","","","","","","","","","","","","","","","","","","","",""
"html-keyboard-response","null","<div class=""chinese-character"" style=""color:#d6b300;"">狗</div>","null","518","2.1.0","706068","pf8w7d4z6j","block1_then_block2","","","color_naming","","","","","","","","","狗","gou3","","","","","","","","","2","","yellow","y","null","false","f2_2","dog","","","true","filler","false","null"
"html-keyboard-response","null","","null","519","2.1.0","707079","pf8w7d4z6j","block1_then_block2","","","inter_trial_interval","","","","","","","","","","","","","","","","","","","","","","","","","","","","","","","",""
"html-keyboard-response","null","<div class=""fixation"">+</div>","null","520","2.1.0","707597","pf8w7d4z6j","block1_then_block2","","","fixation","","","","","","","","","","","","","","","","","","","","","","","","","","","","","","","",""
"html-keyboard-response","null","<div class=""chinese-character"" style=""color:#d6b300;"">桌</div>","null","521","2.1.0","710603","pf8w7d4z6j","block1_then_block2","","","color_naming","","","","","","","","","桌","zhuo1","","","","","","","","","2","","yellow","y","null","false","f2_6","table","","","true","filler","false","null"
"html-keyboard-response","null","","null","522","2.1.0","711618","pf8w7d4z6j","block1_then_block2","","","inter_trial_interval","","","","","","","","","","","","","","","","","","","","","","","","","","","","","","","",""
"html-keyboard-response","null","<div class=""fixation"">+</div>","null","523","2.1.0","712133","pf8w7d4z6j","block1_then_block2","","","fixation","","","","","","","","","","","","","","","","","","","","","","","","","","","","","","","",""
"html-keyboard-response","null","<div class=""chinese-character"" style=""color:#2ca02c;"">旅</div>","null","524","2.1.0","715138","pf8w7d4z6j","block1_then_block2","","","color_naming","","","","","","","","","旅","lv3","","","","","","","","","2","","green","g","null","false","green","travel","","","false","congruent_S_plus_T_minus","true","2"
"html-keyboard-response","null","","null","525","2.1.0","716141","pf8w7d4z6j","block1_then_block2","","","inter_trial_interval","","","","","","","","","","","","","","","","","","","","","","","","","","","","","","","",""
"html-keyboard-response","null","<div class=""fixation"">+</div>","null","526","2.1.0","716654","pf8w7d4z6j","block1_then_block2","","","fixation","","","","","","","","","","","","","","","","","","","","","","","","","","","","","","","",""
"html-keyboard-response","null","<div class=""chinese-character"" style=""color:#d62728;"">轰</div>","null","527","2.1.0","719658","pf8w7d4z6j","block1_then_block2","","","color_naming","","","","","","","","","轰","hong1","","","","","","","","","2","","red","r","null","false","red","boom","","","false","congruent_S_plus_T_minus","true","2"
"html-keyboard-response","null","","null","528","2.1.0","720672","pf8w7d4z6j","block1_then_block2","","","inter_trial_interval","","","","","","","","","","","","","","","","","","","","","","","","","","","","","","","",""
"html-keyboard-response","null","<div class=""fixation"">+</div>","null","529","2.1.0","721186","pf8w7d4z6j","block1_then_block2","","","fixation","","","","","","","","","","","","","","","","","","","","","","","","","","","","","","","",""
"html-keyboard-response","null","<div class=""chinese-character"" style=""color:#d62728;"">衣</div>","null","530","2.1.0","724189","pf8w7d4z6j","block1_then_block2","","","color_naming","","","","","","","","","衣","yi1","","","","","","","","","2","","red","r","null","false","f2_17","clothing","","","true","filler","false","null"
"html-keyboard-response","null","","null","531","2.1.0","725195","pf8w7d4z6j","block1_then_block2","","","inter_trial_interval","","","","","","","","","","","","","","","","","","","","","","","","","","","","","","","",""
"html-keyboard-response","null","<div class=""fixation"">+</div>","null","532","2.1.0","725708","pf8w7d4z6j","block1_then_block2","","","fixation","","","","","","","","","","","","","","","","","","","","","","","","","","","","","","","",""
"html-keyboard-response","null","<div class=""chinese-character"" style=""color:#1f77b4;"">婪</div>","null","533","2.1.0","728723","pf8w7d4z6j","block1_then_block2","","","color_naming","","","","","","","","","婪","lan2","","","","","","","","","2","","blue","b","null","false","blue","greedy","","","false","congruent_S_T_plus","true","2"
"html-keyboard-response","null","","null","534","2.1.0","729737","pf8w7d4z6j","block1_then_block2","","","inter_trial_interval","","","","","","","","","","","","","","","","","","","","","","","","","","","","","","","",""
"html-keyboard-response","null","<div class=""fixation"">+</div>","null","535","2.1.0","730251","pf8w7d4z6j","block1_then_block2","","","fixation","","","","","","","","","","","","","","","","","","","","","","","","","","","","","","","",""
"html-keyboard-response","null","<div class=""chinese-character"" style=""color:#d62728;"">耳</div>","null","536","2.1.0","733267","pf8w7d4z6j","block1_then_block2","","","color_naming","","","","","","","","","耳","er3","","","","","","","","","2","","red","r","null","false","f2_21","ear","","","true","filler","false","null"
"html-keyboard-response","null","","null","537","2.1.0","734271","pf8w7d4z6j","block1_then_block2","","","inter_trial_interval","","","","","","","","","","","","","","","","","","","","","","","","","","","","","","","",""
"html-keyboard-response","null","<div class=""fixation"">+</div>","null","538","2.1.0","734783","pf8w7d4z6j","block1_then_block2","","","fixation","","","","","","","","","","","","","","","","","","","","","","","","","","","","","","","",""
"html-keyboard-response","null","<div class=""chinese-character"" style=""color:#1f77b4;"">红</div>","null","539","2.1.0","737797","pf8w7d4z6j","block1_then_block2","","","color_naming","","","","","","","","","红","hong2","","","","","","","","","2","","blue","b","null","false","red","red","","","false","incongruent_color_character","true","2"
"html-keyboard-response","null","","null","540","2.1.0","738812","pf8w7d4z6j","block1_then_block2","","","inter_trial_interval","","","","","","","","","","","","","","","","","","","","","","","","","","","","","","","",""
"html-keyboard-response","null","<div class=""fixation"">+</div>","null","541","2.1.0","739328","pf8w7d4z6j","block1_then_block2","","","fixation","","","","","","","","","","","","","","","","","","","","","","","","","","","","","","","",""
"html-keyboard-response","null","<div class=""chinese-character"" style=""color:#2ca02c;"">雪</div>","null","542","2.1.0","742338","pf8w7d4z6j","block1_then_block2","","","color_naming","","","","","","","","","雪","xue3","","","","","","","","","2","","green","g","null","false","f2_20","snow","","","true","filler","false","null"
"html-keyboard-response","null","","null","543","2.1.0","743353","pf8w7d4z6j","block1_then_block2","","","inter_trial_interval","","","","","","","","","","","","","","","","","","","","","","","","","","","","","","","",""
"html-keyboard-response","null","<div class=""fixation"">+</div>","null","544","2.1.0","743870","pf8w7d4z6j","block1_then_block2","","","fixation","","","","","","","","","","","","","","","","","","","","","","","","","","","","","","","",""
"html-keyboard-response","null","<div class=""chinese-character"" style=""color:#d62728;"">牵</div>","null","545","2.1.0","746877","pf8w7d4z6j","block1_then_block2","","","color_naming","","","","","","","","","牵","qian1","","","","","","","","","2","","red","r","null","false","red","lead along","","","false","neutral","true","2"
"html-keyboard-response","null","","null","546","2.1.0","747892","pf8w7d4z6j","block1_then_block2","","","inter_trial_interval","","","","","","","","","","","","","","","","","","","","","","","","","","","","","","","",""
"html-keyboard-response","null","<div class=""fixation"">+</div>","null","547","2.1.0","748405","pf8w7d4z6j","block1_then_block2","","","fixation","","","","","","","","","","","","","","","","","","","","","","","","","","","","","","","",""
"html-keyboard-response","null","<div class=""chinese-character"" style=""color:#2ca02c;"">海</div>","null","548","2.1.0","751420","pf8w7d4z6j","block1_then_block2","","","color_naming","","","","","","","","","海","hai3","","","","","","","","","2","","green","g","null","false","f2_12","sea","","","true","filler","false","null"
"html-keyboard-response","null","","null","549","2.1.0","752423","pf8w7d4z6j","block1_then_block2","","","inter_trial_interval","","","","","","","","","","","","","","","","","","","","","","","","","","","","","","","",""
"html-keyboard-response","null","<div class=""fixation"">+</div>","null","550","2.1.0","752941","pf8w7d4z6j","block1_then_block2","","","fixation","","","","","","","","","","","","","","","","","","","","","","","","","","","","","","","",""
"html-keyboard-response","null","<div class=""chinese-character"" style=""color:#2ca02c;"">虑</div>","null","551","2.1.0","755947","pf8w7d4z6j","block1_then_block2","","","color_naming","","","","","","","","","虑","lv4","","","","","","","","","2","","green","g","null","false","green","ponder","","","false","congruent_S_T_plus","true","2"
"html-keyboard-response","null","","null","552","2.1.0","756958","pf8w7d4z6j","block1_then_block2","","","inter_trial_interval","","","","","","","","","","","","","","","","","","","","","","","","","","","","","","","",""
"html-keyboard-response","null","<div class=""fixation"">+</div>","null","553","2.1.0","757472","pf8w7d4z6j","block1_then_block2","","","fixation","","","","","","","","","","","","","","","","","","","","","","","","","","","","","","","",""
"html-keyboard-response","null","<div class=""chinese-character"" style=""color:#d62728;"">猫</div>","null","554","2.1.0","760488","pf8w7d4z6j","block1_then_block2","","","color_naming","","","","","","","","","猫","mao1","","","","","","","","","2","","red","r","null","false","f2_1","cat","","","true","filler","false","null"
"html-keyboard-response","null","","null","555","2.1.0","761490","pf8w7d4z6j","block1_then_block2","","","inter_trial_interval","","","","","","","","","","","","","","","","","","","","","","","","","","","","","","","",""
"html-keyboard-response","null","<div class=""fixation"">+</div>","null","556","2.1.0","761997","pf8w7d4z6j","block1_then_block2","","","fixation","","","","","","","","","","","","","","","","","","","","","","","","","","","","","","","",""
"html-keyboard-response","null","<div class=""chinese-character"" style=""color:#1f77b4;"">览</div>","null","557","2.1.0","765008","pf8w7d4z6j","block1_then_block2","","","color_naming","","","","","","","","","览","lan3","","","","","","","","","2","","blue","b","null","false","blue","view","","","false","congruent_S_plus_T_minus","true","2"
"html-keyboard-response","null","","null","558","2.1.0","766020","pf8w7d4z6j","block1_then_block2","","","inter_trial_interval","","","","","","","","","","","","","","","","","","","","","","","","","","","","","","","",""
"html-keyboard-response","null","<div class=""fixation"">+</div>","null","559","2.1.0","766524","pf8w7d4z6j","block1_then_block2","","","fixation","","","","","","","","","","","","","","","","","","","","","","","","","","","","","","","",""
"html-keyboard-response","null","<div class=""chinese-character"" style=""color:#d6b300;"">饭</div>","null","560","2.1.0","769538","pf8w7d4z6j","block1_then_block2","","","color_naming","","","","","","","","","饭","fan4","","","","","","","","","2","","yellow","y","null","false","f2_14","meal","","","true","filler","false","null"
"html-keyboard-response","null","","null","561","2.1.0","770549","pf8w7d4z6j","block1_then_block2","","","inter_trial_interval","","","","","","","","","","","","","","","","","","","","","","","","","","","","","","","",""
"html-keyboard-response","null","<div class=""fixation"">+</div>","null","562","2.1.0","771052","pf8w7d4z6j","block1_then_block2","","","fixation","","","","","","","","","","","","","","","","","","","","","","","","","","","","","","","",""
"html-keyboard-response","null","<div class=""chinese-character"" style=""color:#d6b300;"">星</div>","null","563","2.1.0","774055","pf8w7d4z6j","block1_then_block2","","","color_naming","","","","","","","","","星","xing1","","","","","","","","","2","","yellow","y","null","false","f2_18","star","","","true","filler","false","null"
"html-keyboard-response","null","","null","564","2.1.0","775063","pf8w7d4z6j","block1_then_block2","","","inter_trial_interval","","","","","","","","","","","","","","","","","","","","","","","","","","","","","","","",""
"html-keyboard-response","null","<div class=""fixation"">+</div>","null","565","2.1.0","775565","pf8w7d4z6j","block1_then_block2","","","fixation","","","","","","","","","","","","","","","","","","","","","","","","","","","","","","","",""
"html-keyboard-response","null","<div class=""chinese-character"" style=""color:#d6b300;"">皇</div>","null","566","2.1.0","778567","pf8w7d4z6j","block1_then_block2","","","color_naming","","","","","","","","","皇","huang2","","","","","","","","","2","","yellow","y","null","false","yellow","emperor","","","false","congruent_S_T_plus","true","2"
"html-keyboard-response","null","","null","567","2.1.0","779578","pf8w7d4z6j","block1_then_block2","","","inter_trial_interval","","","","","","","","","","","","","","","","","","","","","","","","","","","","","","","",""
"html-keyboard-response","null","<div class=""fixation"">+</div>","null","568","2.1.0","780095","pf8w7d4z6j","block1_then_block2","","","fixation","","","","","","","","","","","","","","","","","","","","","","","","","","","","","","","",""
"html-keyboard-response","null","<div class=""chinese-character"" style=""color:#2ca02c;"">米</div>","null","569","2.1.0","783098","pf8w7d4z6j","block1_then_block2","","","color_naming","","","","","","","","","米","mi3","","","","","","","","","2","","green","g","null","false","f2_4","rice","","","true","filler","false","null"
"html-keyboard-response","null","","null","570","2.1.0","784107","pf8w7d4z6j","block1_then_block2","","","inter_trial_interval","","","","","","","","","","","","","","","","","","","","","","","","","","","","","","","",""
"html-keyboard-response","null","<div class=""fixation"">+</div>","null","571","2.1.0","784623","pf8w7d4z6j","block1_then_block2","","","fixation","","","","","","","","","","","","","","","","","","","","","","","","","","","","","","","",""
"html-keyboard-response","null","<div class=""chinese-character"" style=""color:#d6b300;"">晃</div>","null","572","2.1.0","787632","pf8w7d4z6j","block1_then_block2","","","color_naming","","","","","","","","","晃","huang4","","","","","","","","","2","","yellow","y","null","false","yellow","sway","","","false","congruent_S_plus_T_minus","true","2"
"html-keyboard-response","null","","null","573","2.1.0","788649","pf8w7d4z6j","block1_then_block2","","","inter_trial_interval","","","","","","","","","","","","","","","","","","","","","","","","","","","","","","","",""
"html-keyboard-response","null","<div class=""fixation"">+</div>","null","574","2.1.0","789159","pf8w7d4z6j","block1_then_block2","","","fixation","","","","","","","","","","","","","","","","","","","","","","","","","","","","","","","",""
"html-keyboard-response","null","<div class=""chinese-character"" style=""color:#d6b300;"">趁</div>","null","575","2.1.0","792164","pf8w7d4z6j","block1_then_block2","","","color_naming","","","","","","","","","趁","chen4","","","","","","","","","2","","yellow","y","null","false","yellow","take advantage of","","","false","neutral","true","2"
"html-keyboard-response","null","","null","576","2.1.0","793169","pf8w7d4z6j","block1_then_block2","","","inter_trial_interval","","","","","","","","","","","","","","","","","","","","","","","","","","","","","","","",""
"html-keyboard-response","null","<div class=""fixation"">+</div>","null","577","2.1.0","793673","pf8w7d4z6j","block1_then_block2","","","fixation","","","","","","","","","","","","","","","","","","","","","","","","","","","","","","","",""
"html-keyboard-response","null","<div class=""chinese-character"" style=""color:#1f77b4;"">河</div>","null","578","2.1.0","796678","pf8w7d4z6j","block1_then_block2","","","color_naming","","","","","","","","","河","he2","","","","","","","","","2","","blue","b","null","false","f2_11","river","","","true","filler","false","null"
"html-keyboard-response","null","","null","579","2.1.0","797694","pf8w7d4z6j","block1_then_block2","","","inter_trial_interval","","","","","","","","","","","","","","","","","","","","","","","","","","","","","","","",""
"html-keyboard-response","null","<div class=""fixation"">+</div>","null","580","2.1.0","798205","pf8w7d4z6j","block1_then_block2","","","fixation","","","","","","","","","","","","","","","","","","","","","","","","","","","","","","","",""
"html-keyboard-response","null","<div class=""chinese-character"" style=""color:#d6b300;"">口</div>","null","581","2.1.0","801216","pf8w7d4z6j","block1_then_block2","","","color_naming","","","","","","","","","口","kou3","","","","","","","","","2","","yellow","y","null","false","f2_22","mouth","","","true","filler","false","null"
"html-keyboard-response","null","","null","582","2.1.0","802218","pf8w7d4z6j","block1_then_block2","","","inter_trial_interval","","","","","","","","","","","","","","","","","","","","","","","","","","","","","","","",""
"html-keyboard-response","null","<div class=""fixation"">+</div>","null","583","2.1.0","802720","pf8w7d4z6j","block1_then_block2","","","fixation","","","","","","","","","","","","","","","","","","","","","","","","","","","","","","","",""
"html-keyboard-response","null","<div class=""chinese-character"" style=""color:#d6b300;"">钟</div>","null","584","2.1.0","805735","pf8w7d4z6j","block1_then_block2","","","color_naming","","","","","","","","","钟","zhong1","","","","","","","","","2","","yellow","y","null","false","f2_10","clock","","","true","filler","false","null"
"html-keyboard-response","null","","null","585","2.1.0","806752","pf8w7d4z6j","block1_then_block2","","","inter_trial_interval","","","","","","","","","","","","","","","","","","","","","","","","","","","","","","","",""
"html-keyboard-response","null","<div class=""fixation"">+</div>","null","586","2.1.0","807266","pf8w7d4z6j","block1_then_block2","","","fixation","","","","","","","","","","","","","","","","","","","","","","","","","","","","","","","",""
"html-keyboard-response","null","<div class=""chinese-character"" style=""color:#2ca02c;"">黄</div>","null","587","2.1.0","810271","pf8w7d4z6j","block1_then_block2","","","color_naming","","","","","","","","","黄","huang2","","","","","","","","","2","","green","g","null","false","yellow","yellow","","","false","incongruent_color_character","true","2"
"html-keyboard-response","null","","null","588","2.1.0","811282","pf8w7d4z6j","block1_then_block2","","","inter_trial_interval","","","","","","","","","","","","","","","","","","","","","","","","","","","","","","","",""
"html-keyboard-response","null","<div class=""fixation"">+</div>","null","589","2.1.0","811797","pf8w7d4z6j","block1_then_block2","","","fixation","","","","","","","","","","","","","","","","","","","","","","","","","","","","","","","",""
"html-keyboard-response","null","<div class=""chinese-character"" style=""color:#1f77b4;"">电</div>","null","590","2.1.0","814808","pf8w7d4z6j","block1_then_block2","","","color_naming","","","","","","","","","电","dian4","","","","","","","","","2","","blue","b","null","false","f2_15","electricity","","","true","filler","false","null"
"html-keyboard-response","null","","null","591","2.1.0","815819","pf8w7d4z6j","block1_then_block2","","","inter_trial_interval","","","","","","","","","","","","","","","","","","","","","","","","","","","","","","","",""
"html-keyboard-response","null","<div class=""fixation"">+</div>","null","592","2.1.0","816335","pf8w7d4z6j","block1_then_block2","","","fixation","","","","","","","","","","","","","","","","","","","","","","","","","","","","","","","",""
"html-keyboard-response","null","<div class=""chinese-character"" style=""color:#d62728;"">红</div>","null","593","2.1.0","819350","pf8w7d4z6j","block1_then_block2","","","color_naming","","","","","","","","","红","hong2","","","","","","","","","2","","red","r","null","false","red","red","","","false","congruent_color_character","true","2"
"html-keyboard-response","null","","null","594","2.1.0","820354","pf8w7d4z6j","block1_then_block2","","","inter_trial_interval","","","","","","","","","","","","","","","","","","","","","","","","","","","","","","","",""
"html-keyboard-response","null","<div class=""fixation"">+</div>","null","595","2.1.0","820856","pf8w7d4z6j","block1_then_block2","","","fixation","","","","","","","","","","","","","","","","","","","","","","","","","","","","","","","",""
"html-keyboard-response","null","<div class=""chinese-character"" style=""color:#2ca02c;"">绿</div>","null","596","2.1.0","823863","pf8w7d4z6j","block1_then_block2","","","color_naming","","","","","","","","","绿","lv4","","","","","","","","","2","","green","g","null","false","green","green","","","false","congruent_color_character","true","2"
"html-keyboard-response","null","","null","597","2.1.0","824877","pf8w7d4z6j","block1_then_block2","","","inter_trial_interval","","","","","","","","","","","","","","","","","","","","","","","","","","","","","","","",""
"html-keyboard-response","null","<div class=""fixation"">+</div>","null","598","2.1.0","825391","pf8w7d4z6j","block1_then_block2","","","fixation","","","","","","","","","","","","","","","","","","","","","","","","","","","","","","","",""
"html-keyboard-response","null","<div class=""chinese-character"" style=""color:#1f77b4;"">蓝</div>","null","599","2.1.0","828406","pf8w7d4z6j","block1_then_block2","","","color_naming","","","","","","","","","蓝","lan2","","","","","","","","","2","","blue","b","null","false","blue","blue","","","false","congruent_color_character","true","2"
"html-keyboard-response","null","","null","600","2.1.0","829419","pf8w7d4z6j","block1_then_block2","","","inter_trial_interval","","","","","","","","","","","","","","","","","","","","","","","","","","","","","","","",""
"html-keyboard-response","null","<div class=""fixation"">+</div>","null","601","2.1.0","829935","pf8w7d4z6j","block1_then_block2","","","fixation","","","","","","","","","","","","","","","","","","","","","","","","","","","","","","","",""
"html-keyboard-response","null","<div class=""chinese-character"" style=""color:#1f77b4;"">宫</div>","null","602","2.1.0","832943","pf8w7d4z6j","block1_then_block2","","","color_naming","","","","","","","","","宫","gong1","","","","","","","","","2","","blue","b","null","false","blue","palace","","","false","neutral","true","2"
"html-keyboard-response","null","","null","603","2.1.0","833958","pf8w7d4z6j","block1_then_block2","","","inter_trial_interval","","","","","","","","","","","","","","","","","","","","","","","","","","","","","","","",""
"html-keyboard-response","null","<div class=""fixation"">+</div>","null","604","2.1.0","834474","pf8w7d4z6j","block1_then_block2","","","fixation","","","","","","","","","","","","","","","","","","","","","","","","","","","","","","","",""
"html-keyboard-response","null","<div class=""chinese-character"" style=""color:#d62728;"">脸</div>","null","605","2.1.0","837484","pf8w7d4z6j","block1_then_block2","","","color_naming","","","","","","","","","脸","lian3","","","","","","","","","2","","red","r","null","false","f2_13","face","","","true","filler","false","null"
"html-keyboard-response","null","","null","606","2.1.0","838488","pf8w7d4z6j","block1_then_block2","","","inter_trial_interval","","","","","","","","","","","","","","","","","","","","","","","","","","","","","","","",""
"html-keyboard-response","null","<div class=""fixation"">+</div>","null","607","2.1.0","838991","pf8w7d4z6j","block1_then_block2","","","fixation","","","","","","","","","","","","","","","","","","","","","","","","","","","","","","","",""
"html-keyboard-response","null","<div class=""chinese-character"" style=""color:#1f77b4;"">草</div>","null","608","2.1.0","842010","pf8w7d4z6j","block1_then_block2","","","color_naming","","","","","","","","","草","cao3","","","","","","","","","2","","blue","b","null","false","f2_19","grass","","","true","filler","false","null"
"html-keyboard-response","null","","null","609","2.1.0","843023","pf8w7d4z6j","block1_then_block2","","","inter_trial_interval","","","","","","","","","","","","","","","","","","","","","","","","","","","","","","","",""
"html-keyboard-response","null","<div class=""fixation"">+</div>","null","610","2.1.0","843526","pf8w7d4z6j","block1_then_block2","","","fixation","","","","","","","","","","","","","","","","","","","","","","","","","","","","","","","",""
"html-keyboard-response","null","<div class=""chinese-character"" style=""color:#2ca02c;"">洞</div>","null","611","2.1.0","846532","pf8w7d4z6j","block1_then_block2","","","color_naming","","","","","","","","","洞","dong4","","","","","","","","","2","","green","g","null","false","green","hole","","","false","congruent_S_minus_T_plus","true","2"
"html-keyboard-response","null","","null","612","2.1.0","847548","pf8w7d4z6j","block1_then_block2","","","inter_trial_interval","","","","","","","","","","","","","","","","","","","","","","","","","","","","","","","",""
"html-keyboard-response","null","<div class=""fixation"">+</div>","null","613","2.1.0","848061","pf8w7d4z6j","block1_then_block2","","","fixation","","","","","","","","","","","","","","","","","","","","","","","","","","","","","","","",""
"html-keyboard-response","null","<div class=""chinese-character"" style=""color:#1f77b4;"">马</div>","null","614","2.1.0","851073","pf8w7d4z6j","block1_then_block2","","","color_naming","","","","","","","","","马","ma3","","","","","","","","","2","","blue","b","null","false","f2_3","horse","","","true","filler","false","null"
"html-keyboard-response","null","","null","615","2.1.0","852080","pf8w7d4z6j","block1_then_block2","","","inter_trial_interval","","","","","","","","","","","","","","","","","","","","","","","","","","","","","","","",""
"html-keyboard-response","19744","
      <div class=""instructions"">
        <h2>Experiment Complete</h2>
        <p>Thank you for participating!</p>
        <p>Your keyboard color-naming accuracy was <strong>0</strong> out of <strong>96</strong> trials (0%).</p>
        <p>Press <strong>Space</strong> to view the data.</p>
      </div>
    "," ","616","2.1.0","871826","pf8w7d4z6j","block1_then_block2","","","","","","","","","","","","","","","","","","","","","","","","","","","","","","","","","","",""
